รหัสพื้นที่,ชื่อพื้นที่,รหัสศูนย์ต้นทุน,ชื่อศูนย์ต้นทุน,รหัสหมวดสินทรัพย์,ชื่อหมวดสินทรัพย์,จำนวนรายการย่อย,จำนวนรหัสสินทรัพย์,มูลค่าการได้มา,ค่าเสื่อมราคาสะสม,มูลค่าตามบัญชี,ผลตรวจสอบกับยอดสรุปในรายงาน,หน้าอ้างอิงยอดสรุป,วันที่ยอดข้อมูล,รหัสเอกสาร,ไฟล์ต้นทาง
1000,ส่วนกลาง,1700600001,สำนักงานเลขานุการกรม,12060100,ครุภัณฑ์สนง.,3277,2287,170797906.17,-116221686.61,54576219.56,ตรงกับยอดในรายงาน,75,2567-09-30,DOC-AST-2567,2. สินทรัพย์คงเหลือ2567_1.pdf
1000,ส่วนกลาง,1700600001,สำนักงานเลขานุการกรม,12060200,ครุภัณฑ์ยานพาหนะ,336,237,283824052.1,-187470167.08,96353885.02,ตรงกับยอดในรายงาน,883,2567-09-30,DOC-AST-2567,2. สินทรัพย์คงเหลือ2567_1.pdf
1000,ส่วนกลาง,1700600001,สำนักงานเลขานุการกรม,12060300,ครุภัณฑ์ไฟฟ้า,1398,870,88784709.02,-58878305.49,29906403.53,ตรงกับยอดในรายงาน,943,2567-09-30,DOC-AST-2567,2. สินทรัพย์คงเหลือ2567_1.pdf
1000,ส่วนกลาง,1700600001,สำนักงานเลขานุการกรม,12060400,ครุภัณฑ์โฆษณา,160,122,6617466.93,-6043676.96,573789.97,ตรงกับยอดในรายงาน,1039,2567-09-30,DOC-AST-2567,2. สินทรัพย์คงเหลือ2567_1.pdf
1000,ส่วนกลาง,1700600001,สำนักงานเลขานุการกรม,12060500,ครุภัณฑ์การเกษตร,4,4,116760.0,-116756.0,4.0,ตรงกับยอดในรายงาน,1096,2567-09-30,DOC-AST-2567,2. สินทรัพย์คงเหลือ2567_1.pdf
1000,ส่วนกลาง,1700600001,สำนักงานเลขานุการกรม,12060600,ครุภัณฑ์โรงงาน,25,25,9636797.0,-9636772.0,25.0,ตรงกับยอดในรายงาน,1101,2567-09-30,DOC-AST-2567,2. สินทรัพย์คงเหลือ2567_1.pdf
1000,ส่วนกลาง,1700600001,สำนักงานเลขานุการกรม,12060900,ครุภัณฑ์วิทยาศาสตร์,5,4,28815.0,-25043.6,3771.4,ตรงกับยอดในรายงาน,1111,2567-09-30,DOC-AST-2567,2. สินทรัพย์คงเหลือ2567_1.pdf
1000,ส่วนกลาง,1700600001,สำนักงานเลขานุการกรม,12061000,ครุภัณฑ์คอมพิวเตอร์,1029,284,60174967.3,-46686039.5,13488927.8,ตรงกับยอดในรายงาน,1156,2567-09-30,DOC-AST-2567,2. สินทรัพย์คงเหลือ2567_1.pdf
1000,ส่วนกลาง,1700600001,สำนักงานเลขานุการกรม,12061200,ครุภัณฑ์งานบ้าน,537,499,5174611.8,-5081067.72,93544.08,ตรงกับยอดในรายงาน,1816,2567-09-30,DOC-AST-2567,2. สินทรัพย์คงเหลือ2567_1.pdf
1000,ส่วนกลาง,1700600001,สำนักงานเลขานุการกรม,12061300,ครุภัณฑ์กีฬา,86,61,3076270.33,-3076184.33,86.0,ตรงกับยอดในรายงาน,1894,2567-09-30,DOC-AST-2567,2. สินทรัพย์คงเหลือ2567_1.pdf
1000,ส่วนกลาง,1700600001,สำนักงานเลขานุการกรม,12061400,ครุภัณฑ์ดนตรี,12,12,270895.35,-270883.35,12.0,ตรงกับยอดในรายงาน,1906,2567-09-30,DOC-AST-2567,2. สินทรัพย์คงเหลือ2567_1.pdf
1000,ส่วนกลาง,1700600002,กองการเจ้าหน้าที่,12060100,ครุภัณฑ์สนง.,44,35,744576.55,-665900.29,78676.26,ตรงกับยอดในรายงาน,76,2567-09-30,DOC-AST-2567,2. สินทรัพย์คงเหลือ2567_1.pdf
1000,ส่วนกลาง,1700600002,กองการเจ้าหน้าที่,12060200,ครุภัณฑ์ยานพาหนะ,1,1,631000.0,-630999.0,1.0,ตรงกับยอดในรายงาน,883,2567-09-30,DOC-AST-2567,2. สินทรัพย์คงเหลือ2567_1.pdf
1000,ส่วนกลาง,1700600002,กองการเจ้าหน้าที่,12060300,ครุภัณฑ์ไฟฟ้า,20,16,262652.9,-255299.04,7353.86,ตรงกับยอดในรายงาน,944,2567-09-30,DOC-AST-2567,2. สินทรัพย์คงเหลือ2567_1.pdf
1000,ส่วนกลาง,1700600002,กองการเจ้าหน้าที่,12060400,ครุภัณฑ์โฆษณา,6,5,385716.5,-357359.78,28356.72,ตรงกับยอดในรายงาน,1039,2567-09-30,DOC-AST-2567,2. สินทรัพย์คงเหลือ2567_1.pdf
1000,ส่วนกลาง,1700600002,กองการเจ้าหน้าที่,12061000,ครุภัณฑ์คอมพิวเตอร์,66,66,1850455.0,-1073109.62,777345.38,ตรงกับยอดในรายงาน,1158,2567-09-30,DOC-AST-2567,2. สินทรัพย์คงเหลือ2567_1.pdf
1000,ส่วนกลาง,1700600002,กองการเจ้าหน้าที่,12061200,ครุภัณฑ์งานบ้าน,4,4,41700.0,-41696.0,4.0,ตรงกับยอดในรายงาน,1816,2567-09-30,DOC-AST-2567,2. สินทรัพย์คงเหลือ2567_1.pdf
1000,ส่วนกลาง,1700600003,สำนักบริหารการเงิน การบัญชี และการลงทุน,12060100,ครุภัณฑ์สนง.,199,111,1660498.95,-1623269.54,37229.41,ตรงกับยอดในรายงาน,81,2567-09-30,DOC-AST-2567,2. สินทรัพย์คงเหลือ2567_1.pdf
1000,ส่วนกลาง,1700600003,สำนักบริหารการเงิน การบัญชี และการลงทุน,12060200,ครุภัณฑ์ยานพาหนะ,1,1,631000.0,-630999.0,1.0,ตรงกับยอดในรายงาน,883,2567-09-30,DOC-AST-2567,2. สินทรัพย์คงเหลือ2567_1.pdf
1000,ส่วนกลาง,1700600003,สำนักบริหารการเงิน การบัญชี และการลงทุน,12060300,ครุภัณฑ์ไฟฟ้า,42,22,265087.4,-204436.26,60651.14,ตรงกับยอดในรายงาน,944,2567-09-30,DOC-AST-2567,2. สินทรัพย์คงเหลือ2567_1.pdf
1000,ส่วนกลาง,1700600003,สำนักบริหารการเงิน การบัญชี และการลงทุน,12060400,ครุภัณฑ์โฆษณา,6,4,160995.0,-49203.79,111791.21,ตรงกับยอดในรายงาน,1040,2567-09-30,DOC-AST-2567,2. สินทรัพย์คงเหลือ2567_1.pdf
1000,ส่วนกลาง,1700600003,สำนักบริหารการเงิน การบัญชี และการลงทุน,12061000,ครุภัณฑ์คอมพิวเตอร์,80,80,2248376.0,-1322436.68,925939.32,ตรงกับยอดในรายงาน,1160,2567-09-30,DOC-AST-2567,2. สินทรัพย์คงเหลือ2567_1.pdf
1000,ส่วนกลาง,1700600003,สำนักบริหารการเงิน การบัญชี และการลงทุน,12061200,ครุภัณฑ์งานบ้าน,21,13,128927.0,-122049.38,6877.62,ตรงกับยอดในรายงาน,1817,2567-09-30,DOC-AST-2567,2. สินทรัพย์คงเหลือ2567_1.pdf
1000,ส่วนกลาง,1700600004,สำนักเงินสมทบ,12060100,ครุภัณฑ์สนง.,265,152,2851677.8,-2656859.83,194817.97,ตรงกับยอดในรายงาน,87,2567-09-30,DOC-AST-2567,2. สินทรัพย์คงเหลือ2567_1.pdf
1000,ส่วนกลาง,1700600004,สำนักเงินสมทบ,12060300,ครุภัณฑ์ไฟฟ้า,10,10,84978.0,-84968.0,10.0,ตรงกับยอดในรายงาน,945,2567-09-30,DOC-AST-2567,2. สินทรัพย์คงเหลือ2567_1.pdf
1000,ส่วนกลาง,1700600004,สำนักเงินสมทบ,12060400,ครุภัณฑ์โฆษณา,4,3,454748.25,-441481.39,13266.86,ตรงกับยอดในรายงาน,1040,2567-09-30,DOC-AST-2567,2. สินทรัพย์คงเหลือ2567_1.pdf
1000,ส่วนกลาง,1700600004,สำนักเงินสมทบ,12061000,ครุภัณฑ์คอมพิวเตอร์,160,160,5133380.0,-3984000.4,1149379.6,ตรงกับยอดในรายงาน,1163,2567-09-30,DOC-AST-2567,2. สินทรัพย์คงเหลือ2567_1.pdf
1000,ส่วนกลาง,1700600005,สำนักตรวจสอบ,12060100,ครุภัณฑ์สนง.,13,10,377940.0,-377927.0,13.0,ตรงกับยอดในรายงาน,87,2567-09-30,DOC-AST-2567,2. สินทรัพย์คงเหลือ2567_1.pdf
1000,ส่วนกลาง,1700600005,สำนักตรวจสอบ,12060200,ครุภัณฑ์ยานพาหนะ,3,3,1675000.0,-1674997.0,3.0,ตรงกับยอดในรายงาน,883,2567-09-30,DOC-AST-2567,2. สินทรัพย์คงเหลือ2567_1.pdf
1000,ส่วนกลาง,1700600005,สำนักตรวจสอบ,12060300,ครุภัณฑ์ไฟฟ้า,26,24,245677.96,-245651.96,26.0,ตรงกับยอดในรายงาน,945,2567-09-30,DOC-AST-2567,2. สินทรัพย์คงเหลือ2567_1.pdf
1000,ส่วนกลาง,1700600005,สำนักตรวจสอบ,12060400,ครุภัณฑ์โฆษณา,6,5,177998.0,-67000.97,110997.03,ตรงกับยอดในรายงาน,1040,2567-09-30,DOC-AST-2567,2. สินทรัพย์คงเหลือ2567_1.pdf
1000,ส่วนกลาง,1700600005,สำนักตรวจสอบ,12061000,ครุภัณฑ์คอมพิวเตอร์,82,82,2574977.2,-2003436.56,571540.64,ตรงกับยอดในรายงาน,1165,2567-09-30,DOC-AST-2567,2. สินทรัพย์คงเหลือ2567_1.pdf
1000,ส่วนกลาง,1700600006,สำนักบริหารเทคโนโลยีสารสนเทศ,12060100,ครุภัณฑ์สนง.,1981,1139,149181392.0,-108240461.86,40940930.14,ตรงกับยอดในรายงาน,132,2567-09-30,DOC-AST-2567,2. สินทรัพย์คงเหลือ2567_1.pdf
1000,ส่วนกลาง,1700600006,สำนักบริหารเทคโนโลยีสารสนเทศ,12060300,ครุภัณฑ์ไฟฟ้า,346,176,93435639.85,-70297718.39,23137921.46,ตรงกับยอดในรายงาน,953,2567-09-30,DOC-AST-2567,2. สินทรัพย์คงเหลือ2567_1.pdf
1000,ส่วนกลาง,1700600006,สำนักบริหารเทคโนโลยีสารสนเทศ,12060400,ครุภัณฑ์โฆษณา,7,6,964732.45,-221137.8,743594.65,ตรงกับยอดในรายงาน,1040,2567-09-30,DOC-AST-2567,2. สินทรัพย์คงเหลือ2567_1.pdf
1000,ส่วนกลาง,1700600006,สำนักบริหารเทคโนโลยีสารสนเทศ,12060500,ครุภัณฑ์การเกษตร,2,1,2537230.0,-2537228.0,2.0,ตรงกับยอดในรายงาน,1096,2567-09-30,DOC-AST-2567,2. สินทรัพย์คงเหลือ2567_1.pdf
1000,ส่วนกลาง,1700600006,สำนักบริหารเทคโนโลยีสารสนเทศ,12060600,ครุภัณฑ์โรงงาน,4,3,28145.0,-28141.0,4.0,ตรงกับยอดในรายงาน,1101,2567-09-30,DOC-AST-2567,2. สินทรัพย์คงเหลือ2567_1.pdf
1000,ส่วนกลาง,1700600006,สำนักบริหารเทคโนโลยีสารสนเทศ,12061000,ครุภัณฑ์คอมพิวเตอร์,17021,15198,2678850585.27,-2172324604.58,506525980.69,ตรงกับยอดในรายงาน,1552,2567-09-30,DOC-AST-2567,2. สินทรัพย์คงเหลือ2567_1.pdf
1000,ส่วนกลาง,1700600006,สำนักบริหารเทคโนโลยีสารสนเทศ,12061200,ครุภัณฑ์งานบ้าน,39,23,399880.2,-327818.31,72061.89,ตรงกับยอดในรายงาน,1818,2567-09-30,DOC-AST-2567,2. สินทรัพย์คงเหลือ2567_1.pdf
1000,ส่วนกลาง,1700600007,กองนิติการ,12060100,ครุภัณฑ์สนง.,37,25,691299.65,-639788.52,51511.13,ตรงกับยอดในรายงาน,133,2567-09-30,DOC-AST-2567,2. สินทรัพย์คงเหลือ2567_1.pdf
1000,ส่วนกลาง,1700600007,กองนิติการ,12060300,ครุภัณฑ์ไฟฟ้า,2,1,13535.5,-13533.5,2.0,ตรงกับยอดในรายงาน,953,2567-09-30,DOC-AST-2567,2. สินทรัพย์คงเหลือ2567_1.pdf
1000,ส่วนกลาง,1700600007,กองนิติการ,12060400,ครุภัณฑ์โฆษณา,3,3,65770.0,-18056.3,47713.7,ตรงกับยอดในรายงาน,1040,2567-09-30,DOC-AST-2567,2. สินทรัพย์คงเหลือ2567_1.pdf
1000,ส่วนกลาง,1700600007,กองนิติการ,12061000,ครุภัณฑ์คอมพิวเตอร์,107,107,3026464.28,-1713857.0,1312607.28,ตรงกับยอดในรายงาน,1555,2567-09-30,DOC-AST-2567,2. สินทรัพย์คงเหลือ2567_1.pdf
1000,ส่วนกลาง,1700600007,กองนิติการ,12061200,ครุภัณฑ์งานบ้าน,5,3,41950.0,-41945.0,5.0,ตรงกับยอดในรายงาน,1818,2567-09-30,DOC-AST-2567,2. สินทรัพย์คงเหลือ2567_1.pdf
1000,ส่วนกลาง,1700600008,สำนักสิทธิประโยชน์,12060100,ครุภัณฑ์สนง.,25,23,317886.0,-288242.21,29643.79,ตรงกับยอดในรายงาน,134,2567-09-30,DOC-AST-2567,2. สินทรัพย์คงเหลือ2567_1.pdf
1000,ส่วนกลาง,1700600008,สำนักสิทธิประโยชน์,12060300,ครุภัณฑ์ไฟฟ้า,1,1,12497.6,-12496.6,1.0,ตรงกับยอดในรายงาน,953,2567-09-30,DOC-AST-2567,2. สินทรัพย์คงเหลือ2567_1.pdf
1000,ส่วนกลาง,1700600008,สำนักสิทธิประโยชน์,12060400,ครุภัณฑ์โฆษณา,2,2,115300.0,-95640.34,19659.66,ตรงกับยอดในรายงาน,1040,2567-09-30,DOC-AST-2567,2. สินทรัพย์คงเหลือ2567_1.pdf
1000,ส่วนกลาง,1700600008,สำนักสิทธิประโยชน์,12060900,ครุภัณฑ์วิทยาศาสตร์,1,1,7000.0,-6999.0,1.0,ตรงกับยอดในรายงาน,1111,2567-09-30,DOC-AST-2567,2. สินทรัพย์คงเหลือ2567_1.pdf
1000,ส่วนกลาง,1700600008,สำนักสิทธิประโยชน์,12061000,ครุภัณฑ์คอมพิวเตอร์,44,44,1160502.0,-703973.24,456528.76,ตรงกับยอดในรายงาน,1556,2567-09-30,DOC-AST-2567,2. สินทรัพย์คงเหลือ2567_1.pdf
1000,ส่วนกลาง,1700600008,สำนักสิทธิประโยชน์,12061200,ครุภัณฑ์งานบ้าน,2,2,27588.25,-14841.7,12746.55,ตรงกับยอดในรายงาน,1818,2567-09-30,DOC-AST-2567,2. สินทรัพย์คงเหลือ2567_1.pdf
1000,ส่วนกลาง,1700600009,สำนักจัดระบบบริการทางการแพทย์,12060100,ครุภัณฑ์สนง.,263,142,2940177.33,-2924736.28,15441.05,ตรงกับยอดในรายงาน,140,2567-09-30,DOC-AST-2567,2. สินทรัพย์คงเหลือ2567_1.pdf
1000,ส่วนกลาง,1700600009,สำนักจัดระบบบริการทางการแพทย์,12060200,ครุภัณฑ์ยานพาหนะ,1,1,660000.0,-659999.0,1.0,ตรงกับยอดในรายงาน,883,2567-09-30,DOC-AST-2567,2. สินทรัพย์คงเหลือ2567_1.pdf
1000,ส่วนกลาง,1700600009,สำนักจัดระบบบริการทางการแพทย์,12060300,ครุภัณฑ์ไฟฟ้า,14,1,76000.0,-2637.13,73362.87,ตรงกับยอดในรายงาน,954,2567-09-30,DOC-AST-2567,2. สินทรัพย์คงเหลือ2567_1.pdf
1000,ส่วนกลาง,1700600009,สำนักจัดระบบบริการทางการแพทย์,12060400,ครุภัณฑ์โฆษณา,5,3,73571.06,-50262.22,23308.84,ตรงกับยอดในรายงาน,1040,2567-09-30,DOC-AST-2567,2. สินทรัพย์คงเหลือ2567_1.pdf
1000,ส่วนกลาง,1700600009,สำนักจัดระบบบริการทางการแพทย์,12061000,ครุภัณฑ์คอมพิวเตอร์,113,113,5863434.27,-4879975.01,983459.26,ตรงกับยอดในรายงาน,1558,2567-09-30,DOC-AST-2567,2. สินทรัพย์คงเหลือ2567_1.pdf
1000,ส่วนกลาง,1700600009,สำนักจัดระบบบริการทางการแพทย์,12061200,ครุภัณฑ์งานบ้าน,3,3,19700.0,-19697.0,3.0,ตรงกับยอดในรายงาน,1818,2567-09-30,DOC-AST-2567,2. สินทรัพย์คงเหลือ2567_1.pdf
1000,ส่วนกลาง,1700600010,กองนโยบายและแผน,12060100,ครุภัณฑ์สนง.,27,18,368636.25,-310453.76,58182.49,ตรงกับยอดในรายงาน,140,2567-09-30,DOC-AST-2567,2. สินทรัพย์คงเหลือ2567_1.pdf
1000,ส่วนกลาง,1700600010,กองนโยบายและแผน,12060300,ครุภัณฑ์ไฟฟ้า,2,1,30676.9,-30674.9,2.0,ตรงกับยอดในรายงาน,954,2567-09-30,DOC-AST-2567,2. สินทรัพย์คงเหลือ2567_1.pdf
1000,ส่วนกลาง,1700600010,กองนโยบายและแผน,12060400,ครุภัณฑ์โฆษณา,1,1,45689.0,-8527.57,37161.43,ตรงกับยอดในรายงาน,1040,2567-09-30,DOC-AST-2567,2. สินทรัพย์คงเหลือ2567_1.pdf
1000,ส่วนกลาง,1700600010,กองนโยบายและแผน,12061000,ครุภัณฑ์คอมพิวเตอร์,28,28,651727.2,-486875.38,164851.82,ตรงกับยอดในรายงาน,1559,2567-09-30,DOC-AST-2567,2. สินทรัพย์คงเหลือ2567_1.pdf
1000,ส่วนกลาง,1700600010,กองนโยบายและแผน,12061100,ครุภัณฑ์การศึกษา,2,2,19200.0,-19198.0,2.0,ตรงกับยอดในรายงาน,1797,2567-09-30,DOC-AST-2567,2. สินทรัพย์คงเหลือ2567_1.pdf
1000,ส่วนกลาง,1700600010,กองนโยบายและแผน,12061200,ครุภัณฑ์งานบ้าน,1,1,17997.4,-17996.4,1.0,ตรงกับยอดในรายงาน,1818,2567-09-30,DOC-AST-2567,2. สินทรัพย์คงเหลือ2567_1.pdf
1000,ส่วนกลาง,1700600011,สำนักงานกองทุนเงินทดแทน,12060100,ครุภัณฑ์สนง.,192,111,2515231.6,-2258400.24,256831.36,ตรงกับยอดในรายงาน,145,2567-09-30,DOC-AST-2567,2. สินทรัพย์คงเหลือ2567_1.pdf
1000,ส่วนกลาง,1700600011,สำนักงานกองทุนเงินทดแทน,12060200,ครุภัณฑ์ยานพาหนะ,7,5,4781000.0,-4780993.0,7.0,ตรงกับยอดในรายงาน,884,2567-09-30,DOC-AST-2567,2. สินทรัพย์คงเหลือ2567_1.pdf
1000,ส่วนกลาง,1700600011,สำนักงานกองทุนเงินทดแทน,12060300,ครุภัณฑ์ไฟฟ้า,17,10,197583.6,-136402.2,61181.4,ตรงกับยอดในรายงาน,954,2567-09-30,DOC-AST-2567,2. สินทรัพย์คงเหลือ2567_1.pdf
1000,ส่วนกลาง,1700600011,สำนักงานกองทุนเงินทดแทน,12060400,ครุภัณฑ์โฆษณา,11,7,479393.7,-185938.07,293455.63,ตรงกับยอดในรายงาน,1041,2567-09-30,DOC-AST-2567,2. สินทรัพย์คงเหลือ2567_1.pdf
1000,ส่วนกลาง,1700600011,สำนักงานกองทุนเงินทดแทน,12060900,ครุภัณฑ์วิทยาศาสตร์,1,1,18000.0,-17999.0,1.0,ตรงกับยอดในรายงาน,1111,2567-09-30,DOC-AST-2567,2. สินทรัพย์คงเหลือ2567_1.pdf
1000,ส่วนกลาง,1700600011,สำนักงานกองทุนเงินทดแทน,12061000,ครุภัณฑ์คอมพิวเตอร์,144,144,7669771.08,-6274169.68,1395601.4,ตรงกับยอดในรายงาน,1562,2567-09-30,DOC-AST-2567,2. สินทรัพย์คงเหลือ2567_1.pdf
1000,ส่วนกลาง,1700600011,สำนักงานกองทุนเงินทดแทน,12061200,ครุภัณฑ์งานบ้าน,18,16,133354.6,-133336.6,18.0,ตรงกับยอดในรายงาน,1818,2567-09-30,DOC-AST-2567,2. สินทรัพย์คงเหลือ2567_1.pdf
1000,ส่วนกลาง,1700600012,สำนักเสริมสร้างความมั่นคงแรงงานนอกระบบ,12060100,ครุภัณฑ์สนง.,23,16,318442.1,-315406.95,3035.15,ตรงกับยอดในรายงาน,145,2567-09-30,DOC-AST-2567,2. สินทรัพย์คงเหลือ2567_1.pdf
1000,ส่วนกลาง,1700600012,สำนักเสริมสร้างความมั่นคงแรงงานนอกระบบ,12060200,ครุภัณฑ์ยานพาหนะ,2,1,1825000.0,-1824998.0,2.0,ตรงกับยอดในรายงาน,884,2567-09-30,DOC-AST-2567,2. สินทรัพย์คงเหลือ2567_1.pdf
1000,ส่วนกลาง,1700600012,สำนักเสริมสร้างความมั่นคงแรงงานนอกระบบ,12060300,ครุภัณฑ์ไฟฟ้า,4,2,24064.3,-24060.3,4.0,ตรงกับยอดในรายงาน,954,2567-09-30,DOC-AST-2567,2. สินทรัพย์คงเหลือ2567_1.pdf
1000,ส่วนกลาง,1700600012,สำนักเสริมสร้างความมั่นคงแรงงานนอกระบบ,12060400,ครุภัณฑ์โฆษณา,6,4,85676.25,-63061.94,22614.31,ตรงกับยอดในรายงาน,1041,2567-09-30,DOC-AST-2567,2. สินทรัพย์คงเหลือ2567_1.pdf
1000,ส่วนกลาง,1700600012,สำนักเสริมสร้างความมั่นคงแรงงานนอกระบบ,12061000,ครุภัณฑ์คอมพิวเตอร์,49,47,1277703.9,-615599.36,662104.54,ตรงกับยอดในรายงาน,1563,2567-09-30,DOC-AST-2567,2. สินทรัพย์คงเหลือ2567_1.pdf
1000,ส่วนกลาง,1700600012,สำนักเสริมสร้างความมั่นคงแรงงานนอกระบบ,12061200,ครุภัณฑ์งานบ้าน,9,6,80294.4,-67299.31,12995.09,ตรงกับยอดในรายงาน,1819,2567-09-30,DOC-AST-2567,2. สินทรัพย์คงเหลือ2567_1.pdf
1000,ส่วนกลาง,1700600013,สำนักบริหารเงินลงทุน,12060100,ครุภัณฑ์สนง.,218,124,2554461.31,-2517644.09,36817.22,ตรงกับยอดในรายงาน,150,2567-09-30,DOC-AST-2567,2. สินทรัพย์คงเหลือ2567_1.pdf
1000,ส่วนกลาง,1700600013,สำนักบริหารเงินลงทุน,12060200,ครุภัณฑ์ยานพาหนะ,1,1,719000.0,-718999.0,1.0,ตรงกับยอดในรายงาน,884,2567-09-30,DOC-AST-2567,2. สินทรัพย์คงเหลือ2567_1.pdf
1000,ส่วนกลาง,1700600013,สำนักบริหารเงินลงทุน,12060300,ครุภัณฑ์ไฟฟ้า,140,71,1072476.0,-1072336.0,140.0,ตรงกับยอดในรายงาน,957,2567-09-30,DOC-AST-2567,2. สินทรัพย์คงเหลือ2567_1.pdf
1000,ส่วนกลาง,1700600013,สำนักบริหารเงินลงทุน,12060400,ครุภัณฑ์โฆษณา,9,7,197772.95,-94645.58,103127.37,ตรงกับยอดในรายงาน,1041,2567-09-30,DOC-AST-2567,2. สินทรัพย์คงเหลือ2567_1.pdf
1000,ส่วนกลาง,1700600013,สำนักบริหารเงินลงทุน,12061000,ครุภัณฑ์คอมพิวเตอร์,129,129,7955605.0,-5864321.02,2091283.98,ตรงกับยอดในรายงาน,1566,2567-09-30,DOC-AST-2567,2. สินทรัพย์คงเหลือ2567_1.pdf
1000,ส่วนกลาง,1700600013,สำนักบริหารเงินลงทุน,12061200,ครุภัณฑ์งานบ้าน,37,37,632550.0,-618193.48,14356.52,ตรงกับยอดในรายงาน,1820,2567-09-30,DOC-AST-2567,2. สินทรัพย์คงเหลือ2567_1.pdf
1000,ส่วนกลาง,1700600013,สำนักบริหารเงินลงทุน,12061300,ครุภัณฑ์กีฬา,1,1,50825.0,-50824.0,1.0,ตรงกับยอดในรายงาน,1894,2567-09-30,DOC-AST-2567,2. สินทรัพย์คงเหลือ2567_1.pdf
1000,ส่วนกลาง,1700600014,กองฝึกอบรม,12060100,ครุภัณฑ์สนง.,49,46,983544.39,-902117.32,81427.07,ตรงกับยอดในรายงาน,151,2567-09-30,DOC-AST-2567,2. สินทรัพย์คงเหลือ2567_1.pdf
1000,ส่วนกลาง,1700600014,กองฝึกอบรม,12060300,ครุภัณฑ์ไฟฟ้า,43,30,532264.08,-493507.79,38756.29,ตรงกับยอดในรายงาน,958,2567-09-30,DOC-AST-2567,2. สินทรัพย์คงเหลือ2567_1.pdf
1000,ส่วนกลาง,1700600014,กองฝึกอบรม,12060400,ครุภัณฑ์โฆษณา,22,18,877420.2,-820698.45,56721.75,ตรงกับยอดในรายงาน,1042,2567-09-30,DOC-AST-2567,2. สินทรัพย์คงเหลือ2567_1.pdf
1000,ส่วนกลาง,1700600014,กองฝึกอบรม,12061000,ครุภัณฑ์คอมพิวเตอร์,40,40,1336655.9,-890840.88,445815.02,ตรงกับยอดในรายงาน,1567,2567-09-30,DOC-AST-2567,2. สินทรัพย์คงเหลือ2567_1.pdf
1000,ส่วนกลาง,1700600014,กองฝึกอบรม,12061200,ครุภัณฑ์งานบ้าน,3,2,19486.0,-19314.21,171.79,ตรงกับยอดในรายงาน,1820,2567-09-30,DOC-AST-2567,2. สินทรัพย์คงเหลือ2567_1.pdf
1000,ส่วนกลาง,1700600015,ศูนย์สารนิเทศ,12060100,ครุภัณฑ์สนง.,133,114,3227791.09,-2995979.58,231811.51,ตรงกับยอดในรายงาน,154,2567-09-30,DOC-AST-2567,2. สินทรัพย์คงเหลือ2567_1.pdf
1000,ส่วนกลาง,1700600015,ศูนย์สารนิเทศ,12060200,ครุภัณฑ์ยานพาหนะ,2,2,1579789.44,-1579787.44,2.0,ตรงกับยอดในรายงาน,884,2567-09-30,DOC-AST-2567,2. สินทรัพย์คงเหลือ2567_1.pdf
1000,ส่วนกลาง,1700600015,ศูนย์สารนิเทศ,12060300,ครุภัณฑ์ไฟฟ้า,71,57,4717141.93,-4569696.16,147445.77,ตรงกับยอดในรายงาน,960,2567-09-30,DOC-AST-2567,2. สินทรัพย์คงเหลือ2567_1.pdf
1000,ส่วนกลาง,1700600015,ศูนย์สารนิเทศ,12060400,ครุภัณฑ์โฆษณา,758,406,16358896.38,-13617582.02,2741314.36,ตรงกับยอดในรายงาน,1059,2567-09-30,DOC-AST-2567,2. สินทรัพย์คงเหลือ2567_1.pdf
1000,ส่วนกลาง,1700600015,ศูนย์สารนิเทศ,12060600,ครุภัณฑ์โรงงาน,2,2,192700.0,-192698.0,2.0,ตรงกับยอดในรายงาน,1101,2567-09-30,DOC-AST-2567,2. สินทรัพย์คงเหลือ2567_1.pdf
1000,ส่วนกลาง,1700600015,ศูนย์สารนิเทศ,12061000,ครุภัณฑ์คอมพิวเตอร์,145,140,12157851.71,-11054130.25,1103721.46,ตรงกับยอดในรายงาน,1570,2567-09-30,DOC-AST-2567,2. สินทรัพย์คงเหลือ2567_1.pdf
1000,ส่วนกลาง,1700600015,ศูนย์สารนิเทศ,12061200,ครุภัณฑ์งานบ้าน,6,5,51356.0,-47102.26,4253.74,ตรงกับยอดในรายงาน,1820,2567-09-30,DOC-AST-2567,2. สินทรัพย์คงเหลือ2567_1.pdf
1000,ส่วนกลาง,1700600016,สำนักงานประกันสังคมเขตพื้นที่ 1,12060100,ครุภัณฑ์สนง.,260,224,19470998.37,-19348729.15,122269.22,ตรงกับยอดในรายงาน,160,2567-09-30,DOC-AST-2567,2. สินทรัพย์คงเหลือ2567_1.pdf
1000,ส่วนกลาง,1700600016,สำนักงานประกันสังคมเขตพื้นที่ 1,12060200,ครุภัณฑ์ยานพาหนะ,6,4,3180200.0,-3180194.0,6.0,ตรงกับยอดในรายงาน,884,2567-09-30,DOC-AST-2567,2. สินทรัพย์คงเหลือ2567_1.pdf
1000,ส่วนกลาง,1700600016,สำนักงานประกันสังคมเขตพื้นที่ 1,12060300,ครุภัณฑ์ไฟฟ้า,9,8,2386825.79,-2364651.32,22174.47,ตรงกับยอดในรายงาน,960,2567-09-30,DOC-AST-2567,2. สินทรัพย์คงเหลือ2567_1.pdf
1000,ส่วนกลาง,1700600016,สำนักงานประกันสังคมเขตพื้นที่ 1,12060400,ครุภัณฑ์โฆษณา,9,8,127740.48,-108152.69,19587.79,ตรงกับยอดในรายงาน,1059,2567-09-30,DOC-AST-2567,2. สินทรัพย์คงเหลือ2567_1.pdf
1000,ส่วนกลาง,1700600016,สำนักงานประกันสังคมเขตพื้นที่ 1,12060600,ครุภัณฑ์โรงงาน,4,4,1351271.97,-1351267.97,4.0,ตรงกับยอดในรายงาน,1101,2567-09-30,DOC-AST-2567,2. สินทรัพย์คงเหลือ2567_1.pdf
1000,ส่วนกลาง,1700600016,สำนักงานประกันสังคมเขตพื้นที่ 1,12061000,ครุภัณฑ์คอมพิวเตอร์,104,101,3792256.2,-2738369.62,1053886.58,ตรงกับยอดในรายงาน,1573,2567-09-30,DOC-AST-2567,2. สินทรัพย์คงเหลือ2567_1.pdf
1000,ส่วนกลาง,1700600016,สำนักงานประกันสังคมเขตพื้นที่ 1,12061200,ครุภัณฑ์งานบ้าน,6,6,139073.0,-104491.07,34581.93,ตรงกับยอดในรายงาน,1820,2567-09-30,DOC-AST-2567,2. สินทรัพย์คงเหลือ2567_1.pdf
1000,ส่วนกลาง,1700600016,สำนักงานประกันสังคมเขตพื้นที่ 1,12061300,ครุภัณฑ์กีฬา,4,4,51520.0,-51516.0,4.0,ตรงกับยอดในรายงาน,1895,2567-09-30,DOC-AST-2567,2. สินทรัพย์คงเหลือ2567_1.pdf
1000,ส่วนกลาง,1700600017,สำนักงานประกันสังคมเขตพื้นที่ 2,12060100,ครุภัณฑ์สนง.,364,306,11893410.03,-11753546.73,139863.3,ตรงกับยอดในรายงาน,168,2567-09-30,DOC-AST-2567,2. สินทรัพย์คงเหลือ2567_1.pdf
1000,ส่วนกลาง,1700600017,สำนักงานประกันสังคมเขตพื้นที่ 2,12060200,ครุภัณฑ์ยานพาหนะ,9,6,5620050.0,-4224715.99,1395334.01,ตรงกับยอดในรายงาน,884,2567-09-30,DOC-AST-2567,2. สินทรัพย์คงเหลือ2567_1.pdf
1000,ส่วนกลาง,1700600017,สำนักงานประกันสังคมเขตพื้นที่ 2,12060300,ครุภัณฑ์ไฟฟ้า,10,9,657142.0,-649670.61,7471.39,ตรงกับยอดในรายงาน,961,2567-09-30,DOC-AST-2567,2. สินทรัพย์คงเหลือ2567_1.pdf
1000,ส่วนกลาง,1700600017,สำนักงานประกันสังคมเขตพื้นที่ 2,12060400,ครุภัณฑ์โฆษณา,18,13,271387.0,-238573.05,32813.95,ตรงกับยอดในรายงาน,1059,2567-09-30,DOC-AST-2567,2. สินทรัพย์คงเหลือ2567_1.pdf
1000,ส่วนกลาง,1700600017,สำนักงานประกันสังคมเขตพื้นที่ 2,12060900,ครุภัณฑ์วิทยาศาสตร์,1,1,6500.0,-6499.0,1.0,ตรงกับยอดในรายงาน,1111,2567-09-30,DOC-AST-2567,2. สินทรัพย์คงเหลือ2567_1.pdf
1000,ส่วนกลาง,1700600017,สำนักงานประกันสังคมเขตพื้นที่ 2,12061000,ครุภัณฑ์คอมพิวเตอร์,152,148,4479088.18,-2592519.82,1886568.36,ตรงกับยอดในรายงาน,1576,2567-09-30,DOC-AST-2567,2. สินทรัพย์คงเหลือ2567_1.pdf
1000,ส่วนกลาง,1700600017,สำนักงานประกันสังคมเขตพื้นที่ 2,12061200,ครุภัณฑ์งานบ้าน,21,14,780930.42,-747576.32,33354.1,ตรงกับยอดในรายงาน,1820,2567-09-30,DOC-AST-2567,2. สินทรัพย์คงเหลือ2567_1.pdf
1000,ส่วนกลาง,1700600018,สำนักงานประกันสังคมเขตพื้นที่ 3,12060100,ครุภัณฑ์สนง.,683,640,15611165.55,-14127891.77,1483273.78,ตรงกับยอดในรายงาน,184,2567-09-30,DOC-AST-2567,2. สินทรัพย์คงเหลือ2567_1.pdf
1000,ส่วนกลาง,1700600018,สำนักงานประกันสังคมเขตพื้นที่ 3,12060200,ครุภัณฑ์ยานพาหนะ,7,6,6183188.0,-4106054.06,2077133.94,ตรงกับยอดในรายงาน,884,2567-09-30,DOC-AST-2567,2. สินทรัพย์คงเหลือ2567_1.pdf
1000,ส่วนกลาง,1700600018,สำนักงานประกันสังคมเขตพื้นที่ 3,12060300,ครุภัณฑ์ไฟฟ้า,244,165,8774968.3,-7264984.04,1509984.26,ตรงกับยอดในรายงาน,966,2567-09-30,DOC-AST-2567,2. สินทรัพย์คงเหลือ2567_1.pdf
1000,ส่วนกลาง,1700600018,สำนักงานประกันสังคมเขตพื้นที่ 3,12060400,ครุภัณฑ์โฆษณา,29,20,518658.17,-454314.44,64343.73,ตรงกับยอดในรายงาน,1060,2567-09-30,DOC-AST-2567,2. สินทรัพย์คงเหลือ2567_1.pdf
1000,ส่วนกลาง,1700600018,สำนักงานประกันสังคมเขตพื้นที่ 3,12060500,ครุภัณฑ์การเกษตร,1,1,15000.0,-14999.0,1.0,ตรงกับยอดในรายงาน,1096,2567-09-30,DOC-AST-2567,2. สินทรัพย์คงเหลือ2567_1.pdf
1000,ส่วนกลาง,1700600018,สำนักงานประกันสังคมเขตพื้นที่ 3,12061000,ครุภัณฑ์คอมพิวเตอร์,175,175,6189398.9,-4029918.31,2159480.59,ตรงกับยอดในรายงาน,1580,2567-09-30,DOC-AST-2567,2. สินทรัพย์คงเหลือ2567_1.pdf
1000,ส่วนกลาง,1700600018,สำนักงานประกันสังคมเขตพื้นที่ 3,12061200,ครุภัณฑ์งานบ้าน,54,52,791147.88,-708494.6,82653.28,ตรงกับยอดในรายงาน,1822,2567-09-30,DOC-AST-2567,2. สินทรัพย์คงเหลือ2567_1.pdf
1000,ส่วนกลาง,1700600018,สำนักงานประกันสังคมเขตพื้นที่ 3,12061300,ครุภัณฑ์กีฬา,12,10,242600.0,-231415.24,11184.76,ตรงกับยอดในรายงาน,1895,2567-09-30,DOC-AST-2567,2. สินทรัพย์คงเหลือ2567_1.pdf
1000,ส่วนกลาง,1700600019,สำนักงานประกันสังคมเขตพื้นที่ 4,12060100,ครุภัณฑ์สนง.,253,207,9951899.93,-8059793.32,1892106.61,ตรงกับยอดในรายงาน,190,2567-09-30,DOC-AST-2567,2. สินทรัพย์คงเหลือ2567_1.pdf
1000,ส่วนกลาง,1700600019,สำนักงานประกันสังคมเขตพื้นที่ 4,12060200,ครุภัณฑ์ยานพาหนะ,11,8,5653400.0,-4824747.37,828652.63,ตรงกับยอดในรายงาน,885,2567-09-30,DOC-AST-2567,2. สินทรัพย์คงเหลือ2567_1.pdf
1000,ส่วนกลาง,1700600019,สำนักงานประกันสังคมเขตพื้นที่ 4,12060300,ครุภัณฑ์ไฟฟ้า,33,19,1240571.5,-1240538.5,33.0,ตรงกับยอดในรายงาน,967,2567-09-30,DOC-AST-2567,2. สินทรัพย์คงเหลือ2567_1.pdf
1000,ส่วนกลาง,1700600019,สำนักงานประกันสังคมเขตพื้นที่ 4,12060400,ครุภัณฑ์โฆษณา,6,6,106037.3,-86452.51,19584.79,ตรงกับยอดในรายงาน,1060,2567-09-30,DOC-AST-2567,2. สินทรัพย์คงเหลือ2567_1.pdf
1000,ส่วนกลาง,1700600019,สำนักงานประกันสังคมเขตพื้นที่ 4,12060600,ครุภัณฑ์โรงงาน,1,1,90000.0,-89999.0,1.0,ตรงกับยอดในรายงาน,1101,2567-09-30,DOC-AST-2567,2. สินทรัพย์คงเหลือ2567_1.pdf
1000,ส่วนกลาง,1700600019,สำนักงานประกันสังคมเขตพื้นที่ 4,12061000,ครุภัณฑ์คอมพิวเตอร์,164,163,6435688.7,-4392647.12,2043041.58,ตรงกับยอดในรายงาน,1584,2567-09-30,DOC-AST-2567,2. สินทรัพย์คงเหลือ2567_1.pdf
1000,ส่วนกลาง,1700600019,สำนักงานประกันสังคมเขตพื้นที่ 4,12061200,ครุภัณฑ์งานบ้าน,50,42,756013.8,-735160.63,20853.17,ตรงกับยอดในรายงาน,1823,2567-09-30,DOC-AST-2567,2. สินทรัพย์คงเหลือ2567_1.pdf
1000,ส่วนกลาง,1700600020,สำนักงานประกันสังคมเขตพื้นที่ 5,12060100,ครุภัณฑ์สนง.,1291,712,13017800.28,-11240022.46,1777777.82,ตรงกับยอดในรายงาน,219,2567-09-30,DOC-AST-2567,2. สินทรัพย์คงเหลือ2567_1.pdf
1000,ส่วนกลาง,1700600020,สำนักงานประกันสังคมเขตพื้นที่ 5,12060200,ครุภัณฑ์ยานพาหนะ,12,9,6857945.0,-5598525.6,1259419.4,ตรงกับยอดในรายงาน,885,2567-09-30,DOC-AST-2567,2. สินทรัพย์คงเหลือ2567_1.pdf
1000,ส่วนกลาง,1700600020,สำนักงานประกันสังคมเขตพื้นที่ 5,12060300,ครุภัณฑ์ไฟฟ้า,18,12,1268187.6,-1049244.06,218943.54,ตรงกับยอดในรายงาน,967,2567-09-30,DOC-AST-2567,2. สินทรัพย์คงเหลือ2567_1.pdf
1000,ส่วนกลาง,1700600020,สำนักงานประกันสังคมเขตพื้นที่ 5,12060400,ครุภัณฑ์โฆษณา,8,6,99959.7,-80372.91,19586.79,ตรงกับยอดในรายงาน,1060,2567-09-30,DOC-AST-2567,2. สินทรัพย์คงเหลือ2567_1.pdf
1000,ส่วนกลาง,1700600020,สำนักงานประกันสังคมเขตพื้นที่ 5,12060600,ครุภัณฑ์โรงงาน,2,2,31244.0,-31242.0,2.0,ตรงกับยอดในรายงาน,1101,2567-09-30,DOC-AST-2567,2. สินทรัพย์คงเหลือ2567_1.pdf
1000,ส่วนกลาง,1700600020,สำนักงานประกันสังคมเขตพื้นที่ 5,12060900,ครุภัณฑ์วิทยาศาสตร์,2,1,6500.0,-6498.0,2.0,ตรงกับยอดในรายงาน,1111,2567-09-30,DOC-AST-2567,2. สินทรัพย์คงเหลือ2567_1.pdf
1000,ส่วนกลาง,1700600020,สำนักงานประกันสังคมเขตพื้นที่ 5,12061000,ครุภัณฑ์คอมพิวเตอร์,157,155,6768892.14,-4850875.22,1918016.92,ตรงกับยอดในรายงาน,1588,2567-09-30,DOC-AST-2567,2. สินทรัพย์คงเหลือ2567_1.pdf
1000,ส่วนกลาง,1700600020,สำนักงานประกันสังคมเขตพื้นที่ 5,12061200,ครุภัณฑ์งานบ้าน,74,37,367970.86,-367663.97,306.89,ตรงกับยอดในรายงาน,1825,2567-09-30,DOC-AST-2567,2. สินทรัพย์คงเหลือ2567_1.pdf
1000,ส่วนกลาง,1700600020,สำนักงานประกันสังคมเขตพื้นที่ 5,12061300,ครุภัณฑ์กีฬา,1,1,50499.72,-50498.72,1.0,ตรงกับยอดในรายงาน,1895,2567-09-30,DOC-AST-2567,2. สินทรัพย์คงเหลือ2567_1.pdf
1000,ส่วนกลาง,1700600021,สำนักงานประกันสังคมเขตพื้นที่ 6,12060100,ครุภัณฑ์สนง.,269,196,6480621.47,-6261999.66,218621.81,ตรงกับยอดในรายงาน,225,2567-09-30,DOC-AST-2567,2. สินทรัพย์คงเหลือ2567_1.pdf
1000,ส่วนกลาง,1700600021,สำนักงานประกันสังคมเขตพื้นที่ 6,12060200,ครุภัณฑ์ยานพาหนะ,7,6,5035500.0,-4324321.4,711178.6,ตรงกับยอดในรายงาน,885,2567-09-30,DOC-AST-2567,2. สินทรัพย์คงเหลือ2567_1.pdf
1000,ส่วนกลาง,1700600021,สำนักงานประกันสังคมเขตพื้นที่ 6,12060300,ครุภัณฑ์ไฟฟ้า,27,15,1703186.55,-1387391.67,315794.88,ตรงกับยอดในรายงาน,968,2567-09-30,DOC-AST-2567,2. สินทรัพย์คงเหลือ2567_1.pdf
1000,ส่วนกลาง,1700600021,สำนักงานประกันสังคมเขตพื้นที่ 6,12060400,ครุภัณฑ์โฆษณา,12,9,233169.3,-194358.24,38811.06,ตรงกับยอดในรายงาน,1061,2567-09-30,DOC-AST-2567,2. สินทรัพย์คงเหลือ2567_1.pdf
1000,ส่วนกลาง,1700600021,สำนักงานประกันสังคมเขตพื้นที่ 6,12060600,ครุภัณฑ์โรงงาน,3,3,42000.0,-41997.0,3.0,ตรงกับยอดในรายงาน,1101,2567-09-30,DOC-AST-2567,2. สินทรัพย์คงเหลือ2567_1.pdf
1000,ส่วนกลาง,1700600021,สำนักงานประกันสังคมเขตพื้นที่ 6,12061000,ครุภัณฑ์คอมพิวเตอร์,121,119,4541079.85,-3245175.62,1295904.23,ตรงกับยอดในรายงาน,1590,2567-09-30,DOC-AST-2567,2. สินทรัพย์คงเหลือ2567_1.pdf
1000,ส่วนกลาง,1700600021,สำนักงานประกันสังคมเขตพื้นที่ 6,12061200,ครุภัณฑ์งานบ้าน,10,6,75515.0,-61204.98,14310.02,ตรงกับยอดในรายงาน,1825,2567-09-30,DOC-AST-2567,2. สินทรัพย์คงเหลือ2567_1.pdf
1000,ส่วนกลาง,1700600022,สำนักงานประกันสังคมเขตพื้นที่ 7,12060100,ครุภัณฑ์สนง.,443,301,13057364.82,-9653401.35,3403963.47,ตรงกับยอดในรายงาน,235,2567-09-30,DOC-AST-2567,2. สินทรัพย์คงเหลือ2567_1.pdf
1000,ส่วนกลาง,1700600022,สำนักงานประกันสังคมเขตพื้นที่ 7,12060200,ครุภัณฑ์ยานพาหนะ,7,6,5357898.0,-3366479.98,1991418.02,ตรงกับยอดในรายงาน,885,2567-09-30,DOC-AST-2567,2. สินทรัพย์คงเหลือ2567_1.pdf
1000,ส่วนกลาง,1700600022,สำนักงานประกันสังคมเขตพื้นที่ 7,12060300,ครุภัณฑ์ไฟฟ้า,84,46,1557312.6,-1266358.44,290954.16,ตรงกับยอดในรายงาน,970,2567-09-30,DOC-AST-2567,2. สินทรัพย์คงเหลือ2567_1.pdf
1000,ส่วนกลาง,1700600022,สำนักงานประกันสังคมเขตพื้นที่ 7,12060400,ครุภัณฑ์โฆษณา,15,14,297329.95,-234669.95,62660.0,ตรงกับยอดในรายงาน,1061,2567-09-30,DOC-AST-2567,2. สินทรัพย์คงเหลือ2567_1.pdf
1000,ส่วนกลาง,1700600022,สำนักงานประกันสังคมเขตพื้นที่ 7,12060900,ครุภัณฑ์วิทยาศาสตร์,2,1,6794.5,-4147.73,2646.77,ตรงกับยอดในรายงาน,1111,2567-09-30,DOC-AST-2567,2. สินทรัพย์คงเหลือ2567_1.pdf
1000,ส่วนกลาง,1700600022,สำนักงานประกันสังคมเขตพื้นที่ 7,12061000,ครุภัณฑ์คอมพิวเตอร์,164,159,6113054.8,-4340775.01,1772279.79,ตรงกับยอดในรายงาน,1594,2567-09-30,DOC-AST-2567,2. สินทรัพย์คงเหลือ2567_1.pdf
1000,ส่วนกลาง,1700600022,สำนักงานประกันสังคมเขตพื้นที่ 7,12061200,ครุภัณฑ์งานบ้าน,17,10,197473.64,-182073.34,15400.3,ตรงกับยอดในรายงาน,1825,2567-09-30,DOC-AST-2567,2. สินทรัพย์คงเหลือ2567_1.pdf
1000,ส่วนกลาง,1700600022,สำนักงานประกันสังคมเขตพื้นที่ 7,12061300,ครุภัณฑ์กีฬา,22,18,381100.0,-350473.49,30626.51,ตรงกับยอดในรายงาน,1895,2567-09-30,DOC-AST-2567,2. สินทรัพย์คงเหลือ2567_1.pdf
1000,ส่วนกลาง,1700600022,สำนักงานประกันสังคมเขตพื้นที่ 7,12061500,ครุภัณฑ์สนาม,5,5,88275.0,-45903.0,42372.0,ตรงกับยอดในรายงาน,1908,2567-09-30,DOC-AST-2567,2. สินทรัพย์คงเหลือ2567_1.pdf
1000,ส่วนกลาง,1700600023,สำนักงานประกันสังคมเขตพื้นที่ 8,12060100,ครุภัณฑ์สนง.,303,254,9571348.18,-9175591.47,395756.71,ตรงกับยอดในรายงาน,242,2567-09-30,DOC-AST-2567,2. สินทรัพย์คงเหลือ2567_1.pdf
1000,ส่วนกลาง,1700600023,สำนักงานประกันสังคมเขตพื้นที่ 8,12060200,ครุภัณฑ์ยานพาหนะ,5,4,4277000.0,-2650451.43,1626548.57,ตรงกับยอดในรายงาน,885,2567-09-30,DOC-AST-2567,2. สินทรัพย์คงเหลือ2567_1.pdf
1000,ส่วนกลาง,1700600023,สำนักงานประกันสังคมเขตพื้นที่ 8,12060300,ครุภัณฑ์ไฟฟ้า,11,8,1098155.98,-1090154.69,8001.29,ตรงกับยอดในรายงาน,970,2567-09-30,DOC-AST-2567,2. สินทรัพย์คงเหลือ2567_1.pdf
1000,ส่วนกลาง,1700600023,สำนักงานประกันสังคมเขตพื้นที่ 8,12060400,ครุภัณฑ์โฆษณา,15,14,224266.0,-120190.13,104075.87,ตรงกับยอดในรายงาน,1061,2567-09-30,DOC-AST-2567,2. สินทรัพย์คงเหลือ2567_1.pdf
1000,ส่วนกลาง,1700600023,สำนักงานประกันสังคมเขตพื้นที่ 8,12060600,ครุภัณฑ์โรงงาน,1,1,300686.05,-300685.05,1.0,ตรงกับยอดในรายงาน,1101,2567-09-30,DOC-AST-2567,2. สินทรัพย์คงเหลือ2567_1.pdf
1000,ส่วนกลาง,1700600023,สำนักงานประกันสังคมเขตพื้นที่ 8,12061000,ครุภัณฑ์คอมพิวเตอร์,238,238,7737345.0,-6061832.69,1675512.31,ตรงกับยอดในรายงาน,1600,2567-09-30,DOC-AST-2567,2. สินทรัพย์คงเหลือ2567_1.pdf
1000,ส่วนกลาง,1700600023,สำนักงานประกันสังคมเขตพื้นที่ 8,12061200,ครุภัณฑ์งานบ้าน,8,8,124873.0,-124865.0,8.0,ตรงกับยอดในรายงาน,1825,2567-09-30,DOC-AST-2567,2. สินทรัพย์คงเหลือ2567_1.pdf
1000,ส่วนกลาง,1700600023,สำนักงานประกันสังคมเขตพื้นที่ 8,12061300,ครุภัณฑ์กีฬา,1,1,61500.0,-61499.0,1.0,ตรงกับยอดในรายงาน,1895,2567-09-30,DOC-AST-2567,2. สินทรัพย์คงเหลือ2567_1.pdf
1000,ส่วนกลาง,1700600023,สำนักงานประกันสังคมเขตพื้นที่ 8,12061500,ครุภัณฑ์สนาม,2,2,29104.0,-17015.88,12088.12,ตรงกับยอดในรายงาน,1908,2567-09-30,DOC-AST-2567,2. สินทรัพย์คงเหลือ2567_1.pdf
1000,ส่วนกลาง,1700600024,สำนักงานประกันสังคมเขตพื้นที่ 9,12060100,ครุภัณฑ์สนง.,234,155,6059251.12,-5672964.17,386286.95,ตรงกับยอดในรายงาน,248,2567-09-30,DOC-AST-2567,2. สินทรัพย์คงเหลือ2567_1.pdf
1000,ส่วนกลาง,1700600024,สำนักงานประกันสังคมเขตพื้นที่ 9,12060200,ครุภัณฑ์ยานพาหนะ,8,7,6849000.0,-4660313.6,2188686.4,ตรงกับยอดในรายงาน,886,2567-09-30,DOC-AST-2567,2. สินทรัพย์คงเหลือ2567_1.pdf
1000,ส่วนกลาง,1700600024,สำนักงานประกันสังคมเขตพื้นที่ 9,12060300,ครุภัณฑ์ไฟฟ้า,14,9,369219.5,-262628.44,106591.06,ตรงกับยอดในรายงาน,971,2567-09-30,DOC-AST-2567,2. สินทรัพย์คงเหลือ2567_1.pdf
1000,ส่วนกลาง,1700600024,สำนักงานประกันสังคมเขตพื้นที่ 9,12060400,ครุภัณฑ์โฆษณา,9,7,166942.0,-141631.48,25310.52,ตรงกับยอดในรายงาน,1062,2567-09-30,DOC-AST-2567,2. สินทรัพย์คงเหลือ2567_1.pdf
1000,ส่วนกลาง,1700600024,สำนักงานประกันสังคมเขตพื้นที่ 9,12061000,ครุภัณฑ์คอมพิวเตอร์,150,149,4818350.0,-2705328.71,2113021.29,ตรงกับยอดในรายงาน,1603,2567-09-30,DOC-AST-2567,2. สินทรัพย์คงเหลือ2567_1.pdf
1000,ส่วนกลาง,1700600024,สำนักงานประกันสังคมเขตพื้นที่ 9,12061200,ครุภัณฑ์งานบ้าน,18,11,129184.86,-111632.1,17552.76,ตรงกับยอดในรายงาน,1826,2567-09-30,DOC-AST-2567,2. สินทรัพย์คงเหลือ2567_1.pdf
1000,ส่วนกลาง,1700600024,สำนักงานประกันสังคมเขตพื้นที่ 9,12061300,ครุภัณฑ์กีฬา,3,3,74400.0,-74397.0,3.0,ตรงกับยอดในรายงาน,1896,2567-09-30,DOC-AST-2567,2. สินทรัพย์คงเหลือ2567_1.pdf
1000,ส่วนกลาง,1700600025,สำนักงานประกันสังคมเขตพื้นที่ 10,12060100,ครุภัณฑ์สนง.,194,119,2863840.0,-2655641.9,208198.1,ตรงกับยอดในรายงาน,252,2567-09-30,DOC-AST-2567,2. สินทรัพย์คงเหลือ2567_1.pdf
1000,ส่วนกลาง,1700600025,สำนักงานประกันสังคมเขตพื้นที่ 10,12060200,ครุภัณฑ์ยานพาหนะ,8,5,5106650.0,-3501986.24,1604663.76,ตรงกับยอดในรายงาน,886,2567-09-30,DOC-AST-2567,2. สินทรัพย์คงเหลือ2567_1.pdf
1000,ส่วนกลาง,1700600025,สำนักงานประกันสังคมเขตพื้นที่ 10,12060300,ครุภัณฑ์ไฟฟ้า,22,14,1090470.0,-1020053.52,70416.48,ตรงกับยอดในรายงาน,971,2567-09-30,DOC-AST-2567,2. สินทรัพย์คงเหลือ2567_1.pdf
1000,ส่วนกลาง,1700600025,สำนักงานประกันสังคมเขตพื้นที่ 10,12060400,ครุภัณฑ์โฆษณา,14,11,601248.0,-536476.34,64771.66,ตรงกับยอดในรายงาน,1062,2567-09-30,DOC-AST-2567,2. สินทรัพย์คงเหลือ2567_1.pdf
1000,ส่วนกลาง,1700600025,สำนักงานประกันสังคมเขตพื้นที่ 10,12060900,ครุภัณฑ์วิทยาศาสตร์,2,1,6900.0,-6898.0,2.0,ตรงกับยอดในรายงาน,1111,2567-09-30,DOC-AST-2567,2. สินทรัพย์คงเหลือ2567_1.pdf
1000,ส่วนกลาง,1700600025,สำนักงานประกันสังคมเขตพื้นที่ 10,12061000,ครุภัณฑ์คอมพิวเตอร์,102,102,3665815.0,-2188526.13,1477288.87,ตรงกับยอดในรายงาน,1605,2567-09-30,DOC-AST-2567,2. สินทรัพย์คงเหลือ2567_1.pdf
1000,ส่วนกลาง,1700600025,สำนักงานประกันสังคมเขตพื้นที่ 10,12061200,ครุภัณฑ์งานบ้าน,7,5,73454.0,-73447.0,7.0,ตรงกับยอดในรายงาน,1826,2567-09-30,DOC-AST-2567,2. สินทรัพย์คงเหลือ2567_1.pdf
1000,ส่วนกลาง,1700600025,สำนักงานประกันสังคมเขตพื้นที่ 10,12061300,ครุภัณฑ์กีฬา,4,3,116900.0,-105563.42,11336.58,ตรงกับยอดในรายงาน,1896,2567-09-30,DOC-AST-2567,2. สินทรัพย์คงเหลือ2567_1.pdf
1000,ส่วนกลาง,1700600026,ศูนย์ฟื้นฟูสมรรถภาพคนงาน (ศฟง.) ปทุมธานี,12060100,ครุภัณฑ์สนง.,170,147,3182720.8,-3014911.96,167808.84,ตรงกับยอดในรายงาน,256,2567-09-30,DOC-AST-2567,2. สินทรัพย์คงเหลือ2567_1.pdf
1000,ส่วนกลาง,1700600026,ศูนย์ฟื้นฟูสมรรถภาพคนงาน (ศฟง.) ปทุมธานี,12060200,ครุภัณฑ์ยานพาหนะ,16,11,10598430.0,-9568172.24,1030257.76,ตรงกับยอดในรายงาน,886,2567-09-30,DOC-AST-2567,2. สินทรัพย์คงเหลือ2567_1.pdf
1000,ส่วนกลาง,1700600026,ศูนย์ฟื้นฟูสมรรถภาพคนงาน (ศฟง.) ปทุมธานี,12060300,ครุภัณฑ์ไฟฟ้า,56,33,1152548.2,-892939.6,259608.6,ตรงกับยอดในรายงาน,972,2567-09-30,DOC-AST-2567,2. สินทรัพย์คงเหลือ2567_1.pdf
1000,ส่วนกลาง,1700600026,ศูนย์ฟื้นฟูสมรรถภาพคนงาน (ศฟง.) ปทุมธานี,12060400,ครุภัณฑ์โฆษณา,11,7,269455.0,-238167.34,31287.66,ตรงกับยอดในรายงาน,1062,2567-09-30,DOC-AST-2567,2. สินทรัพย์คงเหลือ2567_1.pdf
1000,ส่วนกลาง,1700600026,ศูนย์ฟื้นฟูสมรรถภาพคนงาน (ศฟง.) ปทุมธานี,12060500,ครุภัณฑ์การเกษตร,12,8,401407.45,-196151.65,205255.8,ตรงกับยอดในรายงาน,1097,2567-09-30,DOC-AST-2567,2. สินทรัพย์คงเหลือ2567_1.pdf
1000,ส่วนกลาง,1700600026,ศูนย์ฟื้นฟูสมรรถภาพคนงาน (ศฟง.) ปทุมธานี,12060600,ครุภัณฑ์โรงงาน,90,61,11093327.2,-10588898.84,504428.36,ตรงกับยอดในรายงาน,1103,2567-09-30,DOC-AST-2567,2. สินทรัพย์คงเหลือ2567_1.pdf
1000,ส่วนกลาง,1700600026,ศูนย์ฟื้นฟูสมรรถภาพคนงาน (ศฟง.) ปทุมธานี,12060900,ครุภัณฑ์วิทยาศาสตร์,137,96,23678152.45,-16061449.73,7616702.72,ตรงกับยอดในรายงาน,1115,2567-09-30,DOC-AST-2567,2. สินทรัพย์คงเหลือ2567_1.pdf
1000,ส่วนกลาง,1700600026,ศูนย์ฟื้นฟูสมรรถภาพคนงาน (ศฟง.) ปทุมธานี,12061000,ครุภัณฑ์คอมพิวเตอร์,13,11,363188.5,-325879.67,37308.83,ตรงกับยอดในรายงาน,1606,2567-09-30,DOC-AST-2567,2. สินทรัพย์คงเหลือ2567_1.pdf
1000,ส่วนกลาง,1700600026,ศูนย์ฟื้นฟูสมรรถภาพคนงาน (ศฟง.) ปทุมธานี,12061100,ครุภัณฑ์การศึกษา,11,10,343274.0,-321990.37,21283.63,ตรงกับยอดในรายงาน,1797,2567-09-30,DOC-AST-2567,2. สินทรัพย์คงเหลือ2567_1.pdf
1000,ส่วนกลาง,1700600026,ศูนย์ฟื้นฟูสมรรถภาพคนงาน (ศฟง.) ปทุมธานี,12061200,ครุภัณฑ์งานบ้าน,77,53,1461937.47,-1375725.2,86212.27,ตรงกับยอดในรายงาน,1828,2567-09-30,DOC-AST-2567,2. สินทรัพย์คงเหลือ2567_1.pdf
1000,ส่วนกลาง,1700600026,ศูนย์ฟื้นฟูสมรรถภาพคนงาน (ศฟง.) ปทุมธานี,12061300,ครุภัณฑ์กีฬา,54,41,3199250.0,-2920719.48,278530.52,ตรงกับยอดในรายงาน,1897,2567-09-30,DOC-AST-2567,2. สินทรัพย์คงเหลือ2567_1.pdf
1000,ส่วนกลาง,1700600026,ศูนย์ฟื้นฟูสมรรถภาพคนงาน (ศฟง.) ปทุมธานี,12061400,ครุภัณฑ์ดนตรี,10,10,424520.0,-424510.0,10.0,ตรงกับยอดในรายงาน,1906,2567-09-30,DOC-AST-2567,2. สินทรัพย์คงเหลือ2567_1.pdf
1000,ส่วนกลาง,1700600027,ศูนย์ฟื้นฟูสมรรถภาพคนงาน (ศฟง.) ระยอง,12060100,ครุภัณฑ์สนง.,500,451,8607419.72,-7815815.11,791604.61,ตรงกับยอดในรายงาน,267,2567-09-30,DOC-AST-2567,2. สินทรัพย์คงเหลือ2567_1.pdf
1000,ส่วนกลาง,1700600027,ศูนย์ฟื้นฟูสมรรถภาพคนงาน (ศฟง.) ระยอง,12060200,ครุภัณฑ์ยานพาหนะ,24,15,14891800.0,-9580340.18,5311459.82,ตรงกับยอดในรายงาน,887,2567-09-30,DOC-AST-2567,2. สินทรัพย์คงเหลือ2567_1.pdf
1000,ส่วนกลาง,1700600027,ศูนย์ฟื้นฟูสมรรถภาพคนงาน (ศฟง.) ระยอง,12060300,ครุภัณฑ์ไฟฟ้า,100,97,3651696.0,-2576972.55,1074723.45,ตรงกับยอดในรายงาน,975,2567-09-30,DOC-AST-2567,2. สินทรัพย์คงเหลือ2567_1.pdf
1000,ส่วนกลาง,1700600027,ศูนย์ฟื้นฟูสมรรถภาพคนงาน (ศฟง.) ระยอง,12060400,ครุภัณฑ์โฆษณา,33,28,1131936.54,-1118703.25,13233.29,ตรงกับยอดในรายงาน,1063,2567-09-30,DOC-AST-2567,2. สินทรัพย์คงเหลือ2567_1.pdf
1000,ส่วนกลาง,1700600027,ศูนย์ฟื้นฟูสมรรถภาพคนงาน (ศฟง.) ระยอง,12060500,ครุภัณฑ์การเกษตร,2,2,49500.0,-49498.0,2.0,ตรงกับยอดในรายงาน,1097,2567-09-30,DOC-AST-2567,2. สินทรัพย์คงเหลือ2567_1.pdf
1000,ส่วนกลาง,1700600027,ศูนย์ฟื้นฟูสมรรถภาพคนงาน (ศฟง.) ระยอง,12060600,ครุภัณฑ์โรงงาน,115,114,9837900.0,-9819287.72,18612.28,ตรงกับยอดในรายงาน,1106,2567-09-30,DOC-AST-2567,2. สินทรัพย์คงเหลือ2567_1.pdf
1000,ส่วนกลาง,1700600027,ศูนย์ฟื้นฟูสมรรถภาพคนงาน (ศฟง.) ระยอง,12060900,ครุภัณฑ์วิทยาศาสตร์,164,120,13759423.02,-10197195.55,3562227.47,ตรงกับยอดในรายงาน,1118,2567-09-30,DOC-AST-2567,2. สินทรัพย์คงเหลือ2567_1.pdf
1000,ส่วนกลาง,1700600027,ศูนย์ฟื้นฟูสมรรถภาพคนงาน (ศฟง.) ระยอง,12061000,ครุภัณฑ์คอมพิวเตอร์,9,6,108797.0,-75400.86,33396.14,ตรงกับยอดในรายงาน,1606,2567-09-30,DOC-AST-2567,2. สินทรัพย์คงเหลือ2567_1.pdf
1000,ส่วนกลาง,1700600027,ศูนย์ฟื้นฟูสมรรถภาพคนงาน (ศฟง.) ระยอง,12061100,ครุภัณฑ์การศึกษา,53,48,2180750.0,-2170066.14,10683.86,ตรงกับยอดในรายงาน,1799,2567-09-30,DOC-AST-2567,2. สินทรัพย์คงเหลือ2567_1.pdf
1000,ส่วนกลาง,1700600027,ศูนย์ฟื้นฟูสมรรถภาพคนงาน (ศฟง.) ระยอง,12061200,ครุภัณฑ์งานบ้าน,37,34,1410631.0,-1384425.3,26205.7,ตรงกับยอดในรายงาน,1829,2567-09-30,DOC-AST-2567,2. สินทรัพย์คงเหลือ2567_1.pdf
1000,ส่วนกลาง,1700600027,ศูนย์ฟื้นฟูสมรรถภาพคนงาน (ศฟง.) ระยอง,12061300,ครุภัณฑ์กีฬา,18,18,1152304.85,-1095337.03,56967.82,ตรงกับยอดในรายงาน,1897,2567-09-30,DOC-AST-2567,2. สินทรัพย์คงเหลือ2567_1.pdf
1000,ส่วนกลาง,1700600027,ศูนย์ฟื้นฟูสมรรถภาพคนงาน (ศฟง.) ระยอง,12061400,ครุภัณฑ์ดนตรี,20,20,355500.0,-355480.0,20.0,ตรงกับยอดในรายงาน,1906,2567-09-30,DOC-AST-2567,2. สินทรัพย์คงเหลือ2567_1.pdf
1000,ส่วนกลาง,1700600028,ศูนย์ฟื้นฟูสมรรถภาพคนงาน (ศฟง.) ขอนแก่น,12060100,ครุภัณฑ์สนง.,1578,927,12648844.88,-12452242.8,196602.08,ตรงกับยอดในรายงาน,303,2567-09-30,DOC-AST-2567,2. สินทรัพย์คงเหลือ2567_1.pdf
1000,ส่วนกลาง,1700600028,ศูนย์ฟื้นฟูสมรรถภาพคนงาน (ศฟง.) ขอนแก่น,12060200,ครุภัณฑ์ยานพาหนะ,17,10,10988243.0,-7031179.15,3957063.85,ตรงกับยอดในรายงาน,887,2567-09-30,DOC-AST-2567,2. สินทรัพย์คงเหลือ2567_1.pdf
1000,ส่วนกลาง,1700600028,ศูนย์ฟื้นฟูสมรรถภาพคนงาน (ศฟง.) ขอนแก่น,12060300,ครุภัณฑ์ไฟฟ้า,418,209,3620248.44,-3598233.66,22014.78,ตรงกับยอดในรายงาน,984,2567-09-30,DOC-AST-2567,2. สินทรัพย์คงเหลือ2567_1.pdf
1000,ส่วนกลาง,1700600028,ศูนย์ฟื้นฟูสมรรถภาพคนงาน (ศฟง.) ขอนแก่น,12060400,ครุภัณฑ์โฆษณา,66,37,1681548.46,-1666435.8,15112.66,ตรงกับยอดในรายงาน,1065,2567-09-30,DOC-AST-2567,2. สินทรัพย์คงเหลือ2567_1.pdf
1000,ส่วนกลาง,1700600028,ศูนย์ฟื้นฟูสมรรถภาพคนงาน (ศฟง.) ขอนแก่น,12060500,ครุภัณฑ์การเกษตร,22,11,1035000.0,-1028318.72,6681.28,ตรงกับยอดในรายงาน,1097,2567-09-30,DOC-AST-2567,2. สินทรัพย์คงเหลือ2567_1.pdf
1000,ส่วนกลาง,1700600028,ศูนย์ฟื้นฟูสมรรถภาพคนงาน (ศฟง.) ขอนแก่น,12060600,ครุภัณฑ์โรงงาน,15,9,223800.0,-212607.84,11192.16,ตรงกับยอดในรายงาน,1106,2567-09-30,DOC-AST-2567,2. สินทรัพย์คงเหลือ2567_1.pdf
1000,ส่วนกลาง,1700600028,ศูนย์ฟื้นฟูสมรรถภาพคนงาน (ศฟง.) ขอนแก่น,12060900,ครุภัณฑ์วิทยาศาสตร์,202,103,14341414.96,-11294489.46,3046925.5,ตรงกับยอดในรายงาน,1123,2567-09-30,DOC-AST-2567,2. สินทรัพย์คงเหลือ2567_1.pdf
1000,ส่วนกลาง,1700600028,ศูนย์ฟื้นฟูสมรรถภาพคนงาน (ศฟง.) ขอนแก่น,12061000,ครุภัณฑ์คอมพิวเตอร์,118,92,1662275.1,-1397010.9,265264.2,ตรงกับยอดในรายงาน,1609,2567-09-30,DOC-AST-2567,2. สินทรัพย์คงเหลือ2567_1.pdf
1000,ส่วนกลาง,1700600028,ศูนย์ฟื้นฟูสมรรถภาพคนงาน (ศฟง.) ขอนแก่น,12061100,ครุภัณฑ์การศึกษา,6,4,254000.0,-213512.4,40487.6,ตรงกับยอดในรายงาน,1799,2567-09-30,DOC-AST-2567,2. สินทรัพย์คงเหลือ2567_1.pdf
1000,ส่วนกลาง,1700600028,ศูนย์ฟื้นฟูสมรรถภาพคนงาน (ศฟง.) ขอนแก่น,12061200,ครุภัณฑ์งานบ้าน,505,499,9802657.28,-9551297.41,251359.87,ตรงกับยอดในรายงาน,1840,2567-09-30,DOC-AST-2567,2. สินทรัพย์คงเหลือ2567_1.pdf
1000,ส่วนกลาง,1700600028,ศูนย์ฟื้นฟูสมรรถภาพคนงาน (ศฟง.) ขอนแก่น,12061300,ครุภัณฑ์กีฬา,34,25,3385232.0,-3385198.0,34.0,ตรงกับยอดในรายงาน,1898,2567-09-30,DOC-AST-2567,2. สินทรัพย์คงเหลือ2567_1.pdf
1000,ส่วนกลาง,1700600028,ศูนย์ฟื้นฟูสมรรถภาพคนงาน (ศฟง.) ขอนแก่น,12061400,ครุภัณฑ์ดนตรี,20,17,274957.09,-254319.82,20637.27,ตรงกับยอดในรายงาน,1907,2567-09-30,DOC-AST-2567,2. สินทรัพย์คงเหลือ2567_1.pdf
1000,ส่วนกลาง,1700600029,ศูนย์ฟื้นฟูสมรรถภาพคนงาน (ศฟง.) เชียงใหม,12060100,ครุภัณฑ์สนง.,451,401,9433227.98,-8863912.51,569315.47,ตรงกับยอดในรายงาน,314,2567-09-30,DOC-AST-2567,2. สินทรัพย์คงเหลือ2567_1.pdf
1000,ส่วนกลาง,1700600029,ศูนย์ฟื้นฟูสมรรถภาพคนงาน (ศฟง.) เชียงใหม,12060200,ครุภัณฑ์ยานพาหนะ,11,8,5160200.0,-4456864.95,703335.05,ตรงกับยอดในรายงาน,887,2567-09-30,DOC-AST-2567,2. สินทรัพย์คงเหลือ2567_1.pdf
1000,ส่วนกลาง,1700600029,ศูนย์ฟื้นฟูสมรรถภาพคนงาน (ศฟง.) เชียงใหม,12060300,ครุภัณฑ์ไฟฟ้า,97,82,1639685.0,-1570363.21,69321.79,ตรงกับยอดในรายงาน,986,2567-09-30,DOC-AST-2567,2. สินทรัพย์คงเหลือ2567_1.pdf
1000,ส่วนกลาง,1700600029,ศูนย์ฟื้นฟูสมรรถภาพคนงาน (ศฟง.) เชียงใหม,12060400,ครุภัณฑ์โฆษณา,19,14,416930.0,-319010.36,97919.64,ตรงกับยอดในรายงาน,1065,2567-09-30,DOC-AST-2567,2. สินทรัพย์คงเหลือ2567_1.pdf
1000,ส่วนกลาง,1700600029,ศูนย์ฟื้นฟูสมรรถภาพคนงาน (ศฟง.) เชียงใหม,12060500,ครุภัณฑ์การเกษตร,22,19,1700667.0,-1638103.5,62563.5,ตรงกับยอดในรายงาน,1098,2567-09-30,DOC-AST-2567,2. สินทรัพย์คงเหลือ2567_1.pdf
1000,ส่วนกลาง,1700600029,ศูนย์ฟื้นฟูสมรรถภาพคนงาน (ศฟง.) เชียงใหม,12060600,ครุภัณฑ์โรงงาน,60,58,4603780.0,-4593937.36,9842.64,ตรงกับยอดในรายงาน,1108,2567-09-30,DOC-AST-2567,2. สินทรัพย์คงเหลือ2567_1.pdf
1000,ส่วนกลาง,1700600029,ศูนย์ฟื้นฟูสมรรถภาพคนงาน (ศฟง.) เชียงใหม,12060900,ครุภัณฑ์วิทยาศาสตร์,187,122,21772847.0,-14842895.77,6929951.23,ตรงกับยอดในรายงาน,1127,2567-09-30,DOC-AST-2567,2. สินทรัพย์คงเหลือ2567_1.pdf
1000,ส่วนกลาง,1700600029,ศูนย์ฟื้นฟูสมรรถภาพคนงาน (ศฟง.) เชียงใหม,12061000,ครุภัณฑ์คอมพิวเตอร์,86,65,1610101.36,-1529967.07,80134.29,ตรงกับยอดในรายงาน,1611,2567-09-30,DOC-AST-2567,2. สินทรัพย์คงเหลือ2567_1.pdf
1000,ส่วนกลาง,1700600029,ศูนย์ฟื้นฟูสมรรถภาพคนงาน (ศฟง.) เชียงใหม,12061100,ครุภัณฑ์การศึกษา,27,25,873296.0,-873269.0,27.0,ตรงกับยอดในรายงาน,1799,2567-09-30,DOC-AST-2567,2. สินทรัพย์คงเหลือ2567_1.pdf
1000,ส่วนกลาง,1700600029,ศูนย์ฟื้นฟูสมรรถภาพคนงาน (ศฟง.) เชียงใหม,12061200,ครุภัณฑ์งานบ้าน,111,104,4912291.8,-4790017.72,122274.08,ตรงกับยอดในรายงาน,1843,2567-09-30,DOC-AST-2567,2. สินทรัพย์คงเหลือ2567_1.pdf
1000,ส่วนกลาง,1700600029,ศูนย์ฟื้นฟูสมรรถภาพคนงาน (ศฟง.) เชียงใหม,12061300,ครุภัณฑ์กีฬา,23,15,1355550.0,-1095735.62,259814.38,ตรงกับยอดในรายงาน,1899,2567-09-30,DOC-AST-2567,2. สินทรัพย์คงเหลือ2567_1.pdf
1000,ส่วนกลาง,1700600029,ศูนย์ฟื้นฟูสมรรถภาพคนงาน (ศฟง.) เชียงใหม,12061400,ครุภัณฑ์ดนตรี,10,5,120900.0,-65988.29,54911.71,ตรงกับยอดในรายงาน,1907,2567-09-30,DOC-AST-2567,2. สินทรัพย์คงเหลือ2567_1.pdf
1000,ส่วนกลาง,1700600030,ศูนย์ฟื้นฟูสมรรถภาพคนงาน (ศฟง.) สงขลา,12060100,ครุภัณฑ์สนง.,2325,1228,21504542.36,-19766152.07,1738390.29,ตรงกับยอดในรายงาน,366,2567-09-30,DOC-AST-2567,2. สินทรัพย์คงเหลือ2567_1.pdf
1000,ส่วนกลาง,1700600030,ศูนย์ฟื้นฟูสมรรถภาพคนงาน (ศฟง.) สงขลา,12060200,ครุภัณฑ์ยานพาหนะ,19,10,8480500.0,-8265480.06,215019.94,ตรงกับยอดในรายงาน,888,2567-09-30,DOC-AST-2567,2. สินทรัพย์คงเหลือ2567_1.pdf
1000,ส่วนกลาง,1700600030,ศูนย์ฟื้นฟูสมรรถภาพคนงาน (ศฟง.) สงขลา,12060300,ครุภัณฑ์ไฟฟ้า,44,22,5515755.59,-3847815.89,1667939.7,ตรงกับยอดในรายงาน,987,2567-09-30,DOC-AST-2567,2. สินทรัพย์คงเหลือ2567_1.pdf
1000,ส่วนกลาง,1700600030,ศูนย์ฟื้นฟูสมรรถภาพคนงาน (ศฟง.) สงขลา,12060400,ครุภัณฑ์โฆษณา,46,24,845484.32,-695429.21,150055.11,ตรงกับยอดในรายงาน,1066,2567-09-30,DOC-AST-2567,2. สินทรัพย์คงเหลือ2567_1.pdf
1000,ส่วนกลาง,1700600030,ศูนย์ฟื้นฟูสมรรถภาพคนงาน (ศฟง.) สงขลา,12060500,ครุภัณฑ์การเกษตร,14,7,636840.0,-602733.03,34106.97,ตรงกับยอดในรายงาน,1098,2567-09-30,DOC-AST-2567,2. สินทรัพย์คงเหลือ2567_1.pdf
1000,ส่วนกลาง,1700600030,ศูนย์ฟื้นฟูสมรรถภาพคนงาน (ศฟง.) สงขลา,12060600,ครุภัณฑ์โรงงาน,112,56,1885880.0,-1874207.0,11673.0,ตรงกับยอดในรายงาน,1110,2567-09-30,DOC-AST-2567,2. สินทรัพย์คงเหลือ2567_1.pdf
1000,ส่วนกลาง,1700600030,ศูนย์ฟื้นฟูสมรรถภาพคนงาน (ศฟง.) สงขลา,12060900,ครุภัณฑ์วิทยาศาสตร์,202,101,31645441.4,-28148427.24,3497014.16,ตรงกับยอดในรายงาน,1132,2567-09-30,DOC-AST-2567,2. สินทรัพย์คงเหลือ2567_1.pdf
1000,ส่วนกลาง,1700600030,ศูนย์ฟื้นฟูสมรรถภาพคนงาน (ศฟง.) สงขลา,12061000,ครุภัณฑ์คอมพิวเตอร์,129,90,1554987.61,-1539810.45,15177.16,ตรงกับยอดในรายงาน,1614,2567-09-30,DOC-AST-2567,2. สินทรัพย์คงเหลือ2567_1.pdf
1000,ส่วนกลาง,1700600030,ศูนย์ฟื้นฟูสมรรถภาพคนงาน (ศฟง.) สงขลา,12061100,ครุภัณฑ์การศึกษา,122,93,4602885.0,-4564795.03,38089.97,ตรงกับยอดในรายงาน,1802,2567-09-30,DOC-AST-2567,2. สินทรัพย์คงเหลือ2567_1.pdf
1000,ส่วนกลาง,1700600030,ศูนย์ฟื้นฟูสมรรถภาพคนงาน (ศฟง.) สงขลา,12061200,ครุภัณฑ์งานบ้าน,331,317,3868210.47,-3777244.37,90966.1,ตรงกับยอดในรายงาน,1850,2567-09-30,DOC-AST-2567,2. สินทรัพย์คงเหลือ2567_1.pdf
1000,ส่วนกลาง,1700600030,ศูนย์ฟื้นฟูสมรรถภาพคนงาน (ศฟง.) สงขลา,12061300,ครุภัณฑ์กีฬา,16,8,512550.0,-362380.64,150169.36,ตรงกับยอดในรายงาน,1899,2567-09-30,DOC-AST-2567,2. สินทรัพย์คงเหลือ2567_1.pdf
1000,ส่วนกลาง,1700600030,ศูนย์ฟื้นฟูสมรรถภาพคนงาน (ศฟง.) สงขลา,12061400,ครุภัณฑ์ดนตรี,14,8,85100.0,-76885.91,8214.09,ตรงกับยอดในรายงาน,1907,2567-09-30,DOC-AST-2567,2. สินทรัพย์คงเหลือ2567_1.pdf
1000,ส่วนกลาง,1700600031,กลุ่มตรวจสอบภายใน,12060100,ครุภัณฑ์สนง.,96,49,493150.7,-492076.53,1074.17,ตรงกับยอดในรายงาน,369,2567-09-30,DOC-AST-2567,2. สินทรัพย์คงเหลือ2567_1.pdf
1000,ส่วนกลาง,1700600031,กลุ่มตรวจสอบภายใน,12060300,ครุภัณฑ์ไฟฟ้า,2,1,13535.5,-13533.5,2.0,ตรงกับยอดในรายงาน,988,2567-09-30,DOC-AST-2567,2. สินทรัพย์คงเหลือ2567_1.pdf
1000,ส่วนกลาง,1700600031,กลุ่มตรวจสอบภายใน,12061000,ครุภัณฑ์คอมพิวเตอร์,8,7,251390.0,-82237.16,169152.84,ตรงกับยอดในรายงาน,1614,2567-09-30,DOC-AST-2567,2. สินทรัพย์คงเหลือ2567_1.pdf
1000,ส่วนกลาง,1700600031,กลุ่มตรวจสอบภายใน,12061200,ครุภัณฑ์งานบ้าน,1,1,14295.2,-14294.2,1.0,ตรงกับยอดในรายงาน,1850,2567-09-30,DOC-AST-2567,2. สินทรัพย์คงเหลือ2567_1.pdf
1000,ส่วนกลาง,1700600032,กลุ่มพัฒนาระบบบริหาร,12060100,ครุภัณฑ์สนง.,12,6,58190.0,-45356.95,12833.05,ตรงกับยอดในรายงาน,369,2567-09-30,DOC-AST-2567,2. สินทรัพย์คงเหลือ2567_1.pdf
1000,ส่วนกลาง,1700600032,กลุ่มพัฒนาระบบบริหาร,12060300,ครุภัณฑ์ไฟฟ้า,2,1,30676.9,-30674.9,2.0,ตรงกับยอดในรายงาน,988,2567-09-30,DOC-AST-2567,2. สินทรัพย์คงเหลือ2567_1.pdf
1000,ส่วนกลาง,1700600032,กลุ่มพัฒนาระบบบริหาร,12060400,ครุภัณฑ์โฆษณา,4,4,80148.0,-32254.31,47893.69,ตรงกับยอดในรายงาน,1066,2567-09-30,DOC-AST-2567,2. สินทรัพย์คงเหลือ2567_1.pdf
1000,ส่วนกลาง,1700600032,กลุ่มพัฒนาระบบบริหาร,12061000,ครุภัณฑ์คอมพิวเตอร์,2,2,63870.0,-8068.84,55801.16,ตรงกับยอดในรายงาน,1614,2567-09-30,DOC-AST-2567,2. สินทรัพย์คงเหลือ2567_1.pdf
1000,ส่วนกลาง,1700600032,กลุ่มพัฒนาระบบบริหาร,12061200,ครุภัณฑ์งานบ้าน,1,1,11490.0,-11489.0,1.0,ตรงกับยอดในรายงาน,1850,2567-09-30,DOC-AST-2567,2. สินทรัพย์คงเหลือ2567_1.pdf
1000,ส่วนกลาง,1700600033,กองคลัง,12060100,ครุภัณฑ์สนง.,313,203,2559306.66,-2531702.15,27604.51,ตรงกับยอดในรายงาน,376,2567-09-30,DOC-AST-2567,2. สินทรัพย์คงเหลือ2567_1.pdf
1000,ส่วนกลาง,1700600033,กองคลัง,12060300,ครุภัณฑ์ไฟฟ้า,41,22,230329.0,-215842.15,14486.85,ตรงกับยอดในรายงาน,989,2567-09-30,DOC-AST-2567,2. สินทรัพย์คงเหลือ2567_1.pdf
1000,ส่วนกลาง,1700600033,กองคลัง,12060400,ครุภัณฑ์โฆษณา,5,3,74723.45,-69825.87,4897.58,ตรงกับยอดในรายงาน,1066,2567-09-30,DOC-AST-2567,2. สินทรัพย์คงเหลือ2567_1.pdf
1000,ส่วนกลาง,1700600033,กองคลัง,12061000,ครุภัณฑ์คอมพิวเตอร์,59,59,1900595.0,-1215088.04,685506.96,ตรงกับยอดในรายงาน,1615,2567-09-30,DOC-AST-2567,2. สินทรัพย์คงเหลือ2567_1.pdf
1000,ส่วนกลาง,1700600033,กองคลัง,12061200,ครุภัณฑ์งานบ้าน,9,6,70573.3,-69489.14,1084.16,ตรงกับยอดในรายงาน,1851,2567-09-30,DOC-AST-2567,2. สินทรัพย์คงเหลือ2567_1.pdf
1000,ส่วนกลาง,1700600109,กองวิจัยและสถิติ,12060100,ครุภัณฑ์สนง.,133,116,1943535.73,-1846649.01,96886.72,ตรงกับยอดในรายงาน,379,2567-09-30,DOC-AST-2567,2. สินทรัพย์คงเหลือ2567_1.pdf
1000,ส่วนกลาง,1700600109,กองวิจัยและสถิติ,12060300,ครุภัณฑ์ไฟฟ้า,2,2,50300.0,-50298.0,2.0,ตรงกับยอดในรายงาน,989,2567-09-30,DOC-AST-2567,2. สินทรัพย์คงเหลือ2567_1.pdf
1000,ส่วนกลาง,1700600109,กองวิจัยและสถิติ,12060400,ครุภัณฑ์โฆษณา,4,3,405740.75,-376685.41,29055.34,ตรงกับยอดในรายงาน,1067,2567-09-30,DOC-AST-2567,2. สินทรัพย์คงเหลือ2567_1.pdf
1000,ส่วนกลาง,1700600109,กองวิจัยและสถิติ,12061000,ครุภัณฑ์คอมพิวเตอร์,18,17,2623480.76,-2544116.76,79364.0,ตรงกับยอดในรายงาน,1616,2567-09-30,DOC-AST-2567,2. สินทรัพย์คงเหลือ2567_1.pdf
1000,ส่วนกลาง,1700600109,กองวิจัยและสถิติ,12061100,ครุภัณฑ์การศึกษา,66,66,437170.0,-437104.0,66.0,ตรงกับยอดในรายงาน,1804,2567-09-30,DOC-AST-2567,2. สินทรัพย์คงเหลือ2567_1.pdf
1000,ส่วนกลาง,1700600109,กองวิจัยและสถิติ,12061200,ครุภัณฑ์งานบ้าน,11,11,100340.0,-89054.66,11285.34,ตรงกับยอดในรายงาน,1851,2567-09-30,DOC-AST-2567,2. สินทรัพย์คงเหลือ2567_1.pdf
1000,ส่วนกลาง,1700600111,สำนักงานประกันสังคมเขตพื้นที่ 11,12060100,ครุภัณฑ์สนง.,126,81,2830899.2,-2166443.83,664455.37,ตรงกับยอดในรายงาน,382,2567-09-30,DOC-AST-2567,2. สินทรัพย์คงเหลือ2567_1.pdf
1000,ส่วนกลาง,1700600111,สำนักงานประกันสังคมเขตพื้นที่ 11,12060200,ครุภัณฑ์ยานพาหนะ,7,5,4794300.0,-3524110.45,1270189.55,ตรงกับยอดในรายงาน,888,2567-09-30,DOC-AST-2567,2. สินทรัพย์คงเหลือ2567_1.pdf
1000,ส่วนกลาง,1700600111,สำนักงานประกันสังคมเขตพื้นที่ 11,12060300,ครุภัณฑ์ไฟฟ้า,17,10,730755.3,-687989.36,42765.94,ตรงกับยอดในรายงาน,989,2567-09-30,DOC-AST-2567,2. สินทรัพย์คงเหลือ2567_1.pdf
1000,ส่วนกลาง,1700600111,สำนักงานประกันสังคมเขตพื้นที่ 11,12060400,ครุภัณฑ์โฆษณา,17,12,188535.0,-142546.67,45988.33,ตรงกับยอดในรายงาน,1067,2567-09-30,DOC-AST-2567,2. สินทรัพย์คงเหลือ2567_1.pdf
1000,ส่วนกลาง,1700600111,สำนักงานประกันสังคมเขตพื้นที่ 11,12060900,ครุภัณฑ์วิทยาศาสตร์,2,1,5350.0,-3320.07,2029.93,ตรงกับยอดในรายงาน,1132,2567-09-30,DOC-AST-2567,2. สินทรัพย์คงเหลือ2567_1.pdf
1000,ส่วนกลาง,1700600111,สำนักงานประกันสังคมเขตพื้นที่ 11,12061000,ครุภัณฑ์คอมพิวเตอร์,113,110,3640938.0,-2382969.04,1257968.96,ตรงกับยอดในรายงาน,1618,2567-09-30,DOC-AST-2567,2. สินทรัพย์คงเหลือ2567_1.pdf
1000,ส่วนกลาง,1700600111,สำนักงานประกันสังคมเขตพื้นที่ 11,12061200,ครุภัณฑ์งานบ้าน,15,10,116305.81,-111279.87,5025.94,ตรงกับยอดในรายงาน,1851,2567-09-30,DOC-AST-2567,2. สินทรัพย์คงเหลือ2567_1.pdf
1000,ส่วนกลาง,1700600111,สำนักงานประกันสังคมเขตพื้นที่ 11,12061300,ครุภัณฑ์กีฬา,4,4,95900.0,-95896.0,4.0,ตรงกับยอดในรายงาน,1899,2567-09-30,DOC-AST-2567,2. สินทรัพย์คงเหลือ2567_1.pdf
1000,ส่วนกลาง,1700600112,สำนักงานประกันสังคมเขตพื้นที่ 12,12060100,ครุภัณฑ์สนง.,125,90,2932511.21,-1922512.09,1009999.12,ตรงกับยอดในรายงาน,385,2567-09-30,DOC-AST-2567,2. สินทรัพย์คงเหลือ2567_1.pdf
1000,ส่วนกลาง,1700600112,สำนักงานประกันสังคมเขตพื้นที่ 12,12060200,ครุภัณฑ์ยานพาหนะ,9,5,4074697.0,-2833590.14,1241106.86,ตรงกับยอดในรายงาน,888,2567-09-30,DOC-AST-2567,2. สินทรัพย์คงเหลือ2567_1.pdf
1000,ส่วนกลาง,1700600112,สำนักงานประกันสังคมเขตพื้นที่ 12,12060300,ครุภัณฑ์ไฟฟ้า,2,1,16590.0,-13723.24,2866.76,ตรงกับยอดในรายงาน,989,2567-09-30,DOC-AST-2567,2. สินทรัพย์คงเหลือ2567_1.pdf
1000,ส่วนกลาง,1700600112,สำนักงานประกันสังคมเขตพื้นที่ 12,12060400,ครุภัณฑ์โฆษณา,18,11,217122.0,-172862.85,44259.15,ตรงกับยอดในรายงาน,1067,2567-09-30,DOC-AST-2567,2. สินทรัพย์คงเหลือ2567_1.pdf
1000,ส่วนกลาง,1700600112,สำนักงานประกันสังคมเขตพื้นที่ 12,12061000,ครุภัณฑ์คอมพิวเตอร์,134,131,4193285.0,-2470965.36,1722319.64,ตรงกับยอดในรายงาน,1621,2567-09-30,DOC-AST-2567,2. สินทรัพย์คงเหลือ2567_1.pdf
1000,ส่วนกลาง,1700600112,สำนักงานประกันสังคมเขตพื้นที่ 12,12061200,ครุภัณฑ์งานบ้าน,7,6,104788.49,-47517.65,57270.84,ตรงกับยอดในรายงาน,1851,2567-09-30,DOC-AST-2567,2. สินทรัพย์คงเหลือ2567_1.pdf
1100,สมุทรปราการ,1700600034,สำนักงานประกันสังคมจังหวัด สมุทรปราการ,12060100,ครุภัณฑ์สนง.,704,487,15808630.41,-13843568.86,1965061.55,ตรงกับยอดในรายงาน,401,2567-09-30,DOC-AST-2567,2. สินทรัพย์คงเหลือ2567_1.pdf
1100,สมุทรปราการ,1700600034,สำนักงานประกันสังคมจังหวัด สมุทรปราการ,12060200,ครุภัณฑ์ยานพาหนะ,35,18,17665184.0,-14256581.35,3408602.65,ตรงกับยอดในรายงาน,889,2567-09-30,DOC-AST-2567,2. สินทรัพย์คงเหลือ2567_1.pdf
1100,สมุทรปราการ,1700600034,สำนักงานประกันสังคมจังหวัด สมุทรปราการ,12060300,ครุภัณฑ์ไฟฟ้า,147,81,3556499.64,-3158575.03,397924.61,ตรงกับยอดในรายงาน,992,2567-09-30,DOC-AST-2567,2. สินทรัพย์คงเหลือ2567_1.pdf
1100,สมุทรปราการ,1700600034,สำนักงานประกันสังคมจังหวัด สมุทรปราการ,12060400,ครุภัณฑ์โฆษณา,39,27,488063.25,-370915.06,117148.19,ตรงกับยอดในรายงาน,1068,2567-09-30,DOC-AST-2567,2. สินทรัพย์คงเหลือ2567_1.pdf
1100,สมุทรปราการ,1700600034,สำนักงานประกันสังคมจังหวัด สมุทรปราการ,12060900,ครุภัณฑ์วิทยาศาสตร์,4,2,13800.0,-10163.85,3636.15,ตรงกับยอดในรายงาน,1132,2567-09-30,DOC-AST-2567,2. สินทรัพย์คงเหลือ2567_1.pdf
1100,สมุทรปราการ,1700600034,สำนักงานประกันสังคมจังหวัด สมุทรปราการ,12061000,ครุภัณฑ์คอมพิวเตอร์,444,435,16385358.65,-11175735.79,5209622.86,ตรงกับยอดในรายงาน,1631,2567-09-30,DOC-AST-2567,2. สินทรัพย์คงเหลือ2567_1.pdf
1100,สมุทรปราการ,1700600034,สำนักงานประกันสังคมจังหวัด สมุทรปราการ,12061200,ครุภัณฑ์งานบ้าน,55,39,1351695.16,-1207645.07,144050.09,ตรงกับยอดในรายงาน,1853,2567-09-30,DOC-AST-2567,2. สินทรัพย์คงเหลือ2567_1.pdf
1100,สมุทรปราการ,1700600034,สำนักงานประกันสังคมจังหวัด สมุทรปราการ,12061300,ครุภัณฑ์กีฬา,11,10,276100.0,-276089.0,11.0,ตรงกับยอดในรายงาน,1899,2567-09-30,DOC-AST-2567,2. สินทรัพย์คงเหลือ2567_1.pdf
1200,นนทบุรี,1700600035,สำนักงานประกันสังคมจังหวัด นนทบุรี,12060100,ครุภัณฑ์สนง.,417,231,6737813.1,-6309863.52,427949.58,ตรงกับยอดในรายงาน,410,2567-09-30,DOC-AST-2567,2. สินทรัพย์คงเหลือ2567_1.pdf
1200,นนทบุรี,1700600035,สำนักงานประกันสังคมจังหวัด นนทบุรี,12060200,ครุภัณฑ์ยานพาหนะ,12,7,7440600.0,-6425276.45,1015323.55,ตรงกับยอดในรายงาน,889,2567-09-30,DOC-AST-2567,2. สินทรัพย์คงเหลือ2567_1.pdf
1200,นนทบุรี,1700600035,สำนักงานประกันสังคมจังหวัด นนทบุรี,12060300,ครุภัณฑ์ไฟฟ้า,62,38,1522527.9,-1455270.95,67256.95,ตรงกับยอดในรายงาน,994,2567-09-30,DOC-AST-2567,2. สินทรัพย์คงเหลือ2567_1.pdf
1200,นนทบุรี,1700600035,สำนักงานประกันสังคมจังหวัด นนทบุรี,12060400,ครุภัณฑ์โฆษณา,30,24,445354.0,-365203.02,80150.98,ตรงกับยอดในรายงาน,1069,2567-09-30,DOC-AST-2567,2. สินทรัพย์คงเหลือ2567_1.pdf
1200,นนทบุรี,1700600035,สำนักงานประกันสังคมจังหวัด นนทบุรี,12061000,ครุภัณฑ์คอมพิวเตอร์,187,180,6221499.8,-4093305.89,2128193.91,ตรงกับยอดในรายงาน,1636,2567-09-30,DOC-AST-2567,2. สินทรัพย์คงเหลือ2567_1.pdf
1200,นนทบุรี,1700600035,สำนักงานประกันสังคมจังหวัด นนทบุรี,12061200,ครุภัณฑ์งานบ้าน,24,17,213667.0,-213643.0,24.0,ตรงกับยอดในรายงาน,1853,2567-09-30,DOC-AST-2567,2. สินทรัพย์คงเหลือ2567_1.pdf
1200,นนทบุรี,1700600035,สำนักงานประกันสังคมจังหวัด นนทบุรี,12061300,ครุภัณฑ์กีฬา,2,2,24500.0,-24498.0,2.0,ตรงกับยอดในรายงาน,1900,2567-09-30,DOC-AST-2567,2. สินทรัพย์คงเหลือ2567_1.pdf
1300,ปทุมธานี,1700600036,สำนักงานประกันสังคมจังหวัด ปทุมธานี,12060100,ครุภัณฑ์สนง.,309,231,8388999.86,-7531671.41,857328.45,ตรงกับยอดในรายงาน,418,2567-09-30,DOC-AST-2567,2. สินทรัพย์คงเหลือ2567_1.pdf
1300,ปทุมธานี,1700600036,สำนักงานประกันสังคมจังหวัด ปทุมธานี,12060200,ครุภัณฑ์ยานพาหนะ,12,7,6947500.0,-6801088.18,146411.82,ตรงกับยอดในรายงาน,890,2567-09-30,DOC-AST-2567,2. สินทรัพย์คงเหลือ2567_1.pdf
1300,ปทุมธานี,1700600036,สำนักงานประกันสังคมจังหวัด ปทุมธานี,12060300,ครุภัณฑ์ไฟฟ้า,35,24,2444936.1,-2072338.34,372597.76,ตรงกับยอดในรายงาน,995,2567-09-30,DOC-AST-2567,2. สินทรัพย์คงเหลือ2567_1.pdf
1300,ปทุมธานี,1700600036,สำนักงานประกันสังคมจังหวัด ปทุมธานี,12060400,ครุภัณฑ์โฆษณา,23,18,283971.0,-245914.28,38056.72,ตรงกับยอดในรายงาน,1070,2567-09-30,DOC-AST-2567,2. สินทรัพย์คงเหลือ2567_1.pdf
1300,ปทุมธานี,1700600036,สำนักงานประกันสังคมจังหวัด ปทุมธานี,12060900,ครุภัณฑ์วิทยาศาสตร์,1,1,18000.0,-17999.0,1.0,ตรงกับยอดในรายงาน,1132,2567-09-30,DOC-AST-2567,2. สินทรัพย์คงเหลือ2567_1.pdf
1300,ปทุมธานี,1700600036,สำนักงานประกันสังคมจังหวัด ปทุมธานี,12061000,ครุภัณฑ์คอมพิวเตอร์,218,209,6831181.74,-4352746.26,2478435.48,ตรงกับยอดในรายงาน,1641,2567-09-30,DOC-AST-2567,2. สินทรัพย์คงเหลือ2567_1.pdf
1300,ปทุมธานี,1700600036,สำนักงานประกันสังคมจังหวัด ปทุมธานี,12061200,ครุภัณฑ์งานบ้าน,25,19,186568.17,-186543.17,25.0,ตรงกับยอดในรายงาน,1854,2567-09-30,DOC-AST-2567,2. สินทรัพย์คงเหลือ2567_1.pdf
1300,ปทุมธานี,1700600036,สำนักงานประกันสังคมจังหวัด ปทุมธานี,12061300,ครุภัณฑ์กีฬา,3,3,76000.0,-75997.0,3.0,ตรงกับยอดในรายงาน,1900,2567-09-30,DOC-AST-2567,2. สินทรัพย์คงเหลือ2567_1.pdf
1400,พระนครศรีอยุธยา,1700600037,สำนักงานประกันสังคมจังหวัด พระนครศรีอยุธ,12060100,ครุภัณฑ์สนง.,449,264,9324900.88,-4965690.0,4359210.88,ตรงกับยอดในรายงาน,428,2567-09-30,DOC-AST-2567,2. สินทรัพย์คงเหลือ2567_1.pdf
1400,พระนครศรีอยุธยา,1700600037,สำนักงานประกันสังคมจังหวัด พระนครศรีอยุธ,12060200,ครุภัณฑ์ยานพาหนะ,15,8,7566000.0,-6589572.31,976427.69,ตรงกับยอดในรายงาน,890,2567-09-30,DOC-AST-2567,2. สินทรัพย์คงเหลือ2567_1.pdf
1400,พระนครศรีอยุธยา,1700600037,สำนักงานประกันสังคมจังหวัด พระนครศรีอยุธ,12060300,ครุภัณฑ์ไฟฟ้า,21,15,2394255.64,-862598.09,1531657.55,ตรงกับยอดในรายงาน,995,2567-09-30,DOC-AST-2567,2. สินทรัพย์คงเหลือ2567_1.pdf
1400,พระนครศรีอยุธยา,1700600037,สำนักงานประกันสังคมจังหวัด พระนครศรีอยุธ,12060400,ครุภัณฑ์โฆษณา,26,21,635606.0,-611222.23,24383.77,ตรงกับยอดในรายงาน,1070,2567-09-30,DOC-AST-2567,2. สินทรัพย์คงเหลือ2567_1.pdf
1400,พระนครศรีอยุธยา,1700600037,สำนักงานประกันสังคมจังหวัด พระนครศรีอยุธ,12061000,ครุภัณฑ์คอมพิวเตอร์,185,177,6945947.85,-4671563.91,2274383.94,ตรงกับยอดในรายงาน,1645,2567-09-30,DOC-AST-2567,2. สินทรัพย์คงเหลือ2567_1.pdf
1400,พระนครศรีอยุธยา,1700600037,สำนักงานประกันสังคมจังหวัด พระนครศรีอยุธ,12061200,ครุภัณฑ์งานบ้าน,24,19,495478.6,-311300.3,184178.3,ตรงกับยอดในรายงาน,1855,2567-09-30,DOC-AST-2567,2. สินทรัพย์คงเหลือ2567_1.pdf
1500,อ่างทอง,1700600038,สำนักงานประกันสังคมจังหวัด อ่างทอง,12060100,ครุภัณฑ์สนง.,282,147,2511014.93,-1741363.76,769651.17,ตรงกับยอดในรายงาน,434,2567-09-30,DOC-AST-2567,2. สินทรัพย์คงเหลือ2567_1.pdf
1500,อ่างทอง,1700600038,สำนักงานประกันสังคมจังหวัด อ่างทอง,12060200,ครุภัณฑ์ยานพาหนะ,5,3,3370900.0,-2280439.84,1090460.16,ตรงกับยอดในรายงาน,890,2567-09-30,DOC-AST-2567,2. สินทรัพย์คงเหลือ2567_1.pdf
1500,อ่างทอง,1700600038,สำนักงานประกันสังคมจังหวัด อ่างทอง,12060300,ครุภัณฑ์ไฟฟ้า,2,2,205200.0,-93138.51,112061.49,ตรงกับยอดในรายงาน,995,2567-09-30,DOC-AST-2567,2. สินทรัพย์คงเหลือ2567_1.pdf
1500,อ่างทอง,1700600038,สำนักงานประกันสังคมจังหวัด อ่างทอง,12060400,ครุภัณฑ์โฆษณา,5,4,62480.0,-50356.72,12123.28,ตรงกับยอดในรายงาน,1070,2567-09-30,DOC-AST-2567,2. สินทรัพย์คงเหลือ2567_1.pdf
1500,อ่างทอง,1700600038,สำนักงานประกันสังคมจังหวัด อ่างทอง,12061000,ครุภัณฑ์คอมพิวเตอร์,42,38,1638222.0,-928125.07,710096.93,ตรงกับยอดในรายงาน,1646,2567-09-30,DOC-AST-2567,2. สินทรัพย์คงเหลือ2567_1.pdf
1500,อ่างทอง,1700600038,สำนักงานประกันสังคมจังหวัด อ่างทอง,12061200,ครุภัณฑ์งานบ้าน,11,6,168943.75,-168932.75,11.0,ตรงกับยอดในรายงาน,1855,2567-09-30,DOC-AST-2567,2. สินทรัพย์คงเหลือ2567_1.pdf
1500,อ่างทอง,1700600038,สำนักงานประกันสังคมจังหวัด อ่างทอง,12061300,ครุภัณฑ์กีฬา,2,2,25700.0,-25698.0,2.0,ตรงกับยอดในรายงาน,1900,2567-09-30,DOC-AST-2567,2. สินทรัพย์คงเหลือ2567_1.pdf
1600,ลพบุรี,1700600039,สำนักงานประกันสังคมจังหวัด ลพบุรี,12060100,ครุภัณฑ์สนง.,191,107,5434622.0,-4627696.17,806925.83,ตรงกับยอดในรายงาน,439,2567-09-30,DOC-AST-2567,2. สินทรัพย์คงเหลือ2567_1.pdf
1600,ลพบุรี,1700600039,สำนักงานประกันสังคมจังหวัด ลพบุรี,12060200,ครุภัณฑ์ยานพาหนะ,10,6,5726400.0,-4514537.45,1211862.55,ตรงกับยอดในรายงาน,891,2567-09-30,DOC-AST-2567,2. สินทรัพย์คงเหลือ2567_1.pdf
1600,ลพบุรี,1700600039,สำนักงานประกันสังคมจังหวัด ลพบุรี,12060300,ครุภัณฑ์ไฟฟ้า,18,10,721015.67,-506862.78,214152.89,ตรงกับยอดในรายงาน,996,2567-09-30,DOC-AST-2567,2. สินทรัพย์คงเหลือ2567_1.pdf
1600,ลพบุรี,1700600039,สำนักงานประกันสังคมจังหวัด ลพบุรี,12060400,ครุภัณฑ์โฆษณา,10,6,95680.0,-87090.22,8589.78,ตรงกับยอดในรายงาน,1071,2567-09-30,DOC-AST-2567,2. สินทรัพย์คงเหลือ2567_1.pdf
1600,ลพบุรี,1700600039,สำนักงานประกันสังคมจังหวัด ลพบุรี,12060900,ครุภัณฑ์วิทยาศาสตร์,2,1,5500.0,-5498.0,2.0,ตรงกับยอดในรายงาน,1132,2567-09-30,DOC-AST-2567,2. สินทรัพย์คงเหลือ2567_1.pdf
1600,ลพบุรี,1700600039,สำนักงานประกันสังคมจังหวัด ลพบุรี,12061000,ครุภัณฑ์คอมพิวเตอร์,82,76,2911848.0,-1718416.35,1193431.65,ตรงกับยอดในรายงาน,1648,2567-09-30,DOC-AST-2567,2. สินทรัพย์คงเหลือ2567_1.pdf
1600,ลพบุรี,1700600039,สำนักงานประกันสังคมจังหวัด ลพบุรี,12061200,ครุภัณฑ์งานบ้าน,23,14,276394.6,-269649.17,6745.43,ตรงกับยอดในรายงาน,1856,2567-09-30,DOC-AST-2567,2. สินทรัพย์คงเหลือ2567_1.pdf
1600,ลพบุรี,1700600039,สำนักงานประกันสังคมจังหวัด ลพบุรี,12061300,ครุภัณฑ์กีฬา,15,9,257660.0,-244592.38,13067.62,ตรงกับยอดในรายงาน,1900,2567-09-30,DOC-AST-2567,2. สินทรัพย์คงเหลือ2567_1.pdf
1700,สิงห์บุรี,1700600040,สำนักงานประกันสังคมจังหวัด สิงห์บุรี,12060100,ครุภัณฑ์สนง.,102,56,1755423.54,-1585729.53,169694.01,ตรงกับยอดในรายงาน,441,2567-09-30,DOC-AST-2567,2. สินทรัพย์คงเหลือ2567_1.pdf
1700,สิงห์บุรี,1700600040,สำนักงานประกันสังคมจังหวัด สิงห์บุรี,12060200,ครุภัณฑ์ยานพาหนะ,5,4,3922000.0,-3333129.38,588870.62,ตรงกับยอดในรายงาน,891,2567-09-30,DOC-AST-2567,2. สินทรัพย์คงเหลือ2567_1.pdf
1700,สิงห์บุรี,1700600040,สำนักงานประกันสังคมจังหวัด สิงห์บุรี,12060300,ครุภัณฑ์ไฟฟ้า,7,6,585568.07,-261178.34,324389.73,ตรงกับยอดในรายงาน,996,2567-09-30,DOC-AST-2567,2. สินทรัพย์คงเหลือ2567_1.pdf
1700,สิงห์บุรี,1700600040,สำนักงานประกันสังคมจังหวัด สิงห์บุรี,12061000,ครุภัณฑ์คอมพิวเตอร์,38,35,1605886.8,-948549.95,657336.85,ตรงกับยอดในรายงาน,1649,2567-09-30,DOC-AST-2567,2. สินทรัพย์คงเหลือ2567_1.pdf
1700,สิงห์บุรี,1700600040,สำนักงานประกันสังคมจังหวัด สิงห์บุรี,12061200,ครุภัณฑ์งานบ้าน,5,3,104006.0,-99099.91,4906.09,ตรงกับยอดในรายงาน,1856,2567-09-30,DOC-AST-2567,2. สินทรัพย์คงเหลือ2567_1.pdf
1800,ชัยนาท,1700600041,สำนักงานประกันสังคมจังหวัด ชัยนาท,12060100,ครุภัณฑ์สนง.,110,59,1547246.65,-1111682.37,435564.28,ตรงกับยอดในรายงาน,444,2567-09-30,DOC-AST-2567,2. สินทรัพย์คงเหลือ2567_1.pdf
1800,ชัยนาท,1700600041,สำนักงานประกันสังคมจังหวัด ชัยนาท,12060200,ครุภัณฑ์ยานพาหนะ,5,3,3731300.0,-2106396.59,1624903.41,ตรงกับยอดในรายงาน,891,2567-09-30,DOC-AST-2567,2. สินทรัพย์คงเหลือ2567_1.pdf
1800,ชัยนาท,1700600041,สำนักงานประกันสังคมจังหวัด ชัยนาท,12060300,ครุภัณฑ์ไฟฟ้า,11,6,373500.0,-204643.14,168856.86,ตรงกับยอดในรายงาน,997,2567-09-30,DOC-AST-2567,2. สินทรัพย์คงเหลือ2567_1.pdf
1800,ชัยนาท,1700600041,สำนักงานประกันสังคมจังหวัด ชัยนาท,12060400,ครุภัณฑ์โฆษณา,4,3,38580.0,-35956.32,2623.68,ตรงกับยอดในรายงาน,1071,2567-09-30,DOC-AST-2567,2. สินทรัพย์คงเหลือ2567_1.pdf
1800,ชัยนาท,1700600041,สำนักงานประกันสังคมจังหวัด ชัยนาท,12060500,ครุภัณฑ์การเกษตร,2,1,15000.0,-10011.58,4988.42,ตรงกับยอดในรายงาน,1098,2567-09-30,DOC-AST-2567,2. สินทรัพย์คงเหลือ2567_1.pdf
1800,ชัยนาท,1700600041,สำนักงานประกันสังคมจังหวัด ชัยนาท,12061000,ครุภัณฑ์คอมพิวเตอร์,54,50,1903982.29,-1218458.18,685524.11,ตรงกับยอดในรายงาน,1650,2567-09-30,DOC-AST-2567,2. สินทรัพย์คงเหลือ2567_1.pdf
1800,ชัยนาท,1700600041,สำนักงานประกันสังคมจังหวัด ชัยนาท,12061200,ครุภัณฑ์งานบ้าน,13,7,110369.3,-97176.04,13193.26,ตรงกับยอดในรายงาน,1856,2567-09-30,DOC-AST-2567,2. สินทรัพย์คงเหลือ2567_1.pdf
1900,สระบุรี,1700600042,สำนักงานประกันสังคมจังหวัด สระบุรี,12060100,ครุภัณฑ์สนง.,196,111,3061910.0,-2674387.08,387522.92,ตรงกับยอดในรายงาน,448,2567-09-30,DOC-AST-2567,2. สินทรัพย์คงเหลือ2567_1.pdf
1900,สระบุรี,1700600042,สำนักงานประกันสังคมจังหวัด สระบุรี,12060200,ครุภัณฑ์ยานพาหนะ,12,7,7518380.0,-6817377.23,701002.77,ตรงกับยอดในรายงาน,891,2567-09-30,DOC-AST-2567,2. สินทรัพย์คงเหลือ2567_1.pdf
1900,สระบุรี,1700600042,สำนักงานประกันสังคมจังหวัด สระบุรี,12060300,ครุภัณฑ์ไฟฟ้า,17,10,515744.0,-464319.32,51424.68,ตรงกับยอดในรายงาน,997,2567-09-30,DOC-AST-2567,2. สินทรัพย์คงเหลือ2567_1.pdf
1900,สระบุรี,1700600042,สำนักงานประกันสังคมจังหวัด สระบุรี,12060400,ครุภัณฑ์โฆษณา,19,15,339735.0,-277887.12,61847.88,ตรงกับยอดในรายงาน,1071,2567-09-30,DOC-AST-2567,2. สินทรัพย์คงเหลือ2567_1.pdf
1900,สระบุรี,1700600042,สำนักงานประกันสังคมจังหวัด สระบุรี,12061000,ครุภัณฑ์คอมพิวเตอร์,123,118,4117973.5,-2404828.54,1713144.96,ตรงกับยอดในรายงาน,1653,2567-09-30,DOC-AST-2567,2. สินทรัพย์คงเหลือ2567_1.pdf
1900,สระบุรี,1700600042,สำนักงานประกันสังคมจังหวัด สระบุรี,12061200,ครุภัณฑ์งานบ้าน,15,9,101390.0,-63123.89,38266.11,ตรงกับยอดในรายงาน,1856,2567-09-30,DOC-AST-2567,2. สินทรัพย์คงเหลือ2567_1.pdf
1900,สระบุรี,1700600042,สำนักงานประกันสังคมจังหวัด สระบุรี,12061300,ครุภัณฑ์กีฬา,3,3,60600.0,-60597.0,3.0,ตรงกับยอดในรายงาน,1900,2567-09-30,DOC-AST-2567,2. สินทรัพย์คงเหลือ2567_1.pdf
2000,ชลบุรี,1700600043,สำนักงานประกันสังคมจังหวัด ชลบุรี,12060100,ครุภัณฑ์สนง.,415,245,6914043.66,-5951715.13,962328.53,ตรงกับยอดในรายงาน,458,2567-09-30,DOC-AST-2567,2. สินทรัพย์คงเหลือ2567_1.pdf
2000,ชลบุรี,1700600043,สำนักงานประกันสังคมจังหวัด ชลบุรี,12060200,ครุภัณฑ์ยานพาหนะ,16,10,10098000.0,-7454731.92,2643268.08,ตรงกับยอดในรายงาน,892,2567-09-30,DOC-AST-2567,2. สินทรัพย์คงเหลือ2567_1.pdf
2000,ชลบุรี,1700600043,สำนักงานประกันสังคมจังหวัด ชลบุรี,12060300,ครุภัณฑ์ไฟฟ้า,22,15,532440.0,-490835.48,41604.52,ตรงกับยอดในรายงาน,998,2567-09-30,DOC-AST-2567,2. สินทรัพย์คงเหลือ2567_1.pdf
2000,ชลบุรี,1700600043,สำนักงานประกันสังคมจังหวัด ชลบุรี,12060400,ครุภัณฑ์โฆษณา,38,26,962397.9,-859602.05,102795.85,ตรงกับยอดในรายงาน,1072,2567-09-30,DOC-AST-2567,2. สินทรัพย์คงเหลือ2567_1.pdf
2000,ชลบุรี,1700600043,สำนักงานประกันสังคมจังหวัด ชลบุรี,12060500,ครุภัณฑ์การเกษตร,2,1,31000.0,-21393.1,9606.9,ตรงกับยอดในรายงาน,1098,2567-09-30,DOC-AST-2567,2. สินทรัพย์คงเหลือ2567_1.pdf
2000,ชลบุรี,1700600043,สำนักงานประกันสังคมจังหวัด ชลบุรี,12061000,ครุภัณฑ์คอมพิวเตอร์,243,238,7463028.49,-5019359.23,2443669.26,ตรงกับยอดในรายงาน,1659,2567-09-30,DOC-AST-2567,2. สินทรัพย์คงเหลือ2567_1.pdf
2000,ชลบุรี,1700600043,สำนักงานประกันสังคมจังหวัด ชลบุรี,12061200,ครุภัณฑ์งานบ้าน,24,18,778145.0,-696819.29,81325.71,ตรงกับยอดในรายงาน,1857,2567-09-30,DOC-AST-2567,2. สินทรัพย์คงเหลือ2567_1.pdf
2100,ระยอง,1700600044,สำนักงานประกันสังคมจังหวัด ระยอง,12060100,ครุภัณฑ์สนง.,890,589,11392060.4,-7622788.9,3769271.5,ตรงกับยอดในรายงาน,478,2567-09-30,DOC-AST-2567,2. สินทรัพย์คงเหลือ2567_1.pdf
2100,ระยอง,1700600044,สำนักงานประกันสังคมจังหวัด ระยอง,12060200,ครุภัณฑ์ยานพาหนะ,12,8,8499540.0,-8022998.42,476541.58,ตรงกับยอดในรายงาน,892,2567-09-30,DOC-AST-2567,2. สินทรัพย์คงเหลือ2567_1.pdf
2100,ระยอง,1700600044,สำนักงานประกันสังคมจังหวัด ระยอง,12060300,ครุภัณฑ์ไฟฟ้า,35,21,4770874.5,-1839313.76,2931560.74,ตรงกับยอดในรายงาน,998,2567-09-30,DOC-AST-2567,2. สินทรัพย์คงเหลือ2567_1.pdf
2100,ระยอง,1700600044,สำนักงานประกันสังคมจังหวัด ระยอง,12060400,ครุภัณฑ์โฆษณา,28,16,604798.75,-600311.45,4487.3,ตรงกับยอดในรายงาน,1073,2567-09-30,DOC-AST-2567,2. สินทรัพย์คงเหลือ2567_1.pdf
2100,ระยอง,1700600044,สำนักงานประกันสังคมจังหวัด ระยอง,12060500,ครุภัณฑ์การเกษตร,1,1,19902.0,-19901.0,1.0,ตรงกับยอดในรายงาน,1098,2567-09-30,DOC-AST-2567,2. สินทรัพย์คงเหลือ2567_1.pdf
2100,ระยอง,1700600044,สำนักงานประกันสังคมจังหวัด ระยอง,12061000,ครุภัณฑ์คอมพิวเตอร์,148,139,5528095.95,-3507439.02,2020656.93,ตรงกับยอดในรายงาน,1662,2567-09-30,DOC-AST-2567,2. สินทรัพย์คงเหลือ2567_1.pdf
2100,ระยอง,1700600044,สำนักงานประกันสังคมจังหวัด ระยอง,12061200,ครุภัณฑ์งานบ้าน,26,17,554919.05,-440579.21,114339.84,ตรงกับยอดในรายงาน,1858,2567-09-30,DOC-AST-2567,2. สินทรัพย์คงเหลือ2567_1.pdf
2200,จันทบุรี,1700600045,สำนักงานประกันสังคมจังหวัด จันทบุรี,12060100,ครุภัณฑ์สนง.,72,44,1877794.43,-1361463.62,516330.81,ตรงกับยอดในรายงาน,480,2567-09-30,DOC-AST-2567,2. สินทรัพย์คงเหลือ2567_1.pdf
2200,จันทบุรี,1700600045,สำนักงานประกันสังคมจังหวัด จันทบุรี,12060200,ครุภัณฑ์ยานพาหนะ,10,5,5399700.0,-5113514.46,286185.54,ตรงกับยอดในรายงาน,892,2567-09-30,DOC-AST-2567,2. สินทรัพย์คงเหลือ2567_1.pdf
2200,จันทบุรี,1700600045,สำนักงานประกันสังคมจังหวัด จันทบุรี,12060300,ครุภัณฑ์ไฟฟ้า,6,4,258640.0,-186493.18,72146.82,ตรงกับยอดในรายงาน,999,2567-09-30,DOC-AST-2567,2. สินทรัพย์คงเหลือ2567_1.pdf
2200,จันทบุรี,1700600045,สำนักงานประกันสังคมจังหวัด จันทบุรี,12060400,ครุภัณฑ์โฆษณา,12,9,154290.0,-154278.0,12.0,ตรงกับยอดในรายงาน,1073,2567-09-30,DOC-AST-2567,2. สินทรัพย์คงเหลือ2567_1.pdf
2200,จันทบุรี,1700600045,สำนักงานประกันสังคมจังหวัด จันทบุรี,12061000,ครุภัณฑ์คอมพิวเตอร์,65,61,2213854.9,-1343856.83,869998.07,ตรงกับยอดในรายงาน,1664,2567-09-30,DOC-AST-2567,2. สินทรัพย์คงเหลือ2567_1.pdf
2200,จันทบุรี,1700600045,สำนักงานประกันสังคมจังหวัด จันทบุรี,12061200,ครุภัณฑ์งานบ้าน,7,5,62680.0,-40259.79,22420.21,ตรงกับยอดในรายงาน,1858,2567-09-30,DOC-AST-2567,2. สินทรัพย์คงเหลือ2567_1.pdf
2300,ตราด,1700600046,สำนักงานประกันสังคมจังหวัด ตราด,12060100,ครุภัณฑ์สนง.,68,53,2116824.35,-1778481.95,338342.4,ตรงกับยอดในรายงาน,481,2567-09-30,DOC-AST-2567,2. สินทรัพย์คงเหลือ2567_1.pdf
2300,ตราด,1700600046,สำนักงานประกันสังคมจังหวัด ตราด,12060200,ครุภัณฑ์ยานพาหนะ,6,4,4453000.0,-3094595.81,1358404.19,ตรงกับยอดในรายงาน,893,2567-09-30,DOC-AST-2567,2. สินทรัพย์คงเหลือ2567_1.pdf
2300,ตราด,1700600046,สำนักงานประกันสังคมจังหวัด ตราด,12060300,ครุภัณฑ์ไฟฟ้า,11,6,166800.0,-166789.0,11.0,ตรงกับยอดในรายงาน,999,2567-09-30,DOC-AST-2567,2. สินทรัพย์คงเหลือ2567_1.pdf
2300,ตราด,1700600046,สำนักงานประกันสังคมจังหวัด ตราด,12060400,ครุภัณฑ์โฆษณา,4,3,59260.0,-27994.58,31265.42,ตรงกับยอดในรายงาน,1074,2567-09-30,DOC-AST-2567,2. สินทรัพย์คงเหลือ2567_1.pdf
2300,ตราด,1700600046,สำนักงานประกันสังคมจังหวัด ตราด,12061000,ครุภัณฑ์คอมพิวเตอร์,49,44,1869518.65,-1070868.34,798650.31,ตรงกับยอดในรายงาน,1665,2567-09-30,DOC-AST-2567,2. สินทรัพย์คงเหลือ2567_1.pdf
2300,ตราด,1700600046,สำนักงานประกันสังคมจังหวัด ตราด,12061200,ครุภัณฑ์งานบ้าน,4,3,34378.0,-24278.87,10099.13,ตรงกับยอดในรายงาน,1858,2567-09-30,DOC-AST-2567,2. สินทรัพย์คงเหลือ2567_1.pdf
2400,ฉะเชิงเทรา,1700600047,สำนักงานประกันสังคมจังหวัด ฉะเชิงเทรา,12060100,ครุภัณฑ์สนง.,678,376,8438453.95,-6655368.87,1783085.08,ตรงกับยอดในรายงาน,497,2567-09-30,DOC-AST-2567,2. สินทรัพย์คงเหลือ2567_1.pdf
2400,ฉะเชิงเทรา,1700600047,สำนักงานประกันสังคมจังหวัด ฉะเชิงเทรา,12060200,ครุภัณฑ์ยานพาหนะ,21,11,12811500.0,-11471525.03,1339974.97,ตรงกับยอดในรายงาน,893,2567-09-30,DOC-AST-2567,2. สินทรัพย์คงเหลือ2567_1.pdf
2400,ฉะเชิงเทรา,1700600047,สำนักงานประกันสังคมจังหวัด ฉะเชิงเทรา,12060300,ครุภัณฑ์ไฟฟ้า,20,12,849981.0,-833528.59,16452.41,ตรงกับยอดในรายงาน,999,2567-09-30,DOC-AST-2567,2. สินทรัพย์คงเหลือ2567_1.pdf
2400,ฉะเชิงเทรา,1700600047,สำนักงานประกันสังคมจังหวัด ฉะเชิงเทรา,12060400,ครุภัณฑ์โฆษณา,30,16,425180.0,-305246.69,119933.31,ตรงกับยอดในรายงาน,1074,2567-09-30,DOC-AST-2567,2. สินทรัพย์คงเหลือ2567_1.pdf
2400,ฉะเชิงเทรา,1700600047,สำนักงานประกันสังคมจังหวัด ฉะเชิงเทรา,12061000,ครุภัณฑ์คอมพิวเตอร์,161,142,5479336.0,-3626457.42,1852878.58,ตรงกับยอดในรายงาน,1669,2567-09-30,DOC-AST-2567,2. สินทรัพย์คงเหลือ2567_1.pdf
2400,ฉะเชิงเทรา,1700600047,สำนักงานประกันสังคมจังหวัด ฉะเชิงเทรา,12061200,ครุภัณฑ์งานบ้าน,29,18,243445.0,-236960.41,6484.59,ตรงกับยอดในรายงาน,1859,2567-09-30,DOC-AST-2567,2. สินทรัพย์คงเหลือ2567_1.pdf
2400,ฉะเชิงเทรา,1700600047,สำนักงานประกันสังคมจังหวัด ฉะเชิงเทรา,12061300,ครุภัณฑ์กีฬา,6,3,148516.0,-143591.33,4924.67,ตรงกับยอดในรายงาน,1901,2567-09-30,DOC-AST-2567,2. สินทรัพย์คงเหลือ2567_1.pdf
2500,ปราจีนบุรี,1700600048,สำนักงานประกันสังคมจังหวัด ปราจีนบุรี,12060100,ครุภัณฑ์สนง.,445,253,6257853.44,-5084110.93,1173742.51,ตรงกับยอดในรายงาน,507,2567-09-30,DOC-AST-2567,2. สินทรัพย์คงเหลือ2567_1.pdf
2500,ปราจีนบุรี,1700600048,สำนักงานประกันสังคมจังหวัด ปราจีนบุรี,12060200,ครุภัณฑ์ยานพาหนะ,12,7,8189000.0,-7713872.62,475127.38,ตรงกับยอดในรายงาน,894,2567-09-30,DOC-AST-2567,2. สินทรัพย์คงเหลือ2567_1.pdf
2500,ปราจีนบุรี,1700600048,สำนักงานประกันสังคมจังหวัด ปราจีนบุรี,12060300,ครุภัณฑ์ไฟฟ้า,9,5,127754.0,-127745.0,9.0,ตรงกับยอดในรายงาน,1000,2567-09-30,DOC-AST-2567,2. สินทรัพย์คงเหลือ2567_1.pdf
2500,ปราจีนบุรี,1700600048,สำนักงานประกันสังคมจังหวัด ปราจีนบุรี,12060400,ครุภัณฑ์โฆษณา,19,15,570310.0,-570291.0,19.0,ตรงกับยอดในรายงาน,1075,2567-09-30,DOC-AST-2567,2. สินทรัพย์คงเหลือ2567_1.pdf
2500,ปราจีนบุรี,1700600048,สำนักงานประกันสังคมจังหวัด ปราจีนบุรี,12061000,ครุภัณฑ์คอมพิวเตอร์,93,87,3575373.0,-2138427.19,1436945.81,ตรงกับยอดในรายงาน,1671,2567-09-30,DOC-AST-2567,2. สินทรัพย์คงเหลือ2567_1.pdf
2500,ปราจีนบุรี,1700600048,สำนักงานประกันสังคมจังหวัด ปราจีนบุรี,12061200,ครุภัณฑ์งานบ้าน,5,5,99400.0,-82510.2,16889.8,ตรงกับยอดในรายงาน,1859,2567-09-30,DOC-AST-2567,2. สินทรัพย์คงเหลือ2567_1.pdf
2600,นครนายก,1700600049,สำนักงานประกันสังคมจังหวัด นครนายก,12060100,ครุภัณฑ์สนง.,135,82,2064475.0,-1772665.55,291809.45,ตรงกับยอดในรายงาน,510,2567-09-30,DOC-AST-2567,2. สินทรัพย์คงเหลือ2567_1.pdf
2600,นครนายก,1700600049,สำนักงานประกันสังคมจังหวัด นครนายก,12060200,ครุภัณฑ์ยานพาหนะ,6,3,3410500.0,-2505762.75,904737.25,ตรงกับยอดในรายงาน,894,2567-09-30,DOC-AST-2567,2. สินทรัพย์คงเหลือ2567_1.pdf
2600,นครนายก,1700600049,สำนักงานประกันสังคมจังหวัด นครนายก,12060300,ครุภัณฑ์ไฟฟ้า,12,8,747949.59,-452136.04,295813.55,ตรงกับยอดในรายงาน,1000,2567-09-30,DOC-AST-2567,2. สินทรัพย์คงเหลือ2567_1.pdf
2600,นครนายก,1700600049,สำนักงานประกันสังคมจังหวัด นครนายก,12060400,ครุภัณฑ์โฆษณา,4,3,33280.0,-33276.0,4.0,ตรงกับยอดในรายงาน,1075,2567-09-30,DOC-AST-2567,2. สินทรัพย์คงเหลือ2567_1.pdf
2600,นครนายก,1700600049,สำนักงานประกันสังคมจังหวัด นครนายก,12060900,ครุภัณฑ์วิทยาศาสตร์,2,1,6500.0,-4425.27,2074.73,ตรงกับยอดในรายงาน,1132,2567-09-30,DOC-AST-2567,2. สินทรัพย์คงเหลือ2567_1.pdf
2600,นครนายก,1700600049,สำนักงานประกันสังคมจังหวัด นครนายก,12061000,ครุภัณฑ์คอมพิวเตอร์,51,47,1960214.9,-1279957.67,680257.23,ตรงกับยอดในรายงาน,1672,2567-09-30,DOC-AST-2567,2. สินทรัพย์คงเหลือ2567_1.pdf
2600,นครนายก,1700600049,สำนักงานประกันสังคมจังหวัด นครนายก,12061200,ครุภัณฑ์งานบ้าน,1,1,13590.0,-13589.0,1.0,ตรงกับยอดในรายงาน,1859,2567-09-30,DOC-AST-2567,2. สินทรัพย์คงเหลือ2567_1.pdf
2600,นครนายก,1700600049,สำนักงานประกันสังคมจังหวัด นครนายก,12061300,ครุภัณฑ์กีฬา,3,3,76200.0,-76197.0,3.0,ตรงกับยอดในรายงาน,1901,2567-09-30,DOC-AST-2567,2. สินทรัพย์คงเหลือ2567_1.pdf
2700,สระแก้ว,1700600050,สำนักงานประกันสังคมจังหวัด สระแก้ว,12060100,ครุภัณฑ์สนง.,95,69,2743523.7,-2132897.86,610625.84,ตรงกับยอดในรายงาน,512,2567-09-30,DOC-AST-2567,2. สินทรัพย์คงเหลือ2567_1.pdf
2700,สระแก้ว,1700600050,สำนักงานประกันสังคมจังหวัด สระแก้ว,12060200,ครุภัณฑ์ยานพาหนะ,8,4,4417000.0,-3450422.29,966577.71,ตรงกับยอดในรายงาน,894,2567-09-30,DOC-AST-2567,2. สินทรัพย์คงเหลือ2567_1.pdf
2700,สระแก้ว,1700600050,สำนักงานประกันสังคมจังหวัด สระแก้ว,12060300,ครุภัณฑ์ไฟฟ้า,14,9,478288.51,-263581.55,214706.96,ตรงกับยอดในรายงาน,1000,2567-09-30,DOC-AST-2567,2. สินทรัพย์คงเหลือ2567_1.pdf
2700,สระแก้ว,1700600050,สำนักงานประกันสังคมจังหวัด สระแก้ว,12060400,ครุภัณฑ์โฆษณา,13,10,371909.49,-307711.1,64198.39,ตรงกับยอดในรายงาน,1075,2567-09-30,DOC-AST-2567,2. สินทรัพย์คงเหลือ2567_1.pdf
2700,สระแก้ว,1700600050,สำนักงานประกันสังคมจังหวัด สระแก้ว,12061000,ครุภัณฑ์คอมพิวเตอร์,55,50,2103472.2,-1215553.81,887918.39,ตรงกับยอดในรายงาน,1673,2567-09-30,DOC-AST-2567,2. สินทรัพย์คงเหลือ2567_1.pdf
2700,สระแก้ว,1700600050,สำนักงานประกันสังคมจังหวัด สระแก้ว,12061200,ครุภัณฑ์งานบ้าน,12,10,97990.0,-97978.0,12.0,ตรงกับยอดในรายงาน,1859,2567-09-30,DOC-AST-2567,2. สินทรัพย์คงเหลือ2567_1.pdf
2700,สระแก้ว,1700600050,สำนักงานประกันสังคมจังหวัด สระแก้ว,12061300,ครุภัณฑ์กีฬา,1,1,23900.0,-23899.0,1.0,ตรงกับยอดในรายงาน,1901,2567-09-30,DOC-AST-2567,2. สินทรัพย์คงเหลือ2567_1.pdf
3000,นครราชสีมา,1700600051,สำนักงานประกันสังคมจังหวัด นครราชสีมา,12060100,ครุภัณฑ์สนง.,599,334,5605830.97,-5108113.22,497717.75,ตรงกับยอดในรายงาน,526,2567-09-30,DOC-AST-2567,2. สินทรัพย์คงเหลือ2567_1.pdf
3000,นครราชสีมา,1700600051,สำนักงานประกันสังคมจังหวัด นครราชสีมา,12060200,ครุภัณฑ์ยานพาหนะ,18,11,12174429.0,-8217878.18,3956550.82,ตรงกับยอดในรายงาน,895,2567-09-30,DOC-AST-2567,2. สินทรัพย์คงเหลือ2567_1.pdf
3000,นครราชสีมา,1700600051,สำนักงานประกันสังคมจังหวัด นครราชสีมา,12060300,ครุภัณฑ์ไฟฟ้า,12,7,302100.0,-244483.53,57616.47,ตรงกับยอดในรายงาน,1001,2567-09-30,DOC-AST-2567,2. สินทรัพย์คงเหลือ2567_1.pdf
3000,นครราชสีมา,1700600051,สำนักงานประกันสังคมจังหวัด นครราชสีมา,12060400,ครุภัณฑ์โฆษณา,42,31,942168.0,-852472.42,89695.58,ตรงกับยอดในรายงาน,1076,2567-09-30,DOC-AST-2567,2. สินทรัพย์คงเหลือ2567_1.pdf
3000,นครราชสีมา,1700600051,สำนักงานประกันสังคมจังหวัด นครราชสีมา,12060500,ครุภัณฑ์การเกษตร,2,2,13000.0,-12998.0,2.0,ตรงกับยอดในรายงาน,1099,2567-09-30,DOC-AST-2567,2. สินทรัพย์คงเหลือ2567_1.pdf
3000,นครราชสีมา,1700600051,สำนักงานประกันสังคมจังหวัด นครราชสีมา,12061000,ครุภัณฑ์คอมพิวเตอร์,180,171,6158730.16,-3938554.08,2220176.08,ตรงกับยอดในรายงาน,1678,2567-09-30,DOC-AST-2567,2. สินทรัพย์คงเหลือ2567_1.pdf
3000,นครราชสีมา,1700600051,สำนักงานประกันสังคมจังหวัด นครราชสีมา,12061200,ครุภัณฑ์งานบ้าน,18,13,356297.5,-345420.14,10877.36,ตรงกับยอดในรายงาน,1860,2567-09-30,DOC-AST-2567,2. สินทรัพย์คงเหลือ2567_1.pdf
3000,นครราชสีมา,1700600051,สำนักงานประกันสังคมจังหวัด นครราชสีมา,12061500,ครุภัณฑ์สนาม,2,2,71000.0,-40693.7,30306.3,ตรงกับยอดในรายงาน,1908,2567-09-30,DOC-AST-2567,2. สินทรัพย์คงเหลือ2567_1.pdf
3100,บุรีรัมย์,1700600052,สำนักงานประกันสังคมจังหวัด บุรีรัมย์,12060100,ครุภัณฑ์สนง.,276,153,4390211.0,-3219334.36,1170876.64,ตรงกับยอดในรายงาน,532,2567-09-30,DOC-AST-2567,2. สินทรัพย์คงเหลือ2567_1.pdf
3100,บุรีรัมย์,1700600052,สำนักงานประกันสังคมจังหวัด บุรีรัมย์,12060200,ครุภัณฑ์ยานพาหนะ,16,10,6021105.0,-4549054.1,1472050.9,ตรงกับยอดในรายงาน,895,2567-09-30,DOC-AST-2567,2. สินทรัพย์คงเหลือ2567_1.pdf
3100,บุรีรัมย์,1700600052,สำนักงานประกันสังคมจังหวัด บุรีรัมย์,12060400,ครุภัณฑ์โฆษณา,10,7,181700.0,-156041.59,25658.41,ตรงกับยอดในรายงาน,1077,2567-09-30,DOC-AST-2567,2. สินทรัพย์คงเหลือ2567_1.pdf
3100,บุรีรัมย์,1700600052,สำนักงานประกันสังคมจังหวัด บุรีรัมย์,12060900,ครุภัณฑ์วิทยาศาสตร์,1,1,13200.0,-5840.55,7359.45,ตรงกับยอดในรายงาน,1132,2567-09-30,DOC-AST-2567,2. สินทรัพย์คงเหลือ2567_1.pdf
3100,บุรีรัมย์,1700600052,สำนักงานประกันสังคมจังหวัด บุรีรัมย์,12061000,ครุภัณฑ์คอมพิวเตอร์,73,68,2731155.0,-1669761.05,1061393.95,ตรงกับยอดในรายงาน,1679,2567-09-30,DOC-AST-2567,2. สินทรัพย์คงเหลือ2567_1.pdf
3100,บุรีรัมย์,1700600052,สำนักงานประกันสังคมจังหวัด บุรีรัมย์,12061200,ครุภัณฑ์งานบ้าน,15,10,140862.0,-120432.56,20429.44,ตรงกับยอดในรายงาน,1860,2567-09-30,DOC-AST-2567,2. สินทรัพย์คงเหลือ2567_1.pdf
3200,สุรินทร์,1700600053,สำนักงานประกันสังคมจังหวัด สุรินทร์,12060100,ครุภัณฑ์สนง.,206,123,4516213.35,-3893534.91,622678.44,ตรงกับยอดในรายงาน,537,2567-09-30,DOC-AST-2567,2. สินทรัพย์คงเหลือ2567_1.pdf
3200,สุรินทร์,1700600053,สำนักงานประกันสังคมจังหวัด สุรินทร์,12060200,ครุภัณฑ์ยานพาหนะ,8,4,3101000.0,-3100992.0,8.0,ตรงกับยอดในรายงาน,895,2567-09-30,DOC-AST-2567,2. สินทรัพย์คงเหลือ2567_1.pdf
3200,สุรินทร์,1700600053,สำนักงานประกันสังคมจังหวัด สุรินทร์,12060300,ครุภัณฑ์ไฟฟ้า,16,10,464490.0,-427742.57,36747.43,ตรงกับยอดในรายงาน,1001,2567-09-30,DOC-AST-2567,2. สินทรัพย์คงเหลือ2567_1.pdf
3200,สุรินทร์,1700600053,สำนักงานประกันสังคมจังหวัด สุรินทร์,12060400,ครุภัณฑ์โฆษณา,8,6,281700.0,-263674.15,18025.85,ตรงกับยอดในรายงาน,1077,2567-09-30,DOC-AST-2567,2. สินทรัพย์คงเหลือ2567_1.pdf
3200,สุรินทร์,1700600053,สำนักงานประกันสังคมจังหวัด สุรินทร์,12060500,ครุภัณฑ์การเกษตร,2,2,24000.0,-23998.0,2.0,ตรงกับยอดในรายงาน,1099,2567-09-30,DOC-AST-2567,2. สินทรัพย์คงเหลือ2567_1.pdf
3200,สุรินทร์,1700600053,สำนักงานประกันสังคมจังหวัด สุรินทร์,12061000,ครุภัณฑ์คอมพิวเตอร์,68,64,2476304.94,-1563875.23,912429.71,ตรงกับยอดในรายงาน,1681,2567-09-30,DOC-AST-2567,2. สินทรัพย์คงเหลือ2567_1.pdf
3200,สุรินทร์,1700600053,สำนักงานประกันสังคมจังหวัด สุรินทร์,12061200,ครุภัณฑ์งานบ้าน,39,38,375630.0,-354923.13,20706.87,ตรงกับยอดในรายงาน,1861,2567-09-30,DOC-AST-2567,2. สินทรัพย์คงเหลือ2567_1.pdf
3300,ศรีสะเกษ,1700600054,สำนักงานประกันสังคมจังหวัด ศรีษะเกษ,12060100,ครุภัณฑ์สนง.,95,74,1514343.6,-1160447.52,353896.08,ตรงกับยอดในรายงาน,539,2567-09-30,DOC-AST-2567,2. สินทรัพย์คงเหลือ2567_1.pdf
3300,ศรีสะเกษ,1700600054,สำนักงานประกันสังคมจังหวัด ศรีษะเกษ,12060200,ครุภัณฑ์ยานพาหนะ,7,4,3395700.0,-2593809.57,801890.43,ตรงกับยอดในรายงาน,895,2567-09-30,DOC-AST-2567,2. สินทรัพย์คงเหลือ2567_1.pdf
3300,ศรีสะเกษ,1700600054,สำนักงานประกันสังคมจังหวัด ศรีษะเกษ,12060300,ครุภัณฑ์ไฟฟ้า,9,5,340980.0,-305670.43,35309.57,ตรงกับยอดในรายงาน,1001,2567-09-30,DOC-AST-2567,2. สินทรัพย์คงเหลือ2567_1.pdf
3300,ศรีสะเกษ,1700600054,สำนักงานประกันสังคมจังหวัด ศรีษะเกษ,12060400,ครุภัณฑ์โฆษณา,3,2,44740.5,-22115.54,22624.96,ตรงกับยอดในรายงาน,1077,2567-09-30,DOC-AST-2567,2. สินทรัพย์คงเหลือ2567_1.pdf
3300,ศรีสะเกษ,1700600054,สำนักงานประกันสังคมจังหวัด ศรีษะเกษ,12061000,ครุภัณฑ์คอมพิวเตอร์,56,53,2083813.0,-1289069.41,794743.59,ตรงกับยอดในรายงาน,1682,2567-09-30,DOC-AST-2567,2. สินทรัพย์คงเหลือ2567_1.pdf
3300,ศรีสะเกษ,1700600054,สำนักงานประกันสังคมจังหวัด ศรีษะเกษ,12061200,ครุภัณฑ์งานบ้าน,10,7,68014.28,-56729.29,11284.99,ตรงกับยอดในรายงาน,1862,2567-09-30,DOC-AST-2567,2. สินทรัพย์คงเหลือ2567_1.pdf
3400,อุบลราชธานี,1700600055,สำนักงานประกันสังคมจังหวัด อุบลราชธานี,12060100,ครุภัณฑ์สนง.,209,164,4535249.0,-3945838.28,589410.72,ตรงกับยอดในรายงาน,544,2567-09-30,DOC-AST-2567,2. สินทรัพย์คงเหลือ2567_1.pdf
3400,อุบลราชธานี,1700600055,สำนักงานประกันสังคมจังหวัด อุบลราชธานี,12060200,ครุภัณฑ์ยานพาหนะ,15,9,8048000.0,-7602504.9,445495.1,ตรงกับยอดในรายงาน,896,2567-09-30,DOC-AST-2567,2. สินทรัพย์คงเหลือ2567_1.pdf
3400,อุบลราชธานี,1700600055,สำนักงานประกันสังคมจังหวัด อุบลราชธานี,12060300,ครุภัณฑ์ไฟฟ้า,18,13,548676.0,-489938.12,58737.88,ตรงกับยอดในรายงาน,1002,2567-09-30,DOC-AST-2567,2. สินทรัพย์คงเหลือ2567_1.pdf
3400,อุบลราชธานี,1700600055,สำนักงานประกันสังคมจังหวัด อุบลราชธานี,12060400,ครุภัณฑ์โฆษณา,18,15,314150.0,-279050.23,35099.77,ตรงกับยอดในรายงาน,1078,2567-09-30,DOC-AST-2567,2. สินทรัพย์คงเหลือ2567_1.pdf
3400,อุบลราชธานี,1700600055,สำนักงานประกันสังคมจังหวัด อุบลราชธานี,12060500,ครุภัณฑ์การเกษตร,2,1,10965.0,-9687.63,1277.37,ตรงกับยอดในรายงาน,1099,2567-09-30,DOC-AST-2567,2. สินทรัพย์คงเหลือ2567_1.pdf
3400,อุบลราชธานี,1700600055,สำนักงานประกันสังคมจังหวัด อุบลราชธานี,12061000,ครุภัณฑ์คอมพิวเตอร์,159,154,5529658.14,-4202812.35,1326845.79,ตรงกับยอดในรายงาน,1686,2567-09-30,DOC-AST-2567,2. สินทรัพย์คงเหลือ2567_1.pdf
3400,อุบลราชธานี,1700600055,สำนักงานประกันสังคมจังหวัด อุบลราชธานี,12061200,ครุภัณฑ์งานบ้าน,28,25,351770.0,-184086.34,167683.66,ตรงกับยอดในรายงาน,1862,2567-09-30,DOC-AST-2567,2. สินทรัพย์คงเหลือ2567_1.pdf
3500,ยโสธร,1700600056,สำนักงานประกันสังคมจังหวัด ยโสธร,12060100,ครุภัณฑ์สนง.,94,65,2141948.0,-1859350.58,282597.42,ตรงกับยอดในรายงาน,546,2567-09-30,DOC-AST-2567,2. สินทรัพย์คงเหลือ2567_1.pdf
3500,ยโสธร,1700600056,สำนักงานประกันสังคมจังหวัด ยโสธร,12060200,ครุภัณฑ์ยานพาหนะ,5,3,3256800.0,-2631941.38,624858.62,ตรงกับยอดในรายงาน,896,2567-09-30,DOC-AST-2567,2. สินทรัพย์คงเหลือ2567_1.pdf
3500,ยโสธร,1700600056,สำนักงานประกันสังคมจังหวัด ยโสธร,12060300,ครุภัณฑ์ไฟฟ้า,11,7,588740.0,-461154.03,127585.97,ตรงกับยอดในรายงาน,1002,2567-09-30,DOC-AST-2567,2. สินทรัพย์คงเหลือ2567_1.pdf
3500,ยโสธร,1700600056,สำนักงานประกันสังคมจังหวัด ยโสธร,12060400,ครุภัณฑ์โฆษณา,6,6,228723.0,-215637.62,13085.38,ตรงกับยอดในรายงาน,1078,2567-09-30,DOC-AST-2567,2. สินทรัพย์คงเหลือ2567_1.pdf
3500,ยโสธร,1700600056,สำนักงานประกันสังคมจังหวัด ยโสธร,12061000,ครุภัณฑ์คอมพิวเตอร์,53,49,2203954.8,-1456908.82,747045.98,ตรงกับยอดในรายงาน,1687,2567-09-30,DOC-AST-2567,2. สินทรัพย์คงเหลือ2567_1.pdf
3500,ยโสธร,1700600056,สำนักงานประกันสังคมจังหวัด ยโสธร,12061200,ครุภัณฑ์งานบ้าน,14,10,129850.0,-109031.15,20818.85,ตรงกับยอดในรายงาน,1863,2567-09-30,DOC-AST-2567,2. สินทรัพย์คงเหลือ2567_1.pdf
3500,ยโสธร,1700600056,สำนักงานประกันสังคมจังหวัด ยโสธร,12061300,ครุภัณฑ์กีฬา,5,5,75980.0,-75975.0,5.0,ตรงกับยอดในรายงาน,1901,2567-09-30,DOC-AST-2567,2. สินทรัพย์คงเหลือ2567_1.pdf
3600,ชัยภูมิ,1700600057,สำนักงานประกันสังคมจังหวัด ชัยภูมิ,12060100,ครุภัณฑ์สนง.,114,74,2869734.5,-2270137.95,599596.55,ตรงกับยอดในรายงาน,549,2567-09-30,DOC-AST-2567,2. สินทรัพย์คงเหลือ2567_1.pdf
3600,ชัยภูมิ,1700600057,สำนักงานประกันสังคมจังหวัด ชัยภูมิ,12060200,ครุภัณฑ์ยานพาหนะ,6,3,3273000.0,-2911651.49,361348.51,ตรงกับยอดในรายงาน,896,2567-09-30,DOC-AST-2567,2. สินทรัพย์คงเหลือ2567_1.pdf
3600,ชัยภูมิ,1700600057,สำนักงานประกันสังคมจังหวัด ชัยภูมิ,12060300,ครุภัณฑ์ไฟฟ้า,10,8,692355.0,-498934.73,193420.27,ตรงกับยอดในรายงาน,1003,2567-09-30,DOC-AST-2567,2. สินทรัพย์คงเหลือ2567_1.pdf
3600,ชัยภูมิ,1700600057,สำนักงานประกันสังคมจังหวัด ชัยภูมิ,12060400,ครุภัณฑ์โฆษณา,11,9,356734.8,-326096.77,30638.03,ตรงกับยอดในรายงาน,1078,2567-09-30,DOC-AST-2567,2. สินทรัพย์คงเหลือ2567_1.pdf
3600,ชัยภูมิ,1700600057,สำนักงานประกันสังคมจังหวัด ชัยภูมิ,12061000,ครุภัณฑ์คอมพิวเตอร์,105,102,3863038.75,-2868198.15,994840.6,ตรงกับยอดในรายงาน,1690,2567-09-30,DOC-AST-2567,2. สินทรัพย์คงเหลือ2567_1.pdf
3600,ชัยภูมิ,1700600057,สำนักงานประกันสังคมจังหวัด ชัยภูมิ,12061200,ครุภัณฑ์งานบ้าน,8,7,64880.0,-64872.0,8.0,ตรงกับยอดในรายงาน,1863,2567-09-30,DOC-AST-2567,2. สินทรัพย์คงเหลือ2567_1.pdf
3600,ชัยภูมิ,1700600057,สำนักงานประกันสังคมจังหวัด ชัยภูมิ,12061300,ครุภัณฑ์กีฬา,6,6,112800.0,-112794.0,6.0,ตรงกับยอดในรายงาน,1901,2567-09-30,DOC-AST-2567,2. สินทรัพย์คงเหลือ2567_1.pdf
3700,อำนาจเจริญ,1700600058,สำนักงานประกันสังคมจังหวัด อำนาจเจริญ,12060100,ครุภัณฑ์สนง.,150,82,1710527.5,-1161203.18,549324.32,ตรงกับยอดในรายงาน,552,2567-09-30,DOC-AST-2567,2. สินทรัพย์คงเหลือ2567_1.pdf
3700,อำนาจเจริญ,1700600058,สำนักงานประกันสังคมจังหวัด อำนาจเจริญ,12060200,ครุภัณฑ์ยานพาหนะ,4,3,3841000.0,-2360775.4,1480224.6,ตรงกับยอดในรายงาน,896,2567-09-30,DOC-AST-2567,2. สินทรัพย์คงเหลือ2567_1.pdf
3700,อำนาจเจริญ,1700600058,สำนักงานประกันสังคมจังหวัด อำนาจเจริญ,12060300,ครุภัณฑ์ไฟฟ้า,11,6,566635.0,-406646.79,159988.21,ตรงกับยอดในรายงาน,1003,2567-09-30,DOC-AST-2567,2. สินทรัพย์คงเหลือ2567_1.pdf
3700,อำนาจเจริญ,1700600058,สำนักงานประกันสังคมจังหวัด อำนาจเจริญ,12060400,ครุภัณฑ์โฆษณา,4,4,52880.0,-31743.69,21136.31,ตรงกับยอดในรายงาน,1078,2567-09-30,DOC-AST-2567,2. สินทรัพย์คงเหลือ2567_1.pdf
3700,อำนาจเจริญ,1700600058,สำนักงานประกันสังคมจังหวัด อำนาจเจริญ,12061000,ครุภัณฑ์คอมพิวเตอร์,48,42,1864706.0,-1128804.66,735901.34,ตรงกับยอดในรายงาน,1691,2567-09-30,DOC-AST-2567,2. สินทรัพย์คงเหลือ2567_1.pdf
3700,อำนาจเจริญ,1700600058,สำนักงานประกันสังคมจังหวัด อำนาจเจริญ,12061200,ครุภัณฑ์งานบ้าน,28,17,162598.72,-162570.72,28.0,ตรงกับยอดในรายงาน,1864,2567-09-30,DOC-AST-2567,2. สินทรัพย์คงเหลือ2567_1.pdf
3700,อำนาจเจริญ,1700600058,สำนักงานประกันสังคมจังหวัด อำนาจเจริญ,12061300,ครุภัณฑ์กีฬา,3,3,63000.0,-62997.0,3.0,ตรงกับยอดในรายงาน,1901,2567-09-30,DOC-AST-2567,2. สินทรัพย์คงเหลือ2567_1.pdf
3800,บึงกาฬ,1700600113,สำนักงานประกันสังคมจังหวัดบึงกาฬ,12060100,ครุภัณฑ์สนง.,264,212,4108203.09,-1555142.95,2553060.14,ตรงกับยอดในรายงาน,559,2567-09-30,DOC-AST-2567,2. สินทรัพย์คงเหลือ2567_1.pdf
3800,บึงกาฬ,1700600113,สำนักงานประกันสังคมจังหวัดบึงกาฬ,12060200,ครุภัณฑ์ยานพาหนะ,8,4,3478000.0,-3477992.0,8.0,ตรงกับยอดในรายงาน,897,2567-09-30,DOC-AST-2567,2. สินทรัพย์คงเหลือ2567_1.pdf
3800,บึงกาฬ,1700600113,สำนักงานประกันสังคมจังหวัดบึงกาฬ,12060300,ครุภัณฑ์ไฟฟ้า,56,54,1018600.0,-197969.28,820630.72,ตรงกับยอดในรายงาน,1004,2567-09-30,DOC-AST-2567,2. สินทรัพย์คงเหลือ2567_1.pdf
3800,บึงกาฬ,1700600113,สำนักงานประกันสังคมจังหวัดบึงกาฬ,12060400,ครุภัณฑ์โฆษณา,8,6,248190.0,-119346.54,128843.46,ตรงกับยอดในรายงาน,1078,2567-09-30,DOC-AST-2567,2. สินทรัพย์คงเหลือ2567_1.pdf
3800,บึงกาฬ,1700600113,สำนักงานประกันสังคมจังหวัดบึงกาฬ,12061000,ครุภัณฑ์คอมพิวเตอร์,46,43,1928879.25,-1318691.38,610187.87,ตรงกับยอดในรายงาน,1692,2567-09-30,DOC-AST-2567,2. สินทรัพย์คงเหลือ2567_1.pdf
3800,บึงกาฬ,1700600113,สำนักงานประกันสังคมจังหวัดบึงกาฬ,12061200,ครุภัณฑ์งานบ้าน,2,2,29000.0,-28998.0,2.0,ตรงกับยอดในรายงาน,1864,2567-09-30,DOC-AST-2567,2. สินทรัพย์คงเหลือ2567_1.pdf
3900,หนองบัวลำภู,1700600059,สำนักงานประกันสังคมจังหวัด หนองบัวลำภู,12060100,ครุภัณฑ์สนง.,22,14,1351903.0,-1142193.53,209709.47,ตรงกับยอดในรายงาน,559,2567-09-30,DOC-AST-2567,2. สินทรัพย์คงเหลือ2567_1.pdf
3900,หนองบัวลำภู,1700600059,สำนักงานประกันสังคมจังหวัด หนองบัวลำภู,12060200,ครุภัณฑ์ยานพาหนะ,7,4,4494900.0,-2860483.92,1634416.08,ตรงกับยอดในรายงาน,897,2567-09-30,DOC-AST-2567,2. สินทรัพย์คงเหลือ2567_1.pdf
3900,หนองบัวลำภู,1700600059,สำนักงานประกันสังคมจังหวัด หนองบัวลำภู,12060300,ครุภัณฑ์ไฟฟ้า,7,4,168750.0,-148376.89,20373.11,ตรงกับยอดในรายงาน,1004,2567-09-30,DOC-AST-2567,2. สินทรัพย์คงเหลือ2567_1.pdf
3900,หนองบัวลำภู,1700600059,สำนักงานประกันสังคมจังหวัด หนองบัวลำภู,12060400,ครุภัณฑ์โฆษณา,4,3,38990.0,-38986.0,4.0,ตรงกับยอดในรายงาน,1079,2567-09-30,DOC-AST-2567,2. สินทรัพย์คงเหลือ2567_1.pdf
3900,หนองบัวลำภู,1700600059,สำนักงานประกันสังคมจังหวัด หนองบัวลำภู,12060900,ครุภัณฑ์วิทยาศาสตร์,2,1,6900.0,-4332.72,2567.28,ตรงกับยอดในรายงาน,1133,2567-09-30,DOC-AST-2567,2. สินทรัพย์คงเหลือ2567_1.pdf
3900,หนองบัวลำภู,1700600059,สำนักงานประกันสังคมจังหวัด หนองบัวลำภู,12061000,ครุภัณฑ์คอมพิวเตอร์,36,33,1513654.25,-908285.26,605368.99,ตรงกับยอดในรายงาน,1693,2567-09-30,DOC-AST-2567,2. สินทรัพย์คงเหลือ2567_1.pdf
3900,หนองบัวลำภู,1700600059,สำนักงานประกันสังคมจังหวัด หนองบัวลำภู,12061200,ครุภัณฑ์งานบ้าน,9,5,156216.3,-151165.38,5050.92,ตรงกับยอดในรายงาน,1864,2567-09-30,DOC-AST-2567,2. สินทรัพย์คงเหลือ2567_1.pdf
4000,ขอนแก่น,1700600060,สำนักงานประกันสังคมจังหวัด ขอนแก่น,12060100,ครุภัณฑ์สนง.,425,224,4806663.55,-3464401.44,1342262.11,ตรงกับยอดในรายงาน,569,2567-09-30,DOC-AST-2567,2. สินทรัพย์คงเหลือ2567_1.pdf
4000,ขอนแก่น,1700600060,สำนักงานประกันสังคมจังหวัด ขอนแก่น,12060200,ครุภัณฑ์ยานพาหนะ,16,8,9131000.0,-7394005.69,1736994.31,ตรงกับยอดในรายงาน,897,2567-09-30,DOC-AST-2567,2. สินทรัพย์คงเหลือ2567_1.pdf
4000,ขอนแก่น,1700600060,สำนักงานประกันสังคมจังหวัด ขอนแก่น,12060300,ครุภัณฑ์ไฟฟ้า,47,25,834422.25,-711859.95,122562.3,ตรงกับยอดในรายงาน,1006,2567-09-30,DOC-AST-2567,2. สินทรัพย์คงเหลือ2567_1.pdf
4000,ขอนแก่น,1700600060,สำนักงานประกันสังคมจังหวัด ขอนแก่น,12060400,ครุภัณฑ์โฆษณา,6,4,188400.0,-183185.86,5214.14,ตรงกับยอดในรายงาน,1079,2567-09-30,DOC-AST-2567,2. สินทรัพย์คงเหลือ2567_1.pdf
4000,ขอนแก่น,1700600060,สำนักงานประกันสังคมจังหวัด ขอนแก่น,12061000,ครุภัณฑ์คอมพิวเตอร์,129,119,5283527.5,-3790260.44,1493267.06,ตรงกับยอดในรายงาน,1696,2567-09-30,DOC-AST-2567,2. สินทรัพย์คงเหลือ2567_1.pdf
4000,ขอนแก่น,1700600060,สำนักงานประกันสังคมจังหวัด ขอนแก่น,12061200,ครุภัณฑ์งานบ้าน,28,21,320350.0,-251752.12,68597.88,ตรงกับยอดในรายงาน,1865,2567-09-30,DOC-AST-2567,2. สินทรัพย์คงเหลือ2567_1.pdf
4000,ขอนแก่น,1700600060,สำนักงานประกันสังคมจังหวัด ขอนแก่น,12061300,ครุภัณฑ์กีฬา,1,1,50500.0,-50499.0,1.0,ตรงกับยอดในรายงาน,1901,2567-09-30,DOC-AST-2567,2. สินทรัพย์คงเหลือ2567_1.pdf
4000,ขอนแก่น,1700600060,สำนักงานประกันสังคมจังหวัด ขอนแก่น,12061500,ครุภัณฑ์สนาม,3,3,42000.0,-25913.43,16086.57,ตรงกับยอดในรายงาน,1908,2567-09-30,DOC-AST-2567,2. สินทรัพย์คงเหลือ2567_1.pdf
4100,อุดรธานี,1700600061,สำนักงานประกันสังคมจังหวัด อุดรธานี,12060100,ครุภัณฑ์สนง.,234,139,7445786.04,-5795045.93,1650740.11,ตรงกับยอดในรายงาน,574,2567-09-30,DOC-AST-2567,2. สินทรัพย์คงเหลือ2567_1.pdf
4100,อุดรธานี,1700600061,สำนักงานประกันสังคมจังหวัด อุดรธานี,12060200,ครุภัณฑ์ยานพาหนะ,17,9,7484600.0,-5874202.97,1610397.03,ตรงกับยอดในรายงาน,898,2567-09-30,DOC-AST-2567,2. สินทรัพย์คงเหลือ2567_1.pdf
4100,อุดรธานี,1700600061,สำนักงานประกันสังคมจังหวัด อุดรธานี,12060300,ครุภัณฑ์ไฟฟ้า,32,16,1875506.03,-1061184.79,814321.24,ตรงกับยอดในรายงาน,1006,2567-09-30,DOC-AST-2567,2. สินทรัพย์คงเหลือ2567_1.pdf
4100,อุดรธานี,1700600061,สำนักงานประกันสังคมจังหวัด อุดรธานี,12060400,ครุภัณฑ์โฆษณา,34,21,373257.82,-304784.23,68473.59,ตรงกับยอดในรายงาน,1080,2567-09-30,DOC-AST-2567,2. สินทรัพย์คงเหลือ2567_1.pdf
4100,อุดรธานี,1700600061,สำนักงานประกันสังคมจังหวัด อุดรธานี,12061000,ครุภัณฑ์คอมพิวเตอร์,136,111,4819250.84,-3225505.4,1593745.44,ตรงกับยอดในรายงาน,1699,2567-09-30,DOC-AST-2567,2. สินทรัพย์คงเหลือ2567_1.pdf
4100,อุดรธานี,1700600061,สำนักงานประกันสังคมจังหวัด อุดรธานี,12061200,ครุภัณฑ์งานบ้าน,30,18,232463.0,-177819.56,54643.44,ตรงกับยอดในรายงาน,1866,2567-09-30,DOC-AST-2567,2. สินทรัพย์คงเหลือ2567_1.pdf
4200,เลย,1700600062,สำนักงานประกันสังคมจังหวัด เลย,12060100,ครุภัณฑ์สนง.,123,89,4217939.64,-3233949.89,983989.75,ตรงกับยอดในรายงาน,577,2567-09-30,DOC-AST-2567,2. สินทรัพย์คงเหลือ2567_1.pdf
4200,เลย,1700600062,สำนักงานประกันสังคมจังหวัด เลย,12060200,ครุภัณฑ์ยานพาหนะ,6,3,3747000.0,-3554971.33,192028.67,ตรงกับยอดในรายงาน,898,2567-09-30,DOC-AST-2567,2. สินทรัพย์คงเหลือ2567_1.pdf
4200,เลย,1700600062,สำนักงานประกันสังคมจังหวัด เลย,12060300,ครุภัณฑ์ไฟฟ้า,10,6,523170.0,-523160.0,10.0,ตรงกับยอดในรายงาน,1007,2567-09-30,DOC-AST-2567,2. สินทรัพย์คงเหลือ2567_1.pdf
4200,เลย,1700600062,สำนักงานประกันสังคมจังหวัด เลย,12060400,ครุภัณฑ์โฆษณา,4,2,29300.0,-20728.3,8571.7,ตรงกับยอดในรายงาน,1080,2567-09-30,DOC-AST-2567,2. สินทรัพย์คงเหลือ2567_1.pdf
4200,เลย,1700600062,สำนักงานประกันสังคมจังหวัด เลย,12061000,ครุภัณฑ์คอมพิวเตอร์,71,68,2796788.0,-2007706.21,789081.79,ตรงกับยอดในรายงาน,1701,2567-09-30,DOC-AST-2567,2. สินทรัพย์คงเหลือ2567_1.pdf
4200,เลย,1700600062,สำนักงานประกันสังคมจังหวัด เลย,12061200,ครุภัณฑ์งานบ้าน,1,1,12500.0,-4195.06,8304.94,ตรงกับยอดในรายงาน,1866,2567-09-30,DOC-AST-2567,2. สินทรัพย์คงเหลือ2567_1.pdf
4300,หนองคาย,1700600063,สำนักงานประกันสังคมจังหวัด หนองคาย,12060100,ครุภัณฑ์สนง.,316,184,2835571.97,-2231037.01,604534.96,ตรงกับยอดในรายงาน,584,2567-09-30,DOC-AST-2567,2. สินทรัพย์คงเหลือ2567_1.pdf
4300,หนองคาย,1700600063,สำนักงานประกันสังคมจังหวัด หนองคาย,12060200,ครุภัณฑ์ยานพาหนะ,7,5,4409000.0,-4408993.0,7.0,ตรงกับยอดในรายงาน,898,2567-09-30,DOC-AST-2567,2. สินทรัพย์คงเหลือ2567_1.pdf
4300,หนองคาย,1700600063,สำนักงานประกันสังคมจังหวัด หนองคาย,12060300,ครุภัณฑ์ไฟฟ้า,4,2,262399.56,-207528.57,54870.99,ตรงกับยอดในรายงาน,1007,2567-09-30,DOC-AST-2567,2. สินทรัพย์คงเหลือ2567_1.pdf
4300,หนองคาย,1700600063,สำนักงานประกันสังคมจังหวัด หนองคาย,12060400,ครุภัณฑ์โฆษณา,11,10,393362.0,-393351.0,11.0,ตรงกับยอดในรายงาน,1080,2567-09-30,DOC-AST-2567,2. สินทรัพย์คงเหลือ2567_1.pdf
4300,หนองคาย,1700600063,สำนักงานประกันสังคมจังหวัด หนองคาย,12061000,ครุภัณฑ์คอมพิวเตอร์,90,85,3382084.71,-2667159.11,714925.6,ตรงกับยอดในรายงาน,1703,2567-09-30,DOC-AST-2567,2. สินทรัพย์คงเหลือ2567_1.pdf
4300,หนองคาย,1700600063,สำนักงานประกันสังคมจังหวัด หนองคาย,12061200,ครุภัณฑ์งานบ้าน,21,17,367443.0,-366272.0,1171.0,ตรงกับยอดในรายงาน,1866,2567-09-30,DOC-AST-2567,2. สินทรัพย์คงเหลือ2567_1.pdf
4300,หนองคาย,1700600063,สำนักงานประกันสังคมจังหวัด หนองคาย,12061300,ครุภัณฑ์กีฬา,3,3,76200.0,-76197.0,3.0,ตรงกับยอดในรายงาน,1902,2567-09-30,DOC-AST-2567,2. สินทรัพย์คงเหลือ2567_1.pdf
4400,มหาสารคาม,1700600064,สำนักงานประกันสังคมจังหวัด มหาสารคาม,12060100,ครุภัณฑ์สนง.,145,79,1811299.99,-1192635.73,618664.26,ตรงกับยอดในรายงาน,588,2567-09-30,DOC-AST-2567,2. สินทรัพย์คงเหลือ2567_1.pdf
4400,มหาสารคาม,1700600064,สำนักงานประกันสังคมจังหวัด มหาสารคาม,12060200,ครุภัณฑ์ยานพาหนะ,6,4,3685300.0,-2357278.34,1328021.66,ตรงกับยอดในรายงาน,898,2567-09-30,DOC-AST-2567,2. สินทรัพย์คงเหลือ2567_1.pdf
4400,มหาสารคาม,1700600064,สำนักงานประกันสังคมจังหวัด มหาสารคาม,12060300,ครุภัณฑ์ไฟฟ้า,24,12,409090.0,-330443.03,78646.97,ตรงกับยอดในรายงาน,1007,2567-09-30,DOC-AST-2567,2. สินทรัพย์คงเหลือ2567_1.pdf
4400,มหาสารคาม,1700600064,สำนักงานประกันสังคมจังหวัด มหาสารคาม,12060400,ครุภัณฑ์โฆษณา,7,4,43550.0,-30791.66,12758.34,ตรงกับยอดในรายงาน,1080,2567-09-30,DOC-AST-2567,2. สินทรัพย์คงเหลือ2567_1.pdf
4400,มหาสารคาม,1700600064,สำนักงานประกันสังคมจังหวัด มหาสารคาม,12061000,ครุภัณฑ์คอมพิวเตอร์,56,50,2215740.0,-1477583.4,738156.6,ตรงกับยอดในรายงาน,1704,2567-09-30,DOC-AST-2567,2. สินทรัพย์คงเหลือ2567_1.pdf
4400,มหาสารคาม,1700600064,สำนักงานประกันสังคมจังหวัด มหาสารคาม,12061200,ครุภัณฑ์งานบ้าน,11,6,235490.0,-202751.59,32738.41,ตรงกับยอดในรายงาน,1866,2567-09-30,DOC-AST-2567,2. สินทรัพย์คงเหลือ2567_1.pdf
4500,ร้อยเอ็ด,1700600065,สำนักงานประกันสังคมจังหวัด ร้อยเอ็ด,12060100,ครุภัณฑ์สนง.,329,176,4550799.4,-4425920.98,124878.42,ตรงกับยอดในรายงาน,595,2567-09-30,DOC-AST-2567,2. สินทรัพย์คงเหลือ2567_1.pdf
4500,ร้อยเอ็ด,1700600065,สำนักงานประกันสังคมจังหวัด ร้อยเอ็ด,12060200,ครุภัณฑ์ยานพาหนะ,14,7,5901500.0,-5217695.17,683804.83,ตรงกับยอดในรายงาน,899,2567-09-30,DOC-AST-2567,2. สินทรัพย์คงเหลือ2567_1.pdf
4500,ร้อยเอ็ด,1700600065,สำนักงานประกันสังคมจังหวัด ร้อยเอ็ด,12060300,ครุภัณฑ์ไฟฟ้า,8,8,761942.0,-669242.4,92699.6,ตรงกับยอดในรายงาน,1008,2567-09-30,DOC-AST-2567,2. สินทรัพย์คงเหลือ2567_1.pdf
4500,ร้อยเอ็ด,1700600065,สำนักงานประกันสังคมจังหวัด ร้อยเอ็ด,12060400,ครุภัณฑ์โฆษณา,22,13,283183.0,-248676.59,34506.41,ตรงกับยอดในรายงาน,1081,2567-09-30,DOC-AST-2567,2. สินทรัพย์คงเหลือ2567_1.pdf
4500,ร้อยเอ็ด,1700600065,สำนักงานประกันสังคมจังหวัด ร้อยเอ็ด,12061000,ครุภัณฑ์คอมพิวเตอร์,94,90,3404124.55,-2354766.95,1049357.6,ตรงกับยอดในรายงาน,1706,2567-09-30,DOC-AST-2567,2. สินทรัพย์คงเหลือ2567_1.pdf
4500,ร้อยเอ็ด,1700600065,สำนักงานประกันสังคมจังหวัด ร้อยเอ็ด,12061200,ครุภัณฑ์งานบ้าน,16,14,214389.92,-186848.32,27541.6,ตรงกับยอดในรายงาน,1867,2567-09-30,DOC-AST-2567,2. สินทรัพย์คงเหลือ2567_1.pdf
4600,กาฬสินธุ์,1700600066,สำนักงานประกันสังคมจังหวัด กาฬสินธุ์,12060100,ครุภัณฑ์สนง.,272,151,2917974.02,-2569401.96,348572.06,ตรงกับยอดในรายงาน,601,2567-09-30,DOC-AST-2567,2. สินทรัพย์คงเหลือ2567_1.pdf
4600,กาฬสินธุ์,1700600066,สำนักงานประกันสังคมจังหวัด กาฬสินธุ์,12060200,ครุภัณฑ์ยานพาหนะ,6,3,3366800.0,-2657499.31,709300.69,ตรงกับยอดในรายงาน,899,2567-09-30,DOC-AST-2567,2. สินทรัพย์คงเหลือ2567_1.pdf
4600,กาฬสินธุ์,1700600066,สำนักงานประกันสังคมจังหวัด กาฬสินธุ์,12060300,ครุภัณฑ์ไฟฟ้า,21,13,616094.51,-473171.51,142923.0,ตรงกับยอดในรายงาน,1008,2567-09-30,DOC-AST-2567,2. สินทรัพย์คงเหลือ2567_1.pdf
4600,กาฬสินธุ์,1700600066,สำนักงานประกันสังคมจังหวัด กาฬสินธุ์,12060400,ครุภัณฑ์โฆษณา,9,7,120558.0,-91768.09,28789.91,ตรงกับยอดในรายงาน,1081,2567-09-30,DOC-AST-2567,2. สินทรัพย์คงเหลือ2567_1.pdf
4600,กาฬสินธุ์,1700600066,สำนักงานประกันสังคมจังหวัด กาฬสินธุ์,12060600,ครุภัณฑ์โรงงาน,10,10,109000.0,-17988.0,91012.0,ตรงกับยอดในรายงาน,1111,2567-09-30,DOC-AST-2567,2. สินทรัพย์คงเหลือ2567_1.pdf
4600,กาฬสินธุ์,1700600066,สำนักงานประกันสังคมจังหวัด กาฬสินธุ์,12061000,ครุภัณฑ์คอมพิวเตอร์,52,49,1887651.25,-994607.46,893043.79,ตรงกับยอดในรายงาน,1708,2567-09-30,DOC-AST-2567,2. สินทรัพย์คงเหลือ2567_1.pdf
4600,กาฬสินธุ์,1700600066,สำนักงานประกันสังคมจังหวัด กาฬสินธุ์,12061200,ครุภัณฑ์งานบ้าน,8,7,77399.0,-74457.75,2941.25,ตรงกับยอดในรายงาน,1867,2567-09-30,DOC-AST-2567,2. สินทรัพย์คงเหลือ2567_1.pdf
4600,กาฬสินธุ์,1700600066,สำนักงานประกันสังคมจังหวัด กาฬสินธุ์,12061300,ครุภัณฑ์กีฬา,3,3,35180.0,-35177.0,3.0,ตรงกับยอดในรายงาน,1902,2567-09-30,DOC-AST-2567,2. สินทรัพย์คงเหลือ2567_1.pdf
4700,สกลนคร,1700600067,สำนักงานประกันสังคมจังหวัด สกลนคร,12060100,ครุภัณฑ์สนง.,250,170,3440736.67,-3108913.3,331823.37,ตรงกับยอดในรายงาน,607,2567-09-30,DOC-AST-2567,2. สินทรัพย์คงเหลือ2567_1.pdf
4700,สกลนคร,1700600067,สำนักงานประกันสังคมจังหวัด สกลนคร,12060200,ครุภัณฑ์ยานพาหนะ,11,6,6119500.0,-4047775.65,2071724.35,ตรงกับยอดในรายงาน,899,2567-09-30,DOC-AST-2567,2. สินทรัพย์คงเหลือ2567_1.pdf
4700,สกลนคร,1700600067,สำนักงานประกันสังคมจังหวัด สกลนคร,12060300,ครุภัณฑ์ไฟฟ้า,23,14,642799.8,-452042.41,190757.39,ตรงกับยอดในรายงาน,1009,2567-09-30,DOC-AST-2567,2. สินทรัพย์คงเหลือ2567_1.pdf
4700,สกลนคร,1700600067,สำนักงานประกันสังคมจังหวัด สกลนคร,12060400,ครุภัณฑ์โฆษณา,13,11,322980.0,-263701.77,59278.23,ตรงกับยอดในรายงาน,1082,2567-09-30,DOC-AST-2567,2. สินทรัพย์คงเหลือ2567_1.pdf
4700,สกลนคร,1700600067,สำนักงานประกันสังคมจังหวัด สกลนคร,12060500,ครุภัณฑ์การเกษตร,2,1,9500.0,-9498.0,2.0,ตรงกับยอดในรายงาน,1099,2567-09-30,DOC-AST-2567,2. สินทรัพย์คงเหลือ2567_1.pdf
4700,สกลนคร,1700600067,สำนักงานประกันสังคมจังหวัด สกลนคร,12060600,ครุภัณฑ์โรงงาน,2,1,9400.0,-9398.0,2.0,ตรงกับยอดในรายงาน,1111,2567-09-30,DOC-AST-2567,2. สินทรัพย์คงเหลือ2567_1.pdf
4700,สกลนคร,1700600067,สำนักงานประกันสังคมจังหวัด สกลนคร,12061000,ครุภัณฑ์คอมพิวเตอร์,56,52,2172510.0,-1145477.53,1027032.47,ตรงกับยอดในรายงาน,1709,2567-09-30,DOC-AST-2567,2. สินทรัพย์คงเหลือ2567_1.pdf
4700,สกลนคร,1700600067,สำนักงานประกันสังคมจังหวัด สกลนคร,12061200,ครุภัณฑ์งานบ้าน,20,13,190835.0,-158864.62,31970.38,ตรงกับยอดในรายงาน,1868,2567-09-30,DOC-AST-2567,2. สินทรัพย์คงเหลือ2567_1.pdf
4800,นครพนม,1700600068,สำนักงานประกันสังคมจังหวัด นครพนม,12060100,ครุภัณฑ์สนง.,166,103,2796259.8,-2271712.7,524547.1,ตรงกับยอดในรายงาน,611,2567-09-30,DOC-AST-2567,2. สินทรัพย์คงเหลือ2567_1.pdf
4800,นครพนม,1700600068,สำนักงานประกันสังคมจังหวัด นครพนม,12060200,ครุภัณฑ์ยานพาหนะ,5,3,3632500.0,-2812272.04,820227.96,ตรงกับยอดในรายงาน,899,2567-09-30,DOC-AST-2567,2. สินทรัพย์คงเหลือ2567_1.pdf
4800,นครพนม,1700600068,สำนักงานประกันสังคมจังหวัด นครพนม,12060300,ครุภัณฑ์ไฟฟ้า,4,3,233650.0,-170414.12,63235.88,ตรงกับยอดในรายงาน,1009,2567-09-30,DOC-AST-2567,2. สินทรัพย์คงเหลือ2567_1.pdf
4800,นครพนม,1700600068,สำนักงานประกันสังคมจังหวัด นครพนม,12060400,ครุภัณฑ์โฆษณา,7,6,165209.0,-156866.6,8342.4,ตรงกับยอดในรายงาน,1082,2567-09-30,DOC-AST-2567,2. สินทรัพย์คงเหลือ2567_1.pdf
4800,นครพนม,1700600068,สำนักงานประกันสังคมจังหวัด นครพนม,12061000,ครุภัณฑ์คอมพิวเตอร์,59,55,2458924.9,-1756542.86,702382.04,ตรงกับยอดในรายงาน,1710,2567-09-30,DOC-AST-2567,2. สินทรัพย์คงเหลือ2567_1.pdf
4800,นครพนม,1700600068,สำนักงานประกันสังคมจังหวัด นครพนม,12061200,ครุภัณฑ์งานบ้าน,33,30,416692.0,-175722.92,240969.08,ตรงกับยอดในรายงาน,1868,2567-09-30,DOC-AST-2567,2. สินทรัพย์คงเหลือ2567_1.pdf
4800,นครพนม,1700600068,สำนักงานประกันสังคมจังหวัด นครพนม,12061300,ครุภัณฑ์กีฬา,3,3,76200.0,-76197.0,3.0,ตรงกับยอดในรายงาน,1902,2567-09-30,DOC-AST-2567,2. สินทรัพย์คงเหลือ2567_1.pdf
4900,มุกดาหาร,1700600069,สำนักงานประกันสังคมจังหวัด มุกดาหาร,12060100,ครุภัณฑ์สนง.,94,53,1347920.0,-1111643.42,236276.58,ตรงกับยอดในรายงาน,613,2567-09-30,DOC-AST-2567,2. สินทรัพย์คงเหลือ2567_1.pdf
4900,มุกดาหาร,1700600069,สำนักงานประกันสังคมจังหวัด มุกดาหาร,12060200,ครุภัณฑ์ยานพาหนะ,5,3,3563000.0,-2149398.93,1413601.07,ตรงกับยอดในรายงาน,900,2567-09-30,DOC-AST-2567,2. สินทรัพย์คงเหลือ2567_1.pdf
4900,มุกดาหาร,1700600069,สำนักงานประกันสังคมจังหวัด มุกดาหาร,12060300,ครุภัณฑ์ไฟฟ้า,22,13,773509.77,-684043.76,89466.01,ตรงกับยอดในรายงาน,1010,2567-09-30,DOC-AST-2567,2. สินทรัพย์คงเหลือ2567_1.pdf
4900,มุกดาหาร,1700600069,สำนักงานประกันสังคมจังหวัด มุกดาหาร,12060400,ครุภัณฑ์โฆษณา,10,8,289588.0,-228874.98,60713.02,ตรงกับยอดในรายงาน,1082,2567-09-30,DOC-AST-2567,2. สินทรัพย์คงเหลือ2567_1.pdf
4900,มุกดาหาร,1700600069,สำนักงานประกันสังคมจังหวัด มุกดาหาร,12061000,ครุภัณฑ์คอมพิวเตอร์,55,51,2289380.9,-1598834.59,690546.31,ตรงกับยอดในรายงาน,1712,2567-09-30,DOC-AST-2567,2. สินทรัพย์คงเหลือ2567_1.pdf
4900,มุกดาหาร,1700600069,สำนักงานประกันสังคมจังหวัด มุกดาหาร,12061200,ครุภัณฑ์งานบ้าน,10,9,207904.0,-170741.55,37162.45,ตรงกับยอดในรายงาน,1869,2567-09-30,DOC-AST-2567,2. สินทรัพย์คงเหลือ2567_1.pdf
5000,เชียงใหม่,1700600070,สำนักงานประกันสังคมจังหวัด เชียงใหม่,12060100,ครุภัณฑ์สนง.,571,295,22308116.2,-13754223.45,8553892.75,ตรงกับยอดในรายงาน,626,2567-09-30,DOC-AST-2567,2. สินทรัพย์คงเหลือ2567_1.pdf
5000,เชียงใหม่,1700600070,สำนักงานประกันสังคมจังหวัด เชียงใหม่,12060200,ครุภัณฑ์ยานพาหนะ,22,11,14365000.0,-14282605.43,82394.57,ตรงกับยอดในรายงาน,900,2567-09-30,DOC-AST-2567,2. สินทรัพย์คงเหลือ2567_1.pdf
5000,เชียงใหม่,1700600070,สำนักงานประกันสังคมจังหวัด เชียงใหม่,12060300,ครุภัณฑ์ไฟฟ้า,264,133,8693508.5,-4721510.33,3971998.17,ตรงกับยอดในรายงาน,1016,2567-09-30,DOC-AST-2567,2. สินทรัพย์คงเหลือ2567_1.pdf
5000,เชียงใหม่,1700600070,สำนักงานประกันสังคมจังหวัด เชียงใหม่,12060400,ครุภัณฑ์โฆษณา,30,16,586703.32,-378697.18,208006.14,ตรงกับยอดในรายงาน,1083,2567-09-30,DOC-AST-2567,2. สินทรัพย์คงเหลือ2567_1.pdf
5000,เชียงใหม่,1700600070,สำนักงานประกันสังคมจังหวัด เชียงใหม่,12061000,ครุภัณฑ์คอมพิวเตอร์,199,180,9123909.16,-6340322.63,2783586.53,ตรงกับยอดในรายงาน,1716,2567-09-30,DOC-AST-2567,2. สินทรัพย์คงเหลือ2567_1.pdf
5000,เชียงใหม่,1700600070,สำนักงานประกันสังคมจังหวัด เชียงใหม่,12061200,ครุภัณฑ์งานบ้าน,117,61,765906.79,-690139.89,75766.9,ตรงกับยอดในรายงาน,1872,2567-09-30,DOC-AST-2567,2. สินทรัพย์คงเหลือ2567_1.pdf
5000,เชียงใหม่,1700600070,สำนักงานประกันสังคมจังหวัด เชียงใหม่,12061300,ครุภัณฑ์กีฬา,4,4,74472.0,-57700.5,16771.5,ตรงกับยอดในรายงาน,1902,2567-09-30,DOC-AST-2567,2. สินทรัพย์คงเหลือ2567_1.pdf
5100,ลำพูน,1700600071,สำนักงานประกันสังคมจังหวัด ลำพูน,12060100,ครุภัณฑ์สนง.,254,127,2989802.15,-2241624.91,748177.24,ตรงกับยอดในรายงาน,632,2567-09-30,DOC-AST-2567,2. สินทรัพย์คงเหลือ2567_1.pdf
5100,ลำพูน,1700600071,สำนักงานประกันสังคมจังหวัด ลำพูน,12060200,ครุภัณฑ์ยานพาหนะ,11,6,4688700.0,-4099906.45,588793.55,ตรงกับยอดในรายงาน,901,2567-09-30,DOC-AST-2567,2. สินทรัพย์คงเหลือ2567_1.pdf
5100,ลำพูน,1700600071,สำนักงานประกันสังคมจังหวัด ลำพูน,12060300,ครุภัณฑ์ไฟฟ้า,29,16,865179.0,-757448.76,107730.24,ตรงกับยอดในรายงาน,1016,2567-09-30,DOC-AST-2567,2. สินทรัพย์คงเหลือ2567_1.pdf
5100,ลำพูน,1700600071,สำนักงานประกันสังคมจังหวัด ลำพูน,12060400,ครุภัณฑ์โฆษณา,10,7,213770.0,-213760.0,10.0,ตรงกับยอดในรายงาน,1083,2567-09-30,DOC-AST-2567,2. สินทรัพย์คงเหลือ2567_1.pdf
5100,ลำพูน,1700600071,สำนักงานประกันสังคมจังหวัด ลำพูน,12061000,ครุภัณฑ์คอมพิวเตอร์,96,88,3192866.3,-2090325.07,1102541.23,ตรงกับยอดในรายงาน,1718,2567-09-30,DOC-AST-2567,2. สินทรัพย์คงเหลือ2567_1.pdf
5100,ลำพูน,1700600071,สำนักงานประกันสังคมจังหวัด ลำพูน,12061200,ครุภัณฑ์งานบ้าน,21,13,141430.0,-141409.0,21.0,ตรงกับยอดในรายงาน,1872,2567-09-30,DOC-AST-2567,2. สินทรัพย์คงเหลือ2567_1.pdf
5100,ลำพูน,1700600071,สำนักงานประกันสังคมจังหวัด ลำพูน,12061300,ครุภัณฑ์กีฬา,3,3,73700.0,-73697.0,3.0,ตรงกับยอดในรายงาน,1902,2567-09-30,DOC-AST-2567,2. สินทรัพย์คงเหลือ2567_1.pdf
5200,ลำปาง,1700600072,สำนักงานประกันสังคมจังหวัด ลำปาง,12060100,ครุภัณฑ์สนง.,228,126,3611104.0,-2761100.91,850003.09,ตรงกับยอดในรายงาน,637,2567-09-30,DOC-AST-2567,2. สินทรัพย์คงเหลือ2567_1.pdf
5200,ลำปาง,1700600072,สำนักงานประกันสังคมจังหวัด ลำปาง,12060200,ครุภัณฑ์ยานพาหนะ,12,6,5549500.0,-4548754.49,1000745.51,ตรงกับยอดในรายงาน,901,2567-09-30,DOC-AST-2567,2. สินทรัพย์คงเหลือ2567_1.pdf
5200,ลำปาง,1700600072,สำนักงานประกันสังคมจังหวัด ลำปาง,12060300,ครุภัณฑ์ไฟฟ้า,22,13,359641.0,-234260.25,125380.75,ตรงกับยอดในรายงาน,1017,2567-09-30,DOC-AST-2567,2. สินทรัพย์คงเหลือ2567_1.pdf
5200,ลำปาง,1700600072,สำนักงานประกันสังคมจังหวัด ลำปาง,12060400,ครุภัณฑ์โฆษณา,11,8,133010.0,-90391.12,42618.88,ตรงกับยอดในรายงาน,1083,2567-09-30,DOC-AST-2567,2. สินทรัพย์คงเหลือ2567_1.pdf
5200,ลำปาง,1700600072,สำนักงานประกันสังคมจังหวัด ลำปาง,12061000,ครุภัณฑ์คอมพิวเตอร์,105,101,3726311.0,-2282276.12,1444034.88,ตรงกับยอดในรายงาน,1721,2567-09-30,DOC-AST-2567,2. สินทรัพย์คงเหลือ2567_1.pdf
5200,ลำปาง,1700600072,สำนักงานประกันสังคมจังหวัด ลำปาง,12061200,ครุภัณฑ์งานบ้าน,13,9,115960.0,-93291.94,22668.06,ตรงกับยอดในรายงาน,1872,2567-09-30,DOC-AST-2567,2. สินทรัพย์คงเหลือ2567_1.pdf
5300,อุตรดิตถ์,1700600073,สำนักงานประกันสังคมจังหวัด อุตรดิตถ์,12060100,ครุภัณฑ์สนง.,121,81,2682851.3,-2342865.55,339985.75,ตรงกับยอดในรายงาน,640,2567-09-30,DOC-AST-2567,2. สินทรัพย์คงเหลือ2567_1.pdf
5300,อุตรดิตถ์,1700600073,สำนักงานประกันสังคมจังหวัด อุตรดิตถ์,12060200,ครุภัณฑ์ยานพาหนะ,6,3,3665900.0,-2937228.05,728671.95,ตรงกับยอดในรายงาน,901,2567-09-30,DOC-AST-2567,2. สินทรัพย์คงเหลือ2567_1.pdf
5300,อุตรดิตถ์,1700600073,สำนักงานประกันสังคมจังหวัด อุตรดิตถ์,12060300,ครุภัณฑ์ไฟฟ้า,7,6,215000.0,-205735.92,9264.08,ตรงกับยอดในรายงาน,1017,2567-09-30,DOC-AST-2567,2. สินทรัพย์คงเหลือ2567_1.pdf
5300,อุตรดิตถ์,1700600073,สำนักงานประกันสังคมจังหวัด อุตรดิตถ์,12060400,ครุภัณฑ์โฆษณา,14,12,309540.07,-244420.66,65119.41,ตรงกับยอดในรายงาน,1084,2567-09-30,DOC-AST-2567,2. สินทรัพย์คงเหลือ2567_1.pdf
5300,อุตรดิตถ์,1700600073,สำนักงานประกันสังคมจังหวัด อุตรดิตถ์,12060500,ครุภัณฑ์การเกษตร,5,4,46900.0,-46895.0,5.0,ตรงกับยอดในรายงาน,1099,2567-09-30,DOC-AST-2567,2. สินทรัพย์คงเหลือ2567_1.pdf
5300,อุตรดิตถ์,1700600073,สำนักงานประกันสังคมจังหวัด อุตรดิตถ์,12061000,ครุภัณฑ์คอมพิวเตอร์,65,62,2372154.89,-1542825.82,829329.07,ตรงกับยอดในรายงาน,1722,2567-09-30,DOC-AST-2567,2. สินทรัพย์คงเหลือ2567_1.pdf
5300,อุตรดิตถ์,1700600073,สำนักงานประกันสังคมจังหวัด อุตรดิตถ์,12061200,ครุภัณฑ์งานบ้าน,22,12,164170.0,-155892.51,8277.49,ตรงกับยอดในรายงาน,1873,2567-09-30,DOC-AST-2567,2. สินทรัพย์คงเหลือ2567_1.pdf
5300,อุตรดิตถ์,1700600073,สำนักงานประกันสังคมจังหวัด อุตรดิตถ์,12061300,ครุภัณฑ์กีฬา,3,3,74400.0,-74397.0,3.0,ตรงกับยอดในรายงาน,1902,2567-09-30,DOC-AST-2567,2. สินทรัพย์คงเหลือ2567_1.pdf
5400,แพร่,1700600074,สำนักงานประกันสังคมจังหวัด แพร่,12060100,ครุภัณฑ์สนง.,358,222,2960102.76,-2716012.87,244089.89,ตรงกับยอดในรายงาน,648,2567-09-30,DOC-AST-2567,2. สินทรัพย์คงเหลือ2567_1.pdf
5400,แพร่,1700600074,สำนักงานประกันสังคมจังหวัด แพร่,12060200,ครุภัณฑ์ยานพาหนะ,12,6,6645000.0,-5277153.64,1367846.36,ตรงกับยอดในรายงาน,901,2567-09-30,DOC-AST-2567,2. สินทรัพย์คงเหลือ2567_1.pdf
5400,แพร่,1700600074,สำนักงานประกันสังคมจังหวัด แพร่,12060300,ครุภัณฑ์ไฟฟ้า,28,15,458602.13,-354456.67,104145.46,ตรงกับยอดในรายงาน,1018,2567-09-30,DOC-AST-2567,2. สินทรัพย์คงเหลือ2567_1.pdf
5400,แพร่,1700600074,สำนักงานประกันสังคมจังหวัด แพร่,12060400,ครุภัณฑ์โฆษณา,10,9,211950.0,-93138.72,118811.28,ตรงกับยอดในรายงาน,1084,2567-09-30,DOC-AST-2567,2. สินทรัพย์คงเหลือ2567_1.pdf
5400,แพร่,1700600074,สำนักงานประกันสังคมจังหวัด แพร่,12061000,ครุภัณฑ์คอมพิวเตอร์,78,73,3044003.65,-2051411.49,992592.16,ตรงกับยอดในรายงาน,1724,2567-09-30,DOC-AST-2567,2. สินทรัพย์คงเหลือ2567_1.pdf
5400,แพร่,1700600074,สำนักงานประกันสังคมจังหวัด แพร่,12061200,ครุภัณฑ์งานบ้าน,23,21,183354.2,-182339.08,1015.12,ตรงกับยอดในรายงาน,1874,2567-09-30,DOC-AST-2567,2. สินทรัพย์คงเหลือ2567_1.pdf
5400,แพร่,1700600074,สำนักงานประกันสังคมจังหวัด แพร่,12061300,ครุภัณฑ์กีฬา,6,3,126000.0,-125994.0,6.0,ตรงกับยอดในรายงาน,1902,2567-09-30,DOC-AST-2567,2. สินทรัพย์คงเหลือ2567_1.pdf
5500,น่าน,1700600075,สำนักงานประกันสังคมจังหวัด น่าน,12060100,ครุภัณฑ์สนง.,334,226,4220780.0,-3703622.02,517157.98,ตรงกับยอดในรายงาน,656,2567-09-30,DOC-AST-2567,2. สินทรัพย์คงเหลือ2567_1.pdf
5500,น่าน,1700600075,สำนักงานประกันสังคมจังหวัด น่าน,12060200,ครุภัณฑ์ยานพาหนะ,16,10,7814300.0,-7796447.57,17852.43,ตรงกับยอดในรายงาน,902,2567-09-30,DOC-AST-2567,2. สินทรัพย์คงเหลือ2567_1.pdf
5500,น่าน,1700600075,สำนักงานประกันสังคมจังหวัด น่าน,12060300,ครุภัณฑ์ไฟฟ้า,22,13,574468.0,-483390.16,91077.84,ตรงกับยอดในรายงาน,1018,2567-09-30,DOC-AST-2567,2. สินทรัพย์คงเหลือ2567_1.pdf
5500,น่าน,1700600075,สำนักงานประกันสังคมจังหวัด น่าน,12060400,ครุภัณฑ์โฆษณา,9,8,273680.0,-273671.0,9.0,ตรงกับยอดในรายงาน,1084,2567-09-30,DOC-AST-2567,2. สินทรัพย์คงเหลือ2567_1.pdf
5500,น่าน,1700600075,สำนักงานประกันสังคมจังหวัด น่าน,12061000,ครุภัณฑ์คอมพิวเตอร์,88,83,3298770.8,-2420035.44,878735.36,ตรงกับยอดในรายงาน,1726,2567-09-30,DOC-AST-2567,2. สินทรัพย์คงเหลือ2567_1.pdf
5500,น่าน,1700600075,สำนักงานประกันสังคมจังหวัด น่าน,12061200,ครุภัณฑ์งานบ้าน,10,8,255328.0,-243257.3,12070.7,ตรงกับยอดในรายงาน,1874,2567-09-30,DOC-AST-2567,2. สินทรัพย์คงเหลือ2567_1.pdf
5500,น่าน,1700600075,สำนักงานประกันสังคมจังหวัด น่าน,12061300,ครุภัณฑ์กีฬา,7,4,115900.0,-115893.0,7.0,ตรงกับยอดในรายงาน,1903,2567-09-30,DOC-AST-2567,2. สินทรัพย์คงเหลือ2567_1.pdf
5600,พะเยา,1700600076,สำนักงานประกันสังคมจังหวัด พะเยา,12060100,ครุภัณฑ์สนง.,223,139,2362383.0,-1969694.61,392688.39,ตรงกับยอดในรายงาน,661,2567-09-30,DOC-AST-2567,2. สินทรัพย์คงเหลือ2567_1.pdf
5600,พะเยา,1700600076,สำนักงานประกันสังคมจังหวัด พะเยา,12060200,ครุภัณฑ์ยานพาหนะ,8,4,4610000.0,-4126540.62,483459.38,ตรงกับยอดในรายงาน,902,2567-09-30,DOC-AST-2567,2. สินทรัพย์คงเหลือ2567_1.pdf
5600,พะเยา,1700600076,สำนักงานประกันสังคมจังหวัด พะเยา,12060300,ครุภัณฑ์ไฟฟ้า,13,10,363554.49,-343825.78,19728.71,ตรงกับยอดในรายงาน,1019,2567-09-30,DOC-AST-2567,2. สินทรัพย์คงเหลือ2567_1.pdf
5600,พะเยา,1700600076,สำนักงานประกันสังคมจังหวัด พะเยา,12060400,ครุภัณฑ์โฆษณา,10,8,222750.0,-204597.01,18152.99,ตรงกับยอดในรายงาน,1085,2567-09-30,DOC-AST-2567,2. สินทรัพย์คงเหลือ2567_1.pdf
5600,พะเยา,1700600076,สำนักงานประกันสังคมจังหวัด พะเยา,12061000,ครุภัณฑ์คอมพิวเตอร์,72,68,2853989.85,-1796493.93,1057495.92,ตรงกับยอดในรายงาน,1728,2567-09-30,DOC-AST-2567,2. สินทรัพย์คงเหลือ2567_1.pdf
5600,พะเยา,1700600076,สำนักงานประกันสังคมจังหวัด พะเยา,12061200,ครุภัณฑ์งานบ้าน,8,5,154450.0,-125096.81,29353.19,ตรงกับยอดในรายงาน,1874,2567-09-30,DOC-AST-2567,2. สินทรัพย์คงเหลือ2567_1.pdf
5700,เชียงราย,1700600077,สำนักงานประกันสังคมจังหวัด เชียงราย,12060100,ครุภัณฑ์สนง.,128,108,2391810.0,-2114417.84,277392.16,ตรงกับยอดในรายงาน,664,2567-09-30,DOC-AST-2567,2. สินทรัพย์คงเหลือ2567_1.pdf
5700,เชียงราย,1700600077,สำนักงานประกันสังคมจังหวัด เชียงราย,12060200,ครุภัณฑ์ยานพาหนะ,6,5,6229000.0,-5123892.26,1105107.74,ตรงกับยอดในรายงาน,902,2567-09-30,DOC-AST-2567,2. สินทรัพย์คงเหลือ2567_1.pdf
5700,เชียงราย,1700600077,สำนักงานประกันสังคมจังหวัด เชียงราย,12060300,ครุภัณฑ์ไฟฟ้า,10,6,415484.0,-289651.22,125832.78,ตรงกับยอดในรายงาน,1019,2567-09-30,DOC-AST-2567,2. สินทรัพย์คงเหลือ2567_1.pdf
5700,เชียงราย,1700600077,สำนักงานประกันสังคมจังหวัด เชียงราย,12060400,ครุภัณฑ์โฆษณา,6,5,112780.0,-95037.19,17742.81,ตรงกับยอดในรายงาน,1085,2567-09-30,DOC-AST-2567,2. สินทรัพย์คงเหลือ2567_1.pdf
5700,เชียงราย,1700600077,สำนักงานประกันสังคมจังหวัด เชียงราย,12061000,ครุภัณฑ์คอมพิวเตอร์,138,134,5644153.25,-4397181.05,1246972.2,ตรงกับยอดในรายงาน,1731,2567-09-30,DOC-AST-2567,2. สินทรัพย์คงเหลือ2567_1.pdf
5700,เชียงราย,1700600077,สำนักงานประกันสังคมจังหวัด เชียงราย,12061200,ครุภัณฑ์งานบ้าน,8,5,72470.0,-59053.68,13416.32,ตรงกับยอดในรายงาน,1874,2567-09-30,DOC-AST-2567,2. สินทรัพย์คงเหลือ2567_1.pdf
5800,แม่ฮ่องสอน,1700600078,สำนักงานประกันสังคมจังหวัด แม่ฮ่องสอน,12060100,ครุภัณฑ์สนง.,82,54,1980092.0,-1430332.12,549759.88,ตรงกับยอดในรายงาน,666,2567-09-30,DOC-AST-2567,2. สินทรัพย์คงเหลือ2567_1.pdf
5800,แม่ฮ่องสอน,1700600078,สำนักงานประกันสังคมจังหวัด แม่ฮ่องสอน,12060200,ครุภัณฑ์ยานพาหนะ,7,4,3772500.0,-2654812.61,1117687.39,ตรงกับยอดในรายงาน,903,2567-09-30,DOC-AST-2567,2. สินทรัพย์คงเหลือ2567_1.pdf
5800,แม่ฮ่องสอน,1700600078,สำนักงานประกันสังคมจังหวัด แม่ฮ่องสอน,12060300,ครุภัณฑ์ไฟฟ้า,18,10,823260.0,-559750.99,263509.01,ตรงกับยอดในรายงาน,1020,2567-09-30,DOC-AST-2567,2. สินทรัพย์คงเหลือ2567_1.pdf
5800,แม่ฮ่องสอน,1700600078,สำนักงานประกันสังคมจังหวัด แม่ฮ่องสอน,12060400,ครุภัณฑ์โฆษณา,5,4,84090.0,-70271.7,13818.3,ตรงกับยอดในรายงาน,1085,2567-09-30,DOC-AST-2567,2. สินทรัพย์คงเหลือ2567_1.pdf
5800,แม่ฮ่องสอน,1700600078,สำนักงานประกันสังคมจังหวัด แม่ฮ่องสอน,12061000,ครุภัณฑ์คอมพิวเตอร์,51,45,1703266.95,-1338586.38,364680.57,ตรงกับยอดในรายงาน,1732,2567-09-30,DOC-AST-2567,2. สินทรัพย์คงเหลือ2567_1.pdf
5800,แม่ฮ่องสอน,1700600078,สำนักงานประกันสังคมจังหวัด แม่ฮ่องสอน,12061200,ครุภัณฑ์งานบ้าน,11,7,128625.0,-84009.89,44615.11,ตรงกับยอดในรายงาน,1875,2567-09-30,DOC-AST-2567,2. สินทรัพย์คงเหลือ2567_1.pdf
5800,แม่ฮ่องสอน,1700600078,สำนักงานประกันสังคมจังหวัด แม่ฮ่องสอน,12061300,ครุภัณฑ์กีฬา,3,3,63000.0,-62997.0,3.0,ตรงกับยอดในรายงาน,1903,2567-09-30,DOC-AST-2567,2. สินทรัพย์คงเหลือ2567_1.pdf
6000,นครสวรรค์,1700600079,สำนักงานประกันสังคมจังหวัด นครสวรรค์,12060100,ครุภัณฑ์สนง.,190,133,3257278.0,-2361576.07,895701.93,ตรงกับยอดในรายงาน,671,2567-09-30,DOC-AST-2567,2. สินทรัพย์คงเหลือ2567_1.pdf
6000,นครสวรรค์,1700600079,สำนักงานประกันสังคมจังหวัด นครสวรรค์,12060200,ครุภัณฑ์ยานพาหนะ,14,8,6343177.0,-5864944.66,478232.34,ตรงกับยอดในรายงาน,903,2567-09-30,DOC-AST-2567,2. สินทรัพย์คงเหลือ2567_1.pdf
6000,นครสวรรค์,1700600079,สำนักงานประกันสังคมจังหวัด นครสวรรค์,12060300,ครุภัณฑ์ไฟฟ้า,13,8,372340.0,-209852.68,162487.32,ตรงกับยอดในรายงาน,1020,2567-09-30,DOC-AST-2567,2. สินทรัพย์คงเหลือ2567_1.pdf
6000,นครสวรรค์,1700600079,สำนักงานประกันสังคมจังหวัด นครสวรรค์,12060400,ครุภัณฑ์โฆษณา,23,18,566810.0,-482410.66,84399.34,ตรงกับยอดในรายงาน,1086,2567-09-30,DOC-AST-2567,2. สินทรัพย์คงเหลือ2567_1.pdf
6000,นครสวรรค์,1700600079,สำนักงานประกันสังคมจังหวัด นครสวรรค์,12061000,ครุภัณฑ์คอมพิวเตอร์,82,76,2867683.0,-1606741.99,1260941.01,ตรงกับยอดในรายงาน,1734,2567-09-30,DOC-AST-2567,2. สินทรัพย์คงเหลือ2567_1.pdf
6000,นครสวรรค์,1700600079,สำนักงานประกันสังคมจังหวัด นครสวรรค์,12061200,ครุภัณฑ์งานบ้าน,83,45,441816.23,-410914.1,30902.13,ตรงกับยอดในรายงาน,1877,2567-09-30,DOC-AST-2567,2. สินทรัพย์คงเหลือ2567_1.pdf
6100,อุทัยธานี,1700600080,สำนักงานประกันสังคมจังหวัด อุทัยธานี,12060100,ครุภัณฑ์สนง.,143,84,2223370.0,-2089217.34,134152.66,ตรงกับยอดในรายงาน,674,2567-09-30,DOC-AST-2567,2. สินทรัพย์คงเหลือ2567_1.pdf
6100,อุทัยธานี,1700600080,สำนักงานประกันสังคมจังหวัด อุทัยธานี,12060200,ครุภัณฑ์ยานพาหนะ,5,3,3647790.0,-3647785.0,5.0,ตรงกับยอดในรายงาน,903,2567-09-30,DOC-AST-2567,2. สินทรัพย์คงเหลือ2567_1.pdf
6100,อุทัยธานี,1700600080,สำนักงานประกันสังคมจังหวัด อุทัยธานี,12060300,ครุภัณฑ์ไฟฟ้า,17,10,652770.0,-589640.08,63129.92,ตรงกับยอดในรายงาน,1020,2567-09-30,DOC-AST-2567,2. สินทรัพย์คงเหลือ2567_1.pdf
6100,อุทัยธานี,1700600080,สำนักงานประกันสังคมจังหวัด อุทัยธานี,12060400,ครุภัณฑ์โฆษณา,3,2,47350.0,-27713.67,19636.33,ตรงกับยอดในรายงาน,1086,2567-09-30,DOC-AST-2567,2. สินทรัพย์คงเหลือ2567_1.pdf
6100,อุทัยธานี,1700600080,สำนักงานประกันสังคมจังหวัด อุทัยธานี,12061000,ครุภัณฑ์คอมพิวเตอร์,48,45,1871383.0,-1122703.65,748679.35,ตรงกับยอดในรายงาน,1736,2567-09-30,DOC-AST-2567,2. สินทรัพย์คงเหลือ2567_1.pdf
6100,อุทัยธานี,1700600080,สำนักงานประกันสังคมจังหวัด อุทัยธานี,12061200,ครุภัณฑ์งานบ้าน,10,9,278650.0,-252034.44,26615.56,ตรงกับยอดในรายงาน,1877,2567-09-30,DOC-AST-2567,2. สินทรัพย์คงเหลือ2567_1.pdf
6100,อุทัยธานี,1700600080,สำนักงานประกันสังคมจังหวัด อุทัยธานี,12061500,ครุภัณฑ์สนาม,2,2,70000.0,-41041.1,28958.9,ตรงกับยอดในรายงาน,1908,2567-09-30,DOC-AST-2567,2. สินทรัพย์คงเหลือ2567_1.pdf
6200,กำแพงเพชร,1700600081,สำนักงานประกันสังคมจังหวัด กำแพงเพชร,12060100,ครุภัณฑ์สนง.,86,57,1737415.45,-1499544.63,237870.82,ตรงกับยอดในรายงาน,676,2567-09-30,DOC-AST-2567,2. สินทรัพย์คงเหลือ2567_1.pdf
6200,กำแพงเพชร,1700600081,สำนักงานประกันสังคมจังหวัด กำแพงเพชร,12060200,ครุภัณฑ์ยานพาหนะ,8,4,4399000.0,-3720058.86,678941.14,ตรงกับยอดในรายงาน,903,2567-09-30,DOC-AST-2567,2. สินทรัพย์คงเหลือ2567_1.pdf
6200,กำแพงเพชร,1700600081,สำนักงานประกันสังคมจังหวัด กำแพงเพชร,12060300,ครุภัณฑ์ไฟฟ้า,10,6,230640.0,-182816.22,47823.78,ตรงกับยอดในรายงาน,1021,2567-09-30,DOC-AST-2567,2. สินทรัพย์คงเหลือ2567_1.pdf
6200,กำแพงเพชร,1700600081,สำนักงานประกันสังคมจังหวัด กำแพงเพชร,12060400,ครุภัณฑ์โฆษณา,6,4,167903.0,-167897.0,6.0,ตรงกับยอดในรายงาน,1086,2567-09-30,DOC-AST-2567,2. สินทรัพย์คงเหลือ2567_1.pdf
6200,กำแพงเพชร,1700600081,สำนักงานประกันสังคมจังหวัด กำแพงเพชร,12061000,ครุภัณฑ์คอมพิวเตอร์,99,94,3425695.8,-2610642.75,815053.05,ตรงกับยอดในรายงาน,1738,2567-09-30,DOC-AST-2567,2. สินทรัพย์คงเหลือ2567_1.pdf
6200,กำแพงเพชร,1700600081,สำนักงานประกันสังคมจังหวัด กำแพงเพชร,12061200,ครุภัณฑ์งานบ้าน,10,9,110888.0,-85574.56,25313.44,ตรงกับยอดในรายงาน,1877,2567-09-30,DOC-AST-2567,2. สินทรัพย์คงเหลือ2567_1.pdf
6200,กำแพงเพชร,1700600081,สำนักงานประกันสังคมจังหวัด กำแพงเพชร,12061300,ครุภัณฑ์กีฬา,2,2,25700.0,-25698.0,2.0,ตรงกับยอดในรายงาน,1903,2567-09-30,DOC-AST-2567,2. สินทรัพย์คงเหลือ2567_1.pdf
6200,กำแพงเพชร,1700600081,สำนักงานประกันสังคมจังหวัด กำแพงเพชร,12061500,ครุภัณฑ์สนาม,1,1,25500.0,-13385.75,12114.25,ตรงกับยอดในรายงาน,1908,2567-09-30,DOC-AST-2567,2. สินทรัพย์คงเหลือ2567_1.pdf
6300,ตาก,1700600082,สำนักงานประกันสังคมจังหวัด ตาก,12060100,ครุภัณฑ์สนง.,264,148,4523612.0,-3582106.0,941506.0,ตรงกับยอดในรายงาน,682,2567-09-30,DOC-AST-2567,2. สินทรัพย์คงเหลือ2567_1.pdf
6300,ตาก,1700600082,สำนักงานประกันสังคมจังหวัด ตาก,12060200,ครุภัณฑ์ยานพาหนะ,15,8,6593700.0,-5789505.7,804194.3,ตรงกับยอดในรายงาน,904,2567-09-30,DOC-AST-2567,2. สินทรัพย์คงเหลือ2567_1.pdf
6300,ตาก,1700600082,สำนักงานประกันสังคมจังหวัด ตาก,12060300,ครุภัณฑ์ไฟฟ้า,13,9,345140.0,-249586.53,95553.47,ตรงกับยอดในรายงาน,1021,2567-09-30,DOC-AST-2567,2. สินทรัพย์คงเหลือ2567_1.pdf
6300,ตาก,1700600082,สำนักงานประกันสังคมจังหวัด ตาก,12060400,ครุภัณฑ์โฆษณา,19,16,424750.0,-386304.71,38445.29,ตรงกับยอดในรายงาน,1087,2567-09-30,DOC-AST-2567,2. สินทรัพย์คงเหลือ2567_1.pdf
6300,ตาก,1700600082,สำนักงานประกันสังคมจังหวัด ตาก,12060500,ครุภัณฑ์การเกษตร,1,1,8500.0,-8499.0,1.0,ตรงกับยอดในรายงาน,1099,2567-09-30,DOC-AST-2567,2. สินทรัพย์คงเหลือ2567_1.pdf
6300,ตาก,1700600082,สำนักงานประกันสังคมจังหวัด ตาก,12061000,ครุภัณฑ์คอมพิวเตอร์,79,73,2671771.85,-1626989.98,1044781.87,ตรงกับยอดในรายงาน,1740,2567-09-30,DOC-AST-2567,2. สินทรัพย์คงเหลือ2567_1.pdf
6300,ตาก,1700600082,สำนักงานประกันสังคมจังหวัด ตาก,12061200,ครุภัณฑ์งานบ้าน,50,28,308350.0,-279410.72,28939.28,ตรงกับยอดในรายงาน,1878,2567-09-30,DOC-AST-2567,2. สินทรัพย์คงเหลือ2567_1.pdf
6300,ตาก,1700600082,สำนักงานประกันสังคมจังหวัด ตาก,12061300,ครุภัณฑ์กีฬา,9,8,152000.0,-151991.0,9.0,ตรงกับยอดในรายงาน,1903,2567-09-30,DOC-AST-2567,2. สินทรัพย์คงเหลือ2567_1.pdf
6400,สุโขทัย,1700600083,สำนักงานประกันสังคมจังหวัด สุโขทัย,12060100,ครุภัณฑ์สนง.,145,112,2712663.49,-2347878.18,364785.31,ตรงกับยอดในรายงาน,685,2567-09-30,DOC-AST-2567,2. สินทรัพย์คงเหลือ2567_1.pdf
6400,สุโขทัย,1700600083,สำนักงานประกันสังคมจังหวัด สุโขทัย,12060200,ครุภัณฑ์ยานพาหนะ,6,3,3625000.0,-2935130.5,689869.5,ตรงกับยอดในรายงาน,904,2567-09-30,DOC-AST-2567,2. สินทรัพย์คงเหลือ2567_1.pdf
6400,สุโขทัย,1700600083,สำนักงานประกันสังคมจังหวัด สุโขทัย,12060300,ครุภัณฑ์ไฟฟ้า,8,6,437459.22,-280284.38,157174.84,ตรงกับยอดในรายงาน,1021,2567-09-30,DOC-AST-2567,2. สินทรัพย์คงเหลือ2567_1.pdf
6400,สุโขทัย,1700600083,สำนักงานประกันสังคมจังหวัด สุโขทัย,12060400,ครุภัณฑ์โฆษณา,9,7,263920.0,-245535.73,18384.27,ตรงกับยอดในรายงาน,1087,2567-09-30,DOC-AST-2567,2. สินทรัพย์คงเหลือ2567_1.pdf
6400,สุโขทัย,1700600083,สำนักงานประกันสังคมจังหวัด สุโขทัย,12060500,ครุภัณฑ์การเกษตร,4,4,43000.0,-42996.0,4.0,ตรงกับยอดในรายงาน,1099,2567-09-30,DOC-AST-2567,2. สินทรัพย์คงเหลือ2567_1.pdf
6400,สุโขทัย,1700600083,สำนักงานประกันสังคมจังหวัด สุโขทัย,12061000,ครุภัณฑ์คอมพิวเตอร์,44,41,1692410.0,-943643.31,748766.69,ตรงกับยอดในรายงาน,1741,2567-09-30,DOC-AST-2567,2. สินทรัพย์คงเหลือ2567_1.pdf
6400,สุโขทัย,1700600083,สำนักงานประกันสังคมจังหวัด สุโขทัย,12061200,ครุภัณฑ์งานบ้าน,7,5,91990.0,-74057.68,17932.32,ตรงกับยอดในรายงาน,1879,2567-09-30,DOC-AST-2567,2. สินทรัพย์คงเหลือ2567_1.pdf
6400,สุโขทัย,1700600083,สำนักงานประกันสังคมจังหวัด สุโขทัย,12061300,ครุภัณฑ์กีฬา,3,3,74400.0,-74397.0,3.0,ตรงกับยอดในรายงาน,1903,2567-09-30,DOC-AST-2567,2. สินทรัพย์คงเหลือ2567_1.pdf
6500,พิษณุโลก,1700600084,สำนักงานประกันสังคมจังหวัด พิษณุโลก,12060100,ครุภัณฑ์สนง.,283,182,3652836.0,-2956048.17,696787.83,ตรงกับยอดในรายงาน,692,2567-09-30,DOC-AST-2567,2. สินทรัพย์คงเหลือ2567_1.pdf
6500,พิษณุโลก,1700600084,สำนักงานประกันสังคมจังหวัด พิษณุโลก,12060200,ครุภัณฑ์ยานพาหนะ,12,6,6762900.0,-6139101.42,623798.58,ตรงกับยอดในรายงาน,904,2567-09-30,DOC-AST-2567,2. สินทรัพย์คงเหลือ2567_1.pdf
6500,พิษณุโลก,1700600084,สำนักงานประกันสังคมจังหวัด พิษณุโลก,12060300,ครุภัณฑ์ไฟฟ้า,13,8,317100.0,-226389.48,90710.52,ตรงกับยอดในรายงาน,1022,2567-09-30,DOC-AST-2567,2. สินทรัพย์คงเหลือ2567_1.pdf
6500,พิษณุโลก,1700600084,สำนักงานประกันสังคมจังหวัด พิษณุโลก,12060400,ครุภัณฑ์โฆษณา,12,10,485440.0,-438956.75,46483.25,ตรงกับยอดในรายงาน,1087,2567-09-30,DOC-AST-2567,2. สินทรัพย์คงเหลือ2567_1.pdf
6500,พิษณุโลก,1700600084,สำนักงานประกันสังคมจังหวัด พิษณุโลก,12061000,ครุภัณฑ์คอมพิวเตอร์,89,79,3568935.0,-2272911.07,1296023.93,ตรงกับยอดในรายงาน,1743,2567-09-30,DOC-AST-2567,2. สินทรัพย์คงเหลือ2567_1.pdf
6500,พิษณุโลก,1700600084,สำนักงานประกันสังคมจังหวัด พิษณุโลก,12061200,ครุภัณฑ์งานบ้าน,5,5,60290.0,-38905.37,21384.63,ตรงกับยอดในรายงาน,1879,2567-09-30,DOC-AST-2567,2. สินทรัพย์คงเหลือ2567_1.pdf
6500,พิษณุโลก,1700600084,สำนักงานประกันสังคมจังหวัด พิษณุโลก,12061300,ครุภัณฑ์กีฬา,2,2,23800.0,-23798.0,2.0,ตรงกับยอดในรายงาน,1903,2567-09-30,DOC-AST-2567,2. สินทรัพย์คงเหลือ2567_1.pdf
6600,พิจิตร,1700600085,สำนักงานประกันสังคมจังหวัด พิจิตร,12060100,ครุภัณฑ์สนง.,124,99,1836960.0,-1682719.19,154240.81,ตรงกับยอดในรายงาน,695,2567-09-30,DOC-AST-2567,2. สินทรัพย์คงเหลือ2567_1.pdf
6600,พิจิตร,1700600085,สำนักงานประกันสังคมจังหวัด พิจิตร,12060200,ครุภัณฑ์ยานพาหนะ,5,3,3452300.0,-2736125.35,716174.65,ตรงกับยอดในรายงาน,904,2567-09-30,DOC-AST-2567,2. สินทรัพย์คงเหลือ2567_1.pdf
6600,พิจิตร,1700600085,สำนักงานประกันสังคมจังหวัด พิจิตร,12060300,ครุภัณฑ์ไฟฟ้า,13,7,512680.0,-398123.1,114556.9,ตรงกับยอดในรายงาน,1022,2567-09-30,DOC-AST-2567,2. สินทรัพย์คงเหลือ2567_1.pdf
6600,พิจิตร,1700600085,สำนักงานประกันสังคมจังหวัด พิจิตร,12060400,ครุภัณฑ์โฆษณา,6,5,88480.0,-88474.0,6.0,ตรงกับยอดในรายงาน,1087,2567-09-30,DOC-AST-2567,2. สินทรัพย์คงเหลือ2567_1.pdf
6600,พิจิตร,1700600085,สำนักงานประกันสังคมจังหวัด พิจิตร,12060500,ครุภัณฑ์การเกษตร,1,1,20000.0,-19999.0,1.0,ตรงกับยอดในรายงาน,1099,2567-09-30,DOC-AST-2567,2. สินทรัพย์คงเหลือ2567_1.pdf
6600,พิจิตร,1700600085,สำนักงานประกันสังคมจังหวัด พิจิตร,12061000,ครุภัณฑ์คอมพิวเตอร์,93,89,3726919.49,-2940227.62,786691.87,ตรงกับยอดในรายงาน,1745,2567-09-30,DOC-AST-2567,2. สินทรัพย์คงเหลือ2567_1.pdf
6600,พิจิตร,1700600085,สำนักงานประกันสังคมจังหวัด พิจิตร,12061200,ครุภัณฑ์งานบ้าน,9,6,58080.0,-45275.55,12804.45,ตรงกับยอดในรายงาน,1879,2567-09-30,DOC-AST-2567,2. สินทรัพย์คงเหลือ2567_1.pdf
6600,พิจิตร,1700600085,สำนักงานประกันสังคมจังหวัด พิจิตร,12061300,ครุภัณฑ์กีฬา,3,3,57700.0,-57697.0,3.0,ตรงกับยอดในรายงาน,1904,2567-09-30,DOC-AST-2567,2. สินทรัพย์คงเหลือ2567_1.pdf
6700,เพชรบูรณ์,1700600086,สำนักงานประกันสังคมจังหวัด เพชรบูรณ์,12060100,ครุภัณฑ์สนง.,286,174,4021157.9,-3345661.46,675496.44,ตรงกับยอดในรายงาน,701,2567-09-30,DOC-AST-2567,2. สินทรัพย์คงเหลือ2567_1.pdf
6700,เพชรบูรณ์,1700600086,สำนักงานประกันสังคมจังหวัด เพชรบูรณ์,12060200,ครุภัณฑ์ยานพาหนะ,9,5,5202990.0,-4428611.29,774378.71,ตรงกับยอดในรายงาน,905,2567-09-30,DOC-AST-2567,2. สินทรัพย์คงเหลือ2567_1.pdf
6700,เพชรบูรณ์,1700600086,สำนักงานประกันสังคมจังหวัด เพชรบูรณ์,12060300,ครุภัณฑ์ไฟฟ้า,28,17,1332612.1,-1068784.74,263827.36,ตรงกับยอดในรายงาน,1023,2567-09-30,DOC-AST-2567,2. สินทรัพย์คงเหลือ2567_1.pdf
6700,เพชรบูรณ์,1700600086,สำนักงานประกันสังคมจังหวัด เพชรบูรณ์,12060400,ครุภัณฑ์โฆษณา,22,15,285410.0,-246957.98,38452.02,ตรงกับยอดในรายงาน,1088,2567-09-30,DOC-AST-2567,2. สินทรัพย์คงเหลือ2567_1.pdf
6700,เพชรบูรณ์,1700600086,สำนักงานประกันสังคมจังหวัด เพชรบูรณ์,12061000,ครุภัณฑ์คอมพิวเตอร์,105,101,4427634.7,-3320459.32,1107175.38,ตรงกับยอดในรายงาน,1748,2567-09-30,DOC-AST-2567,2. สินทรัพย์คงเหลือ2567_1.pdf
6700,เพชรบูรณ์,1700600086,สำนักงานประกันสังคมจังหวัด เพชรบูรณ์,12061200,ครุภัณฑ์งานบ้าน,36,15,341963.0,-329985.99,11977.01,ตรงกับยอดในรายงาน,1880,2567-09-30,DOC-AST-2567,2. สินทรัพย์คงเหลือ2567_1.pdf
6700,เพชรบูรณ์,1700600086,สำนักงานประกันสังคมจังหวัด เพชรบูรณ์,12061300,ครุภัณฑ์กีฬา,3,3,76200.0,-76197.0,3.0,ตรงกับยอดในรายงาน,1904,2567-09-30,DOC-AST-2567,2. สินทรัพย์คงเหลือ2567_1.pdf
7000,ราชบุรี,1700600087,สำนักงานประกันสังคมจังหวัด ราชบุรี,12060100,ครุภัณฑ์สนง.,188,121,5341852.0,-4694948.72,646903.28,ตรงกับยอดในรายงาน,706,2567-09-30,DOC-AST-2567,2. สินทรัพย์คงเหลือ2567_1.pdf
7000,ราชบุรี,1700600087,สำนักงานประกันสังคมจังหวัด ราชบุรี,12060200,ครุภัณฑ์ยานพาหนะ,11,6,6292700.0,-5791300.93,501399.07,ตรงกับยอดในรายงาน,905,2567-09-30,DOC-AST-2567,2. สินทรัพย์คงเหลือ2567_1.pdf
7000,ราชบุรี,1700600087,สำนักงานประกันสังคมจังหวัด ราชบุรี,12060300,ครุภัณฑ์ไฟฟ้า,10,6,1255602.45,-857118.16,398484.29,ตรงกับยอดในรายงาน,1023,2567-09-30,DOC-AST-2567,2. สินทรัพย์คงเหลือ2567_1.pdf
7000,ราชบุรี,1700600087,สำนักงานประกันสังคมจังหวัด ราชบุรี,12060400,ครุภัณฑ์โฆษณา,21,17,1370800.0,-1328144.26,42655.74,ตรงกับยอดในรายงาน,1088,2567-09-30,DOC-AST-2567,2. สินทรัพย์คงเหลือ2567_1.pdf
7000,ราชบุรี,1700600087,สำนักงานประกันสังคมจังหวัด ราชบุรี,12061000,ครุภัณฑ์คอมพิวเตอร์,95,88,3594202.25,-2312127.2,1282075.05,ตรงกับยอดในรายงาน,1750,2567-09-30,DOC-AST-2567,2. สินทรัพย์คงเหลือ2567_1.pdf
7000,ราชบุรี,1700600087,สำนักงานประกันสังคมจังหวัด ราชบุรี,12061200,ครุภัณฑ์งานบ้าน,8,6,109630.0,-63964.62,45665.38,ตรงกับยอดในรายงาน,1880,2567-09-30,DOC-AST-2567,2. สินทรัพย์คงเหลือ2567_1.pdf
7100,กาญจนบุรี,1700600088,สำนักงานประกันสังคมจังหวัด กาญจนบุรี,12060100,ครุภัณฑ์สนง.,190,101,2256788.15,-2009757.14,247031.01,ตรงกับยอดในรายงาน,710,2567-09-30,DOC-AST-2567,2. สินทรัพย์คงเหลือ2567_1.pdf
7100,กาญจนบุรี,1700600088,สำนักงานประกันสังคมจังหวัด กาญจนบุรี,12060200,ครุภัณฑ์ยานพาหนะ,11,6,4624900.0,-4600789.32,24110.68,ตรงกับยอดในรายงาน,905,2567-09-30,DOC-AST-2567,2. สินทรัพย์คงเหลือ2567_1.pdf
7100,กาญจนบุรี,1700600088,สำนักงานประกันสังคมจังหวัด กาญจนบุรี,12060300,ครุภัณฑ์ไฟฟ้า,15,8,455761.7,-391169.41,64592.29,ตรงกับยอดในรายงาน,1023,2567-09-30,DOC-AST-2567,2. สินทรัพย์คงเหลือ2567_1.pdf
7100,กาญจนบุรี,1700600088,สำนักงานประกันสังคมจังหวัด กาญจนบุรี,12060400,ครุภัณฑ์โฆษณา,6,4,105690.0,-64266.53,41423.47,ตรงกับยอดในรายงาน,1089,2567-09-30,DOC-AST-2567,2. สินทรัพย์คงเหลือ2567_1.pdf
7100,กาญจนบุรี,1700600088,สำนักงานประกันสังคมจังหวัด กาญจนบุรี,12061000,ครุภัณฑ์คอมพิวเตอร์,83,72,2852052.0,-1583974.34,1268077.66,ตรงกับยอดในรายงาน,1752,2567-09-30,DOC-AST-2567,2. สินทรัพย์คงเหลือ2567_1.pdf
7100,กาญจนบุรี,1700600088,สำนักงานประกันสังคมจังหวัด กาญจนบุรี,12061200,ครุภัณฑ์งานบ้าน,10,8,208017.2,-208007.2,10.0,ตรงกับยอดในรายงาน,1881,2567-09-30,DOC-AST-2567,2. สินทรัพย์คงเหลือ2567_1.pdf
7200,สุพรรณบุรี,1700600089,สำนักงานประกันสังคมจังหวัด สุพรรณบุรี,12060100,ครุภัณฑ์สนง.,102,61,1568005.0,-1046760.68,521244.32,ตรงกับยอดในรายงาน,712,2567-09-30,DOC-AST-2567,2. สินทรัพย์คงเหลือ2567_1.pdf
7200,สุพรรณบุรี,1700600089,สำนักงานประกันสังคมจังหวัด สุพรรณบุรี,12060200,ครุภัณฑ์ยานพาหนะ,9,5,4644500.0,-4644491.0,9.0,ตรงกับยอดในรายงาน,906,2567-09-30,DOC-AST-2567,2. สินทรัพย์คงเหลือ2567_1.pdf
7200,สุพรรณบุรี,1700600089,สำนักงานประกันสังคมจังหวัด สุพรรณบุรี,12060300,ครุภัณฑ์ไฟฟ้า,16,8,546745.0,-489330.46,57414.54,ตรงกับยอดในรายงาน,1024,2567-09-30,DOC-AST-2567,2. สินทรัพย์คงเหลือ2567_1.pdf
7200,สุพรรณบุรี,1700600089,สำนักงานประกันสังคมจังหวัด สุพรรณบุรี,12060400,ครุภัณฑ์โฆษณา,6,4,52653.0,-52249.12,403.88,ตรงกับยอดในรายงาน,1089,2567-09-30,DOC-AST-2567,2. สินทรัพย์คงเหลือ2567_1.pdf
7200,สุพรรณบุรี,1700600089,สำนักงานประกันสังคมจังหวัด สุพรรณบุรี,12061000,ครุภัณฑ์คอมพิวเตอร์,73,67,2886722.25,-1919798.58,966923.67,ตรงกับยอดในรายงาน,1753,2567-09-30,DOC-AST-2567,2. สินทรัพย์คงเหลือ2567_1.pdf
7200,สุพรรณบุรี,1700600089,สำนักงานประกันสังคมจังหวัด สุพรรณบุรี,12061200,ครุภัณฑ์งานบ้าน,6,6,101050.0,-79081.08,21968.92,ตรงกับยอดในรายงาน,1881,2567-09-30,DOC-AST-2567,2. สินทรัพย์คงเหลือ2567_1.pdf
7300,นครปฐม,1700600090,สำนักงานประกันสังคมจังหวัด นครปฐม,12060100,ครุภัณฑ์สนง.,515,350,8620839.29,-8401069.64,219769.65,ตรงกับยอดในรายงาน,724,2567-09-30,DOC-AST-2567,2. สินทรัพย์คงเหลือ2567_1.pdf
7300,นครปฐม,1700600090,สำนักงานประกันสังคมจังหวัด นครปฐม,12060200,ครุภัณฑ์ยานพาหนะ,11,7,6527000.0,-5950468.49,576531.51,ตรงกับยอดในรายงาน,906,2567-09-30,DOC-AST-2567,2. สินทรัพย์คงเหลือ2567_1.pdf
7300,นครปฐม,1700600090,สำนักงานประกันสังคมจังหวัด นครปฐม,12060300,ครุภัณฑ์ไฟฟ้า,44,17,435714.0,-331789.66,103924.34,ตรงกับยอดในรายงาน,1025,2567-09-30,DOC-AST-2567,2. สินทรัพย์คงเหลือ2567_1.pdf
7300,นครปฐม,1700600090,สำนักงานประกันสังคมจังหวัด นครปฐม,12060400,ครุภัณฑ์โฆษณา,20,13,249530.0,-214633.85,34896.15,ตรงกับยอดในรายงาน,1089,2567-09-30,DOC-AST-2567,2. สินทรัพย์คงเหลือ2567_1.pdf
7300,นครปฐม,1700600090,สำนักงานประกันสังคมจังหวัด นครปฐม,12061000,ครุภัณฑ์คอมพิวเตอร์,189,182,6770337.0,-5174808.15,1595528.85,ตรงกับยอดในรายงาน,1758,2567-09-30,DOC-AST-2567,2. สินทรัพย์คงเหลือ2567_1.pdf
7300,นครปฐม,1700600090,สำนักงานประกันสังคมจังหวัด นครปฐม,12061200,ครุภัณฑ์งานบ้าน,9,5,57500.0,-57491.0,9.0,ตรงกับยอดในรายงาน,1881,2567-09-30,DOC-AST-2567,2. สินทรัพย์คงเหลือ2567_1.pdf
7300,นครปฐม,1700600090,สำนักงานประกันสังคมจังหวัด นครปฐม,12061500,ครุภัณฑ์สนาม,1,1,24610.0,-1869.28,22740.72,ตรงกับยอดในรายงาน,1908,2567-09-30,DOC-AST-2567,2. สินทรัพย์คงเหลือ2567_1.pdf
7400,สมุทรสาคร,1700600091,สำนักงานประกันสังคมจังหวัด สมุทรสาคร,12060100,ครุภัณฑ์สนง.,2931,1490,20208630.22,-18799465.46,1409164.76,ตรงกับยอดในรายงาน,791,2567-09-30,DOC-AST-2567,2. สินทรัพย์คงเหลือ2567_1.pdf
7400,สมุทรสาคร,1700600091,สำนักงานประกันสังคมจังหวัด สมุทรสาคร,12060200,ครุภัณฑ์ยานพาหนะ,14,9,8411262.0,-7600404.33,810857.67,ตรงกับยอดในรายงาน,906,2567-09-30,DOC-AST-2567,2. สินทรัพย์คงเหลือ2567_1.pdf
7400,สมุทรสาคร,1700600091,สำนักงานประกันสังคมจังหวัด สมุทรสาคร,12060300,ครุภัณฑ์ไฟฟ้า,40,26,1786589.95,-1514136.97,272452.98,ตรงกับยอดในรายงาน,1026,2567-09-30,DOC-AST-2567,2. สินทรัพย์คงเหลือ2567_1.pdf
7400,สมุทรสาคร,1700600091,สำนักงานประกันสังคมจังหวัด สมุทรสาคร,12060400,ครุภัณฑ์โฆษณา,19,15,562503.2,-511298.06,51205.14,ตรงกับยอดในรายงาน,1090,2567-09-30,DOC-AST-2567,2. สินทรัพย์คงเหลือ2567_1.pdf
7400,สมุทรสาคร,1700600091,สำนักงานประกันสังคมจังหวัด สมุทรสาคร,12060500,ครุภัณฑ์การเกษตร,2,2,22700.0,-22698.0,2.0,ตรงกับยอดในรายงาน,1099,2567-09-30,DOC-AST-2567,2. สินทรัพย์คงเหลือ2567_1.pdf
7400,สมุทรสาคร,1700600091,สำนักงานประกันสังคมจังหวัด สมุทรสาคร,12061000,ครุภัณฑ์คอมพิวเตอร์,271,266,10375239.15,-7861859.28,2513379.87,ตรงกับยอดในรายงาน,1764,2567-09-30,DOC-AST-2567,2. สินทรัพย์คงเหลือ2567_1.pdf
7400,สมุทรสาคร,1700600091,สำนักงานประกันสังคมจังหวัด สมุทรสาคร,12061200,ครุภัณฑ์งานบ้าน,68,65,1292813.0,-1281359.67,11453.33,ตรงกับยอดในรายงาน,1883,2567-09-30,DOC-AST-2567,2. สินทรัพย์คงเหลือ2567_1.pdf
7400,สมุทรสาคร,1700600091,สำนักงานประกันสังคมจังหวัด สมุทรสาคร,12061300,ครุภัณฑ์กีฬา,16,13,276745.0,-276729.0,16.0,ตรงกับยอดในรายงาน,1904,2567-09-30,DOC-AST-2567,2. สินทรัพย์คงเหลือ2567_1.pdf
7500,สมุทรสงคราม,1700600092,สำนักงานประกันสังคมจังหวัด สมุทรสงคราม,12060100,ครุภัณฑ์สนง.,81,66,1164913.0,-718990.68,445922.32,ตรงกับยอดในรายงาน,793,2567-09-30,DOC-AST-2567,2. สินทรัพย์คงเหลือ2567_1.pdf
7500,สมุทรสงคราม,1700600092,สำนักงานประกันสังคมจังหวัด สมุทรสงคราม,12060200,ครุภัณฑ์ยานพาหนะ,7,4,3304000.0,-2608582.91,695417.09,ตรงกับยอดในรายงาน,907,2567-09-30,DOC-AST-2567,2. สินทรัพย์คงเหลือ2567_1.pdf
7500,สมุทรสงคราม,1700600092,สำนักงานประกันสังคมจังหวัด สมุทรสงคราม,12060300,ครุภัณฑ์ไฟฟ้า,21,14,553293.3,-473448.8,79844.5,ตรงกับยอดในรายงาน,1026,2567-09-30,DOC-AST-2567,2. สินทรัพย์คงเหลือ2567_1.pdf
7500,สมุทรสงคราม,1700600092,สำนักงานประกันสังคมจังหวัด สมุทรสงคราม,12060400,ครุภัณฑ์โฆษณา,2,2,27290.0,-15196.53,12093.47,ตรงกับยอดในรายงาน,1090,2567-09-30,DOC-AST-2567,2. สินทรัพย์คงเหลือ2567_1.pdf
7500,สมุทรสงคราม,1700600092,สำนักงานประกันสังคมจังหวัด สมุทรสงคราม,12060900,ครุภัณฑ์วิทยาศาสตร์,2,1,6900.0,-5407.02,1492.98,ตรงกับยอดในรายงาน,1133,2567-09-30,DOC-AST-2567,2. สินทรัพย์คงเหลือ2567_1.pdf
7500,สมุทรสงคราม,1700600092,สำนักงานประกันสังคมจังหวัด สมุทรสงคราม,12061000,ครุภัณฑ์คอมพิวเตอร์,54,49,2145505.85,-1482555.18,662950.67,ตรงกับยอดในรายงาน,1765,2567-09-30,DOC-AST-2567,2. สินทรัพย์คงเหลือ2567_1.pdf
7500,สมุทรสงคราม,1700600092,สำนักงานประกันสังคมจังหวัด สมุทรสงคราม,12061200,ครุภัณฑ์งานบ้าน,11,8,98592.0,-54712.03,43879.97,ตรงกับยอดในรายงาน,1883,2567-09-30,DOC-AST-2567,2. สินทรัพย์คงเหลือ2567_1.pdf
7600,เพชรบุรี,1700600093,สำนักงานประกันสังคมจังหวัด เพชรบุรี,12060100,ครุภัณฑ์สนง.,193,141,2452062.04,-1940350.68,511711.36,ตรงกับยอดในรายงาน,797,2567-09-30,DOC-AST-2567,2. สินทรัพย์คงเหลือ2567_1.pdf
7600,เพชรบุรี,1700600093,สำนักงานประกันสังคมจังหวัด เพชรบุรี,12060200,ครุภัณฑ์ยานพาหนะ,7,4,4611000.0,-3618141.95,992858.05,ตรงกับยอดในรายงาน,907,2567-09-30,DOC-AST-2567,2. สินทรัพย์คงเหลือ2567_1.pdf
7600,เพชรบุรี,1700600093,สำนักงานประกันสังคมจังหวัด เพชรบุรี,12060300,ครุภัณฑ์ไฟฟ้า,28,16,700034.2,-577600.76,122433.44,ตรงกับยอดในรายงาน,1027,2567-09-30,DOC-AST-2567,2. สินทรัพย์คงเหลือ2567_1.pdf
7600,เพชรบุรี,1700600093,สำนักงานประกันสังคมจังหวัด เพชรบุรี,12060400,ครุภัณฑ์โฆษณา,4,4,86545.0,-52143.94,34401.06,ตรงกับยอดในรายงาน,1090,2567-09-30,DOC-AST-2567,2. สินทรัพย์คงเหลือ2567_1.pdf
7600,เพชรบุรี,1700600093,สำนักงานประกันสังคมจังหวัด เพชรบุรี,12061000,ครุภัณฑ์คอมพิวเตอร์,59,54,2187114.25,-1209840.07,977274.18,ตรงกับยอดในรายงาน,1767,2567-09-30,DOC-AST-2567,2. สินทรัพย์คงเหลือ2567_1.pdf
7600,เพชรบุรี,1700600093,สำนักงานประกันสังคมจังหวัด เพชรบุรี,12061200,ครุภัณฑ์งานบ้าน,98,52,519300.0,-519202.0,98.0,ตรงกับยอดในรายงาน,1885,2567-09-30,DOC-AST-2567,2. สินทรัพย์คงเหลือ2567_1.pdf
7700,ประจวบคีรีขันธ์,1700600094,สำนักงานประกันสังคมจังหวัด ประจวบคีรีขัน,12060100,ครุภัณฑ์สนง.,234,150,4083345.41,-3609173.63,474171.78,ตรงกับยอดในรายงาน,803,2567-09-30,DOC-AST-2567,2. สินทรัพย์คงเหลือ2567_1.pdf
7700,ประจวบคีรีขันธ์,1700600094,สำนักงานประกันสังคมจังหวัด ประจวบคีรีขัน,12060200,ครุภัณฑ์ยานพาหนะ,12,7,7580000.0,-6548840.28,1031159.72,ตรงกับยอดในรายงาน,907,2567-09-30,DOC-AST-2567,2. สินทรัพย์คงเหลือ2567_1.pdf
7700,ประจวบคีรีขันธ์,1700600094,สำนักงานประกันสังคมจังหวัด ประจวบคีรีขัน,12060300,ครุภัณฑ์ไฟฟ้า,28,16,938831.0,-814387.32,124443.68,ตรงกับยอดในรายงาน,1028,2567-09-30,DOC-AST-2567,2. สินทรัพย์คงเหลือ2567_1.pdf
7700,ประจวบคีรีขันธ์,1700600094,สำนักงานประกันสังคมจังหวัด ประจวบคีรีขัน,12060400,ครุภัณฑ์โฆษณา,13,11,159270.0,-97474.77,61795.23,ตรงกับยอดในรายงาน,1091,2567-09-30,DOC-AST-2567,2. สินทรัพย์คงเหลือ2567_1.pdf
7700,ประจวบคีรีขันธ์,1700600094,สำนักงานประกันสังคมจังหวัด ประจวบคีรีขัน,12061000,ครุภัณฑ์คอมพิวเตอร์,143,135,4671877.5,-3626841.41,1045036.09,ตรงกับยอดในรายงาน,1770,2567-09-30,DOC-AST-2567,2. สินทรัพย์คงเหลือ2567_1.pdf
7700,ประจวบคีรีขันธ์,1700600094,สำนักงานประกันสังคมจังหวัด ประจวบคีรีขัน,12061200,ครุภัณฑ์งานบ้าน,14,13,441400.0,-419047.36,22352.64,ตรงกับยอดในรายงาน,1886,2567-09-30,DOC-AST-2567,2. สินทรัพย์คงเหลือ2567_1.pdf
7700,ประจวบคีรีขันธ์,1700600094,สำนักงานประกันสังคมจังหวัด ประจวบคีรีขัน,12061300,ครุภัณฑ์กีฬา,7,5,144630.0,-144623.0,7.0,ตรงกับยอดในรายงาน,1904,2567-09-30,DOC-AST-2567,2. สินทรัพย์คงเหลือ2567_1.pdf
8000,นครศรีธรรมราช,1700600095,สำนักงานประกันสังคมจังหวัด นครศรีธรรมราช,12060100,ครุภัณฑ์สนง.,748,419,6600030.99,-4436122.76,2163908.23,ตรงกับยอดในรายงาน,820,2567-09-30,DOC-AST-2567,2. สินทรัพย์คงเหลือ2567_1.pdf
8000,นครศรีธรรมราช,1700600095,สำนักงานประกันสังคมจังหวัด นครศรีธรรมราช,12060200,ครุภัณฑ์ยานพาหนะ,16,9,8834100.0,-8326513.81,507586.19,ตรงกับยอดในรายงาน,908,2567-09-30,DOC-AST-2567,2. สินทรัพย์คงเหลือ2567_1.pdf
8000,นครศรีธรรมราช,1700600095,สำนักงานประกันสังคมจังหวัด นครศรีธรรมราช,12060300,ครุภัณฑ์ไฟฟ้า,131,68,884140.0,-677257.83,206882.17,ตรงกับยอดในรายงาน,1031,2567-09-30,DOC-AST-2567,2. สินทรัพย์คงเหลือ2567_1.pdf
8000,นครศรีธรรมราช,1700600095,สำนักงานประกันสังคมจังหวัด นครศรีธรรมราช,12060400,ครุภัณฑ์โฆษณา,12,9,128360.0,-103046.44,25313.56,ตรงกับยอดในรายงาน,1091,2567-09-30,DOC-AST-2567,2. สินทรัพย์คงเหลือ2567_1.pdf
8000,นครศรีธรรมราช,1700600095,สำนักงานประกันสังคมจังหวัด นครศรีธรรมราช,12061000,ครุภัณฑ์คอมพิวเตอร์,210,204,4870891.4,-3487261.52,1383629.88,ตรงกับยอดในรายงาน,1775,2567-09-30,DOC-AST-2567,2. สินทรัพย์คงเหลือ2567_1.pdf
8000,นครศรีธรรมราช,1700600095,สำนักงานประกันสังคมจังหวัด นครศรีธรรมราช,12061200,ครุภัณฑ์งานบ้าน,26,20,280420.0,-256445.54,23974.46,ตรงกับยอดในรายงาน,1886,2567-09-30,DOC-AST-2567,2. สินทรัพย์คงเหลือ2567_1.pdf
8000,นครศรีธรรมราช,1700600095,สำนักงานประกันสังคมจังหวัด นครศรีธรรมราช,12061300,ครุภัณฑ์กีฬา,9,9,176030.0,-176021.0,9.0,ตรงกับยอดในรายงาน,1905,2567-09-30,DOC-AST-2567,2. สินทรัพย์คงเหลือ2567_1.pdf
8100,กระบี่,1700600096,สำนักงานประกันสังคมจังหวัด กระบี่,12060100,ครุภัณฑ์สนง.,136,84,1945604.45,-1334049.53,611554.92,ตรงกับยอดในรายงาน,823,2567-09-30,DOC-AST-2567,2. สินทรัพย์คงเหลือ2567_1.pdf
8100,กระบี่,1700600096,สำนักงานประกันสังคมจังหวัด กระบี่,12060200,ครุภัณฑ์ยานพาหนะ,9,5,5347000.0,-4299675.08,1047324.92,ตรงกับยอดในรายงาน,908,2567-09-30,DOC-AST-2567,2. สินทรัพย์คงเหลือ2567_1.pdf
8100,กระบี่,1700600096,สำนักงานประกันสังคมจังหวัด กระบี่,12060300,ครุภัณฑ์ไฟฟ้า,9,7,248471.0,-228542.47,19928.53,ตรงกับยอดในรายงาน,1031,2567-09-30,DOC-AST-2567,2. สินทรัพย์คงเหลือ2567_1.pdf
8100,กระบี่,1700600096,สำนักงานประกันสังคมจังหวัด กระบี่,12060400,ครุภัณฑ์โฆษณา,20,14,444323.0,-404234.41,40088.59,ตรงกับยอดในรายงาน,1091,2567-09-30,DOC-AST-2567,2. สินทรัพย์คงเหลือ2567_1.pdf
8100,กระบี่,1700600096,สำนักงานประกันสังคมจังหวัด กระบี่,12061000,ครุภัณฑ์คอมพิวเตอร์,57,52,2253928.0,-1376567.85,877360.15,ตรงกับยอดในรายงาน,1776,2567-09-30,DOC-AST-2567,2. สินทรัพย์คงเหลือ2567_1.pdf
8100,กระบี่,1700600096,สำนักงานประกันสังคมจังหวัด กระบี่,12061200,ครุภัณฑ์งานบ้าน,9,8,68090.0,-68081.0,9.0,ตรงกับยอดในรายงาน,1887,2567-09-30,DOC-AST-2567,2. สินทรัพย์คงเหลือ2567_1.pdf
8100,กระบี่,1700600096,สำนักงานประกันสังคมจังหวัด กระบี่,12061300,ครุภัณฑ์กีฬา,1,1,14310.0,-14309.0,1.0,ตรงกับยอดในรายงาน,1905,2567-09-30,DOC-AST-2567,2. สินทรัพย์คงเหลือ2567_1.pdf
8200,พังงา,1700600097,สำนักงานประกันสังคมจังหวัด พังงา,12060100,ครุภัณฑ์สนง.,199,119,2808295.03,-2447010.29,361284.74,ตรงกับยอดในรายงาน,827,2567-09-30,DOC-AST-2567,2. สินทรัพย์คงเหลือ2567_1.pdf
8200,พังงา,1700600097,สำนักงานประกันสังคมจังหวัด พังงา,12060200,ครุภัณฑ์ยานพาหนะ,5,3,3444500.0,-2451782.84,992717.16,ตรงกับยอดในรายงาน,908,2567-09-30,DOC-AST-2567,2. สินทรัพย์คงเหลือ2567_1.pdf
8200,พังงา,1700600097,สำนักงานประกันสังคมจังหวัด พังงา,12060300,ครุภัณฑ์ไฟฟ้า,12,7,651303.51,-410841.4,240462.11,ตรงกับยอดในรายงาน,1032,2567-09-30,DOC-AST-2567,2. สินทรัพย์คงเหลือ2567_1.pdf
8200,พังงา,1700600097,สำนักงานประกันสังคมจังหวัด พังงา,12060400,ครุภัณฑ์โฆษณา,17,10,212692.45,-125659.23,87033.22,ตรงกับยอดในรายงาน,1092,2567-09-30,DOC-AST-2567,2. สินทรัพย์คงเหลือ2567_1.pdf
8200,พังงา,1700600097,สำนักงานประกันสังคมจังหวัด พังงา,12061000,ครุภัณฑ์คอมพิวเตอร์,43,40,1449986.9,-887342.95,562643.95,ตรงกับยอดในรายงาน,1777,2567-09-30,DOC-AST-2567,2. สินทรัพย์คงเหลือ2567_1.pdf
8200,พังงา,1700600097,สำนักงานประกันสังคมจังหวัด พังงา,12061200,ครุภัณฑ์งานบ้าน,26,15,205083.0,-187360.63,17722.37,ตรงกับยอดในรายงาน,1887,2567-09-30,DOC-AST-2567,2. สินทรัพย์คงเหลือ2567_1.pdf
8300,ภูเก็ต,1700600098,สำนักงานประกันสังคมจังหวัด ภูเก็ต,12060100,ครุภัณฑ์สนง.,379,236,5395507.29,-4442903.47,952603.82,ตรงกับยอดในรายงาน,836,2567-09-30,DOC-AST-2567,2. สินทรัพย์คงเหลือ2567_1.pdf
8300,ภูเก็ต,1700600098,สำนักงานประกันสังคมจังหวัด ภูเก็ต,12060200,ครุภัณฑ์ยานพาหนะ,11,7,7466200.0,-4319200.34,3146999.66,ตรงกับยอดในรายงาน,908,2567-09-30,DOC-AST-2567,2. สินทรัพย์คงเหลือ2567_1.pdf
8300,ภูเก็ต,1700600098,สำนักงานประกันสังคมจังหวัด ภูเก็ต,12060300,ครุภัณฑ์ไฟฟ้า,12,6,411089.0,-376941.84,34147.16,ตรงกับยอดในรายงาน,1032,2567-09-30,DOC-AST-2567,2. สินทรัพย์คงเหลือ2567_1.pdf
8300,ภูเก็ต,1700600098,สำนักงานประกันสังคมจังหวัด ภูเก็ต,12060400,ครุภัณฑ์โฆษณา,13,11,206169.3,-148996.38,57172.92,ตรงกับยอดในรายงาน,1092,2567-09-30,DOC-AST-2567,2. สินทรัพย์คงเหลือ2567_1.pdf
8300,ภูเก็ต,1700600098,สำนักงานประกันสังคมจังหวัด ภูเก็ต,12061000,ครุภัณฑ์คอมพิวเตอร์,106,100,3803778.0,-2071543.77,1732234.23,ตรงกับยอดในรายงาน,1780,2567-09-30,DOC-AST-2567,2. สินทรัพย์คงเหลือ2567_1.pdf
8300,ภูเก็ต,1700600098,สำนักงานประกันสังคมจังหวัด ภูเก็ต,12061200,ครุภัณฑ์งานบ้าน,30,23,268195.15,-200065.37,68129.78,ตรงกับยอดในรายงาน,1888,2567-09-30,DOC-AST-2567,2. สินทรัพย์คงเหลือ2567_1.pdf
8400,สุราษฎร์ธานี,1700600099,สำนักงานประกันสังคมจังหวัด สุราษฏร์ธานี,12060100,ครุภัณฑ์สนง.,207,118,3308704.04,-2148529.09,1160174.95,ตรงกับยอดในรายงาน,841,2567-09-30,DOC-AST-2567,2. สินทรัพย์คงเหลือ2567_1.pdf
8400,สุราษฎร์ธานี,1700600099,สำนักงานประกันสังคมจังหวัด สุราษฏร์ธานี,12060200,ครุภัณฑ์ยานพาหนะ,11,7,7072400.0,-4304715.79,2767684.21,ตรงกับยอดในรายงาน,909,2567-09-30,DOC-AST-2567,2. สินทรัพย์คงเหลือ2567_1.pdf
8400,สุราษฎร์ธานี,1700600099,สำนักงานประกันสังคมจังหวัด สุราษฏร์ธานี,12060300,ครุภัณฑ์ไฟฟ้า,11,9,362860.0,-236810.19,126049.81,ตรงกับยอดในรายงาน,1032,2567-09-30,DOC-AST-2567,2. สินทรัพย์คงเหลือ2567_1.pdf
8400,สุราษฎร์ธานี,1700600099,สำนักงานประกันสังคมจังหวัด สุราษฏร์ธานี,12060400,ครุภัณฑ์โฆษณา,18,10,196280.0,-168003.74,28276.26,ตรงกับยอดในรายงาน,1093,2567-09-30,DOC-AST-2567,2. สินทรัพย์คงเหลือ2567_1.pdf
8400,สุราษฎร์ธานี,1700600099,สำนักงานประกันสังคมจังหวัด สุราษฏร์ธานี,12060500,ครุภัณฑ์การเกษตร,1,1,28400.0,-28399.0,1.0,ตรงกับยอดในรายงาน,1100,2567-09-30,DOC-AST-2567,2. สินทรัพย์คงเหลือ2567_1.pdf
8400,สุราษฎร์ธานี,1700600099,สำนักงานประกันสังคมจังหวัด สุราษฏร์ธานี,12061000,ครุภัณฑ์คอมพิวเตอร์,99,90,2784755.0,-1616200.13,1168554.87,ตรงกับยอดในรายงาน,1782,2567-09-30,DOC-AST-2567,2. สินทรัพย์คงเหลือ2567_1.pdf
8400,สุราษฎร์ธานี,1700600099,สำนักงานประกันสังคมจังหวัด สุราษฏร์ธานี,12061200,ครุภัณฑ์งานบ้าน,13,10,279323.0,-198189.45,81133.55,ตรงกับยอดในรายงาน,1888,2567-09-30,DOC-AST-2567,2. สินทรัพย์คงเหลือ2567_1.pdf
8500,ระนอง,1700600100,สำนักงานประกันสังคมจังหวัด ระนอง,12060100,ครุภัณฑ์สนง.,156,98,3199101.0,-2628182.48,570918.52,ตรงกับยอดในรายงาน,844,2567-09-30,DOC-AST-2567,2. สินทรัพย์คงเหลือ2567_1.pdf
8500,ระนอง,1700600100,สำนักงานประกันสังคมจังหวัด ระนอง,12060200,ครุภัณฑ์ยานพาหนะ,7,4,3579400.0,-3303211.92,276188.08,ตรงกับยอดในรายงาน,909,2567-09-30,DOC-AST-2567,2. สินทรัพย์คงเหลือ2567_1.pdf
8500,ระนอง,1700600100,สำนักงานประกันสังคมจังหวัด ระนอง,12060300,ครุภัณฑ์ไฟฟ้า,20,14,640080.0,-547471.71,92608.29,ตรงกับยอดในรายงาน,1033,2567-09-30,DOC-AST-2567,2. สินทรัพย์คงเหลือ2567_1.pdf
8500,ระนอง,1700600100,สำนักงานประกันสังคมจังหวัด ระนอง,12060400,ครุภัณฑ์โฆษณา,15,12,263480.0,-242404.6,21075.4,ตรงกับยอดในรายงาน,1093,2567-09-30,DOC-AST-2567,2. สินทรัพย์คงเหลือ2567_1.pdf
8500,ระนอง,1700600100,สำนักงานประกันสังคมจังหวัด ระนอง,12060600,ครุภัณฑ์โรงงาน,1,1,43000.0,-6461.75,36538.25,ตรงกับยอดในรายงาน,1111,2567-09-30,DOC-AST-2567,2. สินทรัพย์คงเหลือ2567_1.pdf
8500,ระนอง,1700600100,สำนักงานประกันสังคมจังหวัด ระนอง,12061000,ครุภัณฑ์คอมพิวเตอร์,46,43,1622828.5,-1005660.93,617167.57,ตรงกับยอดในรายงาน,1783,2567-09-30,DOC-AST-2567,2. สินทรัพย์คงเหลือ2567_1.pdf
8500,ระนอง,1700600100,สำนักงานประกันสังคมจังหวัด ระนอง,12061200,ครุภัณฑ์งานบ้าน,8,5,66822.0,-66814.0,8.0,ตรงกับยอดในรายงาน,1889,2567-09-30,DOC-AST-2567,2. สินทรัพย์คงเหลือ2567_1.pdf
8600,ชุมพร,1700600101,สำนักงานประกันสังคมจังหวัด ชุมพร,12060100,ครุภัณฑ์สนง.,147,110,2079827.0,-1398238.38,681588.62,ตรงกับยอดในรายงาน,848,2567-09-30,DOC-AST-2567,2. สินทรัพย์คงเหลือ2567_1.pdf
8600,ชุมพร,1700600101,สำนักงานประกันสังคมจังหวัด ชุมพร,12060200,ครุภัณฑ์ยานพาหนะ,5,3,3499000.0,-2978241.09,520758.91,ตรงกับยอดในรายงาน,909,2567-09-30,DOC-AST-2567,2. สินทรัพย์คงเหลือ2567_1.pdf
8600,ชุมพร,1700600101,สำนักงานประกันสังคมจังหวัด ชุมพร,12060300,ครุภัณฑ์ไฟฟ้า,17,11,681570.0,-588914.99,92655.01,ตรงกับยอดในรายงาน,1033,2567-09-30,DOC-AST-2567,2. สินทรัพย์คงเหลือ2567_1.pdf
8600,ชุมพร,1700600101,สำนักงานประกันสังคมจังหวัด ชุมพร,12060400,ครุภัณฑ์โฆษณา,7,5,146290.0,-91971.73,54318.27,ตรงกับยอดในรายงาน,1093,2567-09-30,DOC-AST-2567,2. สินทรัพย์คงเหลือ2567_1.pdf
8600,ชุมพร,1700600101,สำนักงานประกันสังคมจังหวัด ชุมพร,12061000,ครุภัณฑ์คอมพิวเตอร์,58,54,2369416.05,-1554269.12,815146.93,ตรงกับยอดในรายงาน,1785,2567-09-30,DOC-AST-2567,2. สินทรัพย์คงเหลือ2567_1.pdf
8600,ชุมพร,1700600101,สำนักงานประกันสังคมจังหวัด ชุมพร,12061200,ครุภัณฑ์งานบ้าน,4,3,40990.0,-39797.16,1192.84,ตรงกับยอดในรายงาน,1889,2567-09-30,DOC-AST-2567,2. สินทรัพย์คงเหลือ2567_1.pdf
8600,ชุมพร,1700600101,สำนักงานประกันสังคมจังหวัด ชุมพร,12061300,ครุภัณฑ์กีฬา,5,5,74600.0,-74595.0,5.0,ตรงกับยอดในรายงาน,1905,2567-09-30,DOC-AST-2567,2. สินทรัพย์คงเหลือ2567_1.pdf
9000,สงขลา,1700600102,สำนักงานประกันสังคมจังหวัด สงขลา,12060100,ครุภัณฑ์สนง.,530,365,12116774.6,-10548471.23,1568303.37,ตรงกับยอดในรายงาน,860,2567-09-30,DOC-AST-2567,2. สินทรัพย์คงเหลือ2567_1.pdf
9000,สงขลา,1700600102,สำนักงานประกันสังคมจังหวัด สงขลา,12060200,ครุภัณฑ์ยานพาหนะ,21,12,13604900.0,-12375339.05,1229560.95,ตรงกับยอดในรายงาน,910,2567-09-30,DOC-AST-2567,2. สินทรัพย์คงเหลือ2567_1.pdf
9000,สงขลา,1700600102,สำนักงานประกันสังคมจังหวัด สงขลา,12060300,ครุภัณฑ์ไฟฟ้า,18,10,1395359.04,-871183.19,524175.85,ตรงกับยอดในรายงาน,1034,2567-09-30,DOC-AST-2567,2. สินทรัพย์คงเหลือ2567_1.pdf
9000,สงขลา,1700600102,สำนักงานประกันสังคมจังหวัด สงขลา,12060400,ครุภัณฑ์โฆษณา,28,17,328305.0,-290484.05,37820.95,ตรงกับยอดในรายงาน,1094,2567-09-30,DOC-AST-2567,2. สินทรัพย์คงเหลือ2567_1.pdf
9000,สงขลา,1700600102,สำนักงานประกันสังคมจังหวัด สงขลา,12060500,ครุภัณฑ์การเกษตร,4,2,35000.0,-26272.9,8727.1,ตรงกับยอดในรายงาน,1100,2567-09-30,DOC-AST-2567,2. สินทรัพย์คงเหลือ2567_1.pdf
9000,สงขลา,1700600102,สำนักงานประกันสังคมจังหวัด สงขลา,12060900,ครุภัณฑ์วิทยาศาสตร์,3,3,19500.0,-19497.0,3.0,ตรงกับยอดในรายงาน,1133,2567-09-30,DOC-AST-2567,2. สินทรัพย์คงเหลือ2567_1.pdf
9000,สงขลา,1700600102,สำนักงานประกันสังคมจังหวัด สงขลา,12061000,ครุภัณฑ์คอมพิวเตอร์,156,148,5400925.5,-3272134.42,2128791.08,ตรงกับยอดในรายงาน,1788,2567-09-30,DOC-AST-2567,2. สินทรัพย์คงเหลือ2567_1.pdf
9000,สงขลา,1700600102,สำนักงานประกันสังคมจังหวัด สงขลา,12061200,ครุภัณฑ์งานบ้าน,81,48,591719.0,-557304.93,34414.07,ตรงกับยอดในรายงาน,1891,2567-09-30,DOC-AST-2567,2. สินทรัพย์คงเหลือ2567_1.pdf
9000,สงขลา,1700600102,สำนักงานประกันสังคมจังหวัด สงขลา,12061500,ครุภัณฑ์สนาม,1,1,50000.0,-25890.41,24109.59,ตรงกับยอดในรายงาน,1908,2567-09-30,DOC-AST-2567,2. สินทรัพย์คงเหลือ2567_1.pdf
9100,สตูล,1700600103,สำนักงานประกันสังคมจังหวัด สตูล,12060100,ครุภัณฑ์สนง.,125,67,3225773.42,-3221531.76,4241.66,ตรงกับยอดในรายงาน,863,2567-09-30,DOC-AST-2567,2. สินทรัพย์คงเหลือ2567_1.pdf
9100,สตูล,1700600103,สำนักงานประกันสังคมจังหวัด สตูล,12060200,ครุภัณฑ์ยานพาหนะ,6,3,3554000.0,-3496507.32,57492.68,ตรงกับยอดในรายงาน,910,2567-09-30,DOC-AST-2567,2. สินทรัพย์คงเหลือ2567_1.pdf
9100,สตูล,1700600103,สำนักงานประกันสังคมจังหวัด สตูล,12060300,ครุภัณฑ์ไฟฟ้า,15,9,608940.0,-578980.7,29959.3,ตรงกับยอดในรายงาน,1034,2567-09-30,DOC-AST-2567,2. สินทรัพย์คงเหลือ2567_1.pdf
9100,สตูล,1700600103,สำนักงานประกันสังคมจังหวัด สตูล,12060400,ครุภัณฑ์โฆษณา,13,10,205325.0,-171879.84,33445.16,ตรงกับยอดในรายงาน,1094,2567-09-30,DOC-AST-2567,2. สินทรัพย์คงเหลือ2567_1.pdf
9100,สตูล,1700600103,สำนักงานประกันสังคมจังหวัด สตูล,12061000,ครุภัณฑ์คอมพิวเตอร์,53,50,2419066.75,-1628860.59,790206.16,ตรงกับยอดในรายงาน,1789,2567-09-30,DOC-AST-2567,2. สินทรัพย์คงเหลือ2567_1.pdf
9100,สตูล,1700600103,สำนักงานประกันสังคมจังหวัด สตูล,12061200,ครุภัณฑ์งานบ้าน,10,8,333749.8,-333739.8,10.0,ตรงกับยอดในรายงาน,1891,2567-09-30,DOC-AST-2567,2. สินทรัพย์คงเหลือ2567_1.pdf
9200,ตรัง,1700600104,สำนักงานประกันสังคมจังหวัด ตรัง,12060100,ครุภัณฑ์สนง.,91,61,1319870.0,-704584.61,615285.39,ตรงกับยอดในรายงาน,865,2567-09-30,DOC-AST-2567,2. สินทรัพย์คงเหลือ2567_1.pdf
9200,ตรัง,1700600104,สำนักงานประกันสังคมจังหวัด ตรัง,12060200,ครุภัณฑ์ยานพาหนะ,10,5,5999381.0,-5949991.88,49389.12,ตรงกับยอดในรายงาน,910,2567-09-30,DOC-AST-2567,2. สินทรัพย์คงเหลือ2567_1.pdf
9200,ตรัง,1700600104,สำนักงานประกันสังคมจังหวัด ตรัง,12060300,ครุภัณฑ์ไฟฟ้า,10,5,419020.0,-314698.81,104321.19,ตรงกับยอดในรายงาน,1034,2567-09-30,DOC-AST-2567,2. สินทรัพย์คงเหลือ2567_1.pdf
9200,ตรัง,1700600104,สำนักงานประกันสังคมจังหวัด ตรัง,12060400,ครุภัณฑ์โฆษณา,9,6,74080.0,-74071.0,9.0,ตรงกับยอดในรายงาน,1095,2567-09-30,DOC-AST-2567,2. สินทรัพย์คงเหลือ2567_1.pdf
9200,ตรัง,1700600104,สำนักงานประกันสังคมจังหวัด ตรัง,12061000,ครุภัณฑ์คอมพิวเตอร์,70,66,2335179.25,-1487548.8,847630.45,ตรงกับยอดในรายงาน,1791,2567-09-30,DOC-AST-2567,2. สินทรัพย์คงเหลือ2567_1.pdf
9200,ตรัง,1700600104,สำนักงานประกันสังคมจังหวัด ตรัง,12061200,ครุภัณฑ์งานบ้าน,8,5,48310.0,-48302.0,8.0,ตรงกับยอดในรายงาน,1891,2567-09-30,DOC-AST-2567,2. สินทรัพย์คงเหลือ2567_1.pdf
9300,พัทลุง,1700600105,สำนักงานประกันสังคมจังหวัด พัทลุง,12060100,ครุภัณฑ์สนง.,170,91,1703725.46,-1434750.77,268974.69,ตรงกับยอดในรายงาน,869,2567-09-30,DOC-AST-2567,2. สินทรัพย์คงเหลือ2567_1.pdf
9300,พัทลุง,1700600105,สำนักงานประกันสังคมจังหวัด พัทลุง,12060200,ครุภัณฑ์ยานพาหนะ,6,5,3859500.0,-3859494.0,6.0,ตรงกับยอดในรายงาน,910,2567-09-30,DOC-AST-2567,2. สินทรัพย์คงเหลือ2567_1.pdf
9300,พัทลุง,1700600105,สำนักงานประกันสังคมจังหวัด พัทลุง,12060300,ครุภัณฑ์ไฟฟ้า,2,1,148890.0,-135139.93,13750.07,ตรงกับยอดในรายงาน,1034,2567-09-30,DOC-AST-2567,2. สินทรัพย์คงเหลือ2567_1.pdf
9300,พัทลุง,1700600105,สำนักงานประกันสังคมจังหวัด พัทลุง,12060400,ครุภัณฑ์โฆษณา,4,3,133840.0,-125431.45,8408.55,ตรงกับยอดในรายงาน,1095,2567-09-30,DOC-AST-2567,2. สินทรัพย์คงเหลือ2567_1.pdf
9300,พัทลุง,1700600105,สำนักงานประกันสังคมจังหวัด พัทลุง,12061000,ครุภัณฑ์คอมพิวเตอร์,49,46,1950077.29,-1239081.84,710995.45,ตรงกับยอดในรายงาน,1792,2567-09-30,DOC-AST-2567,2. สินทรัพย์คงเหลือ2567_1.pdf
9300,พัทลุง,1700600105,สำนักงานประกันสังคมจังหวัด พัทลุง,12061200,ครุภัณฑ์งานบ้าน,2,2,115290.0,-36295.75,78994.25,ตรงกับยอดในรายงาน,1891,2567-09-30,DOC-AST-2567,2. สินทรัพย์คงเหลือ2567_1.pdf
9300,พัทลุง,1700600105,สำนักงานประกันสังคมจังหวัด พัทลุง,12061300,ครุภัณฑ์กีฬา,2,2,60500.0,-60498.0,2.0,ตรงกับยอดในรายงาน,1905,2567-09-30,DOC-AST-2567,2. สินทรัพย์คงเหลือ2567_1.pdf
9300,พัทลุง,1700600105,สำนักงานประกันสังคมจังหวัด พัทลุง,12061500,ครุภัณฑ์สนาม,1,1,29500.0,-16681.64,12818.36,ตรงกับยอดในรายงาน,1908,2567-09-30,DOC-AST-2567,2. สินทรัพย์คงเหลือ2567_1.pdf
9400,ปัตตานี,1700600106,สำนักงานประกันสังคมจังหวัด ปัตตานี,12060100,ครุภัณฑ์สนง.,75,57,1862456.0,-1149986.71,712469.29,ตรงกับยอดในรายงาน,871,2567-09-30,DOC-AST-2567,2. สินทรัพย์คงเหลือ2567_1.pdf
9400,ปัตตานี,1700600106,สำนักงานประกันสังคมจังหวัด ปัตตานี,12060200,ครุภัณฑ์ยานพาหนะ,10,5,7433500.0,-6571186.54,862313.46,ตรงกับยอดในรายงาน,911,2567-09-30,DOC-AST-2567,2. สินทรัพย์คงเหลือ2567_1.pdf
9400,ปัตตานี,1700600106,สำนักงานประกันสังคมจังหวัด ปัตตานี,12060300,ครุภัณฑ์ไฟฟ้า,9,5,120314.0,-77549.44,42764.56,ตรงกับยอดในรายงาน,1035,2567-09-30,DOC-AST-2567,2. สินทรัพย์คงเหลือ2567_1.pdf
9400,ปัตตานี,1700600106,สำนักงานประกันสังคมจังหวัด ปัตตานี,12060400,ครุภัณฑ์โฆษณา,12,7,133720.0,-115127.7,18592.3,ตรงกับยอดในรายงาน,1095,2567-09-30,DOC-AST-2567,2. สินทรัพย์คงเหลือ2567_1.pdf
9400,ปัตตานี,1700600106,สำนักงานประกันสังคมจังหวัด ปัตตานี,12060500,ครุภัณฑ์การเกษตร,3,2,64500.0,-64497.0,3.0,ตรงกับยอดในรายงาน,1100,2567-09-30,DOC-AST-2567,2. สินทรัพย์คงเหลือ2567_1.pdf
9400,ปัตตานี,1700600106,สำนักงานประกันสังคมจังหวัด ปัตตานี,12061000,ครุภัณฑ์คอมพิวเตอร์,64,61,2250069.25,-1308975.76,941093.49,ตรงกับยอดในรายงาน,1794,2567-09-30,DOC-AST-2567,2. สินทรัพย์คงเหลือ2567_1.pdf
9400,ปัตตานี,1700600106,สำนักงานประกันสังคมจังหวัด ปัตตานี,12061200,ครุภัณฑ์งานบ้าน,11,7,123830.0,-113271.66,10558.34,ตรงกับยอดในรายงาน,1892,2567-09-30,DOC-AST-2567,2. สินทรัพย์คงเหลือ2567_1.pdf
9500,ยะลา,1700600107,สำนักงานประกันสังคมจังหวัด ยะลา,12060100,ครุภัณฑ์สนง.,134,94,2544750.0,-2229442.46,315307.54,ตรงกับยอดในรายงาน,874,2567-09-30,DOC-AST-2567,2. สินทรัพย์คงเหลือ2567_1.pdf
9500,ยะลา,1700600107,สำนักงานประกันสังคมจังหวัด ยะลา,12060200,ครุภัณฑ์ยานพาหนะ,5,3,6853000.0,-4502249.07,2350750.93,ตรงกับยอดในรายงาน,911,2567-09-30,DOC-AST-2567,2. สินทรัพย์คงเหลือ2567_1.pdf
9500,ยะลา,1700600107,สำนักงานประกันสังคมจังหวัด ยะลา,12060300,ครุภัณฑ์ไฟฟ้า,9,7,290590.0,-219425.35,71164.65,ตรงกับยอดในรายงาน,1035,2567-09-30,DOC-AST-2567,2. สินทรัพย์คงเหลือ2567_1.pdf
9500,ยะลา,1700600107,สำนักงานประกันสังคมจังหวัด ยะลา,12060400,ครุภัณฑ์โฆษณา,17,14,351963.0,-319845.72,32117.28,ตรงกับยอดในรายงาน,1096,2567-09-30,DOC-AST-2567,2. สินทรัพย์คงเหลือ2567_1.pdf
9500,ยะลา,1700600107,สำนักงานประกันสังคมจังหวัด ยะลา,12061000,ครุภัณฑ์คอมพิวเตอร์,59,55,2060225.55,-1021788.03,1038437.52,ตรงกับยอดในรายงาน,1795,2567-09-30,DOC-AST-2567,2. สินทรัพย์คงเหลือ2567_1.pdf
9500,ยะลา,1700600107,สำนักงานประกันสังคมจังหวัด ยะลา,12061200,ครุภัณฑ์งานบ้าน,9,6,263830.0,-160137.61,103692.39,ตรงกับยอดในรายงาน,1892,2567-09-30,DOC-AST-2567,2. สินทรัพย์คงเหลือ2567_1.pdf
9500,ยะลา,1700600107,สำนักงานประกันสังคมจังหวัด ยะลา,12061500,ครุภัณฑ์สนาม,1,1,30000.0,-29999.0,1.0,ตรงกับยอดในรายงาน,1909,2567-09-30,DOC-AST-2567,2. สินทรัพย์คงเหลือ2567_1.pdf
9600,นราธิวาส,1700600108,สำนักงานประกันสังคมจังหวัด นราธิวาส,12060100,ครุภัณฑ์สนง.,62,35,1412820.0,-1344179.42,68640.58,ตรงกับยอดในรายงาน,875,2567-09-30,DOC-AST-2567,2. สินทรัพย์คงเหลือ2567_1.pdf
9600,นราธิวาส,1700600108,สำนักงานประกันสังคมจังหวัด นราธิวาส,12060200,ครุภัณฑ์ยานพาหนะ,7,4,6700800.0,-6179433.03,521366.97,ตรงกับยอดในรายงาน,911,2567-09-30,DOC-AST-2567,2. สินทรัพย์คงเหลือ2567_1.pdf
9600,นราธิวาส,1700600108,สำนักงานประกันสังคมจังหวัด นราธิวาส,12060300,ครุภัณฑ์ไฟฟ้า,13,9,796355.0,-753347.17,43007.83,ตรงกับยอดในรายงาน,1035,2567-09-30,DOC-AST-2567,2. สินทรัพย์คงเหลือ2567_1.pdf
9600,นราธิวาส,1700600108,สำนักงานประกันสังคมจังหวัด นราธิวาส,12060400,ครุภัณฑ์โฆษณา,10,8,148780.0,-99533.27,49246.73,ตรงกับยอดในรายงาน,1096,2567-09-30,DOC-AST-2567,2. สินทรัพย์คงเหลือ2567_1.pdf
9600,นราธิวาส,1700600108,สำนักงานประกันสังคมจังหวัด นราธิวาส,12061000,ครุภัณฑ์คอมพิวเตอร์,70,66,2351019.75,-1348369.62,1002650.13,ตรงกับยอดในรายงาน,1797,2567-09-30,DOC-AST-2567,2. สินทรัพย์คงเหลือ2567_1.pdf
9600,นราธิวาส,1700600108,สำนักงานประกันสังคมจังหวัด นราธิวาส,12061200,ครุภัณฑ์งานบ้าน,10,6,231291.0,-210561.93,20729.07,ตรงกับยอดในรายงาน,1892,2567-09-30,DOC-AST-2567,2. สินทรัพย์คงเหลือ2567_1.pdf
