ปีงบประมาณ,วันที่รายงาน,วันที่รายงาน_ไทย,แผนงาน,กลุ่มรายจ่าย,หมวดงบรายจ่าย,หมวดค่าใช้จ่าย,ลำดับรายการ,ลำดับรายการแม่,ระดับชั้น,ประเภทแถว,ชื่อรายการ,จัดสรร,รวมเบิกจ่ายและผูกพัน,คงเหลือ,เป็นรายการย่อยสุด,เป็นแถวสรุป,คอลัมน์ที่ต้นฉบับแสดงขีด,รหัสเอกสาร,ไฟล์ต้นทาง,หน้าอ้างอิง,รหัสแถว
2563,2564-01-31,31 มกราคม 2564,,,,,,,0,ยอดรวมทั้งสิ้น,รวมทั้งสิ้น,4420515932.0,3954798465.83,465717466.17,ไม่ใช่,ใช่,,DOC-BUD-2563,1.1ผลเบิกจ่ายปี 2563- final.pdf,1,2563-0001
2563,2564-01-31,31 มกราคม 2564,แผนงานบุคลากรภาครัฐ,,,,,,1,แผนงาน,แผนงานบุคลากรภาครัฐ,1384310000.0,1250063212.04,134246787.96,ไม่ใช่,ใช่,,DOC-BUD-2563,1.1ผลเบิกจ่ายปี 2563- final.pdf,1,2563-0002
2563,2564-01-31,31 มกราคม 2564,แผนงานบุคลากรภาครัฐ,,งบบุคลากร,,,,3,หมวดงบรายจ่าย,งบบุคลากร,1336361180.0,1214171830.62,122189349.38,ไม่ใช่,ใช่,,DOC-BUD-2563,1.1ผลเบิกจ่ายปี 2563- final.pdf,1,2563-0003
2563,2564-01-31,31 มกราคม 2564,แผนงานบุคลากรภาครัฐ,,งบบุคลากร,,1,,4,รายการ,1. ค่าใช้จ่ายในการจ้างพนักงานสำนักงานประกันสังคม,1306664060.0,1192602446.84,113825003.16,ใช่,ไม่ใช่,,DOC-BUD-2563,1.1ผลเบิกจ่ายปี 2563- final.pdf,1,2563-0004
2563,2564-01-31,31 มกราคม 2564,แผนงานบุคลากรภาครัฐ,,งบบุคลากร,,2,,4,รายการ,2. เงินตอบแทนเพื่อช่วยเหลือการครองชีพชั่วคราว,12789400.0,7288452.37,5500947.63,ใช่,ไม่ใช่,,DOC-BUD-2563,1.1ผลเบิกจ่ายปี 2563- final.pdf,1,2563-0005
2563,2564-01-31,31 มกราคม 2564,แผนงานบุคลากรภาครัฐ,,งบบุคลากร,,3,,4,รายการ,3. ค่าตอบแทนสำหรับผู้บริหารระดับชำนาญการพิเศษ,554400.0,501253.45,53146.55,ใช่,ไม่ใช่,,DOC-BUD-2563,1.1ผลเบิกจ่ายปี 2563- final.pdf,1,2563-0006
2563,2564-01-31,31 มกราคม 2564,แผนงานบุคลากรภาครัฐ,,งบบุคลากร,,4,,4,รายการ,4. ค่าตอบแทนสำหรับข้าราชการระดับชำนาญการ/ชำนาญการพิเศษ ซึ่งปฏิบัติ หน้าที่ในฐานะหัวหน้าสำนักงานประกันสังคมจังหวัดสาขา,2058000.0,1880223.97,177776.03,ใช่,ไม่ใช่,,DOC-BUD-2563,1.1ผลเบิกจ่ายปี 2563- final.pdf,1,2563-0007
2563,2564-01-31,31 มกราคม 2564,แผนงานบุคลากรภาครัฐ,,งบบุคลากร,,5,,4,รายการ,5. ค่าตอบแทนวิชาชีพเฉพาะด้านการลงทุนสำหรับข้าราชการ,10560000.0,9150731.19,1409268.81,ใช่,ไม่ใช่,,DOC-BUD-2563,1.1ผลเบิกจ่ายปี 2563- final.pdf,1,2563-0008
2563,2564-01-31,31 มกราคม 2564,แผนงานบุคลากรภาครัฐ,,งบบุคลากร,,6,,4,รายการ,6. ค่าตอบแทนวิชาชีพเฉพาะด้านคณิตศาสตร์ประกันภัยสำหรับข้าราชการ,1440000.0,251500.0,1188500.0,ใช่,ไม่ใช่,,DOC-BUD-2563,1.1ผลเบิกจ่ายปี 2563- final.pdf,1,2563-0009
2563,2564-01-31,31 มกราคม 2564,แผนงานบุคลากรภาครัฐ,,งบบุคลากร,,7,,4,รายการ,7. ค่าตอบแทนพิเศษของพนักงานสำนักงานประกันสังคม ผู้ที่ได้รับค่าจ้างถึงขั้นสูง หรือใกล้ถึงขั้นสูงของอันดับหรือตำแหน่ง,2295320.0,2497222.8,34707.2,ใช่,ไม่ใช่,,DOC-BUD-2563,1.1ผลเบิกจ่ายปี 2563- final.pdf,1,2563-0010
2563,2564-01-31,31 มกราคม 2564,แผนงานบุคลากรภาครัฐ,,งบดำเนินงาน,,,,3,หมวดงบรายจ่าย,งบดำเนินงาน,47348820.0,35517401.42,11831418.58,ไม่ใช่,ใช่,,DOC-BUD-2563,1.1ผลเบิกจ่ายปี 2563- final.pdf,1,2563-0011
2563,2564-01-31,31 มกราคม 2564,แผนงานบุคลากรภาครัฐ,,งบดำเนินงาน,ค่าตอบแทน,,,4,หมวดค่าใช้จ่าย,- ค่าตอบแทน,3228000.0,2886225.0,341775.0,ไม่ใช่,ใช่,,DOC-BUD-2563,1.1ผลเบิกจ่ายปี 2563- final.pdf,1,2563-0012
2563,2564-01-31,31 มกราคม 2564,แผนงานบุคลากรภาครัฐ,,งบดำเนินงาน,ค่าตอบแทน,1,,5,รายการ,1. ค่าตอบแทนพิเศษรายเดือนให้แก่เจ้าหน้าที่ผู้ปฏิบัติงานในจังหวัด ชายแดนภาคใต้,3120000.0,2825225.0,294775.0,ใช่,ไม่ใช่,,DOC-BUD-2563,1.1ผลเบิกจ่ายปี 2563- final.pdf,1,2563-0013
2563,2564-01-31,31 มกราคม 2564,แผนงานบุคลากรภาครัฐ,,งบดำเนินงาน,ค่าตอบแทน,2,,5,รายการ,2. ค่าตอบแทนเงินเพิ่มสำหรับตำแหน่งที่มีเหตุพิเศษของผู้ปฏิบัติงานด้านการ สาธารณสุขให้กับพนักงนประกันสังคมที่ปฏิบัติงาน ณ ศูนย์ฟื้นฟูสมรรถภาพคนงาน,108000.0,61000.0,47000.0,ใช่,ไม่ใช่,,DOC-BUD-2563,1.1ผลเบิกจ่ายปี 2563- final.pdf,1,2563-0014
2563,2564-01-31,31 มกราคม 2564,แผนงานบุคลากรภาครัฐ,,งบดำเนินงาน,ค่าใช้สอย,,,4,หมวดค่าใช้จ่าย,- ค่าใช้สอย,44120820.0,32631176.42,11489643.58,ไม่ใช่,ใช่,,DOC-BUD-2563,1.1ผลเบิกจ่ายปี 2563- final.pdf,1,2563-0015
2563,2564-01-31,31 มกราคม 2564,แผนงานบุคลากรภาครัฐ,,งบดำเนินงาน,ค่าใช้สอย,1,,5,รายการ,1. เงินสมทบกองทุนประกันสังคมในส่วนของนายจ้าง,41942600.0,30673542.42,11269057.58,ใช่,ไม่ใช่,,DOC-BUD-2563,1.1ผลเบิกจ่ายปี 2563- final.pdf,1,2563-0016
2563,2564-01-31,31 มกราคม 2564,แผนงานบุคลากรภาครัฐ,,งบดำเนินงาน,ค่าใช้สอย,2,,5,รายการ,2. เงินสมทบกองทุนเงินทดแทนในส่วนของนายจ้าง,2118820.0,1900034.0,218786.0,ใช่,ไม่ใช่,,DOC-BUD-2563,1.1ผลเบิกจ่ายปี 2563- final.pdf,1,2563-0017
2563,2564-01-31,31 มกราคม 2564,แผนงานบุคลากรภาครัฐ,,งบดำเนินงาน,ค่าใช้สอย,3,,5,รายการ,3. เงินประกันภัยแก่ข้าราชการ ลูกจ้างประจำ และพนักงานสำนักงาน ประกันสังคมที่ปฏิบัติงานประจำในพื้นที่ 4 จังหวัดชายแดนภาคใต้,59400.0,57600.0,1800.0,ใช่,ไม่ใช่,,DOC-BUD-2563,1.1ผลเบิกจ่ายปี 2563- final.pdf,1,2563-0018
2563,2564-01-31,31 มกราคม 2564,แผนงานบุคลากรภาครัฐ,,งบรายจ่ายอื่น,,,,3,หมวดงบรายจ่าย,งบรายจ่ายอื่น,600000.0,373980.0,226020.0,ไม่ใช่,ใช่,,DOC-BUD-2563,1.1ผลเบิกจ่ายปี 2563- final.pdf,1,2563-0019
2563,2564-01-31,31 มกราคม 2564,แผนงานบุคลากรภาครัฐ,,งบรายจ่ายอื่น,,,,4,รายการ,- เงินช่วยเหลือในกรณีที่พนักงานถึงแก่ความตาย,600000.0,373980.0,226020.0,ใช่,ไม่ใช่,,DOC-BUD-2563,1.1ผลเบิกจ่ายปี 2563- final.pdf,1,2563-0020
2563,2564-01-31,31 มกราคม 2564,แผนงานพื้นฐาน,,,,,,1,แผนงาน,แผนงานพื้นฐาน,1935860750.0,1739980365.52,182469321.48,ไม่ใช่,ใช่,,DOC-BUD-2563,1.1ผลเบิกจ่ายปี 2563- final.pdf,1,2563-0021
2563,2564-01-31,31 มกราคม 2564,แผนงานพื้นฐาน,โครงการต่อเนื่อง,,,,,2,กลุ่มรายจ่าย,โครงการต่อเนื่อง,249119600.0,238988014.33,10131585.67,ไม่ใช่,ใช่,,DOC-BUD-2563,1.1ผลเบิกจ่ายปี 2563- final.pdf,1,2563-0022
2563,2564-01-31,31 มกราคม 2564,แผนงานพื้นฐาน,โครงการต่อเนื่อง,งบดำเนินงาน,,,,3,หมวดงบรายจ่าย,งบดำเนินงาน,148329000.0,144527412.73,3801587.27,ไม่ใช่,ใช่,,DOC-BUD-2563,1.1ผลเบิกจ่ายปี 2563- final.pdf,1,2563-0023
2563,2564-01-31,31 มกราคม 2564,แผนงานพื้นฐาน,โครงการต่อเนื่อง,งบดำเนินงาน,ค่าใช้สอย,,,4,หมวดค่าใช้จ่าย,- ค่าใช้สอย,85329000.0,85027412.73,301587.27,ไม่ใช่,ใช่,,DOC-BUD-2563,1.1ผลเบิกจ่ายปี 2563- final.pdf,1,2563-0024
2563,2564-01-31,31 มกราคม 2564,แผนงานพื้นฐาน,โครงการต่อเนื่อง,งบดำเนินงาน,ค่าใช้สอย,1,,5,รายการ,1. ค่าเช่ารถยนต์,1426000.0,1124412.73,301587.27,ใช่,ไม่ใช่,,DOC-BUD-2563,1.1ผลเบิกจ่ายปี 2563- final.pdf,1,2563-0025
2563,2564-01-31,31 มกราคม 2564,แผนงานพื้นฐาน,โครงการต่อเนื่อง,งบดำเนินงาน,ค่าใช้สอย,2,,5,รายการ,2. ค่าจ้างหน่วยงานดูแลและเก็บรักษาหลักทรัพย์ (Custodian),83903000.0,83903000.0,,ใช่,ไม่ใช่,คงเหลือ,DOC-BUD-2563,1.1ผลเบิกจ่ายปี 2563- final.pdf,1,2563-0026
2563,2564-01-31,31 มกราคม 2564,แผนงานพื้นฐาน,โครงการต่อเนื่อง,งบดำเนินงาน,ค่าสาธารณูปโภค,,,4,หมวดค่าใช้จ่าย,- ค่าสาธารณูปโภค,63000000.0,59500000.0,3500000.0,ไม่ใช่,ใช่,,DOC-BUD-2563,1.1ผลเบิกจ่ายปี 2563- final.pdf,1,2563-0027
2563,2564-01-31,31 มกราคม 2564,แผนงานพื้นฐาน,โครงการต่อเนื่อง,งบดำเนินงาน,ค่าสาธารณูปโภค,,,5,รายละเอียดของแถวบน,- ค่าเช่าระบบโครงข่ายระบบสื่อสัญญาณและระบบเทคโนโลยีสารสนเทศ เพื่องานประกันสังคม,63000000.0,59500000.0,3500000.0,ใช่,ใช่,,DOC-BUD-2563,1.1ผลเบิกจ่ายปี 2563- final.pdf,1,2563-0028
2563,2564-01-31,31 มกราคม 2564,แผนงานพื้นฐาน,โครงการต่อเนื่อง,งบลงทุน,,,,3,หมวดงบรายจ่าย,งบลงทุน,15209800.0,10003620.0,5206180.0,ไม่ใช่,ใช่,,DOC-BUD-2563,1.1ผลเบิกจ่ายปี 2563- final.pdf,1,2563-0029
2563,2564-01-31,31 มกราคม 2564,แผนงานพื้นฐาน,โครงการต่อเนื่อง,งบลงทุน,,,,4,รายการ,- งานก่อสร้างอาคารสำนักงานประกันสังคมจังหวัดบึงกาฬ,15209800.0,10003620.0,5206180.0,ใช่,ไม่ใช่,,DOC-BUD-2563,1.1ผลเบิกจ่ายปี 2563- final.pdf,2,2563-0030
2563,2564-01-31,31 มกราคม 2564,แผนงานพื้นฐาน,โครงการต่อเนื่อง,งบรายจ่ายอื่น,,,,3,หมวดงบรายจ่าย,งบรายจ่ายอื่น,85580800.0,84456981.6,1123818.4,ไม่ใช่,ใช่,,DOC-BUD-2563,1.1ผลเบิกจ่ายปี 2563- final.pdf,2,2563-0031
2563,2564-01-31,31 มกราคม 2564,แผนงานพื้นฐาน,โครงการต่อเนื่อง,งบรายจ่ายอื่น,,1,,4,รายการ,1. โครงการตรวจสอบข้อมูลการใช้บริการทางการแพทย์แบบบูรณาการของสถานพยาบาล ประกันสังคม(กรณีโรคที่มีค่าใช้จ่ายสูงและกรณีโรคที่มีภาระเสี่ยง),11261800.0,10774886.0,486914.0,ใช่,ไม่ใช่,,DOC-BUD-2563,1.1ผลเบิกจ่ายปี 2563- final.pdf,2,2563-0032
2563,2564-01-31,31 มกราคม 2564,แผนงานพื้นฐาน,โครงการต่อเนื่อง,งบรายจ่ายอื่น,,2,,4,รายการ,2. โครงการตรวจประเมินการให้บริการทางการแพทย์ของสถานพยาบาลหลัก ที่ให้บริการแก่ผู้ประกันตน ประจำปี 2561 - 2563,3519000.0,3062680.0,456320.0,ใช่,ไม่ใช่,,DOC-BUD-2563,1.1ผลเบิกจ่ายปี 2563- final.pdf,2,2563-0033
2563,2564-01-31,31 มกราคม 2564,แผนงานพื้นฐาน,โครงการต่อเนื่อง,งบรายจ่ายอื่น,,3,,4,รายการ,3. โครงการพัฒนาระบบโครงข่ายระบบสื่อสัญญาณและระบบเทคโนโลยีสารสนเทศ เพื่องานประกันสังคม,66000000.0,65943015.6,56984.4,ใช่,ไม่ใช่,,DOC-BUD-2563,1.1ผลเบิกจ่ายปี 2563- final.pdf,2,2563-0034
2563,2564-01-31,31 มกราคม 2564,แผนงานพื้นฐาน,โครงการต่อเนื่อง,งบรายจ่ายอื่น,,4,,4,รายการ,4. ค่าจ้างที่ปรึกษาด้านเทคโนโลยีสารสนเทศและการสื่อสาร,4800000.0,4676400.0,123600.0,ใช่,ไม่ใช่,,DOC-BUD-2563,1.1ผลเบิกจ่ายปี 2563- final.pdf,2,2563-0035
2563,2564-01-31,31 มกราคม 2564,แผนงานพื้นฐาน,รายจ่ายเพื่อบริหารงานประจำ,,,,,2,กลุ่มรายจ่าย,รายจ่ายเพื่อบริหารงานประจำ,1686741150.0,1500992351.19,172337735.81,ไม่ใช่,ใช่,,DOC-BUD-2563,1.1ผลเบิกจ่ายปี 2563- final.pdf,2,2563-0036
2563,2564-01-31,31 มกราคม 2564,แผนงานพื้นฐาน,รายจ่ายเพื่อบริหารงานประจำ,งบดำเนินงาน,,,,3,หมวดงบรายจ่าย,งบดำเนินงาน,1506912750.0,1369156258.93,133448562.53,ไม่ใช่,ใช่,,DOC-BUD-2563,1.1ผลเบิกจ่ายปี 2563- final.pdf,2,2563-0037
2563,2564-01-31,31 มกราคม 2564,แผนงานพื้นฐาน,รายจ่ายเพื่อบริหารงานประจำ,งบดำเนินงาน,ค่าตอบแทน,,,4,หมวดค่าใช้จ่าย,- ค่าตอบแทน,265113650.0,239655202.95,28005287.05,ไม่ใช่,ใช่,,DOC-BUD-2563,1.1ผลเบิกจ่ายปี 2563- final.pdf,2,2563-0038
2563,2564-01-31,31 มกราคม 2564,แผนงานพื้นฐาน,รายจ่ายเพื่อบริหารงานประจำ,งบดำเนินงาน,ค่าตอบแทน,1,,5,รายการ,1. ค่าตอบแทนการปฏิบัติงานนอกเวลาราชการ,110400000.0,111021450.0,1821290.0,ใช่,ไม่ใช่,,DOC-BUD-2563,1.1ผลเบิกจ่ายปี 2563- final.pdf,2,2563-0039
2563,2564-01-31,31 มกราคม 2564,แผนงานพื้นฐาน,รายจ่ายเพื่อบริหารงานประจำ,งบดำเนินงาน,ค่าตอบแทน,2,,5,รายการ,2. ค่าเบี้ยประชุมคณะกรรมการ//อนุกรรมการคณะทำงาน,31160100.0,23795475.0,7377225.0,ใช่,ไม่ใช่,,DOC-BUD-2563,1.1ผลเบิกจ่ายปี 2563- final.pdf,2,2563-0040
2563,2564-01-31,31 มกราคม 2564,แผนงานพื้นฐาน,รายจ่ายเพื่อบริหารงานประจำ,งบดำเนินงาน,ค่าตอบแทน,3,,5,รายการ,3. ค่าใช้จ่ายในการเดินทางมาประชุมของคณะกรรมการ ที่ปรึกษา และคณะอนุกรรมการ,9566000.0,5093400.0,4472600.0,ใช่,ไม่ใช่,,DOC-BUD-2563,1.1ผลเบิกจ่ายปี 2563- final.pdf,2,2563-0041
2563,2564-01-31,31 มกราคม 2564,แผนงานพื้นฐาน,รายจ่ายเพื่อบริหารงานประจำ,งบดำเนินงาน,ค่าตอบแทน,4,,5,รายการ,4. ค่าตอบแทนคณะกรรมการตรวจการจ้างและผู้ควบคุมงาน ก่อสร้างที่มีคำสั่งแต่งตั้งจากทางราชการ,1390250.0,431900.0,1049850.0,ใช่,ไม่ใช่,,DOC-BUD-2563,1.1ผลเบิกจ่ายปี 2563- final.pdf,2,2563-0042
2563,2564-01-31,31 มกราคม 2564,แผนงานพื้นฐาน,รายจ่ายเพื่อบริหารงานประจำ,งบดำเนินงาน,ค่าตอบแทน,5,,5,รายการ,5. ค่าตอบแทนกรรมการผู้อ่านผลงานทางวิชาการ,295000.0,166600.0,128400.0,ใช่,ไม่ใช่,,DOC-BUD-2563,1.1ผลเบิกจ่ายปี 2563- final.pdf,2,2563-0043
2563,2564-01-31,31 มกราคม 2564,แผนงานพื้นฐาน,รายจ่ายเพื่อบริหารงานประจำ,งบดำเนินงาน,ค่าตอบแทน,6,,5,รายการ,6. ค่าตอบแทนกรณีพิเศษให้กับพนักงานสำนักงานประกันสังคม,111045200.0,98256167.95,12789032.05,ใช่,ไม่ใช่,,DOC-BUD-2563,1.1ผลเบิกจ่ายปี 2563- final.pdf,2,2563-0044
2563,2564-01-31,31 มกราคม 2564,แผนงานพื้นฐาน,รายจ่ายเพื่อบริหารงานประจำ,งบดำเนินงาน,ค่าตอบแทน,7,,5,รายการ,7. เงินสมนาคุณกรรมการสอบสวนทางวินัย,32000.0,,32000.0,ใช่,ไม่ใช่,รวมเบิกจ่ายและผูกพัน,DOC-BUD-2563,1.1ผลเบิกจ่ายปี 2563- final.pdf,2,2563-0045
2563,2564-01-31,31 มกราคม 2564,แผนงานพื้นฐาน,รายจ่ายเพื่อบริหารงานประจำ,งบดำเนินงาน,ค่าตอบแทน,8,,5,รายการ,8. ค่าตอบแทนกรรมการออกข้อสอบและสอบสัมภาษณ์,173600.0,133908.0,39692.0,ใช่,ไม่ใช่,,DOC-BUD-2563,1.1ผลเบิกจ่ายปี 2563- final.pdf,2,2563-0046
2563,2564-01-31,31 มกราคม 2564,แผนงานพื้นฐาน,รายจ่ายเพื่อบริหารงานประจำ,งบดำเนินงาน,ค่าตอบแทน,9,,5,รายการ,9. ค่าตอบแทนเจ้าหน้าที่ดำเนินการสอบ,90000.0,90000.0,,ใช่,ไม่ใช่,คงเหลือ,DOC-BUD-2563,1.1ผลเบิกจ่ายปี 2563- final.pdf,2,2563-0047
2563,2564-01-31,31 มกราคม 2564,แผนงานพื้นฐาน,รายจ่ายเพื่อบริหารงานประจำ,งบดำเนินงาน,ค่าตอบแทน,10,,5,รายการ,10. ค่าตอบแทนให้กับผู้อ่านผลงานวิจัย,54000.0,46500.0,7500.0,ใช่,ไม่ใช่,,DOC-BUD-2563,1.1ผลเบิกจ่ายปี 2563- final.pdf,2,2563-0048
2563,2564-01-31,31 มกราคม 2564,แผนงานพื้นฐาน,รายจ่ายเพื่อบริหารงานประจำ,งบดำเนินงาน,ค่าตอบแทน,11,,5,รายการ,11. ค่าตอบแทนแพทย์ผู้เชี่ยวชาญกรณีที่ให้คำปรึกษาและให้ความเห็น เป็นลายลักษณ์อักษรแก่สำนักงานประกันสังคม คณะกรรมการการแพทย์ และคณะอนุกรรมการในคณะกรรมการการแพทย์,500000.0,495000.0,5000.0,ใช่,ไม่ใช่,,DOC-BUD-2563,1.1ผลเบิกจ่ายปี 2563- final.pdf,2,2563-0049
2563,2564-01-31,31 มกราคม 2564,แผนงานพื้นฐาน,รายจ่ายเพื่อบริหารงานประจำ,งบดำเนินงาน,ค่าตอบแทน,12,,5,รายการ,12. ค่าตอบแทนแก่ราชวิทยาลัยแพทย์สภา กรณีที่มีเรื่องหารือด้านการแพทย์,18000.0,,18000.0,ใช่,ไม่ใช่,รวมเบิกจ่ายและผูกพัน,DOC-BUD-2563,1.1ผลเบิกจ่ายปี 2563- final.pdf,2,2563-0050
2563,2564-01-31,31 มกราคม 2564,แผนงานพื้นฐาน,รายจ่ายเพื่อบริหารงานประจำ,งบดำเนินงาน,ค่าตอบแทน,13,,5,รายการ,13. ค่าตอบแทนจ้าหน้าที่ตำรวจรักษาความปลอดภัยในการนำเงินสดฝากธนาคาร,96000.0,94200.0,1800.0,ใช่,ไม่ใช่,,DOC-BUD-2563,1.1ผลเบิกจ่ายปี 2563- final.pdf,2,2563-0051
2563,2564-01-31,31 มกราคม 2564,แผนงานพื้นฐาน,รายจ่ายเพื่อบริหารงานประจำ,งบดำเนินงาน,ค่าตอบแทน,14,,5,รายการ,14. ค่าจ้างแปลเอกสารจากภาษาต่างประเทศเป็นภาษาไทย และจากภาษาไทย เป็นภาษาต่างประเทศ,193500.0,,193500.0,ใช่,ไม่ใช่,รวมเบิกจ่ายและผูกพัน,DOC-BUD-2563,1.1ผลเบิกจ่ายปี 2563- final.pdf,2,2563-0052
2563,2564-01-31,31 มกราคม 2564,แผนงานพื้นฐาน,รายจ่ายเพื่อบริหารงานประจำ,งบดำเนินงาน,ค่าตอบแทน,15,,5,รายการ,15. ค่าตอบแทนล่ามในการแปลภาษาท้องถิ่น ภาษต่างประเทศ หรือภาษามือ,100000.0,30602.0,69398.0,ใช่,ไม่ใช่,,DOC-BUD-2563,1.1ผลเบิกจ่ายปี 2563- final.pdf,2,2563-0053
2563,2564-01-31,31 มกราคม 2564,แผนงานพื้นฐาน,รายจ่ายเพื่อบริหารงานประจำ,งบดำเนินงาน,ค่าใช้สอย -,,,4,หมวดค่าใช้จ่าย,- ค่าใช้สอย -,883481200.0,821090605.94,57124914.52,ไม่ใช่,ใช่,,DOC-BUD-2563,1.1ผลเบิกจ่ายปี 2563- final.pdf,2,2563-0054
2563,2564-01-31,31 มกราคม 2564,แผนงานพื้นฐาน,รายจ่ายเพื่อบริหารงานประจำ,งบดำเนินงาน,ค่าใช้สอย -,1,,5,รายการ,1. ค่าเบี้ยเลี้ยง ที่พัก พาหนะ และอื่น ๆ,38080700.0,23484246.18,12876136.82,ใช่,ไม่ใช่,,DOC-BUD-2563,1.1ผลเบิกจ่ายปี 2563- final.pdf,2,2563-0055
2563,2564-01-31,31 มกราคม 2564,แผนงานพื้นฐาน,รายจ่ายเพื่อบริหารงานประจำ,งบดำเนินงาน,ค่าใช้สอย -,2,,5,รายการ,2. ค่าผ่านทางด่วนพิเศษ,736600.0,365464.0,365226.0,ใช่,ไม่ใช่,,DOC-BUD-2563,1.1ผลเบิกจ่ายปี 2563- final.pdf,2,2563-0056
2563,2564-01-31,31 มกราคม 2564,แผนงานพื้นฐาน,รายจ่ายเพื่อบริหารงานประจำ,งบดำเนินงาน,ค่าใช้สอย -,3,,5,รายการ,3. ค่าใช้จ่ายในการเดินทางภายในประเทศของผู้รับการอบรม,19558000.0,12745297.25,6892702.75,ใช่,ไม่ใช่,,DOC-BUD-2563,1.1ผลเบิกจ่ายปี 2563- final.pdf,2,2563-0057
2563,2564-01-31,31 มกราคม 2564,แผนงานพื้นฐาน,รายจ่ายเพื่อบริหารงานประจำ,งบดำเนินงาน,ค่าใช้สอย -,4,,5,รายการ,4. ค่าใช้จ่ายในการจัดประชุม อบรม สัมมนาและค่าอาหารว่าง,11582500.0,4576646.35,5760483.65,ไม่ใช่,ไม่ใช่,,DOC-BUD-2563,1.1ผลเบิกจ่ายปี 2563- final.pdf,2,2563-0058
2563,2564-01-31,31 มกราคม 2564,แผนงานพื้นฐาน,รายจ่ายเพื่อบริหารงานประจำ,งบดำเนินงาน,ค่าใช้สอย -,,4.,6,รายละเอียดของแถวบน,- ค่ารับรองและพิธีการ,11582500.0,4576646.35,5760483.65,ใช่,ใช่,,DOC-BUD-2563,1.1ผลเบิกจ่ายปี 2563- final.pdf,2,2563-0059
2563,2564-01-31,31 มกราคม 2564,แผนงานพื้นฐาน,รายจ่ายเพื่อบริหารงานประจำ,งบดำเนินงาน,ค่าใช้สอย -,5,,5,รายการ,5. ค่าซ่อมแซมบำรุงรักษาทรัพย์สิน,18790300.0,14894471.26,3947728.74,ใช่,ไม่ใช่,,DOC-BUD-2563,1.1ผลเบิกจ่ายปี 2563- final.pdf,2,2563-0060
2563,2564-01-31,31 มกราคม 2564,แผนงานพื้นฐาน,รายจ่ายเพื่อบริหารงานประจำ,งบดำเนินงาน,ค่าใช้สอย -,6,,5,รายการ,6. ค่าซ่อมแซมบำรุงรักษารถยนต์,12976800.0,8377380.01,4599419.99,ใช่,ไม่ใช่,,DOC-BUD-2563,1.1ผลเบิกจ่ายปี 2563- final.pdf,2,2563-0061
2563,2564-01-31,31 มกราคม 2564,แผนงานพื้นฐาน,รายจ่ายเพื่อบริหารงานประจำ,งบดำเนินงาน,ค่าใช้สอย -,7,,5,รายการ,7. ค่าซอมแซมปรับปรุงอาคารหรือสิ่งก่อสร้าง,2177000.0,1928628.28,248371.72,ใช่,ไม่ใช่,,DOC-BUD-2563,1.1ผลเบิกจ่ายปี 2563- final.pdf,2,2563-0062
2563,2564-01-31,31 มกราคม 2564,แผนงานพื้นฐาน,รายจ่ายเพื่อบริหารงานประจำ,งบดำเนินงาน,ค่าใช้สอย -,8,,5,รายการ,8. ค่าจ้างเหมาบริการต่าง ๆ,9933000.0,8855144.21,1559695.79,ใช่,ไม่ใช่,,DOC-BUD-2563,1.1ผลเบิกจ่ายปี 2563- final.pdf,2,2563-0063
2563,2564-01-31,31 มกราคม 2564,แผนงานพื้นฐาน,รายจ่ายเพื่อบริหารงานประจำ,งบดำเนินงาน,ค่าใช้สอย -,9,,5,รายการ,9. ค่าจ้างเหมากำจัดปลวก มด แมลง และหนู,2993400.0,2461059.2,482940.8,ใช่,ไม่ใช่,,DOC-BUD-2563,1.1ผลเบิกจ่ายปี 2563- final.pdf,3,2563-0064
2563,2564-01-31,31 มกราคม 2564,แผนงานพื้นฐาน,รายจ่ายเพื่อบริหารงานประจำ,งบดำเนินงาน,ค่าใช้สอย -,10,,5,รายการ,10. ค่าจ้างเหมารักษาความปลอดภัยอาคารสำนักงานประกันสังคม,91436000.0,90186451.96,611300.04,ใช่,ไม่ใช่,,DOC-BUD-2563,1.1ผลเบิกจ่ายปี 2563- final.pdf,3,2563-0065
2563,2564-01-31,31 มกราคม 2564,แผนงานพื้นฐาน,รายจ่ายเพื่อบริหารงานประจำ,งบดำเนินงาน,ค่าใช้สอย -,11,,5,รายการ,11. ค่าจ้างเหมารักษาความสะอาดอาคารสำนักงานประกันสังคม,56331200.0,52400156.73,1739966.73,ใช่,ไม่ใช่,,DOC-BUD-2563,1.1ผลเบิกจ่ายปี 2563- final.pdf,3,2563-0066
2563,2564-01-31,31 มกราคม 2564,แผนงานพื้นฐาน,รายจ่ายเพื่อบริหารงานประจำ,งบดำเนินงาน,ค่าใช้สอย -,12,,5,รายการ,12. ค่าจ้างเหมาบำรุงรักษาสวนหย่อม,6451400.0,6122754.08,252033.92,ใช่,ไม่ใช่,,DOC-BUD-2563,1.1ผลเบิกจ่ายปี 2563- final.pdf,3,2563-0067
2563,2564-01-31,31 มกราคม 2564,แผนงานพื้นฐาน,รายจ่ายเพื่อบริหารงานประจำ,งบดำเนินงาน,ค่าใช้สอย -,13,,5,รายการ,13. ค่าจ้างเหมาพนักงานขับรถยนต์,9090000.0,8877957.74,1007042.26,ใช่,ไม่ใช่,,DOC-BUD-2563,1.1ผลเบิกจ่ายปี 2563- final.pdf,3,2563-0068
2563,2564-01-31,31 มกราคม 2564,แผนงานพื้นฐาน,รายจ่ายเพื่อบริหารงานประจำ,งบดำเนินงาน,ค่าใช้สอย -,14,,5,รายการ,14. ค่าขนย้ายและติดตั้งครุภัณฑ์และทรัพย์สินต่าง ๆ,830000.0,432930.3,437569.7,ใช่,ไม่ใช่,,DOC-BUD-2563,1.1ผลเบิกจ่ายปี 2563- final.pdf,3,2563-0069
2563,2564-01-31,31 มกราคม 2564,แผนงานพื้นฐาน,รายจ่ายเพื่อบริหารงานประจำ,งบดำเนินงาน,ค่าใช้สอย -,15,,5,รายการ,"15. ค่าเช่าอาคารพาณิชย์เป็นที่ทำการสำนักงานประกันสังคมพื้นที่, และอาคารเก็บเอกสาร",58607100.0,57847646.72,759453.28,ใช่,ไม่ใช่,,DOC-BUD-2563,1.1ผลเบิกจ่ายปี 2563- final.pdf,3,2563-0070
2563,2564-01-31,31 มกราคม 2564,แผนงานพื้นฐาน,รายจ่ายเพื่อบริหารงานประจำ,งบดำเนินงาน,ค่าใช้สอย -,16,,5,รายการ,16. ค่าเช่าที่ดิน,123600.0,123574.0,26.0,ใช่,ไม่ใช่,,DOC-BUD-2563,1.1ผลเบิกจ่ายปี 2563- final.pdf,3,2563-0071
2563,2564-01-31,31 มกราคม 2564,แผนงานพื้นฐาน,รายจ่ายเพื่อบริหารงานประจำ,งบดำเนินงาน,ค่าใช้สอย -,17,,5,รายการ,17. ค่าประกันภัยรถยนต์ราชการ,1342700.0,939907.89,402792.11,ใช่,ไม่ใช่,,DOC-BUD-2563,1.1ผลเบิกจ่ายปี 2563- final.pdf,3,2563-0072
2563,2564-01-31,31 มกราคม 2564,แผนงานพื้นฐาน,รายจ่ายเพื่อบริหารงานประจำ,งบดำเนินงาน,ค่าใช้สอย -,18,,5,รายการ,18. ค่าจ้างตรวจและทดสอบสภาพรถยนต์ที่ติดตั้งอุปกรณ์ NGV,500.0,,500.0,ใช่,ไม่ใช่,รวมเบิกจ่ายและผูกพัน,DOC-BUD-2563,1.1ผลเบิกจ่ายปี 2563- final.pdf,3,2563-0073
2563,2564-01-31,31 มกราคม 2564,แผนงานพื้นฐาน,รายจ่ายเพื่อบริหารงานประจำ,งบดำเนินงาน,ค่าใช้สอย -,19,,5,รายการ,19. ค่าเช่าเครื่องถ่ายเอกสาร,8935900.0,7038557.92,944322.08,ใช่,ไม่ใช่,,DOC-BUD-2563,1.1ผลเบิกจ่ายปี 2563- final.pdf,3,2563-0074
2563,2564-01-31,31 มกราคม 2564,แผนงานพื้นฐาน,รายจ่ายเพื่อบริหารงานประจำ,งบดำเนินงาน,ค่าใช้สอย -,20,,5,รายการ,20. ค่าบำรุงรักษาระบบคอมพิวเตอร์,451647800.0,448775677.2,876444.8,ไม่ใช่,ไม่ใช่,,DOC-BUD-2563,1.1ผลเบิกจ่ายปี 2563- final.pdf,3,2563-0075
2563,2564-01-31,31 มกราคม 2564,แผนงานพื้นฐาน,รายจ่ายเพื่อบริหารงานประจำ,งบดำเนินงาน,ค่าใช้สอย -,1,20.,6,รายการ,1. ค่าจ้างบำรุงรักษาเครื่องคอมพิวเตอร์เมนเฟรมและอุปกรณ์ต่อพ่วง ศูนย์คอมพิวเตอร์หลัก และศูนย์คอมพิวเตอร์สำรอง,37086200.0,37059000.0,,ใช่,ไม่ใช่,คงเหลือ,DOC-BUD-2563,1.1ผลเบิกจ่ายปี 2563- final.pdf,3,2563-0076
2563,2564-01-31,31 มกราคม 2564,แผนงานพื้นฐาน,รายจ่ายเพื่อบริหารงานประจำ,งบดำเนินงาน,ค่าใช้สอย -,2,20.,6,รายการ,2. ค่าจ้างบำรุงรักษาโปรแกรม Sapiens ObjectPool,1518000.0,1428000.0,,ใช่,ไม่ใช่,คงเหลือ,DOC-BUD-2563,1.1ผลเบิกจ่ายปี 2563- final.pdf,3,2563-0077
2563,2564-01-31,31 มกราคม 2564,แผนงานพื้นฐาน,รายจ่ายเพื่อบริหารงานประจำ,งบดำเนินงาน,ค่าใช้สอย -,3,20.,6,รายการ,3. ค่าจ้างบำรุงรักษาโปรแกรม ViewDirect For OS/390,1452000.0,1446000.0,,ใช่,ไม่ใช่,คงเหลือ,DOC-BUD-2563,1.1ผลเบิกจ่ายปี 2563- final.pdf,3,2563-0078
2563,2564-01-31,31 มกราคม 2564,แผนงานพื้นฐาน,รายจ่ายเพื่อบริหารงานประจำ,งบดำเนินงาน,ค่าใช้สอย -,4,20.,6,รายการ,4. ค่าจ้างบำรุงรักษาระบบงานประกันสังคมบนเครื่องคอมพิวเตอร์เมนเฟรม,16200000.0,16200000.0,,ใช่,ไม่ใช่,คงเหลือ,DOC-BUD-2563,1.1ผลเบิกจ่ายปี 2563- final.pdf,3,2563-0079
2563,2564-01-31,31 มกราคม 2564,แผนงานพื้นฐาน,รายจ่ายเพื่อบริหารงานประจำ,งบดำเนินงาน,ค่าใช้สอย -,5,20.,6,รายการ,5. ค่าจ้างบำรุงรักษาและปรับปรุงระบบงานสารสนเทศเพื่อการจัดการ,463300.0,463200.0,,ใช่,ไม่ใช่,คงเหลือ,DOC-BUD-2563,1.1ผลเบิกจ่ายปี 2563- final.pdf,3,2563-0080
2563,2564-01-31,31 มกราคม 2564,แผนงานพื้นฐาน,รายจ่ายเพื่อบริหารงานประจำ,งบดำเนินงาน,ค่าใช้สอย -,6,20.,6,รายการ,6. ค่าจ้างบำรุงรักษาระบบสารสนเทศการจ่ายประโยชน์ทดแทน กรณีชราภาพ,1075800.0,1075200.0,,ใช่,ไม่ใช่,คงเหลือ,DOC-BUD-2563,1.1ผลเบิกจ่ายปี 2563- final.pdf,3,2563-0081
2563,2564-01-31,31 มกราคม 2564,แผนงานพื้นฐาน,รายจ่ายเพื่อบริหารงานประจำ,งบดำเนินงาน,ค่าใช้สอย -,7,20.,6,รายการ,7. ค่าจ้างบำรุงรักษาและปรับปรุงระบบฐานข้อมูลเพื่อการบริหารงานประกันสังคม ในรูปบบ e-Service,5400000.0,5400000.0,,ใช่,ไม่ใช่,คงเหลือ,DOC-BUD-2563,1.1ผลเบิกจ่ายปี 2563- final.pdf,3,2563-0082
2563,2564-01-31,31 มกราคม 2564,แผนงานพื้นฐาน,รายจ่ายเพื่อบริหารงานประจำ,งบดำเนินงาน,ค่าใช้สอย -,8,20.,6,รายการ,8. ค่าจ้างบำรุงรักษาโปรแกรมบริหารการลงทุน,5934000.0,5779920.0,,ใช่,ไม่ใช่,คงเหลือ,DOC-BUD-2563,1.1ผลเบิกจ่ายปี 2563- final.pdf,3,2563-0083
2563,2564-01-31,31 มกราคม 2564,แผนงานพื้นฐาน,รายจ่ายเพื่อบริหารงานประจำ,งบดำเนินงาน,ค่าใช้สอย -,9,20.,6,รายการ,9. ค่าจ้างบำรุงรักษาระบบแปลงรายงาน (Reports Conversion),464900.0,456000.0,,ใช่,ไม่ใช่,คงเหลือ,DOC-BUD-2563,1.1ผลเบิกจ่ายปี 2563- final.pdf,3,2563-0084
2563,2564-01-31,31 มกราคม 2564,แผนงานพื้นฐาน,รายจ่ายเพื่อบริหารงานประจำ,งบดำเนินงาน,ค่าใช้สอย -,,20.,6,รายการ,"10. ค่าจ้างบำรุงรักษาระบบเครือข่ายสื่อสารคอมพิวเตอร์ภายในสำนักงานประกันสังคม สำนักงานใหญ่ และสำนักงานประกันสังคมกรุงเทพมหานครพื้นที่ 3 ()
ดินแดง",4460000.0,4440000.0,,ใช่,ไม่ใช่,คงเหลือ,DOC-BUD-2563,1.1ผลเบิกจ่ายปี 2563- final.pdf,3,2563-0085
2563,2564-01-31,31 มกราคม 2564,แผนงานพื้นฐาน,รายจ่ายเพื่อบริหารงานประจำ,งบดำเนินงาน,ค่าใช้สอย -,11,20.,6,รายการ,11. ค่าจ้างบำรุงรักษาอุปกรณ์ระบบประชุม สัมมนา ฝึกอบรมงานประกันสังคม สำหรับนายจ้างและผู้ประกันตนแบบทางไกล,6096000.0,6090000.0,,ใช่,ไม่ใช่,คงเหลือ,DOC-BUD-2563,1.1ผลเบิกจ่ายปี 2563- final.pdf,3,2563-0086
2563,2564-01-31,31 มกราคม 2564,แผนงานพื้นฐาน,รายจ่ายเพื่อบริหารงานประจำ,งบดำเนินงาน,ค่าใช้สอย -,12,20.,6,รายการ,12. ค่าจ้างบำรุงรักษาและปรับปรุงระบบงานกองทุน,12684000.0,12674000.0,,ใช่,ไม่ใช่,คงเหลือ,DOC-BUD-2563,1.1ผลเบิกจ่ายปี 2563- final.pdf,3,2563-0087
2563,2564-01-31,31 มกราคม 2564,แผนงานพื้นฐาน,รายจ่ายเพื่อบริหารงานประจำ,งบดำเนินงาน,ค่าใช้สอย -,13,20.,6,รายการ,13. ค่าจ้างบำรุงรักษาโปรแกรม IBM Tivoli OmegaMon for CICS,900000.0,894000.0,,ใช่,ไม่ใช่,คงเหลือ,DOC-BUD-2563,1.1ผลเบิกจ่ายปี 2563- final.pdf,3,2563-0088
2563,2564-01-31,31 มกราคม 2564,แผนงานพื้นฐาน,รายจ่ายเพื่อบริหารงานประจำ,งบดำเนินงาน,ค่าใช้สอย -,14,20.,6,รายการ,14. ค่าจ้างบำรุงรักษาและปรับปรุงระบบสารสนเทศงานประกันสังคมตามมาตรา 40,4690900.0,4485000.0,,ใช่,ไม่ใช่,คงเหลือ,DOC-BUD-2563,1.1ผลเบิกจ่ายปี 2563- final.pdf,3,2563-0089
2563,2564-01-31,31 มกราคม 2564,แผนงานพื้นฐาน,รายจ่ายเพื่อบริหารงานประจำ,งบดำเนินงาน,ค่าใช้สอย -,15,20.,6,รายการ,15. ค่าจ้างบำรุงรักษาและปรับปรุงระบบสารสนเทศงานประกันสังคม กรณีว่างงาน,1400000.0,696000.0,,ใช่,ไม่ใช่,คงเหลือ,DOC-BUD-2563,1.1ผลเบิกจ่ายปี 2563- final.pdf,3,2563-0090
2563,2564-01-31,31 มกราคม 2564,แผนงานพื้นฐาน,รายจ่ายเพื่อบริหารงานประจำ,งบดำเนินงาน,ค่าใช้สอย -,16,20.,6,รายการ,16. ค่าจ้างบำรงุรักษาและปรับปรุงระบบบริการอิเล็กทรอนิกส์,4128000.0,4128000.0,,ใช่,ไม่ใช่,คงเหลือ,DOC-BUD-2563,1.1ผลเบิกจ่ายปี 2563- final.pdf,3,2563-0091
2563,2564-01-31,31 มกราคม 2564,แผนงานพื้นฐาน,รายจ่ายเพื่อบริหารงานประจำ,งบดำเนินงาน,ค่าใช้สอย -,17,20.,6,รายการ,17. ค่าจ้างบำรุงรักษาระบบคอมพิวเตอร์พร้อมการรักษาความมั่นคงปลดดภัย ระดับคอมพิวเตอร์ลูกข่าย,52322000.0,52320000.0,,ใช่,ไม่ใช่,คงเหลือ,DOC-BUD-2563,1.1ผลเบิกจ่ายปี 2563- final.pdf,3,2563-0092
2563,2564-01-31,31 มกราคม 2564,แผนงานพื้นฐาน,รายจ่ายเพื่อบริหารงานประจำ,งบดำเนินงาน,ค่าใช้สอย -,18,20.,6,รายการ,18. ค่าจ้างบำรุงรักษาระบบคอมพิวเตอร์และบริหารศูนย์คอมพิวเตอร์ (Cloud),136495800.0,136483800.0,12000.0,ใช่,ไม่ใช่,,DOC-BUD-2563,1.1ผลเบิกจ่ายปี 2563- final.pdf,3,2563-0093
2563,2564-01-31,31 มกราคม 2564,แผนงานพื้นฐาน,รายจ่ายเพื่อบริหารงานประจำ,งบดำเนินงาน,ค่าใช้สอย -,19,20.,6,รายการ,19. ค่าจ้างบำรุงรักษาระบบรักษาความปลอดภัยในการรับส่งข้อมูล แบบ Web service,1044000.0,1030800.0,,ใช่,ไม่ใช่,คงเหลือ,DOC-BUD-2563,1.1ผลเบิกจ่ายปี 2563- final.pdf,3,2563-0094
2563,2564-01-31,31 มกราคม 2564,แผนงานพื้นฐาน,รายจ่ายเพื่อบริหารงานประจำ,งบดำเนินงาน,ค่าใช้สอย -,20,20.,6,รายการ,20. ค่าจ้างบำรุงรักษาและปรับปรุงระบบบริหารการจัดทำแผนปฏิบัติราชการ และงบประมาณ สำนักงานประกันสังคม,1080000.0,1080000.0,,ใช่,ไม่ใช่,คงเหลือ,DOC-BUD-2563,1.1ผลเบิกจ่ายปี 2563- final.pdf,3,2563-0095
2563,2564-01-31,31 มกราคม 2564,แผนงานพื้นฐาน,รายจ่ายเพื่อบริหารงานประจำ,งบดำเนินงาน,ค่าใช้สอย -,21,20.,6,รายการ,21. ค่าจ้างบำรุงรักษาและปรับปรุงระบบงานสนับสนุน,2820000.0,2802000.0,,ใช่,ไม่ใช่,คงเหลือ,DOC-BUD-2563,1.1ผลเบิกจ่ายปี 2563- final.pdf,3,2563-0096
2563,2564-01-31,31 มกราคม 2564,แผนงานพื้นฐาน,รายจ่ายเพื่อบริหารงานประจำ,งบดำเนินงาน,ค่าใช้สอย -,22,20.,6,รายการ,22. ค่าจ้างบำรุงรักษาระบบการจ่ายค่าบริการทางการแพทย์เชื่อมโยงระบบ NCH (National Clearing House),1788000.0,1788000.0,,ใช่,ไม่ใช่,คงเหลือ,DOC-BUD-2563,1.1ผลเบิกจ่ายปี 2563- final.pdf,3,2563-0097
2563,2564-01-31,31 มกราคม 2564,แผนงานพื้นฐาน,รายจ่ายเพื่อบริหารงานประจำ,งบดำเนินงาน,ค่าใช้สอย -,23,20.,6,รายการ,23. ค่าจ้างบำรุงรักษาอุปกรณ์จัดเก็บ Log File ระบบเครือข่าย,460100.0,460057.2,,ใช่,ไม่ใช่,คงเหลือ,DOC-BUD-2563,1.1ผลเบิกจ่ายปี 2563- final.pdf,3,2563-0098
2563,2564-01-31,31 มกราคม 2564,แผนงานพื้นฐาน,รายจ่ายเพื่อบริหารงานประจำ,งบดำเนินงาน,ค่าใช้สอย -,24,20.,6,รายการ,24. ค่าจ้างบำรุงรักษาระบบการตรวจสอบเวชระเบียนอิเล็กทรอนิกส์,684800.0,606100.0,,ใช่,ไม่ใช่,คงเหลือ,DOC-BUD-2563,1.1ผลเบิกจ่ายปี 2563- final.pdf,3,2563-0099
2563,2564-01-31,31 มกราคม 2564,แผนงานพื้นฐาน,รายจ่ายเพื่อบริหารงานประจำ,งบดำเนินงาน,ค่าใช้สอย -,25,20.,6,รายการ,25. ค่าจ้างบำรุงรักษาและปรับปรุงระบบใบเสร็จรับเงินอิเล็กทรอนิกส์ (e-Receipt),701000.0,696000.0,,ใช่,ไม่ใช่,คงเหลือ,DOC-BUD-2563,1.1ผลเบิกจ่ายปี 2563- final.pdf,3,2563-0100
2563,2564-01-31,31 มกราคม 2564,แผนงานพื้นฐาน,รายจ่ายเพื่อบริหารงานประจำ,งบดำเนินงาน,ค่าใช้สอย -,26,20.,6,รายการ,26. ค่าจ้างบำรุงรักษาเว็บไซต์สำนักงานประกันสังคม (www.sso.go.th),1269900.0,1236000.0,,ใช่,ไม่ใช่,คงเหลือ,DOC-BUD-2563,1.1ผลเบิกจ่ายปี 2563- final.pdf,3,2563-0101
2563,2564-01-31,31 มกราคม 2564,แผนงานพื้นฐาน,รายจ่ายเพื่อบริหารงานประจำ,งบดำเนินงาน,ค่าใช้สอย -,27,20.,6,รายการ,27. ค่าจ้างบำรุงรักษาอุปกรณ์สนับสนุนศูนย์คอมพิวเตอร์หลัก,6163500.0,5900100.0,,ใช่,ไม่ใช่,คงเหลือ,DOC-BUD-2563,1.1ผลเบิกจ่ายปี 2563- final.pdf,3,2563-0102
2563,2564-01-31,31 มกราคม 2564,แผนงานพื้นฐาน,รายจ่ายเพื่อบริหารงานประจำ,งบดำเนินงาน,ค่าใช้สอย -,28,20.,6,รายการ,28. ค่าจ้างบำรุงรักษาระบบสนับสนุนศูนย์คอมพิวเตอร์ (จังหวัดระยอง) พร้อมเชื่อมโยงเครือข่ายสัญญาณ เพื่อรับส่งข้อมูลระหว่างศูนย์คอมพิวเตอร์,78760800.0,78504000.0,32144.8,ใช่,ไม่ใช่,,DOC-BUD-2563,1.1ผลเบิกจ่ายปี 2563- final.pdf,4,2563-0103
2563,2564-01-31,31 มกราคม 2564,แผนงานพื้นฐาน,รายจ่ายเพื่อบริหารงานประจำ,งบดำเนินงาน,ค่าใช้สอย -,29,20.,6,รายการ,29. ค่าจ้างบำรุงรักษาและปรับปรุงระบบข้อมูลการใช้บริการทางการแพทย์ ของผู้ประกันตน,780000.0,190500.0,589500.0,ใช่,ไม่ใช่,,DOC-BUD-2563,1.1ผลเบิกจ่ายปี 2563- final.pdf,4,2563-0104
2563,2564-01-31,31 มกราคม 2564,แผนงานพื้นฐาน,รายจ่ายเพื่อบริหารงานประจำ,งบดำเนินงาน,ค่าใช้สอย -,30,20.,6,รายการ,30. ค่าจ้างบำรุงรักษาอุปกรณ์สำหรับเพิ่มประสิทธิภาพในการใช้งาน และบริหารจัดการผู้ใช้งานระบบเครือข่ายอินเทอร์เน็ต,866000.0,852000.0,14000.0,ใช่,ไม่ใช่,,DOC-BUD-2563,1.1ผลเบิกจ่ายปี 2563- final.pdf,4,2563-0105
2563,2564-01-31,31 มกราคม 2564,แผนงานพื้นฐาน,รายจ่ายเพื่อบริหารงานประจำ,งบดำเนินงาน,ค่าใช้สอย -,31,20.,6,รายการ,31. ค่าเช่าระบบปฏิบัติการ OS/390,55308000.0,55248000.0,60000.0,ใช่,ไม่ใช่,,DOC-BUD-2563,1.1ผลเบิกจ่ายปี 2563- final.pdf,4,2563-0106
2563,2564-01-31,31 มกราคม 2564,แผนงานพื้นฐาน,รายจ่ายเพื่อบริหารงานประจำ,งบดำเนินงาน,ค่าใช้สอย -,32,20.,6,รายการ,32. ค่าเช่าโปรแกรมสำหรรับควบคุมงานประมวลผลแบบ Batch,5530800.0,5496000.0,34800.0,ใช่,ไม่ใช่,,DOC-BUD-2563,1.1ผลเบิกจ่ายปี 2563- final.pdf,4,2563-0107
2563,2564-01-31,31 มกราคม 2564,แผนงานพื้นฐาน,รายจ่ายเพื่อบริหารงานประจำ,งบดำเนินงาน,ค่าใช้สอย -,33,20.,6,รายการ,33. ค่าจ้างบำรุงรักษาระบบจัดเก็บและแปลงเอกสารหลักฐานงานประกันสังคม จากรูปแบบกระดาษให้เป็นข้อมูลอิเล็กทรอนิกส์ ตามมาตรฐานภายใต้กรอบ ของกระทรวงดิจิทัลเพื่อเศรษฐกิจและสังคม (EDOC),1620000.0,1368000.0,134000.0,ใช่,ไม่ใช่,,DOC-BUD-2563,1.1ผลเบิกจ่ายปี 2563- final.pdf,4,2563-0108
2563,2564-01-31,31 มกราคม 2564,แผนงานพื้นฐาน,รายจ่ายเพื่อบริหารงานประจำ,งบดำเนินงาน,ค่าใช้สอย -,21,,5,รายการ,21. ค่าใช้จ่ายต่าง ๆ เพื่อเผยแพร่ความรู้เกี่ยวกับการประกันสังคม,15420000.0,14215526.77,1204473.23,ไม่ใช่,ไม่ใช่,,DOC-BUD-2563,1.1ผลเบิกจ่ายปี 2563- final.pdf,4,2563-0109
2563,2564-01-31,31 มกราคม 2564,แผนงานพื้นฐาน,รายจ่ายเพื่อบริหารงานประจำ,งบดำเนินงาน,ค่าใช้สอย -,,21.,6,รายละเอียดของแถวบน,- ค่าใช้จ่ายต่าง ๆ เพื่อประชาสัมพันธ์เผยแพร่ข่าวสารงานประกันสังคม,15420000.0,14215526.77,1204473.23,ใช่,ใช่,,DOC-BUD-2563,1.1ผลเบิกจ่ายปี 2563- final.pdf,4,2563-0110
2563,2564-01-31,31 มกราคม 2564,แผนงานพื้นฐาน,รายจ่ายเพื่อบริหารงานประจำ,งบดำเนินงาน,ค่าใช้สอย -,22,,5,รายการ,22. ค่าใช้จ่ายในการลี้ยงรับรองบุคคลหรือรับรองชาวต่างประเทศ,200000.0,11300.0,46430.0,ใช่,ไม่ใช่,,DOC-BUD-2563,1.1ผลเบิกจ่ายปี 2563- final.pdf,4,2563-0111
2563,2564-01-31,31 มกราคม 2564,แผนงานพื้นฐาน,รายจ่ายเพื่อบริหารงานประจำ,งบดำเนินงาน,ค่าใช้สอย -,23,,5,รายการ,23. ค่าธรรมเนียมอื่น ๆ,1865000.0,1431222.72,433777.28,ใช่,ไม่ใช่,,DOC-BUD-2563,1.1ผลเบิกจ่ายปี 2563- final.pdf,4,2563-0112
2563,2564-01-31,31 มกราคม 2564,แผนงานพื้นฐาน,รายจ่ายเพื่อบริหารงานประจำ,งบดำเนินงาน,ค่าใช้สอย -,24,,5,รายการ,24. ค่าธรรมเนียมบริการรับ - ส่งเงินของ KGS,9000000.0,7897986.0,1102014.0,ใช่,ไม่ใช่,,DOC-BUD-2563,1.1ผลเบิกจ่ายปี 2563- final.pdf,4,2563-0113
2563,2564-01-31,31 มกราคม 2564,แผนงานพื้นฐาน,รายจ่ายเพื่อบริหารงานประจำ,งบดำเนินงาน,ค่าใช้สอย -,25,,5,รายการ,25. ค่าธรรมเนียมการต่อใบอนุญาตมีซึ่งยุทธภัณฑ์ รถหุ้มเกราะป้องกันกระสุนฯ,5000.0,5000.0,,ใช่,ไม่ใช่,คงเหลือ,DOC-BUD-2563,1.1ผลเบิกจ่ายปี 2563- final.pdf,4,2563-0114
2563,2564-01-31,31 มกราคม 2564,แผนงานพื้นฐาน,รายจ่ายเพื่อบริหารงานประจำ,งบดำเนินงาน,ค่าใช้สอย -,26,,5,รายการ,26. ค่าธรรมเนียมทางกฎหมาย,1434000.0,543065.16,1004074.84,ใช่,ไม่ใช่,,DOC-BUD-2563,1.1ผลเบิกจ่ายปี 2563- final.pdf,4,2563-0115
2563,2564-01-31,31 มกราคม 2564,แผนงานพื้นฐาน,รายจ่ายเพื่อบริหารงานประจำ,งบดำเนินงาน,ค่าใช้สอย -,27,,5,รายการ,27. ค่าใช้จ่ายในการจัดทำข้อสอบ,128300.0,95000.0,33300.0,ใช่,ไม่ใช่,,DOC-BUD-2563,1.1ผลเบิกจ่ายปี 2563- final.pdf,4,2563-0116
2563,2564-01-31,31 มกราคม 2564,แผนงานพื้นฐาน,รายจ่ายเพื่อบริหารงานประจำ,งบดำเนินงาน,ค่าใช้สอย -,28,,5,รายการ,28. ค่าเช่าสถานที่สอบคัดเลือกข้าราชการและพนักงาน,505200.0,400000.0,105200.0,ใช่,ไม่ใช่,,DOC-BUD-2563,1.1ผลเบิกจ่ายปี 2563- final.pdf,4,2563-0117
2563,2564-01-31,31 มกราคม 2564,แผนงานพื้นฐาน,รายจ่ายเพื่อบริหารงานประจำ,งบดำเนินงาน,ค่าใช้สอย -,29,,5,รายการ,29. ค่าใช้จ่ายในการบำรุงของสมาคม ASSA และค่าใช้จ่ายอื่น ๆ ที่เกี่ยวข้อง,10000.0,8120.33,1879.67,ใช่,ไม่ใช่,,DOC-BUD-2563,1.1ผลเบิกจ่ายปี 2563- final.pdf,4,2563-0118
2563,2564-01-31,31 มกราคม 2564,แผนงานพื้นฐาน,รายจ่ายเพื่อบริหารงานประจำ,งบดำเนินงาน,ค่าใช้สอย -,30,,5,รายการ,30. ค่าป่วยการแก่พยานศาล,50000.0,5000.0,45000.0,ใช่,ไม่ใช่,,DOC-BUD-2563,1.1ผลเบิกจ่ายปี 2563- final.pdf,4,2563-0119
2563,2564-01-31,31 มกราคม 2564,แผนงานพื้นฐาน,รายจ่ายเพื่อบริหารงานประจำ,งบดำเนินงาน,ค่าใช้สอย -,31,,5,รายการ,31. ค่าธรรมเนียมสำนักงานการตรวจเงินแผ่นดิน เพื่อการตรวจสอบบัญชีกองทุนประกันสังคม,1200000.0,1200000.0,,ใช่,ไม่ใช่,คงเหลือ,DOC-BUD-2563,1.1ผลเบิกจ่ายปี 2563- final.pdf,4,2563-0120
2563,2564-01-31,31 มกราคม 2564,แผนงานพื้นฐาน,รายจ่ายเพื่อบริหารงานประจำ,งบดำเนินงาน,ค่าใช้สอย -,32,,5,รายการ,32. ค่าใช้จ่ายในการจ้างบันทึกข้อมูลเงินสมทบ,13420000.0,13135205.0,284795.0,ใช่,ไม่ใช่,,DOC-BUD-2563,1.1ผลเบิกจ่ายปี 2563- final.pdf,4,2563-0121
2563,2564-01-31,31 มกราคม 2564,แผนงานพื้นฐาน,รายจ่ายเพื่อบริหารงานประจำ,งบดำเนินงาน,ค่าใช้สอย -,33,,5,รายการ,33. ค่าตอบแทนเหมาจ่ายในการติดตามเร่งรัดหนี้นอกสถานที่,8705000.0,4413997.0,4291003.0,ใช่,ไม่ใช่,,DOC-BUD-2563,1.1ผลเบิกจ่ายปี 2563- final.pdf,4,2563-0122
2563,2564-01-31,31 มกราคม 2564,แผนงานพื้นฐาน,รายจ่ายเพื่อบริหารงานประจำ,งบดำเนินงาน,ค่าใช้สอย -,34,,5,รายการ,34. ค่าจ้างทำของที่ระลึก,2010000.0,1826875.0,183125.0,ใช่,ไม่ใช่,,DOC-BUD-2563,1.1ผลเบิกจ่ายปี 2563- final.pdf,4,2563-0123
2563,2564-01-31,31 มกราคม 2564,แผนงานพื้นฐาน,รายจ่ายเพื่อบริหารงานประจำ,งบดำเนินงาน,ค่าใช้สอย -,35,,5,รายการ,35. ค่าตกแต่งสถานที่และค่าใช้จ่ายในการจัดงานต่าง ๆ,1000000.0,1707120.0,21702.0,ใช่,ไม่ใช่,,DOC-BUD-2563,1.1ผลเบิกจ่ายปี 2563- final.pdf,4,2563-0124
2563,2564-01-31,31 มกราคม 2564,แผนงานพื้นฐาน,รายจ่ายเพื่อบริหารงานประจำ,งบดำเนินงาน,ค่าใช้สอย -,36,,5,รายการ,36. ค่าสมัครสมาชิกด้านการลงทุน,26904200.0,23519136.68,4603983.32,ใช่,ไม่ใช่,,DOC-BUD-2563,1.1ผลเบิกจ่ายปี 2563- final.pdf,4,2563-0125
2563,2564-01-31,31 มกราคม 2564,แผนงานพื้นฐาน,รายจ่ายเพื่อบริหารงานประจำ,งบดำเนินงาน,ค่าใช้สอย -,37,,5,รายการ,37. ค่าชดใช้ค่าเสียหาย,,242100.0,,ใช่,ไม่ใช่,จัดสรร; คงเหลือ,DOC-BUD-2563,1.1ผลเบิกจ่ายปี 2563- final.pdf,4,2563-0126
2563,2564-01-31,31 มกราคม 2564,แผนงานพื้นฐาน,รายจ่ายเพื่อบริหารงานประจำ,งบดำเนินงาน,ค่าวัสดุ,,,4,หมวดค่าใช้จ่าย,- ค่าวัสดุ,155762500.0,136209096.14,18544634.86,ไม่ใช่,ใช่,,DOC-BUD-2563,1.1ผลเบิกจ่ายปี 2563- final.pdf,4,2563-0127
2563,2564-01-31,31 มกราคม 2564,แผนงานพื้นฐาน,รายจ่ายเพื่อบริหารงานประจำ,งบดำเนินงาน,ค่าวัสดุ,1,,5,รายการ,1. วัสดุสำนักงาน,42527900.0,41524489.91,1216075.09,ใช่,ไม่ใช่,,DOC-BUD-2563,1.1ผลเบิกจ่ายปี 2563- final.pdf,4,2563-0128
2563,2564-01-31,31 มกราคม 2564,แผนงานพื้นฐาน,รายจ่ายเพื่อบริหารงานประจำ,งบดำเนินงาน,ค่าวัสดุ,2,,5,รายการ,2. วัสดุคอมพิวเตอร์,60883200.0,57299549.87,3896505.13,ใช่,ไม่ใช่,,DOC-BUD-2563,1.1ผลเบิกจ่ายปี 2563- final.pdf,4,2563-0129
2563,2564-01-31,31 มกราคม 2564,แผนงานพื้นฐาน,รายจ่ายเพื่อบริหารงานประจำ,งบดำเนินงาน,ค่าวัสดุ,3,,5,รายการ,3. วัสดุส่วนกลาง,5800000.0,4896155.8,903844.2,ใช่,ไม่ใช่,,DOC-BUD-2563,1.1ผลเบิกจ่ายปี 2563- final.pdf,4,2563-0130
2563,2564-01-31,31 มกราคม 2564,แผนงานพื้นฐาน,รายจ่ายเพื่อบริหารงานประจำ,งบดำเนินงาน,ค่าวัสดุ,4,,5,รายการ,4. วัสดุแบบพิมพ์,12449300.0,6837496.97,3673054.03,ใช่,ไม่ใช่,,DOC-BUD-2563,1.1ผลเบิกจ่ายปี 2563- final.pdf,4,2563-0131
2563,2564-01-31,31 มกราคม 2564,แผนงานพื้นฐาน,รายจ่ายเพื่อบริหารงานประจำ,งบดำเนินงาน,ค่าวัสดุ,5,,5,รายการ,5. หนังสือ วารสาร หนังสือพิมพ์,342600.0,257755.67,84844.33,ใช่,ไม่ใช่,,DOC-BUD-2563,1.1ผลเบิกจ่ายปี 2563- final.pdf,4,2563-0132
2563,2564-01-31,31 มกราคม 2564,แผนงานพื้นฐาน,รายจ่ายเพื่อบริหารงานประจำ,งบดำเนินงาน,ค่าวัสดุ,6,,5,รายการ,6. ค่าหนังสืออิเล็กทรอนิกส์ (e-Book),150000.0,147755.0,2245.0,ใช่,ไม่ใช่,,DOC-BUD-2563,1.1ผลเบิกจ่ายปี 2563- final.pdf,4,2563-0133
2563,2564-01-31,31 มกราคม 2564,แผนงานพื้นฐาน,รายจ่ายเพื่อบริหารงานประจำ,งบดำเนินงาน,ค่าวัสดุ,7,,5,รายการ,7. วัสดุโฆษณาและเผยแพร่,1000000.0,1404118.2,341.8,ใช่,ไม่ใช่,,DOC-BUD-2563,1.1ผลเบิกจ่ายปี 2563- final.pdf,4,2563-0134
2563,2564-01-31,31 มกราคม 2564,แผนงานพื้นฐาน,รายจ่ายเพื่อบริหารงานประจำ,งบดำเนินงาน,ค่าวัสดุ,8,,5,รายการ,8. วัสดุงานบ้านงานครัว,235000.0,201835.31,33164.69,ใช่,ไม่ใช่,,DOC-BUD-2563,1.1ผลเบิกจ่ายปี 2563- final.pdf,4,2563-0135
2563,2564-01-31,31 มกราคม 2564,แผนงานพื้นฐาน,รายจ่ายเพื่อบริหารงานประจำ,งบดำเนินงาน,ค่าวัสดุ,9,,5,รายการ,9. วัสดุเกษตร,35000.0,33501.0,1499.0,ใช่,ไม่ใช่,,DOC-BUD-2563,1.1ผลเบิกจ่ายปี 2563- final.pdf,4,2563-0136
2563,2564-01-31,31 มกราคม 2564,แผนงานพื้นฐาน,รายจ่ายเพื่อบริหารงานประจำ,งบดำเนินงาน,ค่าวัสดุ,10,,5,รายการ,10. วัสดุช่างและไฟฟ้า,620000.0,567037.86,52962.14,ใช่,ไม่ใช่,,DOC-BUD-2563,1.1ผลเบิกจ่ายปี 2563- final.pdf,4,2563-0137
2563,2564-01-31,31 มกราคม 2564,แผนงานพื้นฐาน,รายจ่ายเพื่อบริหารงานประจำ,งบดำเนินงาน,ค่าวัสดุ,11,,5,รายการ,11. วัสดุน้ำมันเชื้อเพลิงและหล่อลื่น,31719500.0,23039400.55,8680099.45,ใช่,ไม่ใช่,,DOC-BUD-2563,1.1ผลเบิกจ่ายปี 2563- final.pdf,4,2563-0138
2563,2564-01-31,31 มกราคม 2564,แผนงานพื้นฐาน,รายจ่ายเพื่อบริหารงานประจำ,งบดำเนินงาน,ค่าสาธารณูปโภค,,,4,หมวดค่าใช้จ่าย,- ค่าสาธารณูปโภค,202555400.0,172201353.9,29773726.1,ไม่ใช่,ใช่,,DOC-BUD-2563,1.1ผลเบิกจ่ายปี 2563- final.pdf,4,2563-0139
2563,2564-01-31,31 มกราคม 2564,แผนงานพื้นฐาน,รายจ่ายเพื่อบริหารงานประจำ,งบดำเนินงาน,ค่าสาธารณูปโภค,1,,5,รายการ,1. ค่าไฟฟ้า,95538000.0,80695651.17,13912348.83,ใช่,ไม่ใช่,,DOC-BUD-2563,1.1ผลเบิกจ่ายปี 2563- final.pdf,4,2563-0140
2563,2564-01-31,31 มกราคม 2564,แผนงานพื้นฐาน,รายจ่ายเพื่อบริหารงานประจำ,งบดำเนินงาน,ค่าสาธารณูปโภค,2,,5,รายการ,2. ค่าน้ำประปา,5031200.0,3778070.8,1253129.2,ใช่,ไม่ใช่,,DOC-BUD-2563,1.1ผลเบิกจ่ายปี 2563- final.pdf,4,2563-0141
2563,2564-01-31,31 มกราคม 2564,แผนงานพื้นฐาน,รายจ่ายเพื่อบริหารงานประจำ,งบดำเนินงาน,ค่าสาธารณูปโภค,3,,5,รายการ,3. ค่าโทรศัพท์,19432200.0,15120815.19,4159064.81,ใช่,ไม่ใช่,,DOC-BUD-2563,1.1ผลเบิกจ่ายปี 2563- final.pdf,5,2563-0142
2563,2564-01-31,31 มกราคม 2564,แผนงานพื้นฐาน,รายจ่ายเพื่อบริหารงานประจำ,งบดำเนินงาน,ค่าสาธารณูปโภค,4,,5,รายการ,4. ค่าไปรษณีย์ภัณฑ์,80516900.0,71084215.64,9934684.36,ใช่,ไม่ใช่,,DOC-BUD-2563,1.1ผลเบิกจ่ายปี 2563- final.pdf,5,2563-0143
2563,2564-01-31,31 มกราคม 2564,แผนงานพื้นฐาน,รายจ่ายเพื่อบริหารงานประจำ,งบดำเนินงาน,ค่าสาธารณูปโภค,5,,5,รายการ,5. ค่าบริการสื่อสารและโทรคมนาคม,1687100.0,1173131.1,513968.9,ใช่,ไม่ใช่,,DOC-BUD-2563,1.1ผลเบิกจ่ายปี 2563- final.pdf,5,2563-0144
2563,2564-01-31,31 มกราคม 2564,แผนงานพื้นฐาน,รายจ่ายเพื่อบริหารงานประจำ,งบดำเนินงาน,ค่าสาธารณูปโภค,6,,5,รายการ,6. ค่าธรรมเนียมจ่ายคืนเงินสมทบกองทุนประกันสังคมทั่วประเทศผ่านธนาคาร,350000.0,349470.0,530.0,ใช่,ไม่ใช่,,DOC-BUD-2563,1.1ผลเบิกจ่ายปี 2563- final.pdf,5,2563-0145
2563,2564-01-31,31 มกราคม 2564,แผนงานพื้นฐาน,รายจ่ายเพื่อบริหารงานประจำ,งบลงทุน,,,,3,หมวดงบรายจ่าย,งบลงทุน,96595100.0,85468164.16,17289816.44,ไม่ใช่,ใช่,,DOC-BUD-2563,1.1ผลเบิกจ่ายปี 2563- final.pdf,5,2563-0146
2563,2564-01-31,31 มกราคม 2564,แผนงานพื้นฐาน,รายจ่ายเพื่อบริหารงานประจำ,งบลงทุน,,1,,4,รายการ,1. ครุภัณฑ์,49390600.0,46933364.16,5874496.44,ใช่,ไม่ใช่,,DOC-BUD-2563,1.1ผลเบิกจ่ายปี 2563- final.pdf,5,2563-0147
2563,2564-01-31,31 มกราคม 2564,แผนงานพื้นฐาน,รายจ่ายเพื่อบริหารงานประจำ,งบลงทุน,,2,,4,รายการ,2. โครงการจัดซื้อครุภัณฑ์คอมพิวเตอร์ ประจำปี 2563,3225500.0,3031970.0,193530.0,ใช่,ไม่ใช่,,DOC-BUD-2563,1.1ผลเบิกจ่ายปี 2563- final.pdf,5,2563-0148
2563,2564-01-31,31 มกราคม 2564,แผนงานพื้นฐาน,รายจ่ายเพื่อบริหารงานประจำ,งบลงทุน,,3,,4,รายการ,3. โครงการเปลี่ยนเครื่องกำเนิดไฟฟ้าฉุกเฉิน อาคารศูนย์คอมพิวเตอร์,31030000.0,30816000.0,214000.0,ใช่,ไม่ใช่,,DOC-BUD-2563,1.1ผลเบิกจ่ายปี 2563- final.pdf,5,2563-0149
2563,2564-01-31,31 มกราคม 2564,แผนงานพื้นฐาน,รายจ่ายเพื่อบริหารงานประจำ,งบลงทุน,รายการที่ดิน/อาคาร/สิ่งก่อสร้าง,,,4,หมวดค่าใช้จ่าย,รายการที่ดิน/อาคาร/สิ่งก่อสร้าง,12949000.0,4686830.0,11007790.0,ไม่ใช่,ใช่,,DOC-BUD-2563,1.1ผลเบิกจ่ายปี 2563- final.pdf,5,2563-0150
2563,2564-01-31,31 มกราคม 2564,แผนงานพื้นฐาน,รายจ่ายเพื่อบริหารงานประจำ,งบลงทุน,รายการที่ดิน/อาคาร/สิ่งก่อสร้าง,1,,5,รายการ,1. รายจ่ายเพื่อดัดแปลง ต่อเติมหรือปรับปรุงสิ่งก่อสร้าง,8682000.0,4686830.0,5564090.0,ใช่,ไม่ใช่,,DOC-BUD-2563,1.1ผลเบิกจ่ายปี 2563- final.pdf,5,2563-0151
2563,2564-01-31,31 มกราคม 2564,แผนงานพื้นฐาน,รายจ่ายเพื่อบริหารงานประจำ,งบลงทุน,รายการที่ดิน/อาคาร/สิ่งก่อสร้าง,2,,5,รายการ,2. ค่าก่อสร้างอาคาร,1017000.0,,1017000.0,ใช่,ไม่ใช่,รวมเบิกจ่ายและผูกพัน,DOC-BUD-2563,1.1ผลเบิกจ่ายปี 2563- final.pdf,5,2563-0152
2563,2564-01-31,31 มกราคม 2564,แผนงานพื้นฐาน,รายจ่ายเพื่อบริหารงานประจำ,งบลงทุน,รายการที่ดิน/อาคาร/สิ่งก่อสร้าง,3,,5,รายการ,3. ค่าจ้างออกแบบ,3250000.0,,3250000.0,ใช่,ไม่ใช่,รวมเบิกจ่ายและผูกพัน,DOC-BUD-2563,1.1ผลเบิกจ่ายปี 2563- final.pdf,5,2563-0153
2563,2564-01-31,31 มกราคม 2564,แผนงานพื้นฐาน,รายจ่ายเพื่อบริหารงานประจำ,งบลงทุน,รายการที่ดิน/อาคาร/สิ่งก่อสร้าง,4,,5,รายการ,4. โครงการจ้างออกแบบปรับปรุงตกแต่งภายใน ชั้น 6 ชั้น 10 อาคารวิทุร แสงสิงแก้ว,,,1176700.0,ใช่,ไม่ใช่,จัดสรร; รวมเบิกจ่ายและผูกพัน,DOC-BUD-2563,1.1ผลเบิกจ่ายปี 2563- final.pdf,5,2563-0154
2563,2564-01-31,31 มกราคม 2564,แผนงานพื้นฐาน,รายจ่ายเพื่อบริหารงานประจำ,งบเงินอุดหนุน,,,,3,หมวดงบรายจ่าย,งบเงินอุดหนุน,2980000.0,1736120.96,1004839.04,ไม่ใช่,ใช่,,DOC-BUD-2563,1.1ผลเบิกจ่ายปี 2563- final.pdf,5,2563-0155
2563,2564-01-31,31 มกราคม 2564,แผนงานพื้นฐาน,รายจ่ายเพื่อบริหารงานประจำ,งบเงินอุดหนุน,,1,,4,รายการ,1. ค่าใช้จ่ายสนับสนุนการจัดงานวันแรงงานแห่งชาติให้กับศูนย์ประสานงาน วันแรงงานแห่งชาติ,1000000.0,,1000000.0,ใช่,ไม่ใช่,รวมเบิกจ่ายและผูกพัน,DOC-BUD-2563,1.1ผลเบิกจ่ายปี 2563- final.pdf,5,2563-0156
2563,2564-01-31,31 มกราคม 2564,แผนงานพื้นฐาน,รายจ่ายเพื่อบริหารงานประจำ,งบเงินอุดหนุน,,2,,4,รายการ,2. ค่าสมาชิกสมาคมการประกันสังคมระหว่างประเทศ (ISSA),1980000.0,1736120.96,4839.04,ใช่,ไม่ใช่,,DOC-BUD-2563,1.1ผลเบิกจ่ายปี 2563- final.pdf,5,2563-0157
2563,2564-01-31,31 มกราคม 2564,แผนงานพื้นฐาน,รายจ่ายเพื่อบริหารงานประจำ,งบรายจ่ายอื่น,,,,3,หมวดงบรายจ่าย,งบรายจ่ายอื่น,80253300.0,44631807.14,20594517.8,ไม่ใช่,ใช่,,DOC-BUD-2563,1.1ผลเบิกจ่ายปี 2563- final.pdf,5,2563-0158
2563,2564-01-31,31 มกราคม 2564,แผนงานพื้นฐาน,รายจ่ายเพื่อบริหารงานประจำ,งบรายจ่ายอื่น,,1,,4,รายการ,1. เงินอุดหนุนการออกกำลังกายและสันทนาการของข้าราชการและเจ้าหน้าที่,115600.0,33067.0,82533.0,ใช่,ไม่ใช่,,DOC-BUD-2563,1.1ผลเบิกจ่ายปี 2563- final.pdf,5,2563-0159
2563,2564-01-31,31 มกราคม 2564,แผนงานพื้นฐาน,รายจ่ายเพื่อบริหารงานประจำ,งบรายจ่ายอื่น,,2,,4,รายการ,2. ค่าใช้จ่ายสนับสนุนการเข้าร่วมประชุมหรือฝึกอบรมของเจ้าหน้าที่และผู้ที่เกี่ยวข้อง ณ ต่างประเทศ,5595000.0,378282.0,3966718.0,ใช่,ไม่ใช่,,DOC-BUD-2563,1.1ผลเบิกจ่ายปี 2563- final.pdf,5,2563-0160
2563,2564-01-31,31 มกราคม 2564,แผนงานพื้นฐาน,รายจ่ายเพื่อบริหารงานประจำ,งบรายจ่ายอื่น,,3,,4,รายการ,3. ค่าใช้จ่ายในการหารือ แลกเปลี่ยนนโยบายและประสบการณ์ด้านการประกันสังคม ของคณะกรรมการ คณะอนุกรรมการ เจ้าหน้าที่และผู้ที่เกี่ยวข้อง,20000000.0,,10384916.26,ใช่,ไม่ใช่,รวมเบิกจ่ายและผูกพัน,DOC-BUD-2563,1.1ผลเบิกจ่ายปี 2563- final.pdf,5,2563-0161
2563,2564-01-31,31 มกราคม 2564,แผนงานพื้นฐาน,รายจ่ายเพื่อบริหารงานประจำ,งบรายจ่ายอื่น,,4,,4,รายการ,4. ค่าใช้จ่ายในการตรวจนิเทศสำนักงานแรงงานไทยในต่างประเทศของข้าราชการ เจ้าหน้าที่ และผู้ที่เกี่ยวข้อง ณ ต่างประเทศ,1305000.0,,1305000.0,ใช่,ไม่ใช่,รวมเบิกจ่ายและผูกพัน,DOC-BUD-2563,1.1ผลเบิกจ่ายปี 2563- final.pdf,5,2563-0162
2563,2564-01-31,31 มกราคม 2564,แผนงานพื้นฐาน,รายจ่ายเพื่อบริหารงานประจำ,งบรายจ่ายอื่น,,5,,4,รายการ,5. ค่าใช้จ่ายในการประชุม สัมมนา ฝึกอบรม และเจรจาธุรกิจของข้าราชการ เจ้าหน้าที่ และผู้ที่เกี่ยวข้อง ณ ต่างประเทศ,5468600.0,81560.3,1225148.38,ใช่,ไม่ใช่,,DOC-BUD-2563,1.1ผลเบิกจ่ายปี 2563- final.pdf,5,2563-0163
2563,2564-01-31,31 มกราคม 2564,แผนงานพื้นฐาน,รายจ่ายเพื่อบริหารงานประจำ,งบรายจ่ายอื่น,,6,,4,รายการ,6. ค่าจ้างผู้เชี่ยวชาญด้านระบบความมั่นคงปลอดภัยระบบสารสนเทศ,2069100.0,1800000.0,269100.0,ใช่,ไม่ใช่,,DOC-BUD-2563,1.1ผลเบิกจ่ายปี 2563- final.pdf,5,2563-0164
2563,2564-01-31,31 มกราคม 2564,แผนงานพื้นฐาน,รายจ่ายเพื่อบริหารงานประจำ,งบรายจ่ายอื่น,,7,,4,รายการ,7. ค่าจ้างที่ปรึกษาทางการแพทย์และที่ปรึกษาทางการพยาบาล,1500000.0,1500000.0,,ใช่,ไม่ใช่,คงเหลือ,DOC-BUD-2563,1.1ผลเบิกจ่ายปี 2563- final.pdf,5,2563-0165
2563,2564-01-31,31 มกราคม 2564,แผนงานพื้นฐาน,รายจ่ายเพื่อบริหารงานประจำ,งบรายจ่ายอื่น,,8,,4,รายการ,8. ค่าจ้างที่ปรึกษาระบบเบิกจ่ายประโยชน์ทดแทนทางอิเล็กทรอนิกส์,240000.0,240000.0,,ใช่,ไม่ใช่,คงเหลือ,DOC-BUD-2563,1.1ผลเบิกจ่ายปี 2563- final.pdf,5,2563-0166
2563,2564-01-31,31 มกราคม 2564,แผนงานพื้นฐาน,รายจ่ายเพื่อบริหารงานประจำ,งบรายจ่ายอื่น,,9,,4,รายการ,9. โครงการจ้างรับ/ส่งและประมวลผลระบบเบิกจ่ายค่าบริการทางการแพทย์ กรณีแพทย์ผู้เชี่ยวชาญพิเศษเฉพาะทาง,4440000.0,4440000.0,,ใช่,ไม่ใช่,คงเหลือ,DOC-BUD-2563,1.1ผลเบิกจ่ายปี 2563- final.pdf,5,2563-0167
2563,2564-01-31,31 มกราคม 2564,แผนงานพื้นฐาน,รายจ่ายเพื่อบริหารงานประจำ,งบรายจ่ายอื่น,,10,,4,รายการ,10. โครงการจัดจ้างรับ/ส่งและประมวลผลข้อมูลการเบิกจ่ายค่าบริการทางการแพทย์ สำหรับการรักษาผู้ป่วยไตวายเรื้อรังระยะสุดท้าย กรณีบำบัดทดแทนไต,6450000.0,6450000.0,,ใช่,ไม่ใช่,คงเหลือ,DOC-BUD-2563,1.1ผลเบิกจ่ายปี 2563- final.pdf,5,2563-0168
2563,2564-01-31,31 มกราคม 2564,แผนงานพื้นฐาน,รายจ่ายเพื่อบริหารงานประจำ,งบรายจ่ายอื่น,,11,,4,รายการ,11. โครงการจ้างวิเคราะห์การจัดกลุ่มวินิจฉัยโรคร่วมและน้ำหนักสัมพัทธ์ของผู้ป่วยใน และวิเคราะห์ข้อมูลผู้ป่วยในที่มีค่าใช้จ่ายสูงเกินปกติ,10217600.0,10217600.0,,ใช่,ไม่ใช่,คงเหลือ,DOC-BUD-2563,1.1ผลเบิกจ่ายปี 2563- final.pdf,5,2563-0169
2563,2564-01-31,31 มกราคม 2564,แผนงานพื้นฐาน,รายจ่ายเพื่อบริหารงานประจำ,งบรายจ่ายอื่น,,12,,4,รายการ,12. โครงการจ้างรับ-ส่งข้อมูลการใช้บริการทางการแพทย์ของผู้ประกันตนประเภท ผู้ป่วยนอกและข้อมูลบัญชีผู้ป่วยโรคเรื้อรัง,17000000.0,17000000.0,,ใช่,ไม่ใช่,คงเหลือ,DOC-BUD-2563,1.1ผลเบิกจ่ายปี 2563- final.pdf,5,2563-0170
2563,2564-01-31,31 มกราคม 2564,แผนงานพื้นฐาน,รายจ่ายเพื่อบริหารงานประจำ,งบรายจ่ายอื่น,,13,,4,รายการ,13. โครงการจ้างที่ปรึกษาเภสัชกรรมเพื่อกำกับคุณภาพการใช้ยาของสถานพยาบาล และกำกับตรวจสอบการจ่ายชดเชยยาบัญชีหลักแห่งชาติ จ(2) และยาต้านไวรัสเอดส์,1673400.0,1192297.84,481102.16,ใช่,ไม่ใช่,,DOC-BUD-2563,1.1ผลเบิกจ่ายปี 2563- final.pdf,5,2563-0171
2563,2564-01-31,31 มกราคม 2564,แผนงานพื้นฐาน,รายจ่ายเพื่อบริหารงานประจำ,งบรายจ่ายอื่น,,14,,4,รายการ,14. โครงการจ้างรับ-ส่งแลประมวลผลข้อมูลบริการทางการแพทย์ กรณีการให้ยาแฟคเตอร์ แก่ผู้ป่วยกลุ่มโรคเลือดออกง่าย (ฮีโมฟีเลีย),399000.0,399000.0,,ใช่,ไม่ใช่,คงเหลือ,DOC-BUD-2563,1.1ผลเบิกจ่ายปี 2563- final.pdf,5,2563-0172
2563,2564-01-31,31 มกราคม 2564,แผนงานพื้นฐาน,รายจ่ายเพื่อบริหารงานประจำ,งบรายจ่ายอื่น,,15,,4,รายการ,15. โครงการจัดจ้างรับ-ส่งประมวผลข้อมูลระบบการเบิกจ่ายค่าบริการทางการแพทย์ กรณีค่าสารเมทาโดน,2880000.0,,2880000.0,ใช่,ไม่ใช่,รวมเบิกจ่ายและผูกพัน,DOC-BUD-2563,1.1ผลเบิกจ่ายปี 2563- final.pdf,6,2563-0173
2563,2564-01-31,31 มกราคม 2564,แผนงานพื้นฐาน,รายจ่ายเพื่อบริหารงานประจำ,งบรายจ่ายอื่น,,16,,4,รายการ,16. โครงการจ้างที่ปรึกษาด้านการบริหารทรัพยากรบุคคลของสำนักงานประกันสังคม,450000.0,450000.0,,ใช่,ไม่ใช่,คงเหลือ,DOC-BUD-2563,1.1ผลเบิกจ่ายปี 2563- final.pdf,6,2563-0174
2563,2564-01-31,31 มกราคม 2564,แผนงานพื้นฐาน,รายจ่ายเพื่อบริหารงานประจำ,งบรายจ่ายอื่น,,17,,4,รายการ,17. โครงการจ้างที่ปรึกษาด้านการพัฒนาและเสริมสร้างธรรมาภิบาลของสำนักงานประกันสังคม,450000.0,450000.0,,ใช่,ไม่ใช่,คงเหลือ,DOC-BUD-2563,1.1ผลเบิกจ่ายปี 2563- final.pdf,6,2563-0175
2563,2564-01-31,31 มกราคม 2564,แผนงานยุทธศาสตร์,,,,,,1,แผนงาน,แผนงานยุทธศาสตร์,1100345182.0,964754888.27,149001356.73,ไม่ใช่,ใช่,,DOC-BUD-2563,1.1ผลเบิกจ่ายปี 2563- final.pdf,6,2563-0176
2563,2564-01-31,31 มกราคม 2564,แผนงานยุทธศาสตร์,โครงการต่อเนื่อง,,,,,2,กลุ่มรายจ่าย,โครงการต่อเนื่อง,168298600.0,139895768.14,36404331.86,ไม่ใช่,ใช่,,DOC-BUD-2563,1.1ผลเบิกจ่ายปี 2563- final.pdf,6,2563-0177
2563,2564-01-31,31 มกราคม 2564,แผนงานยุทธศาสตร์,โครงการต่อเนื่อง,งบดำเนินงาน,,,,3,หมวดงบรายจ่าย,งบดำเนินงาน,158471600.0,129948308.14,36397991.86,ไม่ใช่,ใช่,,DOC-BUD-2563,1.1ผลเบิกจ่ายปี 2563- final.pdf,6,2563-0178
2563,2564-01-31,31 มกราคม 2564,แผนงานยุทธศาสตร์,โครงการต่อเนื่อง,งบดำเนินงาน,,,,4,รายการ,- ค่าใช้สอย,158471600.0,129948308.14,36397991.86,ไม่ใช่,ไม่ใช่,,DOC-BUD-2563,1.1ผลเบิกจ่ายปี 2563- final.pdf,6,2563-0179
2563,2564-01-31,31 มกราคม 2564,แผนงานยุทธศาสตร์,โครงการต่อเนื่อง,งบดำเนินงาน,,1,,5,รายการ,1. โครงการบริหารสื่อออนไลน์และการสื่อสารเพื่อส่งเสริมภาพลักษณ์สำนักงานประกันสังคม,25320000.0,,25320000.0,ใช่,ไม่ใช่,รวมเบิกจ่ายและผูกพัน,DOC-BUD-2563,1.1ผลเบิกจ่ายปี 2563- final.pdf,6,2563-0180
2563,2564-01-31,31 มกราคม 2564,แผนงานยุทธศาสตร์,โครงการต่อเนื่อง,งบดำเนินงาน,,2,,5,รายการ,2. โครงการบริการข้อมูลประกันสังคม Contact Center 1506 สู่เป้าหมายรายบุคคล,6520100.0,,6520100.0,ใช่,ไม่ใช่,รวมเบิกจ่ายและผูกพัน,DOC-BUD-2563,1.1ผลเบิกจ่ายปี 2563- final.pdf,6,2563-0181
2563,2564-01-31,31 มกราคม 2564,แผนงานยุทธศาสตร์,โครงการต่อเนื่อง,งบดำเนินงาน,,3,,5,รายการ,3. โครงการบริการส่งข้อความสั้นทางโทรศัพท์มือถือ Short Message Service (SMS),4507500.0,1825257.36,4347242.64,ใช่,ไม่ใช่,,DOC-BUD-2563,1.1ผลเบิกจ่ายปี 2563- final.pdf,6,2563-0182
2563,2564-01-31,31 มกราคม 2564,แผนงานยุทธศาสตร์,โครงการต่อเนื่อง,งบดำเนินงาน,,4,,5,รายการ,4. โครงการเช่าบริการศูนย์บริการข้อมูลประกันสังคม Contact Center 1506,122124000.0,128123050.78,210649.22,ใช่,ไม่ใช่,,DOC-BUD-2563,1.1ผลเบิกจ่ายปี 2563- final.pdf,6,2563-0183
2563,2564-01-31,31 มกราคม 2564,แผนงานยุทธศาสตร์,โครงการต่อเนื่อง,งบรายจ่ายอื่น,,,,3,หมวดงบรายจ่าย,งบรายจ่ายอื่น,9827000.0,9947460.0,6340.0,ไม่ใช่,ใช่,,DOC-BUD-2563,1.1ผลเบิกจ่ายปี 2563- final.pdf,6,2563-0184
2563,2564-01-31,31 มกราคม 2564,แผนงานยุทธศาสตร์,โครงการต่อเนื่อง,งบรายจ่ายอื่น,,,,4,รายการ,- โครงการเพิ่มประสิทธิภาพในงานด้านคณิตศาสตร์ประกันภัย,9827000.0,9947460.0,6340.0,ใช่,ไม่ใช่,,DOC-BUD-2563,1.1ผลเบิกจ่ายปี 2563- final.pdf,6,2563-0185
2563,2564-01-31,31 มกราคม 2564,แผนงานยุทธศาสตร์,รายจ่ายเพื่อบริหารงาน,,,,,2,กลุ่มรายจ่าย,รายจ่ายเพื่อบริหารงาน,932046582.0,824859120.13,112597024.87,ไม่ใช่,ใช่,,DOC-BUD-2563,1.1ผลเบิกจ่ายปี 2563- final.pdf,6,2563-0186
2563,2564-01-31,31 มกราคม 2564,แผนงานยุทธศาสตร์,รายจ่ายเพื่อบริหารงาน,งบดำเนินงาน,,,,3,หมวดงบรายจ่าย,งบดำเนินงาน,791870100.0,723568727.83,72027735.17,ไม่ใช่,ใช่,,DOC-BUD-2563,1.1ผลเบิกจ่ายปี 2563- final.pdf,6,2563-0187
2563,2564-01-31,31 มกราคม 2564,แผนงานยุทธศาสตร์,รายจ่ายเพื่อบริหารงาน,งบดำเนินงาน,ค่าตอบแทน,,,4,หมวดค่าใช้จ่าย,- ค่าตอบแทน,3250000.0,1110087.0,2139913.0,ไม่ใช่,ใช่,,DOC-BUD-2563,1.1ผลเบิกจ่ายปี 2563- final.pdf,6,2563-0188
2563,2564-01-31,31 มกราคม 2564,แผนงานยุทธศาสตร์,รายจ่ายเพื่อบริหารงาน,งบดำเนินงาน,ค่าตอบแทน,,,5,รายละเอียดของแถวบน,- ค่าตอบแทนส่งเสริมสนับสนุนการปฏิบัติงานให้แก่เครือข่ายประกันสังคมตามมาตรา 40,3250000.0,1110087.0,2139913.0,ใช่,ใช่,,DOC-BUD-2563,1.1ผลเบิกจ่ายปี 2563- final.pdf,6,2563-0189
2563,2564-01-31,31 มกราคม 2564,แผนงานยุทธศาสตร์,รายจ่ายเพื่อบริหารงาน,งบดำเนินงาน,ค่าใช้สอย,,,4,หมวดค่าใช้จ่าย,- ค่าใช้สอย,313158700.0,301990950.19,47330229.81,ไม่ใช่,ใช่,,DOC-BUD-2563,1.1ผลเบิกจ่ายปี 2563- final.pdf,6,2563-0190
2563,2564-01-31,31 มกราคม 2564,แผนงานยุทธศาสตร์,รายจ่ายเพื่อบริหารงาน,งบดำเนินงาน,ค่าใช้สอย,1,,5,รายการ,1. โครงการส่งเสริมการจ้างงานผู้สูงอายุเข้าทำงานกับสำนักงานประกันสังคม,28155600.0,25792263.3,2363336.7,ใช่,ไม่ใช่,,DOC-BUD-2563,1.1ผลเบิกจ่ายปี 2563- final.pdf,6,2563-0191
2563,2564-01-31,31 มกราคม 2564,แผนงานยุทธศาสตร์,รายจ่ายเพื่อบริหารงาน,งบดำเนินงาน,ค่าใช้สอย,2,,5,รายการ,2. โครงการส่งเสริมสุขภาพป้องกันโรคเชิงรุก,5960000.0,5412312.88,547687.12,ใช่,ไม่ใช่,,DOC-BUD-2563,1.1ผลเบิกจ่ายปี 2563- final.pdf,6,2563-0192
2563,2564-01-31,31 มกราคม 2564,แผนงานยุทธศาสตร์,รายจ่ายเพื่อบริหารงาน,งบดำเนินงาน,ค่าใช้สอย,3,,5,รายการ,3. โครงการประชุมชี้แจงสถานพยาบาลและเจ้าหน้าที่ประกันสังคมเกี่ยวกับข้อมูล การใช้บริการทางการแพทย์ของผู้ประกันตนและการตรวจสอบข้อมูล,558800.0,111800.0,31680.0,ใช่,ไม่ใช่,,DOC-BUD-2563,1.1ผลเบิกจ่ายปี 2563- final.pdf,6,2563-0193
2563,2564-01-31,31 มกราคม 2564,แผนงานยุทธศาสตร์,รายจ่ายเพื่อบริหารงาน,งบดำเนินงาน,ค่าใช้สอย,4,,5,รายการ,4. ค่าใช้จ่ายในการจัดประชุมวิชาการประกันสังคม ปี 2563,969600.0,852962.0,116638.0,ใช่,ไม่ใช่,,DOC-BUD-2563,1.1ผลเบิกจ่ายปี 2563- final.pdf,6,2563-0194
2563,2564-01-31,31 มกราคม 2564,แผนงานยุทธศาสตร์,รายจ่ายเพื่อบริหารงาน,งบดำเนินงาน,ค่าใช้สอย,5,,5,รายการ,5. ค่าใช้จ่ายในการจัดประชุม อบรม สัมมนาและค่าอาหารว่าง,69687400.0,53391484.1,16504645.9,ไม่ใช่,ไม่ใช่,,DOC-BUD-2563,1.1ผลเบิกจ่ายปี 2563- final.pdf,6,2563-0195
2563,2564-01-31,31 มกราคม 2564,แผนงานยุทธศาสตร์,รายจ่ายเพื่อบริหารงาน,งบดำเนินงาน,ค่าใช้สอย,5.1,5.,6,รายการ,5.1 ค่าใช้จ่ายในการจัดฝึกอบรม สัมมนา และค่าอาหารว่าง,41189300.0,29756110.8,11433189.2,ไม่ใช่,ไม่ใช่,,DOC-BUD-2563,1.1ผลเบิกจ่ายปี 2563- final.pdf,6,2563-0196
2563,2564-01-31,31 มกราคม 2564,แผนงานยุทธศาสตร์,รายจ่ายเพื่อบริหารงาน,งบดำเนินงาน,ค่าใช้สอย,1,5. > 5.1.,7,รายการ,1. โครงการอบรมข้าราชการบรรจุใหม่ของ สปส.,3084000.0,1706147.5,1377852.5,ใช่,ไม่ใช่,,DOC-BUD-2563,1.1ผลเบิกจ่ายปี 2563- final.pdf,6,2563-0197
2563,2564-01-31,31 มกราคม 2564,แผนงานยุทธศาสตร์,รายจ่ายเพื่อบริหารงาน,งบดำเนินงาน,ค่าใช้สอย,2,5. > 5.1.,7,รายการ,2. โครงการพัฒนาสมรรถนะข้าราชการรัดบปฏิบัติการ,850000.0,840000.0,10000.0,ใช่,ไม่ใช่,,DOC-BUD-2563,1.1ผลเบิกจ่ายปี 2563- final.pdf,6,2563-0198
2563,2564-01-31,31 มกราคม 2564,แผนงานยุทธศาสตร์,รายจ่ายเพื่อบริหารงาน,งบดำเนินงาน,ค่าใช้สอย,3,5. > 5.1.,7,รายการ,3. โครงการพัฒนาทักษะเพื่อเพิ่มความเชี่ยวชาญในสายงาน เพื่อสร้างความเป็นมืออาชีพ,850000.0,840000.0,10000.0,ใช่,ไม่ใช่,,DOC-BUD-2563,1.1ผลเบิกจ่ายปี 2563- final.pdf,6,2563-0199
2563,2564-01-31,31 มกราคม 2564,แผนงานยุทธศาสตร์,รายจ่ายเพื่อบริหารงาน,งบดำเนินงาน,ค่าใช้สอย,4,5. > 5.1.,7,รายการ,4. โครงการนักบริหารประกันสังคม ระดับต้น,2360000.0,2268000.0,92000.0,ใช่,ไม่ใช่,,DOC-BUD-2563,1.1ผลเบิกจ่ายปี 2563- final.pdf,6,2563-0200
2563,2564-01-31,31 มกราคม 2564,แผนงานยุทธศาสตร์,รายจ่ายเพื่อบริหารงาน,งบดำเนินงาน,ค่าใช้สอย,5,5. > 5.1.,7,รายการ,5. โครงการนักบริหารประกันสังคม ระดับกลาง,3000000.0,2875000.0,125000.0,ใช่,ไม่ใช่,,DOC-BUD-2563,1.1ผลเบิกจ่ายปี 2563- final.pdf,7,2563-0201
2563,2564-01-31,31 มกราคม 2564,แผนงานยุทธศาสตร์,รายจ่ายเพื่อบริหารงาน,งบดำเนินงาน,ค่าใช้สอย,6,5. > 5.1.,7,รายการ,6. โครงการพัฒนาศักยภาพผู้นำ ระดับชำนาญการพิเศษ The Leadership Dynamic Program,1750000.0,960000.0,790000.0,ใช่,ไม่ใช่,,DOC-BUD-2563,1.1ผลเบิกจ่ายปี 2563- final.pdf,7,2563-0202
2563,2564-01-31,31 มกราคม 2564,แผนงานยุทธศาสตร์,รายจ่ายเพื่อบริหารงาน,งบดำเนินงาน,ค่าใช้สอย,7,5. > 5.1.,7,รายการ,7. โครงการสัมมนาผู้บริหารสำนักงานประกันสังคม,3174000.0,1113142.0,2060858.0,ใช่,ไม่ใช่,,DOC-BUD-2563,1.1ผลเบิกจ่ายปี 2563- final.pdf,7,2563-0203
2563,2564-01-31,31 มกราคม 2564,แผนงานยุทธศาสตร์,รายจ่ายเพื่อบริหารงาน,งบดำเนินงาน,ค่าใช้สอย,8,5. > 5.1.,7,รายการ,8. โครงการนักปฏิบัติการประกันสังคมต้นแบบ Social Security Model Officers,3311000.0,894200.0,2416800.0,ใช่,ไม่ใช่,,DOC-BUD-2563,1.1ผลเบิกจ่ายปี 2563- final.pdf,7,2563-0204
2563,2564-01-31,31 มกราคม 2564,แผนงานยุทธศาสตร์,รายจ่ายเพื่อบริหารงาน,งบดำเนินงาน,ค่าใช้สอย,9,5. > 5.1.,7,รายการ,9. โครงการบุคลากรประกันสังคมต้นแบบ,3311000.0,1162980.0,2148020.0,ใช่,ไม่ใช่,,DOC-BUD-2563,1.1ผลเบิกจ่ายปี 2563- final.pdf,7,2563-0205
2563,2564-01-31,31 มกราคม 2564,แผนงานยุทธศาสตร์,รายจ่ายเพื่อบริหารงาน,งบดำเนินงาน,ค่าใช้สอย,10,5. > 5.1.,7,รายการ,10. โครงการพนักงานประกันสังคมบรรจุใหม่,618000.0,456279.5,161720.5,ใช่,ไม่ใช่,,DOC-BUD-2563,1.1ผลเบิกจ่ายปี 2563- final.pdf,7,2563-0206
2563,2564-01-31,31 มกราคม 2564,แผนงานยุทธศาสตร์,รายจ่ายเพื่อบริหารงาน,งบดำเนินงาน,ค่าใช้สอย,11,5. > 5.1.,7,รายการ,11. โครงการเตรียมพร้อมก่อนเกษียณพนักงานกองทุนประกันสังคม,445200.0,239060.0,206140.0,ใช่,ไม่ใช่,,DOC-BUD-2563,1.1ผลเบิกจ่ายปี 2563- final.pdf,7,2563-0207
2563,2564-01-31,31 มกราคม 2564,แผนงานยุทธศาสตร์,รายจ่ายเพื่อบริหารงาน,งบดำเนินงาน,ค่าใช้สอย,12,5. > 5.1.,7,รายการ,12. โครงการพัฒนาทักษะภาษาต่างประเทศ,2500000.0,2478800.0,21200.0,ใช่,ไม่ใช่,,DOC-BUD-2563,1.1ผลเบิกจ่ายปี 2563- final.pdf,7,2563-0208
2563,2564-01-31,31 มกราคม 2564,แผนงานยุทธศาสตร์,รายจ่ายเพื่อบริหารงาน,งบดำเนินงาน,ค่าใช้สอย,13,5. > 5.1.,7,รายการ,13. โครงการเพิ่มสมรรถนะบุคลากรประกันสังคม และสร้างความผูกพันในองค์กร,4710000.0,4704000.0,6000.0,ใช่,ไม่ใช่,,DOC-BUD-2563,1.1ผลเบิกจ่ายปี 2563- final.pdf,7,2563-0209
2563,2564-01-31,31 มกราคม 2564,แผนงานยุทธศาสตร์,รายจ่ายเพื่อบริหารงาน,งบดำเนินงาน,ค่าใช้สอย,14,5. > 5.1.,7,รายการ,14. โครงการ Service Mind : การพัฒนาศักยภาพเจ้าหน้าที่ผู้ปฏิบัติงานด้านบริการ,691000.0,457790.0,233210.0,ใช่,ไม่ใช่,,DOC-BUD-2563,1.1ผลเบิกจ่ายปี 2563- final.pdf,7,2563-0210
2563,2564-01-31,31 มกราคม 2564,แผนงานยุทธศาสตร์,รายจ่ายเพื่อบริหารงาน,งบดำเนินงาน,ค่าใช้สอย,15,5. > 5.1.,7,รายการ,15. โครงการฝึกอบรมหลักสูตร การเพิ่มทักษะและศัยภาพการตรวจสอบภายใน,121300.0,85440.0,35860.0,ใช่,ไม่ใช่,,DOC-BUD-2563,1.1ผลเบิกจ่ายปี 2563- final.pdf,7,2563-0211
2563,2564-01-31,31 มกราคม 2564,แผนงานยุทธศาสตร์,รายจ่ายเพื่อบริหารงาน,งบดำเนินงาน,ค่าใช้สอย,16,5. > 5.1.,7,รายการ,16. โครงการดำเนินการทางวินัยสำหรับเจ้าหน้าที่สำนักงานประกันสังคม,662000.0,501500.0,160500.0,ใช่,ไม่ใช่,,DOC-BUD-2563,1.1ผลเบิกจ่ายปี 2563- final.pdf,7,2563-0212
2563,2564-01-31,31 มกราคม 2564,แผนงานยุทธศาสตร์,รายจ่ายเพื่อบริหารงาน,งบดำเนินงาน,ค่าใช้สอย,17,5. > 5.1.,7,รายการ,17. โครงการส่งเสริมงานบริการด้าน HR ที่มีประสิทธิภาพ,819100.0,479680.0,339420.0,ใช่,ไม่ใช่,,DOC-BUD-2563,1.1ผลเบิกจ่ายปี 2563- final.pdf,7,2563-0213
2563,2564-01-31,31 มกราคม 2564,แผนงานยุทธศาสตร์,รายจ่ายเพื่อบริหารงาน,งบดำเนินงาน,ค่าใช้สอย,18,5. > 5.1.,7,รายการ,18. โครงการบริหารจัดการขั้นตอนการอุทธรณ์ตามพระราชบัญญัติประกันสังคม พ.ศ. 2533,584800.0,499200.0,85600.0,ใช่,ไม่ใช่,,DOC-BUD-2563,1.1ผลเบิกจ่ายปี 2563- final.pdf,7,2563-0214
2563,2564-01-31,31 มกราคม 2564,แผนงานยุทธศาสตร์,รายจ่ายเพื่อบริหารงาน,งบดำเนินงาน,ค่าใช้สอย,19,5. > 5.1.,7,รายการ,"19. โครงการฝึกอบรมหลักสูตร ""แนวทางการพัฒนาบริการภาครัฐ""",62000.0,61000.0,1000.0,ใช่,ไม่ใช่,,DOC-BUD-2563,1.1ผลเบิกจ่ายปี 2563- final.pdf,7,2563-0215
2563,2564-01-31,31 มกราคม 2564,แผนงานยุทธศาสตร์,รายจ่ายเพื่อบริหารงาน,งบดำเนินงาน,ค่าใช้สอย,20,5. > 5.1.,7,รายการ,20. โครงการพัฒนาสมรรถนะบุคลากรด้านการเงินและการบัญชี,1181800.0,896472.0,285328.0,ใช่,ไม่ใช่,,DOC-BUD-2563,1.1ผลเบิกจ่ายปี 2563- final.pdf,7,2563-0216
2563,2564-01-31,31 มกราคม 2564,แผนงานยุทธศาสตร์,รายจ่ายเพื่อบริหารงาน,งบดำเนินงาน,ค่าใช้สอย,21,5. > 5.1.,7,รายการ,21. โครงการอบรมเชิงปฏิบัติการเพื่อการเพิ่มประสิทธิภาพงานวินิจฉัยประโยชน์ทดแทน,973800.0,901110.0,72690.0,ใช่,ไม่ใช่,,DOC-BUD-2563,1.1ผลเบิกจ่ายปี 2563- final.pdf,7,2563-0217
2563,2564-01-31,31 มกราคม 2564,แผนงานยุทธศาสตร์,รายจ่ายเพื่อบริหารงาน,งบดำเนินงาน,ค่าใช้สอย,22,5. > 5.1.,7,รายการ,22. โครงการประชุมเชิงปฏิบัติการบริหารจัดการความเสี่ยงด้านงานประโยชน์ทดแทน,240000.0,,240000.0,ใช่,ไม่ใช่,รวมเบิกจ่ายและผูกพัน,DOC-BUD-2563,1.1ผลเบิกจ่ายปี 2563- final.pdf,7,2563-0218
2563,2564-01-31,31 มกราคม 2564,แผนงานยุทธศาสตร์,รายจ่ายเพื่อบริหารงาน,งบดำเนินงาน,ค่าใช้สอย,23,5. > 5.1.,7,รายการ,23. โครงการฝึกอบรมเชิงปฏิบัติการติดตามผลการตรวจสอบสถานประกอบการ ผ่านระบบสารสนเทศ,331600.0,279120.8,52479.2,ใช่,ไม่ใช่,,DOC-BUD-2563,1.1ผลเบิกจ่ายปี 2563- final.pdf,7,2563-0219
2563,2564-01-31,31 มกราคม 2564,แผนงานยุทธศาสตร์,รายจ่ายเพื่อบริหารงาน,งบดำเนินงาน,ค่าใช้สอย,24,5. > 5.1.,7,รายการ,24. โครงการพัฒนาสมรรถนะบุคลากรด้านเทคโนโลยีสารสนเทศและความมั่นคง ปลอดภัยด้านสารสนเทศ,507000.0,363440.0,143560.0,ใช่,ไม่ใช่,,DOC-BUD-2563,1.1ผลเบิกจ่ายปี 2563- final.pdf,7,2563-0220
2563,2564-01-31,31 มกราคม 2564,แผนงานยุทธศาสตร์,รายจ่ายเพื่อบริหารงาน,งบดำเนินงาน,ค่าใช้สอย,25,5. > 5.1.,7,รายการ,25. โครงการพัฒนาสมรรถนะบุคลากรด้านการบริหารงานงบประมาณ และแผนปฏิบัติราชการ,1421700.0,1250680.0,171020.0,ใช่,ไม่ใช่,,DOC-BUD-2563,1.1ผลเบิกจ่ายปี 2563- final.pdf,7,2563-0221
2563,2564-01-31,31 มกราคม 2564,แผนงานยุทธศาสตร์,รายจ่ายเพื่อบริหารงาน,งบดำเนินงาน,ค่าใช้สอย,26,5. > 5.1.,7,รายการ,26. โครงการปรับกระบวนงานการจัดทำแฟ้มนายจ้างอิเล็กทรอนิกส์และอบรม เชิงปฏิบัติการแก่เจ้าหน้าที่ผู้ปฏิบัติงานเพื่อจัดทำแฟ้มนายจ้างอิเล็กทรอนิกส์,738000.0,689080.0,48920.0,ใช่,ไม่ใช่,,DOC-BUD-2563,1.1ผลเบิกจ่ายปี 2563- final.pdf,7,2563-0222
2563,2564-01-31,31 มกราคม 2564,แผนงานยุทธศาสตร์,รายจ่ายเพื่อบริหารงาน,งบดำเนินงาน,ค่าใช้สอย,27,5. > 5.1.,7,รายการ,27. โครงการพัฒนาศักยภาพบุคคลต้นแบบเพื่อเพิ่มประสิทธิภาพในการปฏิบัติงาน ประกันสังคมมาตรา 40 สู่ความเป็นเลิศ (Smart Stars M 40),489600.0,353464.0,136136.0,ใช่,ไม่ใช่,,DOC-BUD-2563,1.1ผลเบิกจ่ายปี 2563- final.pdf,7,2563-0223
2563,2564-01-31,31 มกราคม 2564,แผนงานยุทธศาสตร์,รายจ่ายเพื่อบริหารงาน,งบดำเนินงาน,ค่าใช้สอย,28,5. > 5.1.,7,รายการ,28. โครงการพัฒนาทักษะเจ้าหน้าที่ติดตามเร่งรัดหนี้ ตามโครงการลดหนี้ใหม่ใส่ใจหนี้เก่า,2402400.0,2400525.0,1875.0,ใช่,ไม่ใช่,,DOC-BUD-2563,1.1ผลเบิกจ่ายปี 2563- final.pdf,7,2563-0224
2563,2564-01-31,31 มกราคม 2564,แผนงานยุทธศาสตร์,รายจ่ายเพื่อบริหารงาน,งบดำเนินงาน,ค่าใช้สอย,5.2,5.,6,รายการ,5.2 โครงการเสริมสร้างสมรรถนะบุคลากรของสำนักงานประกันสังคม,25136000.0,21323760.8,4020969.2,ใช่,ไม่ใช่,,DOC-BUD-2563,1.1ผลเบิกจ่ายปี 2563- final.pdf,7,2563-0225
2563,2564-01-31,31 มกราคม 2564,แผนงานยุทธศาสตร์,รายจ่ายเพื่อบริหารงาน,งบดำเนินงาน,ค่าใช้สอย,5.3,5.,6,รายการ,5.3 การฝึกอบรมทักษะด้านภาษาต่างประเทศเพื่อการปฏิบัติงาน,1179000.0,933614.0,245386.0,ใช่,ไม่ใช่,,DOC-BUD-2563,1.1ผลเบิกจ่ายปี 2563- final.pdf,7,2563-0226
2563,2564-01-31,31 มกราคม 2564,แผนงานยุทธศาสตร์,รายจ่ายเพื่อบริหารงาน,งบดำเนินงาน,ค่าใช้สอย,5.3,5.,6,รายการ,5.3 การจัดการความรู้สำนักงานประกันสังคม,2183100.0,1377998.5,805101.5,ใช่,ไม่ใช่,,DOC-BUD-2563,1.1ผลเบิกจ่ายปี 2563- final.pdf,7,2563-0227
2563,2564-01-31,31 มกราคม 2564,แผนงานยุทธศาสตร์,รายจ่ายเพื่อบริหารงาน,งบดำเนินงาน,ค่าใช้สอย,6,,5,รายการ,6. ค่าใช้จ่ายในการจัดประชุม อบรมให้ความรู้งานประกันสังคม,10580000.0,10011606.83,608393.17,ไม่ใช่,ไม่ใช่,,DOC-BUD-2563,1.1ผลเบิกจ่ายปี 2563- final.pdf,7,2563-0228
2563,2564-01-31,31 มกราคม 2564,แผนงานยุทธศาสตร์,รายจ่ายเพื่อบริหารงาน,งบดำเนินงาน,ค่าใช้สอย,,6.,6,รายละเอียดของแถวบน,- ค่าจัดประชุมชี้แจงให้ความรู้งานประกันสังคม,10580000.0,10011606.83,608393.17,ใช่,ใช่,,DOC-BUD-2563,1.1ผลเบิกจ่ายปี 2563- final.pdf,7,2563-0229
2563,2564-01-31,31 มกราคม 2564,แผนงานยุทธศาสตร์,รายจ่ายเพื่อบริหารงาน,งบดำเนินงาน,ค่าใช้สอย,7,,5,รายการ,7. ค่าใช้จ่ายต่าง ๆ เพื่อเผยแพร่ความรู้เกี่ยวกับการประกันสังคม,154800000.0,140823531.0,10204849.0,ไม่ใช่,ไม่ใช่,,DOC-BUD-2563,1.1ผลเบิกจ่ายปี 2563- final.pdf,7,2563-0230
2563,2564-01-31,31 มกราคม 2564,แผนงานยุทธศาสตร์,รายจ่ายเพื่อบริหารงาน,งบดำเนินงาน,ค่าใช้สอย,1,7.,6,รายการ,1. จัดนิทรรศการวัรแงงานแห่งชาติ,1500000.0,,1500000.0,ใช่,ไม่ใช่,รวมเบิกจ่ายและผูกพัน,DOC-BUD-2563,1.1ผลเบิกจ่ายปี 2563- final.pdf,7,2563-0231
2563,2564-01-31,31 มกราคม 2564,แผนงานยุทธศาสตร์,รายจ่ายเพื่อบริหารงาน,งบดำเนินงาน,ค่าใช้สอย,2,7.,6,รายการ,2. ผลิตและออกอากาศสื่อโทรทัศน์,35000000.0,30747413.0,1287427.0,ใช่,ไม่ใช่,,DOC-BUD-2563,1.1ผลเบิกจ่ายปี 2563- final.pdf,7,2563-0232
2563,2564-01-31,31 มกราคม 2564,แผนงานยุทธศาสตร์,รายจ่ายเพื่อบริหารงาน,งบดำเนินงาน,ค่าใช้สอย,3,7.,6,รายการ,3. ผลิตและออกอากาศสื่อวิทยุ,3500000.0,3167550.0,332450.0,ใช่,ไม่ใช่,,DOC-BUD-2563,1.1ผลเบิกจ่ายปี 2563- final.pdf,7,2563-0233
2563,2564-01-31,31 มกราคม 2564,แผนงานยุทธศาสตร์,รายจ่ายเพื่อบริหารงาน,งบดำเนินงาน,ค่าใช้สอย,4,7.,6,รายการ,4. ผลิตและประชาสัมพันธ์ทางสื่อสิ่งพิมพ์,8000000.0,6476500.0,1119040.0,ใช่,ไม่ใช่,,DOC-BUD-2563,1.1ผลเบิกจ่ายปี 2563- final.pdf,7,2563-0234
2563,2564-01-31,31 มกราคม 2564,แผนงานยุทธศาสตร์,รายจ่ายเพื่อบริหารงาน,งบดำเนินงาน,ค่าใช้สอย,5,7.,6,รายการ,5. ผลิตและเผยแพร่ทางสื่อออนไลน์ () หรือสื่อสังคมออนไลน์ เว็บไซต์ (โซเซียลมีเดีย),10000000.0,9356020.0,643980.0,ใช่,ไม่ใช่,,DOC-BUD-2563,1.1ผลเบิกจ่ายปี 2563- final.pdf,7,2563-0235
2563,2564-01-31,31 มกราคม 2564,แผนงานยุทธศาสตร์,รายจ่ายเพื่อบริหารงาน,งบดำเนินงาน,ค่าใช้สอย,6,7.,6,รายการ,6. ผลิตและเผยแพร่ประชาสัมพันธ์ป้าย Light Box,3000000.0,,3000000.0,ใช่,ไม่ใช่,รวมเบิกจ่ายและผูกพัน,DOC-BUD-2563,1.1ผลเบิกจ่ายปี 2563- final.pdf,7,2563-0236
2563,2564-01-31,31 มกราคม 2564,แผนงานยุทธศาสตร์,รายจ่ายเพื่อบริหารงาน,งบดำเนินงาน,ค่าใช้สอย,7,7.,6,รายการ,7. ผลิตสื่อประชาสัมพันธ์เพื่อเผยแพร่ประชาสัมพันธ์ ส่งแรงงานกลับบ้าน,500000.0,497000.0,3000.0,ใช่,ไม่ใช่,,DOC-BUD-2563,1.1ผลเบิกจ่ายปี 2563- final.pdf,7,2563-0237
2563,2564-01-31,31 มกราคม 2564,แผนงานยุทธศาสตร์,รายจ่ายเพื่อบริหารงาน,งบดำเนินงาน,ค่าใช้สอย,8,7.,6,รายการ,8. เผยแพร่ประชาสัมพันธ์สื่อ Digital billboard,2000000.0,,2000000.0,ใช่,ไม่ใช่,รวมเบิกจ่ายและผูกพัน,DOC-BUD-2563,1.1ผลเบิกจ่ายปี 2563- final.pdf,7,2563-0238
2563,2564-01-31,31 มกราคม 2564,แผนงานยุทธศาสตร์,รายจ่ายเพื่อบริหารงาน,งบดำเนินงาน,ค่าใช้สอย,9,7.,6,รายการ,9. แผ่นพับประชาสัมพันธ์งานประกันสังคม,5000000.0,4980000.0,20000.0,ใช่,ไม่ใช่,,DOC-BUD-2563,1.1ผลเบิกจ่ายปี 2563- final.pdf,8,2563-0239
2563,2564-01-31,31 มกราคม 2564,แผนงานยุทธศาสตร์,รายจ่ายเพื่อบริหารงาน,งบดำเนินงาน,ค่าใช้สอย,10,7.,6,รายการ,10. ผลิตสื่อประชาสัมพันธ์เพื่อเผยแพร่ประชาสัมพันธ์ ประเภทของรางวัล,3000000.0,3000000.0,,ใช่,ไม่ใช่,คงเหลือ,DOC-BUD-2563,1.1ผลเบิกจ่ายปี 2563- final.pdf,8,2563-0240
2563,2564-01-31,31 มกราคม 2564,แผนงานยุทธศาสตร์,รายจ่ายเพื่อบริหารงาน,งบดำเนินงาน,ค่าใช้สอย,11,7.,6,รายการ,11. ตรวจตัดข่าว ผ่านสื่อสิ่งพิมพ์ และสื่อออนไลน์,500000.0,499048.0,952.0,ใช่,ไม่ใช่,,DOC-BUD-2563,1.1ผลเบิกจ่ายปี 2563- final.pdf,8,2563-0241
2563,2564-01-31,31 มกราคม 2564,แผนงานยุทธศาสตร์,รายจ่ายเพื่อบริหารงาน,งบดำเนินงาน,ค่าใช้สอย,12,7.,6,รายการ,12. จัดทำปฏิทินประกันสังคม ประจำปี 2564,55000000.0,54310000.0,288000.0,ใช่,ไม่ใช่,,DOC-BUD-2563,1.1ผลเบิกจ่ายปี 2563- final.pdf,8,2563-0242
2563,2564-01-31,31 มกราคม 2564,แผนงานยุทธศาสตร์,รายจ่ายเพื่อบริหารงาน,งบดำเนินงาน,ค่าใช้สอย,13,7.,6,รายการ,13. วารสารประกันสังคม ปี 2563,24000000.0,24000000.0,,ใช่,ไม่ใช่,คงเหลือ,DOC-BUD-2563,1.1ผลเบิกจ่ายปี 2563- final.pdf,8,2563-0243
2563,2564-01-31,31 มกราคม 2564,แผนงานยุทธศาสตร์,รายจ่ายเพื่อบริหารงาน,งบดำเนินงาน,ค่าใช้สอย,14,7.,6,รายการ,14. ผลิตวัสดุประชาสัมพันธ์วันแรงงานแห่งชาติ ปี 2563,3800000.0,3790000.0,10000.0,ใช่,ไม่ใช่,,DOC-BUD-2563,1.1ผลเบิกจ่ายปี 2563- final.pdf,8,2563-0244
2563,2564-01-31,31 มกราคม 2564,แผนงานยุทธศาสตร์,รายจ่ายเพื่อบริหารงาน,งบดำเนินงาน,ค่าใช้สอย,8,,5,รายการ,8. การจัดส่งข้าราชการและพนักงานสำนักงานประกันสังคมเข้ารับ การอบรมด้านวิชาการที่หน่วยงานภายนอกเป็นผู้จัด,5839000.0,2524488.0,3314512.0,ใช่,ไม่ใช่,,DOC-BUD-2563,1.1ผลเบิกจ่ายปี 2563- final.pdf,8,2563-0245
2563,2564-01-31,31 มกราคม 2564,แผนงานยุทธศาสตร์,รายจ่ายเพื่อบริหารงาน,งบดำเนินงาน,ค่าใช้สอย,9,,5,รายการ,9. การอบรมเชิงปฏิบัติการแก่นายจ้างเพื่อจัดทำข้อมูลและจ่ายเงินสมทบ กองทุนประกันสงคมผ่านระบบอิเล็กทรอนิกส์ (e-Payment),3470000.0,2879569.08,590430.92,ใช่,ไม่ใช่,,DOC-BUD-2563,1.1ผลเบิกจ่ายปี 2563- final.pdf,8,2563-0246
2563,2564-01-31,31 มกราคม 2564,แผนงานยุทธศาสตร์,รายจ่ายเพื่อบริหารงาน,งบดำเนินงาน,ค่าใช้สอย,10,,5,รายการ,10. โครงการให้ความรู้ด้านการประกันสังคมแก่แรงงานต่างด้าว (Mini Office),600000.0,498735.45,101264.55,ใช่,ไม่ใช่,,DOC-BUD-2563,1.1ผลเบิกจ่ายปี 2563- final.pdf,8,2563-0247
2563,2564-01-31,31 มกราคม 2564,แผนงานยุทธศาสตร์,รายจ่ายเพื่อบริหารงาน,งบดำเนินงาน,ค่าใช้สอย,11,,5,รายการ,11. โครงการสำนักงานบัญชีคุณภาพกับงานประกันสังคม,175000.0,136438.0,38562.0,ใช่,ไม่ใช่,,DOC-BUD-2563,1.1ผลเบิกจ่ายปี 2563- final.pdf,8,2563-0248
2563,2564-01-31,31 มกราคม 2564,แผนงานยุทธศาสตร์,รายจ่ายเพื่อบริหารงาน,งบดำเนินงาน,ค่าใช้สอย,12,,5,รายการ,12. โครงการตรวจสอบสถานประกอบการเพื่อป้องกันการแสวงประโยชน์ จากการใช้แรงงานและกองทุน,376700.0,309973.0,66727.0,ใช่,ไม่ใช่,,DOC-BUD-2563,1.1ผลเบิกจ่ายปี 2563- final.pdf,8,2563-0249
2563,2564-01-31,31 มกราคม 2564,แผนงานยุทธศาสตร์,รายจ่ายเพื่อบริหารงาน,งบดำเนินงาน,ค่าใช้สอย,13,,5,รายการ,13. โครงการเผยแพร่ประชาสัมพันธ์ความรู้เรื่องการประกันสังคมสู่สถานศึกษา,3290000.0,2973725.78,316274.22,ใช่,ไม่ใช่,,DOC-BUD-2563,1.1ผลเบิกจ่ายปี 2563- final.pdf,8,2563-0250
2563,2564-01-31,31 มกราคม 2564,แผนงานยุทธศาสตร์,รายจ่ายเพื่อบริหารงาน,งบดำเนินงาน,ค่าใช้สอย,14,,5,รายการ,14. โครงการ สปส.มอบสุข,3400000.0,3270000.0,130000.0,ใช่,ไม่ใช่,,DOC-BUD-2563,1.1ผลเบิกจ่ายปี 2563- final.pdf,8,2563-0251
2563,2564-01-31,31 มกราคม 2564,แผนงานยุทธศาสตร์,รายจ่ายเพื่อบริหารงาน,งบดำเนินงาน,ค่าใช้สอย,15,,5,รายการ,15. โครงการสื่อสารสร้างการรับรู้งานประกันสังคม,4000000.0,880560.0,1119440.0,ใช่,ไม่ใช่,,DOC-BUD-2563,1.1ผลเบิกจ่ายปี 2563- final.pdf,8,2563-0252
2563,2564-01-31,31 มกราคม 2564,แผนงานยุทธศาสตร์,รายจ่ายเพื่อบริหารงาน,งบดำเนินงาน,ค่าใช้สอย,16,,5,รายการ,16. โครงการประชาสัมพันธ์องค์กรผ่านกิจกรรม CSR,150000.0,,150000.0,ใช่,ไม่ใช่,รวมเบิกจ่ายและผูกพัน,DOC-BUD-2563,1.1ผลเบิกจ่ายปี 2563- final.pdf,8,2563-0253
2563,2564-01-31,31 มกราคม 2564,แผนงานยุทธศาสตร์,รายจ่ายเพื่อบริหารงาน,งบดำเนินงาน,ค่าใช้สอย,17,,5,รายการ,17. โครงการจัดนิทรรศการและแถลงข่าวงานประกันสังคม,2000000.0,2300160.0,,ใช่,ไม่ใช่,คงเหลือ,DOC-BUD-2563,1.1ผลเบิกจ่ายปี 2563- final.pdf,8,2563-0254
2563,2564-01-31,31 มกราคม 2564,แผนงานยุทธศาสตร์,รายจ่ายเพื่อบริหารงาน,งบดำเนินงาน,ค่าใช้สอย,18,,5,รายการ,18. โครงการออกหน่วยเคลื่อนที่บริการเบ็ดเสร็จ Service Delivery Unit,8008600.0,3191288.0,4817312.0,ใช่,ไม่ใช่,,DOC-BUD-2563,1.1ผลเบิกจ่ายปี 2563- final.pdf,8,2563-0255
2563,2564-01-31,31 มกราคม 2564,แผนงานยุทธศาสตร์,รายจ่ายเพื่อบริหารงาน,งบดำเนินงาน,ค่าใช้สอย,19,,5,รายการ,19. โครงการ 1 ตำบล 1 หมู่บ้าน ประกันสังคมทั่วไทย,505500.0,429520.0,75980.0,ใช่,ไม่ใช่,,DOC-BUD-2563,1.1ผลเบิกจ่ายปี 2563- final.pdf,8,2563-0256
2563,2564-01-31,31 มกราคม 2564,แผนงานยุทธศาสตร์,รายจ่ายเพื่อบริหารงาน,งบดำเนินงาน,ค่าใช้สอย,20,,5,รายการ,20. โครงการพัฒนาศักยภาพแกนนำเครือข่ายประกันสังคม,3088500.0,2828244.95,260255.05,ใช่,ไม่ใช่,,DOC-BUD-2563,1.1ผลเบิกจ่ายปี 2563- final.pdf,8,2563-0257
2563,2564-01-31,31 มกราคม 2564,แผนงานยุทธศาสตร์,รายจ่ายเพื่อบริหารงาน,งบดำเนินงาน,ค่าใช้สอย,21,,5,รายการ,21. โครงการประกันสังคมทั่วไทยสู่แรงงานภาคอิสระ,2227900.0,992845.0,1235055.0,ใช่,ไม่ใช่,,DOC-BUD-2563,1.1ผลเบิกจ่ายปี 2563- final.pdf,8,2563-0258
2563,2564-01-31,31 มกราคม 2564,แผนงานยุทธศาสตร์,รายจ่ายเพื่อบริหารงาน,งบดำเนินงาน,ค่าใช้สอย,22,,5,รายการ,22. โครงการศึกษาวิเคราะห์ทบทวนบทบาทภารกิจและรูปแบบการให้บริการ ของสำนักงานประกันสังคมจังหวัดสาขา,104800.0,102875.0,1925.0,ใช่,ไม่ใช่,,DOC-BUD-2563,1.1ผลเบิกจ่ายปี 2563- final.pdf,8,2563-0259
2563,2564-01-31,31 มกราคม 2564,แผนงานยุทธศาสตร์,รายจ่ายเพื่อบริหารงาน,งบดำเนินงาน,ค่าใช้สอย,23,,5,รายการ,"23. โครงการพัฒนาคุณภาพการบริหารจัดการของสำนักงานประกันสังคม ""ก้าวสู่ระบบ ราชการ 4.0 อย่างงยั่งยืน ตามเกณฑ์คุณภาพการบริหารจัดการภาครัฐ (PMQA 4.0)",585700.0,535255.0,50445.0,ใช่,ไม่ใช่,,DOC-BUD-2563,1.1ผลเบิกจ่ายปี 2563- final.pdf,8,2563-0260
2563,2564-01-31,31 มกราคม 2564,แผนงานยุทธศาสตร์,รายจ่ายเพื่อบริหารงาน,งบดำเนินงาน,ค่าใช้สอย,24,,5,รายการ,24. โครงการทบทวนโครงสร้างองค์กรและรูปแบบการดำเนินงานให้ทันสมัยรองรับ การเปลี่ยนแปลง พร้อมก้าวสู่ระบบราชการ 4.0,42700.0,27250.0,15450.0,ใช่,ไม่ใช่,,DOC-BUD-2563,1.1ผลเบิกจ่ายปี 2563- final.pdf,8,2563-0261
2563,2564-01-31,31 มกราคม 2564,แผนงานยุทธศาสตร์,รายจ่ายเพื่อบริหารงาน,งบดำเนินงาน,ค่าใช้สอย,25,,5,รายการ,25. โครงการขับเคลื่อนให้เกิดการสร้างวัฒนธรรมองค์กร,59900.0,59900.0,,ใช่,ไม่ใช่,คงเหลือ,DOC-BUD-2563,1.1ผลเบิกจ่ายปี 2563- final.pdf,8,2563-0262
2563,2564-01-31,31 มกราคม 2564,แผนงานยุทธศาสตร์,รายจ่ายเพื่อบริหารงาน,งบดำเนินงาน,ค่าใช้สอย,26,,5,รายการ,26. โครงการรับฟังความคิดเห็นการปรับปรุงแก้ไขกฎหมาย พระราชบัญญัติประกันสังคม พระราชบัญญัติเงินทดแทน กฎ ระเบียบ ประกาศ เพื่อรองรับความเปลี่ยนแปลง,353600.0,,353600.0,ใช่,ไม่ใช่,รวมเบิกจ่ายและผูกพัน,DOC-BUD-2563,1.1ผลเบิกจ่ายปี 2563- final.pdf,8,2563-0263
2563,2564-01-31,31 มกราคม 2564,แผนงานยุทธศาสตร์,รายจ่ายเพื่อบริหารงาน,งบดำเนินงาน,ค่าใช้สอย,27,,5,รายการ,27. โครงการบริจาคโลหิต เนื่องในโอกาสครบรอบ 30 ปี ประกันสังคม,31200.0,31200.0,,ใช่,ไม่ใช่,คงเหลือ,DOC-BUD-2563,1.1ผลเบิกจ่ายปี 2563- final.pdf,8,2563-0264
2563,2564-01-31,31 มกราคม 2564,แผนงานยุทธศาสตร์,รายจ่ายเพื่อบริหารงาน,งบดำเนินงาน,ค่าใช้สอย,28,,5,รายการ,28. โครงการประกาศเกียรติคุณผู้ทำคุณประโยชน์ต่อสำนักงานประกันสังคม ปี 2563,90000.0,74151.0,15849.0,ใช่,ไม่ใช่,,DOC-BUD-2563,1.1ผลเบิกจ่ายปี 2563- final.pdf,8,2563-0265
2563,2564-01-31,31 มกราคม 2564,แผนงานยุทธศาสตร์,รายจ่ายเพื่อบริหารงาน,งบดำเนินงาน,ค่าใช้สอย,29,,5,รายการ,"29. โครงการอบรม สัมมนา ""การเสริมสร้างการทำงานเป็นทีมเพื่อเพิ่มประสิทธิภาพ การทำงานร่วมกัน ประจำปี 2563""",147600.0,93214.0,54386.0,ใช่,ไม่ใช่,,DOC-BUD-2563,1.1ผลเบิกจ่ายปี 2563- final.pdf,8,2563-0266
2563,2564-01-31,31 มกราคม 2564,แผนงานยุทธศาสตร์,รายจ่ายเพื่อบริหารงาน,งบดำเนินงาน,ค่าใช้สอย,30,,5,รายการ,30. โครงการสัมมนานายจ้าง ลูกจ้าง เจ้าหน้าที่สถานพยาบาล และเจ้าหน้าที่ประกันสังคม,3067600.0,1582294.0,1485306.0,ใช่,ไม่ใช่,,DOC-BUD-2563,1.1ผลเบิกจ่ายปี 2563- final.pdf,8,2563-0267
2563,2564-01-31,31 มกราคม 2564,แผนงานยุทธศาสตร์,รายจ่ายเพื่อบริหารงาน,งบดำเนินงาน,ค่าใช้สอย,31,,5,รายการ,31. โครงการส่งเสริมสุขภาพและป้องกันโรคเชิงรุกในสถานประกอบการสู่นิคมอุตสาหกรรม ขนาดใหญ่,302200.0,146402.0,155798.0,ใช่,ไม่ใช่,,DOC-BUD-2563,1.1ผลเบิกจ่ายปี 2563- final.pdf,8,2563-0268
2563,2564-01-31,31 มกราคม 2564,แผนงานยุทธศาสตร์,รายจ่ายเพื่อบริหารงาน,งบดำเนินงาน,ค่าใช้สอย,32,,5,รายการ,32. โครงการมอบโล่ประกาศเกียรติคุณสถานประกอบการ,405000.0,360000.0,45000.0,ใช่,ไม่ใช่,,DOC-BUD-2563,1.1ผลเบิกจ่ายปี 2563- final.pdf,8,2563-0269
2563,2564-01-31,31 มกราคม 2564,แผนงานยุทธศาสตร์,รายจ่ายเพื่อบริหารงาน,งบดำเนินงาน,ค่าใช้สอย,33,,5,รายการ,33. โครงการฝึกอบรมเชิงปฏิบัติการซักซ้อมแผนการป้องกันและระงับอัคคีภัย,100000.0,94934.5,5065.5,ใช่,ไม่ใช่,,DOC-BUD-2563,1.1ผลเบิกจ่ายปี 2563- final.pdf,8,2563-0270
2563,2564-01-31,31 มกราคม 2564,แผนงานยุทธศาสตร์,รายจ่ายเพื่อบริหารงาน,งบดำเนินงาน,ค่าใช้สอย,34,,5,รายการ,34. โครงการเพิ่มประสิทธิภาพงานประชาสัมพันธ์สร้างการรับรู้สู่ผู้ประกันตน,25800.0,,25800.0,ใช่,ไม่ใช่,รวมเบิกจ่ายและผูกพัน,DOC-BUD-2563,1.1ผลเบิกจ่ายปี 2563- final.pdf,8,2563-0271
2563,2564-01-31,31 มกราคม 2564,แผนงานยุทธศาสตร์,รายจ่ายเพื่อบริหารงาน,งบดำเนินงาน,ค่าใช้สอย,35,,5,รายการ,"35. โครงการประกันสังคมรณรงค์ส่งเสริมสุขภาพและปัองกันโรคให้กับผู้ประกันตน ในสถานประกอบการ ""ต้านภัย ห่างไกลโรคโควิด 19""",,,607010.0,ใช่,ไม่ใช่,จัดสรร; รวมเบิกจ่ายและผูกพัน,DOC-BUD-2563,1.1ผลเบิกจ่ายปี 2563- final.pdf,8,2563-0272
2563,2564-01-31,31 มกราคม 2564,แผนงานยุทธศาสตร์,รายจ่ายเพื่อบริหารงาน,งบดำเนินงาน,ค่าใช้สอย,36,,5,รายการ,36. รายการผลิตสื่อประชาสัมพันธ์เพื่อผลิตน้ำดื่มบรรจุขวด,,495000.0,,ใช่,ไม่ใช่,จัดสรร; คงเหลือ,DOC-BUD-2563,1.1ผลเบิกจ่ายปี 2563- final.pdf,8,2563-0273
2563,2564-01-31,31 มกราคม 2564,แผนงานยุทธศาสตร์,รายจ่ายเพื่อบริหารงาน,งบดำเนินงาน,ค่าใช้สอย,37,,5,รายการ,37. โครงการจ้างงานเร่งด่วนเพื่อช่วยงานประกันสังคมเนื่องจากเหตุสุดวิสัย อันเกิดจากการระบาดของโรคติดต่ออันตรายตามกฎหมายว่าด้วยโรคติดต่อ .พศ. 2563,,24056413.66,1287586.34,ใช่,ไม่ใช่,จัดสรร,DOC-BUD-2563,1.1ผลเบิกจ่ายปี 2563- final.pdf,8,2563-0274
2563,2564-01-31,31 มกราคม 2564,แผนงานยุทธศาสตร์,รายจ่ายเพื่อบริหารงาน,งบดำเนินงาน,ค่าใช้สอย,38,,5,รายการ,38. โครงการ Healthy Thailand เพื่อผู้ประกันตน,,113000.0,16700.0,ใช่,ไม่ใช่,จัดสรร,DOC-BUD-2563,1.1ผลเบิกจ่ายปี 2563- final.pdf,9,2563-0275
2563,2564-01-31,31 มกราคม 2564,แผนงานยุทธศาสตร์,รายจ่ายเพื่อบริหารงาน,งบดำเนินงาน,ค่าใช้สอย,38,,5,รายการ,38. โครงการ Healthy Thailand ผู้ประกันตนตระหนักรู้ สุขภาวะที่ดี สู่ฐานวิถีชีวิตใหม่,,492866.0,8434.0,ใช่,ไม่ใช่,จัดสรร,DOC-BUD-2563,1.1ผลเบิกจ่ายปี 2563- final.pdf,9,2563-0276
2563,2564-01-31,31 มกราคม 2564,แผนงานยุทธศาสตร์,รายจ่ายเพื่อบริหารงาน,งบดำเนินงาน,ค่าใช้สอย,39,,5,รายการ,"39. โครงการฝึกอบรมเชิงปฏิบัติการ ""การนำข้อมูลทางบัญชีเงินนอกงบประมาณเข้าระบบ GFMIS ด้วยงบทดลอง แบบ บช05""",,315456.66,119643.34,ใช่,ไม่ใช่,จัดสรร,DOC-BUD-2563,1.1ผลเบิกจ่ายปี 2563- final.pdf,9,2563-0277
2563,2564-01-31,31 มกราคม 2564,แผนงานยุทธศาสตร์,รายจ่ายเพื่อบริหารงาน,งบดำเนินงาน,ค่าใช้สอย,40,,5,รายการ,"40. โครงการ ""ชีวิตเปี่ยมสุข ไร้ทุกข์หลังเกษียณ""",,244058.0,212142.0,ใช่,ไม่ใช่,จัดสรร,DOC-BUD-2563,1.1ผลเบิกจ่ายปี 2563- final.pdf,9,2563-0278
2563,2564-01-31,31 มกราคม 2564,แผนงานยุทธศาสตร์,รายจ่ายเพื่อบริหารงาน,งบดำเนินงาน,ค่าใช้สอย,41,,5,รายการ,41. โครงการเผยแพร่ประชาสัมพันธ์ประกันสังคมมาตรา 40 @ สทุทรสาคร,,494875.0,125.0,ใช่,ไม่ใช่,จัดสรร,DOC-BUD-2563,1.1ผลเบิกจ่ายปี 2563- final.pdf,9,2563-0279
2563,2564-01-31,31 มกราคม 2564,แผนงานยุทธศาสตร์,รายจ่ายเพื่อบริหารงาน,งบดำเนินงาน,ค่าใช้สอย,42,,5,รายการ,42. โครงการนักบริหารประกันสังคมระดับกลาง หลักสูตรการเรียนรู้เชิงประจักษ์ ด้านการพัฒนาภาวะผู้นำในยุคดิจิตอล,,1200000.0,50000.0,ใช่,ไม่ใช่,จัดสรร,DOC-BUD-2563,1.1ผลเบิกจ่ายปี 2563- final.pdf,9,2563-0280
2563,2564-01-31,31 มกราคม 2564,แผนงานยุทธศาสตร์,รายจ่ายเพื่อบริหารงาน,งบดำเนินงาน,ค่าใช้สอย,43,,5,รายการ,43. โครงการผลิตสื่อประชาสัมพันธ์ (หน้ากากอนามัย),,3000000.0,,ใช่,ไม่ใช่,จัดสรร; คงเหลือ,DOC-BUD-2563,1.1ผลเบิกจ่ายปี 2563- final.pdf,9,2563-0281
2563,2564-01-31,31 มกราคม 2564,แผนงานยุทธศาสตร์,รายจ่ายเพื่อบริหารงาน,งบดำเนินงาน,ค่าใช้สอย,44,,5,รายการ,44. โครงการประชุมชี้แจงการจ่ายเงินค่าบริการทางการแพทย์และการตรวจสอบข้อมูล การใช้บริการทางการแพทย์ของสถานพยาบาลประกันสังคมทั้งภาครัฐบาลและ ภาคเอกชน,,241398.0,173922.0,ใช่,ไม่ใช่,จัดสรร,DOC-BUD-2563,1.1ผลเบิกจ่ายปี 2563- final.pdf,9,2563-0282
2563,2564-01-31,31 มกราคม 2564,แผนงานยุทธศาสตร์,รายจ่ายเพื่อบริหารงาน,งบดำเนินงาน,ค่าใช้สอย,,,5,รายการ,"45. โครงการประชุมเชิงปฏิบัติการบริหารจัดการความเสี่ยงด้านงานประโยชน์ทดแทน กรณีว่างงานเนื่องจากมีเหตุสุดวิสัยอันเกิดจากการระบาดของโรคติดเชื้อไวรัสโคโรน่า 2019 46. โครงการผลิตสื่อประชาสัมพันธ์ () - 8,000,000.00 - 
โปสเตอร์",,187000.0,53000.0,ใช่,ไม่ใช่,จัดสรร,DOC-BUD-2563,1.1ผลเบิกจ่ายปี 2563- final.pdf,9,2563-0283
2563,2564-01-31,31 มกราคม 2564,แผนงานยุทธศาสตร์,รายจ่ายเพื่อบริหารงาน,งบดำเนินงาน,ค่าใช้สอย,47,,5,รายการ,47. โครงการรณรงค์เผยแพร่ประชาสัมพันธ์สร้างการร้บรู้งานประกันสังคม มาตรา 40,,402000.0,,ใช่,ไม่ใช่,จัดสรร; คงเหลือ,DOC-BUD-2563,1.1ผลเบิกจ่ายปี 2563- final.pdf,9,2563-0284
2563,2564-01-31,31 มกราคม 2564,แผนงานยุทธศาสตร์,รายจ่ายเพื่อบริหารงาน,งบดำเนินงาน,ค่าใช้สอย,48,,5,รายการ,48. โปรแกรมระบบทะเบียนทรัพย์สิน,,29900.0,,ใช่,ไม่ใช่,จัดสรร; คงเหลือ,DOC-BUD-2563,1.1ผลเบิกจ่ายปี 2563- final.pdf,9,2563-0285
2563,2564-01-31,31 มกราคม 2564,แผนงานยุทธศาสตร์,รายจ่ายเพื่อบริหารงาน,งบดำเนินงาน,ค่าวัสดุ,,,4,หมวดค่าใช้จ่าย,- ค่าวัสดุ,15287500.0,15206326.75,81173.25,ไม่ใช่,ใช่,,DOC-BUD-2563,1.1ผลเบิกจ่ายปี 2563- final.pdf,9,2563-0286
2563,2564-01-31,31 มกราคม 2564,แผนงานยุทธศาสตร์,รายจ่ายเพื่อบริหารงาน,งบดำเนินงาน,ค่าวัสดุ,,,5,รายละเอียดของแถวบน,- โครงการประกันสังคมเยี่ยมผู้ประกันตนเจ็บป่วยในสถานพยาบาลและผู้ทุพพลภาพ และผู้ป่วยหลังภาวะวิกฤต (Intermediate Care),15287500.0,15206326.75,81173.25,ใช่,ใช่,,DOC-BUD-2563,1.1ผลเบิกจ่ายปี 2563- final.pdf,9,2563-0287
2563,2564-01-31,31 มกราคม 2564,แผนงานยุทธศาสตร์,รายจ่ายเพื่อบริหารงาน,งบดำเนินงาน,ค่าสาธารณูปโภค,,,4,หมวดค่าใช้จ่าย,- ค่าสาธารณูปโภค,460173900.0,405261363.89,22476419.11,ไม่ใช่,ใช่,,DOC-BUD-2563,1.1ผลเบิกจ่ายปี 2563- final.pdf,9,2563-0288
2563,2564-01-31,31 มกราคม 2564,แผนงานยุทธศาสตร์,รายจ่ายเพื่อบริหารงาน,งบดำเนินงาน,ค่าสาธารณูปโภค,,,5,รายละเอียดของแถวบน,- ค่าธรรมเนียมการโอนเงินผ่านธนาคาร,460173900.0,405261363.89,22476419.11,ไม่ใช่,ใช่,,DOC-BUD-2563,1.1ผลเบิกจ่ายปี 2563- final.pdf,9,2563-0289
2563,2564-01-31,31 มกราคม 2564,แผนงานยุทธศาสตร์,รายจ่ายเพื่อบริหารงาน,งบดำเนินงาน,ค่าสาธารณูปโภค,1,,6,รายการ,1. ค่าธรรมเนียมการโอนเงิน,19000000.0,12689694.19,5851747.81,ใช่,ไม่ใช่,,DOC-BUD-2563,1.1ผลเบิกจ่ายปี 2563- final.pdf,9,2563-0290
2563,2564-01-31,31 มกราคม 2564,แผนงานยุทธศาสตร์,รายจ่ายเพื่อบริหารงาน,งบดำเนินงาน,ค่าสาธารณูปโภค,2,,6,รายการ,2. ค่าธรรมเนียมรับเงินสมทบกองทุนประกันสังคมผ่านธนาคาร/หน่วยบริการ,339136200.0,299676311.7,16288301.3,ใช่,ไม่ใช่,,DOC-BUD-2563,1.1ผลเบิกจ่ายปี 2563- final.pdf,9,2563-0291
2563,2564-01-31,31 มกราคม 2564,แผนงานยุทธศาสตร์,รายจ่ายเพื่อบริหารงาน,งบดำเนินงาน,ค่าสาธารณูปโภค,3,,6,รายการ,3. ค่าธรรมเนียมจ่ายประโยชน์ทดแทน,102037700.0,92895358.0,336370.0,ใช่,ไม่ใช่,,DOC-BUD-2563,1.1ผลเบิกจ่ายปี 2563- final.pdf,9,2563-0292
2563,2564-01-31,31 มกราคม 2564,แผนงานยุทธศาสตร์,รายจ่ายเพื่อบริหารงาน,งบลงทุน,,,,3,หมวดงบรายจ่าย,งบลงทุน,67602282.0,55464000.0,13888282.0,ไม่ใช่,ใช่,,DOC-BUD-2563,1.1ผลเบิกจ่ายปี 2563- final.pdf,9,2563-0293
2563,2564-01-31,31 มกราคม 2564,แผนงานยุทธศาสตร์,รายจ่ายเพื่อบริหารงาน,งบลงทุน,ค่าพัฒนา/ปรับปรุงระบบงาน,,,4,หัวข้อย่อย,ค่าพัฒนา/ปรับปรุงระบบงาน,67602282.0,55464000.0,13888282.0,ไม่ใช่,ใช่,,DOC-BUD-2563,1.1ผลเบิกจ่ายปี 2563- final.pdf,9,2563-0294
2563,2564-01-31,31 มกราคม 2564,แผนงานยุทธศาสตร์,รายจ่ายเพื่อบริหารงาน,งบลงทุน,ค่าพัฒนา/ปรับปรุงระบบงาน,1,,5,รายการ,1. โครงการพัฒนาระบบงานจ่ายสิทธิประโยชน์ทันตกรรมในรูปแบบ Web Application,12012000.0,,12012000.0,ใช่,ไม่ใช่,รวมเบิกจ่ายและผูกพัน,DOC-BUD-2563,1.1ผลเบิกจ่ายปี 2563- final.pdf,9,2563-0295
2563,2564-01-31,31 มกราคม 2564,แผนงานยุทธศาสตร์,รายจ่ายเพื่อบริหารงาน,งบลงทุน,ค่าพัฒนา/ปรับปรุงระบบงาน,2,,5,รายการ,2. โครงการจัดหาระบบกล้องโทรทัศน์วงจรปิดแบบเชื่อมโยง (CCTV),49590282.0,49541000.0,49282.0,ใช่,ไม่ใช่,,DOC-BUD-2563,1.1ผลเบิกจ่ายปี 2563- final.pdf,9,2563-0296
2563,2564-01-31,31 มกราคม 2564,แผนงานยุทธศาสตร์,รายจ่ายเพื่อบริหารงาน,งบลงทุน,ค่าพัฒนา/ปรับปรุงระบบงาน,3,,5,รายการ,3. โครงการจัดจ้างพัฒนาระบบสารสนเทศด้านการลงทุน,6000000.0,4173000.0,1827000.0,ใช่,ไม่ใช่,,DOC-BUD-2563,1.1ผลเบิกจ่ายปี 2563- final.pdf,9,2563-0297
2563,2564-01-31,31 มกราคม 2564,แผนงานยุทธศาสตร์,รายจ่ายเพื่อบริหารงาน,งบลงทุน,ค่าพัฒนา/ปรับปรุงระบบงาน,4,,5,รายการ,4. โครงการพัฒนาระบบสารสนเทศงานประกันสังคม กรณ๊การระบาดของโรคติดเชื้อ ไวรัสโคโรนา 2019 หรือโรคโควิด 19,,1750000.0,,ใช่,ไม่ใช่,จัดสรร; คงเหลือ,DOC-BUD-2563,1.1ผลเบิกจ่ายปี 2563- final.pdf,9,2563-0298
2563,2564-01-31,31 มกราคม 2564,แผนงานยุทธศาสตร์,รายจ่ายเพื่อบริหารงาน,งบเงินอุดหนุน,,,,3,หมวดงบรายจ่าย,งบเงินอุดหนุน,34000000.0,26638818.3,7361181.7,ไม่ใช่,ใช่,,DOC-BUD-2563,1.1ผลเบิกจ่ายปี 2563- final.pdf,9,2563-0299
2563,2564-01-31,31 มกราคม 2564,แผนงานยุทธศาสตร์,รายจ่ายเพื่อบริหารงาน,งบเงินอุดหนุน,,,,4,รายการ,- โครงการส่งเสริมการมีส่วนร่วม เผยแพร่ ประชาสัมพันธ์งานประกันสังคมสู่ผู้ประกันตน,34000000.0,26638818.3,7361181.7,ใช่,ไม่ใช่,,DOC-BUD-2563,1.1ผลเบิกจ่ายปี 2563- final.pdf,9,2563-0300
2563,2564-01-31,31 มกราคม 2564,แผนงานยุทธศาสตร์,รายจ่ายเพื่อบริหารงาน,งบรายจ่ายอื่น,,,,3,หมวดงบรายจ่าย,งบรายจ่ายอื่น,38574200.0,19187574.0,19319826.0,ไม่ใช่,ใช่,,DOC-BUD-2563,1.1ผลเบิกจ่ายปี 2563- final.pdf,9,2563-0301
2563,2564-01-31,31 มกราคม 2564,แผนงานยุทธศาสตร์,รายจ่ายเพื่อบริหารงาน,งบรายจ่ายอื่น,,1,,4,รายการ,1. โครงการจ้างที่ปรึกษากฎหมายด้านการลงทุน,1000000.0,,1000000.0,ใช่,ไม่ใช่,รวมเบิกจ่ายและผูกพัน,DOC-BUD-2563,1.1ผลเบิกจ่ายปี 2563- final.pdf,9,2563-0302
2563,2564-01-31,31 มกราคม 2564,แผนงานยุทธศาสตร์,รายจ่ายเพื่อบริหารงาน,งบรายจ่ายอื่น,,1,,4,รายการ,1. โครงการสถานพยาบาลในดวงใจ,2482300.0,2205229.0,277071.0,ใช่,ไม่ใช่,,DOC-BUD-2563,1.1ผลเบิกจ่ายปี 2563- final.pdf,9,2563-0303
2563,2564-01-31,31 มกราคม 2564,แผนงานยุทธศาสตร์,รายจ่ายเพื่อบริหารงาน,งบรายจ่ายอื่น,,3,,4,รายการ,3. โครงการสำรวจความพึงพอใจสำนักงานประกันสังคม ปี 2563,4000000.0,3750000.0,123200.0,ใช่,ไม่ใช่,,DOC-BUD-2563,1.1ผลเบิกจ่ายปี 2563- final.pdf,9,2563-0304
2563,2564-01-31,31 มกราคม 2564,แผนงานยุทธศาสตร์,รายจ่ายเพื่อบริหารงาน,งบรายจ่ายอื่น,,4,,4,รายการ,4. ทุนอุดหนุนการศึกษาบุคลากรสำนักงานประกันสังคม,4000000.0,1376090.0,2623910.0,ใช่,ไม่ใช่,,DOC-BUD-2563,1.1ผลเบิกจ่ายปี 2563- final.pdf,9,2563-0305
2563,2564-01-31,31 มกราคม 2564,แผนงานยุทธศาสตร์,รายจ่ายเพื่อบริหารงาน,งบรายจ่ายอื่น,,5,,4,รายการ,5. โครงการจ้างพัฒนาหลักสูตร e-learning ของสำนักงานประกันสังคม,1600000.0,1530000.0,70000.0,ใช่,ไม่ใช่,,DOC-BUD-2563,1.1ผลเบิกจ่ายปี 2563- final.pdf,9,2563-0306
2563,2564-01-31,31 มกราคม 2564,แผนงานยุทธศาสตร์,รายจ่ายเพื่อบริหารงาน,งบรายจ่ายอื่น,,6,,4,รายการ,6. โครงการจ้างที่ปรึกษาออกแบบ Enterprise Architecture (EA) ของสำนักงานประกันสังคม,10000000.0,9800000.0,200000.0,ใช่,ไม่ใช่,,DOC-BUD-2563,1.1ผลเบิกจ่ายปี 2563- final.pdf,10,2563-0307
2563,2564-01-31,31 มกราคม 2564,แผนงานยุทธศาสตร์,รายจ่ายเพื่อบริหารงาน,งบรายจ่ายอื่น,,7,,4,รายการ,7. โครงการเสริมสร้างธรรมาภิบาลป้องกันและลดความเสี่ยงในการเกิดทุจริต และประพฤติมิชอบ,131900.0,123330.0,8570.0,ใช่,ไม่ใช่,,DOC-BUD-2563,1.1ผลเบิกจ่ายปี 2563- final.pdf,10,2563-0308
2563,2564-01-31,31 มกราคม 2564,แผนงานยุทธศาสตร์,รายจ่ายเพื่อบริหารงาน,งบรายจ่ายอื่น,,8,,4,รายการ,8. โครงการเพิ่มประสิทธิภาพในการบริการประกันสังคมแก่ลูกจ้างผู้ประกันตนขาวเมียนมา (จ้างล่ามภาษาเมียนมา),180000.0,178425.0,1575.0,ใช่,ไม่ใช่,,DOC-BUD-2563,1.1ผลเบิกจ่ายปี 2563- final.pdf,10,2563-0309
2563,2564-01-31,31 มกราคม 2564,แผนงานยุทธศาสตร์,รายจ่ายเพื่อบริหารงาน,งบรายจ่ายอื่น,,9,,4,รายการ,9. โครงการสร้างการรับรู้แก่ผู้ประกันตนชาวเมียนมา (จ้างล่ามภาษาเมียนมา),180000.0,224500.0,15500.0,ใช่,ไม่ใช่,,DOC-BUD-2563,1.1ผลเบิกจ่ายปี 2563- final.pdf,10,2563-0310
2563,2564-01-31,31 มกราคม 2564,แผนงานยุทธศาสตร์,รายจ่ายเพื่อบริหารงาน,งบรายจ่ายอื่น,,10,,4,รายการ,10. โครงการจัดจ้างที่ปรึกษาวิเคราะห์การปรับเปลี่ยนระบบโปรแกรมบริหารการลงทุน,15000000.0,,15000000.0,ใช่,ไม่ใช่,รวมเบิกจ่ายและผูกพัน,DOC-BUD-2563,1.1ผลเบิกจ่ายปี 2563- final.pdf,10,2563-0311
2564,2565-01-31,31 มกราคม 2565,,,,,,,0,ยอดรวมทั้งสิ้น,รวมทั้งสิ้น,5798710000.0,5283724172.12,514985827.88,ไม่ใช่,ใช่,,DOC-BUD-2564,1.2ผลเบิกจ่ายปี 2564 - final.pdf,1,2564-0001
2564,2565-01-31,31 มกราคม 2565,แผนงานบุคลากรภาครัฐ,,,,,,1,แผนงาน,แผนงานบุคลากรภาครัฐ,1439780700.0,1280870588.4,61231771.78,ไม่ใช่,ใช่,,DOC-BUD-2564,1.2ผลเบิกจ่ายปี 2564 - final.pdf,1,2564-0002
2564,2565-01-31,31 มกราคม 2565,แผนงานบุคลากรภาครัฐ,,งบบุคลากร,,,,3,หมวดงบรายจ่าย,งบบุคลากร,1393793600.0,1250969086.3,46037944.59,ไม่ใช่,ใช่,,DOC-BUD-2564,1.2ผลเบิกจ่ายปี 2564 - final.pdf,1,2564-0003
2564,2565-01-31,31 มกราคม 2565,แผนงานบุคลากรภาครัฐ,,งบบุคลากร,,1,,4,รายการ,1. ค่าใช้จ่ายในการจ้างพนักงานประกันสังคม,1370131000.0,1232742541.31,44559342.69,ใช่,ไม่ใช่,,DOC-BUD-2564,1.2ผลเบิกจ่ายปี 2564 - final.pdf,1,2564-0004
2564,2565-01-31,31 มกราคม 2565,แผนงานบุคลากรภาครัฐ,,งบบุคลากร,,2,,4,รายการ,2. เงินเพิ่มการครองชีพชั่วคราว,8423400.0,6021958.88,257757.12,ใช่,ไม่ใช่,,DOC-BUD-2564,1.2ผลเบิกจ่ายปี 2564 - final.pdf,1,2564-0005
2564,2565-01-31,31 มกราคม 2565,แผนงานบุคลากรภาครัฐ,,งบบุคลากร,,3,,4,รายการ,3. ค่าตอบแทนสำหรับผู้บริหารระดับชำนาญการพิเศษ,554400.0,466719.36,87680.64,ใช่,ไม่ใช่,,DOC-BUD-2564,1.2ผลเบิกจ่ายปี 2564 - final.pdf,1,2564-0006
2564,2565-01-31,31 มกราคม 2565,แผนงานบุคลากรภาครัฐ,,งบบุคลากร,,4,,4,รายการ,4. ค่าตอบแทนสำหรับข้าราชการระดับชำนาญการ/ชำนาญการพิเศษ ซึ่งปฏิบัติ หน้าที่ในฐานะหัวหน้าสำนักงานประกันสังคมจังหวัดสาขา,2058000.0,1766032.9,299083.76,ใช่,ไม่ใช่,,DOC-BUD-2564,1.2ผลเบิกจ่ายปี 2564 - final.pdf,1,2564-0007
2564,2565-01-31,31 มกราคม 2565,แผนงานบุคลากรภาครัฐ,,งบบุคลากร,,5,,4,รายการ,5. ค่าตอบแทนวิชาชีพเฉพาะด้านการลงทุนสำหรับข้าราชการ,10560000.0,9143870.97,395245.69,ใช่,ไม่ใช่,,DOC-BUD-2564,1.2ผลเบิกจ่ายปี 2564 - final.pdf,1,2564-0008
2564,2565-01-31,31 มกราคม 2565,แผนงานบุคลากรภาครัฐ,,งบบุคลากร,,6,,4,รายการ,6. ค่าตอบแทนวิชาชีพเฉพาะด้านคณิตศาสตร์ประกันภัยสำหรับข้าราชการ,1440000.0,348499.97,291500.03,ใช่,ไม่ใช่,,DOC-BUD-2564,1.2ผลเบิกจ่ายปี 2564 - final.pdf,1,2564-0009
2564,2565-01-31,31 มกราคม 2565,แผนงานบุคลากรภาครัฐ,,งบบุคลากร,,7,,4,รายการ,7. เงินค่าตอบแทนพิเศษ (กรณีค่าจ้างถึงขั้นสูง),626800.0,479462.91,147334.66,ใช่,ไม่ใช่,,DOC-BUD-2564,1.2ผลเบิกจ่ายปี 2564 - final.pdf,1,2564-0010
2564,2565-01-31,31 มกราคม 2565,แผนงานบุคลากรภาครัฐ,,งบดำเนินงาน,,,,3,หมวดงบรายจ่าย,งบดำเนินงาน,45387100.0,29569732.1,14925597.19,ไม่ใช่,ใช่,,DOC-BUD-2564,1.2ผลเบิกจ่ายปี 2564 - final.pdf,1,2564-0011
2564,2565-01-31,31 มกราคม 2565,แผนงานบุคลากรภาครัฐ,,งบดำเนินงาน,ค่าตอบแทน,,,4,หมวดค่าใช้จ่าย,- ค่าตอบแทน,3048000.0,2888129.1,159870.9,ไม่ใช่,ใช่,,DOC-BUD-2564,1.2ผลเบิกจ่ายปี 2564 - final.pdf,1,2564-0012
2564,2565-01-31,31 มกราคม 2565,แผนงานบุคลากรภาครัฐ,,งบดำเนินงาน,ค่าตอบแทน,1,,5,รายการ,1. ค่าตอบแทนพิเศษรายเดือนให้แก่เจ้าหน้าที่ผู้ปฏิบัติงานในพื้นที่จังหวัด ชายแดนภาคใต้,2940000.0,2828129.1,111870.9,ใช่,ไม่ใช่,,DOC-BUD-2564,1.2ผลเบิกจ่ายปี 2564 - final.pdf,1,2564-0013
2564,2565-01-31,31 มกราคม 2565,แผนงานบุคลากรภาครัฐ,,งบดำเนินงาน,ค่าตอบแทน,2,,5,รายการ,2. เงินเพิ่มสำหรับตำแหน่งที่มีเหตุพิเศษของผู้ปฏิบัติงานด้านการสาธารณสุข (พ.ต.ส.),108000.0,60000.0,48000.0,ใช่,ไม่ใช่,,DOC-BUD-2564,1.2ผลเบิกจ่ายปี 2564 - final.pdf,1,2564-0014
2564,2565-01-31,31 มกราคม 2565,แผนงานบุคลากรภาครัฐ,,งบดำเนินงาน,ค่าใช้สอย,,,4,หมวดค่าใช้จ่าย,- ค่าใช้สอย,42339100.0,26681603.0,14765726.29,ไม่ใช่,ใช่,,DOC-BUD-2564,1.2ผลเบิกจ่ายปี 2564 - final.pdf,1,2564-0015
2564,2565-01-31,31 มกราคม 2565,แผนงานบุคลากรภาครัฐ,,งบดำเนินงาน,ค่าใช้สอย,1,,5,รายการ,1. เงินสมทบกองทุนประกันสังคม,40293700.0,24638453.0,14763476.29,ใช่,ไม่ใช่,,DOC-BUD-2564,1.2ผลเบิกจ่ายปี 2564 - final.pdf,1,2564-0016
2564,2565-01-31,31 มกราคม 2565,แผนงานบุคลากรภาครัฐ,,งบดำเนินงาน,ค่าใช้สอย,2,,5,รายการ,2. เงินสมทบกองทุนเงินทดแทน,1986000.0,1986000.0,,ใช่,ไม่ใช่,คงเหลือ,DOC-BUD-2564,1.2ผลเบิกจ่ายปี 2564 - final.pdf,1,2564-0017
2564,2565-01-31,31 มกราคม 2565,แผนงานบุคลากรภาครัฐ,,งบดำเนินงาน,ค่าใช้สอย,3,,5,รายการ,3. เงินประกันภัยแก่ข้าราชการ ลูกจ้างประจำ และพนักงานสำนักงาน ประกันสังคมที่ปฏิบัติงานประจำในพื้นที่ 3 จังหวัดชายแดนภาคใต้,59400.0,57150.0,2250.0,ใช่,ไม่ใช่,,DOC-BUD-2564,1.2ผลเบิกจ่ายปี 2564 - final.pdf,1,2564-0018
2564,2565-01-31,31 มกราคม 2565,แผนงานบุคลากรภาครัฐ,,งบรายจ่ายอื่น,,,,3,หมวดงบรายจ่าย,งบรายจ่ายอื่น,600000.0,331770.0,268230.0,ไม่ใช่,ใช่,,DOC-BUD-2564,1.2ผลเบิกจ่ายปี 2564 - final.pdf,1,2564-0019
2564,2565-01-31,31 มกราคม 2565,แผนงานบุคลากรภาครัฐ,,งบรายจ่ายอื่น,,,,4,รายการ,- เงินช่วยเหลือในกรณีที่พนักงานถึงแก่ความตาย,600000.0,331770.0,268230.0,ใช่,ไม่ใช่,,DOC-BUD-2564,1.2ผลเบิกจ่ายปี 2564 - final.pdf,1,2564-0020
2564,2565-01-31,31 มกราคม 2565,แผนงานพื้นฐาน,,,,,,1,แผนงาน,แผนงานพื้นฐาน,2112925500.0,1819913785.65,270057797.06,ไม่ใช่,ใช่,,DOC-BUD-2564,1.2ผลเบิกจ่ายปี 2564 - final.pdf,1,2564-0021
2564,2565-01-31,31 มกราคม 2565,แผนงานพื้นฐาน,โครงการต่อเนื่อง,,,,,2,กลุ่มรายจ่าย,โครงการต่อเนื่อง,420874000.0,365074216.69,52104893.0,ไม่ใช่,ใช่,,DOC-BUD-2564,1.2ผลเบิกจ่ายปี 2564 - final.pdf,1,2564-0022
2564,2565-01-31,31 มกราคม 2565,แผนงานพื้นฐาน,โครงการต่อเนื่อง,งบดำเนินงาน,,,,3,หมวดงบรายจ่าย,งบดำเนินงาน,160114800.0,156205516.69,214393.0,ไม่ใช่,ใช่,,DOC-BUD-2564,1.2ผลเบิกจ่ายปี 2564 - final.pdf,1,2564-0023
2564,2565-01-31,31 มกราคม 2565,แผนงานพื้นฐาน,โครงการต่อเนื่อง,งบดำเนินงาน,ค่าใช้สอย,,,4,หมวดค่าใช้จ่าย,- ค่าใช้สอย,84514800.0,80605516.69,214393.0,ไม่ใช่,ใช่,,DOC-BUD-2564,1.2ผลเบิกจ่ายปี 2564 - final.pdf,1,2564-0024
2564,2565-01-31,31 มกราคม 2565,แผนงานพื้นฐาน,โครงการต่อเนื่อง,งบดำเนินงาน,ค่าใช้สอย,1,,5,รายการ,1. ค่าเช่ารถยนต์,514800.0,445523.0,64393.0,ใช่,ไม่ใช่,,DOC-BUD-2564,1.2ผลเบิกจ่ายปี 2564 - final.pdf,1,2564-0025
2564,2565-01-31,31 มกราคม 2565,แผนงานพื้นฐาน,โครงการต่อเนื่อง,งบดำเนินงาน,ค่าใช้สอย,2,,5,รายการ,2. โครงการจ้างหน่วยงานบริการดูแลและเก็บรักษาหลักทรัพย์ (Custodian) ผู้ให้บริการรายเดิม,18000000.0,14159993.69,150000.0,ใช่,ไม่ใช่,,DOC-BUD-2564,1.2ผลเบิกจ่ายปี 2564 - final.pdf,1,2564-0026
2564,2565-01-31,31 มกราคม 2565,แผนงานพื้นฐาน,โครงการต่อเนื่อง,งบดำเนินงาน,ค่าใช้สอย,2,,5,รายการ,2. โครงการจ้างหน่วยงานบริการดูแลและเก็บรักษาหลักทรัพย์ (Custodian),66000000.0,66000000.0,,ใช่,ไม่ใช่,คงเหลือ,DOC-BUD-2564,1.2ผลเบิกจ่ายปี 2564 - final.pdf,1,2564-0027
2564,2565-01-31,31 มกราคม 2565,แผนงานพื้นฐาน,โครงการต่อเนื่อง,งบดำเนินงาน,ค่าสาธารณูปโภค,,,4,หมวดค่าใช้จ่าย,- ค่าสาธารณูปโภค,75600000.0,75600000.0,,ไม่ใช่,ใช่,คงเหลือ,DOC-BUD-2564,1.2ผลเบิกจ่ายปี 2564 - final.pdf,1,2564-0028
2564,2565-01-31,31 มกราคม 2565,แผนงานพื้นฐาน,โครงการต่อเนื่อง,งบดำเนินงาน,ค่าสาธารณูปโภค,,,5,รายละเอียดของแถวบน,- โครงการเช่าใช้ระบบเครือข่ายสื่อสารข้อมูลเพื่อบริการงานประกันสังคม,75600000.0,75600000.0,,ใช่,ใช่,คงเหลือ,DOC-BUD-2564,1.2ผลเบิกจ่ายปี 2564 - final.pdf,1,2564-0029
2564,2565-01-31,31 มกราคม 2565,แผนงานพื้นฐาน,โครงการต่อเนื่อง,งบลงทุน,,,,3,หมวดงบรายจ่าย,งบลงทุน,238018800.0,191408300.0,46610500.0,ไม่ใช่,ใช่,,DOC-BUD-2564,1.2ผลเบิกจ่ายปี 2564 - final.pdf,1,2564-0030
2564,2565-01-31,31 มกราคม 2565,แผนงานพื้นฐาน,โครงการต่อเนื่อง,งบลงทุน,,1,,4,รายการ,1. งานก่อสร้างอาคารสำนักงานประกันสังคมจังหวัดบึงกาฬ,7437400.0,7437400.0,,ใช่,ไม่ใช่,คงเหลือ,DOC-BUD-2564,1.2ผลเบิกจ่ายปี 2564 - final.pdf,1,2564-0031
2564,2565-01-31,31 มกราคม 2565,แผนงานพื้นฐาน,โครงการต่อเนื่อง,งบลงทุน,,2,,4,รายการ,2. งานก่อสร้างอาคารสำนักงานประกันสังคมจังหวัดระยอง สาขาปลวกแดง,21639600.0,9421400.0,12218200.0,ใช่,ไม่ใช่,,DOC-BUD-2564,1.2ผลเบิกจ่ายปี 2564 - final.pdf,1,2564-0032
2564,2565-01-31,31 มกราคม 2565,แผนงานพื้นฐาน,โครงการต่อเนื่อง,งบลงทุน,,3,,4,รายการ,3. งานก่อสร้างอาคารสำนักงานประกันสังคมจังหวัดชลบุรี สาขาศรีราชา,19764000.0,,19764000.0,ใช่,ไม่ใช่,รวมเบิกจ่ายและผูกพัน,DOC-BUD-2564,1.2ผลเบิกจ่ายปี 2564 - final.pdf,1,2564-0033
2564,2565-01-31,31 มกราคม 2565,แผนงานพื้นฐาน,โครงการต่อเนื่อง,งบลงทุน,,4,,4,รายการ,4. งานก่อสร้างอาคารสำนักงานประกันสังคมจังหวัดปทุมธานี สาขาคลองหลวง,14628300.0,,14628300.0,ใช่,ไม่ใช่,รวมเบิกจ่ายและผูกพัน,DOC-BUD-2564,1.2ผลเบิกจ่ายปี 2564 - final.pdf,2,2564-0034
2564,2565-01-31,31 มกราคม 2565,แผนงานพื้นฐาน,โครงการต่อเนื่อง,งบลงทุน,,5,,4,รายการ,5. งานก่อสร้างอาคารสำนักงานประกันสังคมจังหวัดอยุธยา สาขาอุทัย,14420000.0,14420000.0,,ใช่,ไม่ใช่,คงเหลือ,DOC-BUD-2564,1.2ผลเบิกจ่ายปี 2564 - final.pdf,2,2564-0035
2564,2565-01-31,31 มกราคม 2565,แผนงานพื้นฐาน,โครงการต่อเนื่อง,งบลงทุน,,6,,4,รายการ,6. โครงการจัดหาเครื่องคอมพิวเตอร์แม่ข่ายพร้อมอุปกรณ์เพื่อเพิ่มประสิทธิภาพการทำงาน ของระบบสารสนเทศ,160129500.0,160129500.0,,ใช่,ไม่ใช่,คงเหลือ,DOC-BUD-2564,1.2ผลเบิกจ่ายปี 2564 - final.pdf,2,2564-0036
2564,2565-01-31,31 มกราคม 2565,แผนงานพื้นฐาน,โครงการต่อเนื่อง,งบรายจ่ายอื่น,,,,3,หมวดงบรายจ่าย,งบรายจ่ายอื่น,22740400.0,17460400.0,5280000.0,ไม่ใช่,ใช่,,DOC-BUD-2564,1.2ผลเบิกจ่ายปี 2564 - final.pdf,2,2564-0037
2564,2565-01-31,31 มกราคม 2565,แผนงานพื้นฐาน,โครงการต่อเนื่อง,งบรายจ่ายอื่น,,1,,4,รายการ,1. โครงการตรวจสอบข้อมูลการใช้บริการทางการแพทย์แบบบูรณาการของสถานพยาบาล ประกันสังคม(กรณีโรคที่มีค่าใช้จ่ายสูงและกรณีโรคที่มีภาระเสี่ยง),1312000.0,1312000.0,,ใช่,ไม่ใช่,คงเหลือ,DOC-BUD-2564,1.2ผลเบิกจ่ายปี 2564 - final.pdf,2,2564-0038
2564,2565-01-31,31 มกราคม 2565,แผนงานพื้นฐาน,โครงการต่อเนื่อง,งบรายจ่ายอื่น,,2,,4,รายการ,2. โครงการตรวจสอบข้อมูฃการใช้บริการทางการแพทย์ กรณีโรคที่มีค่าใช้จ่ายสูง และกรณีโรคที่มีภาระเสี่ยง,14520000.0,9240000.0,5280000.0,ใช่,ไม่ใช่,,DOC-BUD-2564,1.2ผลเบิกจ่ายปี 2564 - final.pdf,2,2564-0039
2564,2565-01-31,31 มกราคม 2565,แผนงานพื้นฐาน,โครงการต่อเนื่อง,งบรายจ่ายอื่น,,3,,4,รายการ,3. โครงการจ้างที่ปรึกษาเภสัชกรรมเพื่อกำกับคุณภาพการใช้ยาของสถานพยาบาล และกำกับตรวจสอบการจ่ายชดเชยยาบัญชีหลักแห่งชาติ จ(2)และยาต้านไวรัสเอดส์,264000.0,264000.0,,ใช่,ไม่ใช่,คงเหลือ,DOC-BUD-2564,1.2ผลเบิกจ่ายปี 2564 - final.pdf,2,2564-0040
2564,2565-01-31,31 มกราคม 2565,แผนงานพื้นฐาน,โครงการต่อเนื่อง,งบรายจ่ายอื่น,,4,,4,รายการ,4. โครงการตรวจประเมินการให้บริการทางการแพทย์ของสถานพยาบาลหลัก ที่ให้บริการแก่ผู้ประกันตน ประจำปี 2561 - 2563,2871000.0,2871000.0,,ใช่,ไม่ใช่,คงเหลือ,DOC-BUD-2564,1.2ผลเบิกจ่ายปี 2564 - final.pdf,2,2564-0041
2564,2565-01-31,31 มกราคม 2565,แผนงานพื้นฐาน,โครงการต่อเนื่อง,งบรายจ่ายอื่น,,5,,4,รายการ,5. ค่าจ้างที่ปรึกษาด้านเทคโนโลยีสารสนเทศและการสื่อสาร,3773400.0,3773400.0,,ใช่,ไม่ใช่,คงเหลือ,DOC-BUD-2564,1.2ผลเบิกจ่ายปี 2564 - final.pdf,2,2564-0042
2564,2565-01-31,31 มกราคม 2565,แผนงานพื้นฐาน,รายจ่ายเพื่อบริหารงานประจำ,,,,,2,กลุ่มรายจ่าย,รายจ่ายเพื่อบริหารงานประจำ,1692051500.0,1454839568.96,217952904.06,ไม่ใช่,ใช่,,DOC-BUD-2564,1.2ผลเบิกจ่ายปี 2564 - final.pdf,2,2564-0043
2564,2565-01-31,31 มกราคม 2565,แผนงานพื้นฐาน,รายจ่ายเพื่อบริหารงานประจำ,งบดำเนินงาน,,,,3,หมวดงบรายจ่าย,งบดำเนินงาน,1570831100.0,1347109686.69,201477614.2,ไม่ใช่,ใช่,,DOC-BUD-2564,1.2ผลเบิกจ่ายปี 2564 - final.pdf,2,2564-0044
2564,2565-01-31,31 มกราคม 2565,แผนงานพื้นฐาน,รายจ่ายเพื่อบริหารงานประจำ,งบดำเนินงาน,ค่าตอบแทน,,,4,หมวดค่าใช้จ่าย,- ค่าตอบแทน,268865400.0,202385303.51,55821283.72,ไม่ใช่,ใช่,,DOC-BUD-2564,1.2ผลเบิกจ่ายปี 2564 - final.pdf,2,2564-0045
2564,2565-01-31,31 มกราคม 2565,แผนงานพื้นฐาน,รายจ่ายเพื่อบริหารงานประจำ,งบดำเนินงาน,ค่าตอบแทน,1,,5,รายการ,1. ค่าตอบแทนการปฏิบัติงานนอกเวลาราชการ,110400000.0,100525020.0,12088417.23,ใช่,ไม่ใช่,,DOC-BUD-2564,1.2ผลเบิกจ่ายปี 2564 - final.pdf,2,2564-0046
2564,2565-01-31,31 มกราคม 2565,แผนงานพื้นฐาน,รายจ่ายเพื่อบริหารงานประจำ,งบดำเนินงาน,ค่าตอบแทน,2,,5,รายการ,2. ค่าเบี้ยประชุมคณะกรรมการ/อนุกรรมการ/คณะทำงาน,31688500.0,22550535.0,5484165.0,ใช่,ไม่ใช่,,DOC-BUD-2564,1.2ผลเบิกจ่ายปี 2564 - final.pdf,2,2564-0047
2564,2565-01-31,31 มกราคม 2565,แผนงานพื้นฐาน,รายจ่ายเพื่อบริหารงานประจำ,งบดำเนินงาน,ค่าตอบแทน,3,,5,รายการ,3. ค่าใช้จ่ายในการเดินทางมาประชุมของคณะกรรมการ ที่ปรึกษา และคณะอนุกรรมการ,9501000.0,3649800.0,3542700.0,ใช่,ไม่ใช่,,DOC-BUD-2564,1.2ผลเบิกจ่ายปี 2564 - final.pdf,2,2564-0048
2564,2565-01-31,31 มกราคม 2565,แผนงานพื้นฐาน,รายจ่ายเพื่อบริหารงานประจำ,งบดำเนินงาน,ค่าตอบแทน,4,,5,รายการ,4. ค่าตอบแทนคณะกรรมการตรวจรับพัสดุในงานจ้างก่อสร้างและผู้ควบคุมงาน ก่อสร้างที่มีคำสั่งแต่งตั้งจากทางราชการ,1020200.0,346400.0,651550.0,ใช่,ไม่ใช่,,DOC-BUD-2564,1.2ผลเบิกจ่ายปี 2564 - final.pdf,2,2564-0049
2564,2565-01-31,31 มกราคม 2565,แผนงานพื้นฐาน,รายจ่ายเพื่อบริหารงานประจำ,งบดำเนินงาน,ค่าตอบแทน,5,,5,รายการ,5. ค่าตอบแทนกรรมการผู้อ่านผลงานทางวิชาการ,343000.0,305800.0,37200.0,ใช่,ไม่ใช่,,DOC-BUD-2564,1.2ผลเบิกจ่ายปี 2564 - final.pdf,2,2564-0050
2564,2565-01-31,31 มกราคม 2565,แผนงานพื้นฐาน,รายจ่ายเพื่อบริหารงานประจำ,งบดำเนินงาน,ค่าตอบแทน,6,,5,รายการ,6. ค่าตอบแทนประจำปี,113150100.0,74379996.51,32915003.49,ใช่,ไม่ใช่,,DOC-BUD-2564,1.2ผลเบิกจ่ายปี 2564 - final.pdf,2,2564-0051
2564,2565-01-31,31 มกราคม 2565,แผนงานพื้นฐาน,รายจ่ายเพื่อบริหารงานประจำ,งบดำเนินงาน,ค่าตอบแทน,7,,5,รายการ,7. เงินสมนาคุณกรรมการสอบสวนทางวินัย,32000.0,4000.0,28000.0,ใช่,ไม่ใช่,,DOC-BUD-2564,1.2ผลเบิกจ่ายปี 2564 - final.pdf,2,2564-0052
2564,2565-01-31,31 มกราคม 2565,แผนงานพื้นฐาน,รายจ่ายเพื่อบริหารงานประจำ,งบดำเนินงาน,ค่าตอบแทน,8,,5,รายการ,8. ค่าตอบแทนกรรมการออกข้อสอบและสอบสัมภาษณ์,678600.0,33152.0,645448.0,ใช่,ไม่ใช่,,DOC-BUD-2564,1.2ผลเบิกจ่ายปี 2564 - final.pdf,2,2564-0053
2564,2565-01-31,31 มกราคม 2565,แผนงานพื้นฐาน,รายจ่ายเพื่อบริหารงานประจำ,งบดำเนินงาน,ค่าตอบแทน,9,,5,รายการ,9. ค่าตอบแทนเจ้าหน้าที่ดำเนินการสอบ,282000.0,31200.0,250800.0,ใช่,ไม่ใช่,,DOC-BUD-2564,1.2ผลเบิกจ่ายปี 2564 - final.pdf,2,2564-0054
2564,2565-01-31,31 มกราคม 2565,แผนงานพื้นฐาน,รายจ่ายเพื่อบริหารงานประจำ,งบดำเนินงาน,ค่าตอบแทน,11,,5,รายการ,11. ค่าตอบแทนแพทย์ผู้เชี่ยวชาญกรณีที่ให้คำปรึกษาและให้ความเห็น เป็นลายลักษณ์อักษรแก่สำนักงานประกันสังคม คณะกรรมการการแพทย์ และคณะอนุกรรมการในคณะกรรมการการแพทย์,500000.0,415000.0,85000.0,ใช่,ไม่ใช่,,DOC-BUD-2564,1.2ผลเบิกจ่ายปี 2564 - final.pdf,2,2564-0055
2564,2565-01-31,31 มกราคม 2565,แผนงานพื้นฐาน,รายจ่ายเพื่อบริหารงานประจำ,งบดำเนินงาน,ค่าตอบแทน,11,,5,รายการ,11. ค่าตอบแทนจ้าหน้าที่ตำรวจรักษาความปลอดภัยในการนำเงินสดฝากธนาคาร,77000.0,84400.0,,ใช่,ไม่ใช่,คงเหลือ,DOC-BUD-2564,1.2ผลเบิกจ่ายปี 2564 - final.pdf,2,2564-0056
2564,2565-01-31,31 มกราคม 2565,แผนงานพื้นฐาน,รายจ่ายเพื่อบริหารงานประจำ,งบดำเนินงาน,ค่าตอบแทน,12,,5,รายการ,12. ค่าจ้างแปลเอกสารจากภาษาต่างประเทศเป็นภาษาไทย และจากภาษาไทย เป็นภาษาต่างประเทศ,93000.0,30000.0,63000.0,ใช่,ไม่ใช่,,DOC-BUD-2564,1.2ผลเบิกจ่ายปี 2564 - final.pdf,2,2564-0057
2564,2565-01-31,31 มกราคม 2565,แผนงานพื้นฐาน,รายจ่ายเพื่อบริหารงานประจำ,งบดำเนินงาน,ค่าตอบแทน,13,,5,รายการ,13. ค่าตอบแทนล่ามในการแปลภาษาท้องถิ่น ภาษต่างประเทศ หรือภาษามือ,100000.0,30000.0,30000.0,ใช่,ไม่ใช่,,DOC-BUD-2564,1.2ผลเบิกจ่ายปี 2564 - final.pdf,2,2564-0058
2564,2565-01-31,31 มกราคม 2565,แผนงานพื้นฐาน,รายจ่ายเพื่อบริหารงานประจำ,งบดำเนินงาน,ค่าตอบแทน,14,,5,รายการ,14. ค่าจ้างตรวจสัญญาด้านการลงทุน,1000000.0,,,ใช่,ไม่ใช่,รวมเบิกจ่ายและผูกพัน; คงเหลือ,DOC-BUD-2564,1.2ผลเบิกจ่ายปี 2564 - final.pdf,2,2564-0059
2564,2565-01-31,31 มกราคม 2565,แผนงานพื้นฐาน,รายจ่ายเพื่อบริหารงานประจำ,งบดำเนินงาน,ค่าใช้สอย,,,4,หมวดค่าใช้จ่าย,- ค่าใช้สอย,893188200.0,786809226.3,91985980.16,ไม่ใช่,ใช่,,DOC-BUD-2564,1.2ผลเบิกจ่ายปี 2564 - final.pdf,2,2564-0060
2564,2565-01-31,31 มกราคม 2565,แผนงานพื้นฐาน,รายจ่ายเพื่อบริหารงานประจำ,งบดำเนินงาน,ค่าใช้สอย,1,,5,รายการ,1. ค่าเบี้ยเลี้ยง ที่พัก พาหนะ และอื่น ๆ,38839700.0,13056313.22,15323205.12,ใช่,ไม่ใช่,,DOC-BUD-2564,1.2ผลเบิกจ่ายปี 2564 - final.pdf,2,2564-0061
2564,2565-01-31,31 มกราคม 2565,แผนงานพื้นฐาน,รายจ่ายเพื่อบริหารงานประจำ,งบดำเนินงาน,ค่าใช้สอย,2,,5,รายการ,2. ค่าผ่านทางด่วนพิเศษ,728900.0,371067.0,356833.0,ใช่,ไม่ใช่,,DOC-BUD-2564,1.2ผลเบิกจ่ายปี 2564 - final.pdf,2,2564-0062
2564,2565-01-31,31 มกราคม 2565,แผนงานพื้นฐาน,รายจ่ายเพื่อบริหารงานประจำ,งบดำเนินงาน,ค่าใช้สอย,3,,5,รายการ,3. ค่าใช้จ่ายในการเดินทางภายในประเทศของผู้รับการอบรม,15164600.0,2407736.92,12131833.08,ใช่,ไม่ใช่,,DOC-BUD-2564,1.2ผลเบิกจ่ายปี 2564 - final.pdf,2,2564-0063
2564,2565-01-31,31 มกราคม 2565,แผนงานพื้นฐาน,รายจ่ายเพื่อบริหารงานประจำ,งบดำเนินงาน,ค่าใช้สอย,4,,5,รายการ,4. ค่าใช้จ่ายในการจัดประชุม อบรม สัมมนาและค่าอาหารว่าง,10817600.0,4001220.5,4550452.25,ไม่ใช่,ไม่ใช่,,DOC-BUD-2564,1.2ผลเบิกจ่ายปี 2564 - final.pdf,2,2564-0064
2564,2565-01-31,31 มกราคม 2565,แผนงานพื้นฐาน,รายจ่ายเพื่อบริหารงานประจำ,งบดำเนินงาน,ค่าใช้สอย,,4.,6,รายละเอียดของแถวบน,- ค่ารับรองและพิธีการ,10817600.0,4001220.5,4550452.25,ใช่,ใช่,,DOC-BUD-2564,1.2ผลเบิกจ่ายปี 2564 - final.pdf,2,2564-0065
2564,2565-01-31,31 มกราคม 2565,แผนงานพื้นฐาน,รายจ่ายเพื่อบริหารงานประจำ,งบดำเนินงาน,ค่าใช้สอย,5,,5,รายการ,5. ค่าซ่อมแซมบำรุงรักษาทรัพย์สิน,18790300.0,15151782.15,4288024.36,ใช่,ไม่ใช่,,DOC-BUD-2564,1.2ผลเบิกจ่ายปี 2564 - final.pdf,2,2564-0066
2564,2565-01-31,31 มกราคม 2565,แผนงานพื้นฐาน,รายจ่ายเพื่อบริหารงานประจำ,งบดำเนินงาน,ค่าใช้สอย,6,,5,รายการ,6. ค่าซ่อมแซมบำรุงรักษารถยนต์,12976800.0,8516923.81,4459876.19,ใช่,ไม่ใช่,,DOC-BUD-2564,1.2ผลเบิกจ่ายปี 2564 - final.pdf,2,2564-0067
2564,2565-01-31,31 มกราคม 2565,แผนงานพื้นฐาน,รายจ่ายเพื่อบริหารงานประจำ,งบดำเนินงาน,ค่าใช้สอย,7,,5,รายการ,7. ค่าซอมแซมปรับปรุงอาคารหรือสิ่งก่อสร้าง,1500000.0,3320533.11,377833.89,ใช่,ไม่ใช่,,DOC-BUD-2564,1.2ผลเบิกจ่ายปี 2564 - final.pdf,2,2564-0068
2564,2565-01-31,31 มกราคม 2565,แผนงานพื้นฐาน,รายจ่ายเพื่อบริหารงานประจำ,งบดำเนินงาน,ค่าใช้สอย,8,,5,รายการ,8. ค่าจ้างเหมาบริการต่าง ๆ,9750300.0,9998275.35,,ใช่,ไม่ใช่,,DOC-BUD-2564,1.2ผลเบิกจ่ายปี 2564 - final.pdf,3,2564-0069
2564,2565-01-31,31 มกราคม 2565,แผนงานพื้นฐาน,รายจ่ายเพื่อบริหารงานประจำ,งบดำเนินงาน,ค่าใช้สอย,9,,5,รายการ,9. ค่าจ้างเหมากำจัดปลวก มด แมลง และหนู,3033200.0,2147410.11,820439.89,ใช่,ไม่ใช่,,DOC-BUD-2564,1.2ผลเบิกจ่ายปี 2564 - final.pdf,3,2564-0070
2564,2565-01-31,31 มกราคม 2565,แผนงานพื้นฐาน,รายจ่ายเพื่อบริหารงานประจำ,งบดำเนินงาน,ค่าใช้สอย,10,,5,รายการ,10. ค่าจ้างเหมารักษาความปลอดภัยอาคารสำนักงานประกันสังคม,91272000.0,82892299.04,8524876.96,ใช่,ไม่ใช่,,DOC-BUD-2564,1.2ผลเบิกจ่ายปี 2564 - final.pdf,3,2564-0071
2564,2565-01-31,31 มกราคม 2565,แผนงานพื้นฐาน,รายจ่ายเพื่อบริหารงานประจำ,งบดำเนินงาน,ค่าใช้สอย,11,,5,รายการ,11. ค่าจ้างเหมารักษาความสะอาดอาคารสำนักงานประกันสังคม,57429200.0,48938551.12,6551941.97,ใช่,ไม่ใช่,,DOC-BUD-2564,1.2ผลเบิกจ่ายปี 2564 - final.pdf,3,2564-0072
2564,2565-01-31,31 มกราคม 2565,แผนงานพื้นฐาน,รายจ่ายเพื่อบริหารงานประจำ,งบดำเนินงาน,ค่าใช้สอย,12,,5,รายการ,12. ค่าจ้างเหมาบำรุงรักษาสวนหย่อม,6451400.0,5632112.27,734239.72,ใช่,ไม่ใช่,,DOC-BUD-2564,1.2ผลเบิกจ่ายปี 2564 - final.pdf,3,2564-0073
2564,2565-01-31,31 มกราคม 2565,แผนงานพื้นฐาน,รายจ่ายเพื่อบริหารงานประจำ,งบดำเนินงาน,ค่าใช้สอย,13,,5,รายการ,13. ค่าจ้างเหมาพนักงานขับรถยนต์,12240000.0,10841153.94,1894620.06,ใช่,ไม่ใช่,,DOC-BUD-2564,1.2ผลเบิกจ่ายปี 2564 - final.pdf,3,2564-0074
2564,2565-01-31,31 มกราคม 2565,แผนงานพื้นฐาน,รายจ่ายเพื่อบริหารงานประจำ,งบดำเนินงาน,ค่าใช้สอย,14,,5,รายการ,14. ค่าขนย้ายและติดตั้งครุภัณฑ์และทรัพย์สินต่าง ๆ,626800.0,388055.0,299735.0,ใช่,ไม่ใช่,,DOC-BUD-2564,1.2ผลเบิกจ่ายปี 2564 - final.pdf,3,2564-0075
2564,2565-01-31,31 มกราคม 2565,แผนงานพื้นฐาน,รายจ่ายเพื่อบริหารงานประจำ,งบดำเนินงาน,ค่าใช้สอย,15,,5,รายการ,"15. ค่าเช่าอาคารพาณิชย์เป็นที่ทำการสำนักงานประกันสังคมพื้นที่, และอาคารเก็บเอกสาร",59276100.0,52490609.17,7277490.83,ใช่,ไม่ใช่,,DOC-BUD-2564,1.2ผลเบิกจ่ายปี 2564 - final.pdf,3,2564-0076
2564,2565-01-31,31 มกราคม 2565,แผนงานพื้นฐาน,รายจ่ายเพื่อบริหารงานประจำ,งบดำเนินงาน,ค่าใช้สอย,16,,5,รายการ,16. ค่าเช่าที่ดิน,123600.0,118574.0,5026.0,ใช่,ไม่ใช่,,DOC-BUD-2564,1.2ผลเบิกจ่ายปี 2564 - final.pdf,3,2564-0077
2564,2565-01-31,31 มกราคม 2565,แผนงานพื้นฐาน,รายจ่ายเพื่อบริหารงานประจำ,งบดำเนินงาน,ค่าใช้สอย,17,,5,รายการ,17. ค่าประกันภัยรถยนต์ราชการ,1336200.0,965494.98,369918.21,ใช่,ไม่ใช่,,DOC-BUD-2564,1.2ผลเบิกจ่ายปี 2564 - final.pdf,3,2564-0078
2564,2565-01-31,31 มกราคม 2565,แผนงานพื้นฐาน,รายจ่ายเพื่อบริหารงานประจำ,งบดำเนินงาน,ค่าใช้สอย,19,,5,รายการ,19. ค่าเช่าเครื่องถ่ายเอกสาร,9137800.0,5583813.76,2539815.39,ใช่,ไม่ใช่,,DOC-BUD-2564,1.2ผลเบิกจ่ายปี 2564 - final.pdf,3,2564-0079
2564,2565-01-31,31 มกราคม 2565,แผนงานพื้นฐาน,รายจ่ายเพื่อบริหารงานประจำ,งบดำเนินงาน,ค่าใช้สอย,20,,5,รายการ,20. ค่าบำรุงรักษาระบบคอมพิวเตอร์,449955100.0,443643881.43,5967935.55,ไม่ใช่,ไม่ใช่,,DOC-BUD-2564,1.2ผลเบิกจ่ายปี 2564 - final.pdf,3,2564-0080
2564,2565-01-31,31 มกราคม 2565,แผนงานพื้นฐาน,รายจ่ายเพื่อบริหารงานประจำ,งบดำเนินงาน,ค่าใช้สอย,1,20.,6,รายการ,1. ค่าจ้างบำรุงรักษาระบบสารสนเทศการจ่ายประโยชน์ทดแทน กรณีชราภาพ,1075200.0,1075200.0,,ใช่,ไม่ใช่,คงเหลือ,DOC-BUD-2564,1.2ผลเบิกจ่ายปี 2564 - final.pdf,3,2564-0081
2564,2565-01-31,31 มกราคม 2565,แผนงานพื้นฐาน,รายจ่ายเพื่อบริหารงานประจำ,งบดำเนินงาน,ค่าใช้สอย,2,20.,6,รายการ,2. ค่าจ้างบำรุงรักษาเครื่องคอมพิวเตอร์เมนเฟรมและอุปกรณ์ต่อพ่วง ศูนย์คอมพิวเตอร์หลัก และศูนย์คอมพิวเตอร์สำรอง,37059000.0,37053000.0,,ใช่,ไม่ใช่,คงเหลือ,DOC-BUD-2564,1.2ผลเบิกจ่ายปี 2564 - final.pdf,3,2564-0082
2564,2565-01-31,31 มกราคม 2565,แผนงานพื้นฐาน,รายจ่ายเพื่อบริหารงานประจำ,งบดำเนินงาน,ค่าใช้สอย,3,20.,6,รายการ,3. ค่าจ้างบำรุงรักษาโปรแกรม Sapiens ObjectPool,1428000.0,1428000.0,,ใช่,ไม่ใช่,คงเหลือ,DOC-BUD-2564,1.2ผลเบิกจ่ายปี 2564 - final.pdf,3,2564-0083
2564,2565-01-31,31 มกราคม 2565,แผนงานพื้นฐาน,รายจ่ายเพื่อบริหารงานประจำ,งบดำเนินงาน,ค่าใช้สอย,4,20.,6,รายการ,4. ค่าจ้างบำรุงรักษาโปรแกรม ViewDirect For OS/390,1446000.0,1446000.0,,ใช่,ไม่ใช่,คงเหลือ,DOC-BUD-2564,1.2ผลเบิกจ่ายปี 2564 - final.pdf,3,2564-0084
2564,2565-01-31,31 มกราคม 2565,แผนงานพื้นฐาน,รายจ่ายเพื่อบริหารงานประจำ,งบดำเนินงาน,ค่าใช้สอย,5,20.,6,รายการ,5. ค่าจ้างบำรุงรักษาระบบงานประกันสังคมบนเครื่องคอมพิวเตอร์เมนเฟรม,16200000.0,16200000.0,,ใช่,ไม่ใช่,คงเหลือ,DOC-BUD-2564,1.2ผลเบิกจ่ายปี 2564 - final.pdf,3,2564-0085
2564,2565-01-31,31 มกราคม 2565,แผนงานพื้นฐาน,รายจ่ายเพื่อบริหารงานประจำ,งบดำเนินงาน,ค่าใช้สอย,6,20.,6,รายการ,6. ค่าจ้างบำรุงรักษาและปรับปรุงระบบงานสารสนเทศเพื่อการจัดการ,463200.0,463200.0,,ใช่,ไม่ใช่,คงเหลือ,DOC-BUD-2564,1.2ผลเบิกจ่ายปี 2564 - final.pdf,3,2564-0086
2564,2565-01-31,31 มกราคม 2565,แผนงานพื้นฐาน,รายจ่ายเพื่อบริหารงานประจำ,งบดำเนินงาน,ค่าใช้สอย,7,20.,6,รายการ,7. ค่าจ้างบำรุงรักษาและปรับปรุงระบบฐานข้อมูลเพื่อการบริหารงานประกันสังคม ในรูปบบ e-Service,5400000.0,5400000.0,,ใช่,ไม่ใช่,คงเหลือ,DOC-BUD-2564,1.2ผลเบิกจ่ายปี 2564 - final.pdf,3,2564-0087
2564,2565-01-31,31 มกราคม 2565,แผนงานพื้นฐาน,รายจ่ายเพื่อบริหารงานประจำ,งบดำเนินงาน,ค่าใช้สอย,8,20.,6,รายการ,8. ค่าจ้างบำรุงรักษาโปรแกรมบริหารการลงทุน,5780000.0,5779920.0,,ใช่,ไม่ใช่,คงเหลือ,DOC-BUD-2564,1.2ผลเบิกจ่ายปี 2564 - final.pdf,3,2564-0088
2564,2565-01-31,31 มกราคม 2565,แผนงานพื้นฐาน,รายจ่ายเพื่อบริหารงานประจำ,งบดำเนินงาน,ค่าใช้สอย,9,20.,6,รายการ,9. ค่าจ้างบำรุงรักษาระบบแปลงรายงาน (Reports Conversion),456000.0,456000.0,,ใช่,ไม่ใช่,คงเหลือ,DOC-BUD-2564,1.2ผลเบิกจ่ายปี 2564 - final.pdf,3,2564-0089
2564,2565-01-31,31 มกราคม 2565,แผนงานพื้นฐาน,รายจ่ายเพื่อบริหารงานประจำ,งบดำเนินงาน,ค่าใช้สอย,10,20.,6,รายการ,10. ค่าจ้างบำรุงรักษาระบบเครือข่ายสื่อสารคอมพิวเตอร์ภายในสำนักงานประกันสังคม สำนักงานใหญ่ และสำนักงานประกันสังคมกรุงเทพมหานครพื้นที่ 3 (ดินแดง),4440000.0,4440000.0,,ใช่,ไม่ใช่,คงเหลือ,DOC-BUD-2564,1.2ผลเบิกจ่ายปี 2564 - final.pdf,3,2564-0090
2564,2565-01-31,31 มกราคม 2565,แผนงานพื้นฐาน,รายจ่ายเพื่อบริหารงานประจำ,งบดำเนินงาน,ค่าใช้สอย,11,20.,6,รายการ,11. ค่าจ้างบำรุงรักษาอุปกรณ์ระบบประชุม สัมมนา ฝึกอบรมงานประกันสังคม สำหรับนายจ้างและผู้ประกันตนแบบทางไกล,6090000.0,6090000.0,,ใช่,ไม่ใช่,คงเหลือ,DOC-BUD-2564,1.2ผลเบิกจ่ายปี 2564 - final.pdf,3,2564-0091
2564,2565-01-31,31 มกราคม 2565,แผนงานพื้นฐาน,รายจ่ายเพื่อบริหารงานประจำ,งบดำเนินงาน,ค่าใช้สอย,12,20.,6,รายการ,12. ค่าจ้างบำรุงรักษาและปรับปรุงระบบงานกองทุน,12674000.0,12664000.0,,ใช่,ไม่ใช่,คงเหลือ,DOC-BUD-2564,1.2ผลเบิกจ่ายปี 2564 - final.pdf,3,2564-0092
2564,2565-01-31,31 มกราคม 2565,แผนงานพื้นฐาน,รายจ่ายเพื่อบริหารงานประจำ,งบดำเนินงาน,ค่าใช้สอย,13,20.,6,รายการ,13. ค่าจ้างบำรุงรักษาโปรแกรม IBM Tivoli OmegaMon for CICS,894000.0,894000.0,,ใช่,ไม่ใช่,คงเหลือ,DOC-BUD-2564,1.2ผลเบิกจ่ายปี 2564 - final.pdf,3,2564-0093
2564,2565-01-31,31 มกราคม 2565,แผนงานพื้นฐาน,รายจ่ายเพื่อบริหารงานประจำ,งบดำเนินงาน,ค่าใช้สอย,14,20.,6,รายการ,14. ค่าจ้างบำรุงรักษาและปรับปรุงระบบสารสนเทศงานประกันสังคมตามมาตรา 40,4485000.0,4483200.0,,ใช่,ไม่ใช่,คงเหลือ,DOC-BUD-2564,1.2ผลเบิกจ่ายปี 2564 - final.pdf,3,2564-0094
2564,2565-01-31,31 มกราคม 2565,แผนงานพื้นฐาน,รายจ่ายเพื่อบริหารงานประจำ,งบดำเนินงาน,ค่าใช้สอย,15,20.,6,รายการ,15. ค่าจ้างบำรุงรักษาและปรับปรุงระบบสารสนเทศงานประกันสังคม กรณีว่างงาน,696000.0,693000.0,,ใช่,ไม่ใช่,คงเหลือ,DOC-BUD-2564,1.2ผลเบิกจ่ายปี 2564 - final.pdf,3,2564-0095
2564,2565-01-31,31 มกราคม 2565,แผนงานพื้นฐาน,รายจ่ายเพื่อบริหารงานประจำ,งบดำเนินงาน,ค่าใช้สอย,16,20.,6,รายการ,16. ค่าจ้างบำรงุรักษาและปรับปรุงระบบบริการอิเล็กทรอนิกส์,4128000.0,4128000.0,,ใช่,ไม่ใช่,คงเหลือ,DOC-BUD-2564,1.2ผลเบิกจ่ายปี 2564 - final.pdf,3,2564-0096
2564,2565-01-31,31 มกราคม 2565,แผนงานพื้นฐาน,รายจ่ายเพื่อบริหารงานประจำ,งบดำเนินงาน,ค่าใช้สอย,17,20.,6,รายการ,17. ค่าจ้างบำรุงรักษาระบบคอมพิวเตอร์พร้อมการรักษาความมั่นคงปลดดภัย ระดับคอมพิวเตอร์ลูกข่าย,50760000.0,46019605.05,4680394.95,ใช่,ไม่ใช่,,DOC-BUD-2564,1.2ผลเบิกจ่ายปี 2564 - final.pdf,3,2564-0097
2564,2565-01-31,31 มกราคม 2565,แผนงานพื้นฐาน,รายจ่ายเพื่อบริหารงานประจำ,งบดำเนินงาน,ค่าใช้สอย,18,20.,6,รายการ,18. ค่าจ้างบำรุงรักษาระบบคอมพิวเตอร์และบริหารศูนย์คอมพิวเตอร์ (Cloud),136483800.0,135193843.18,1238956.82,ใช่,ไม่ใช่,,DOC-BUD-2564,1.2ผลเบิกจ่ายปี 2564 - final.pdf,3,2564-0098
2564,2565-01-31,31 มกราคม 2565,แผนงานพื้นฐาน,รายจ่ายเพื่อบริหารงานประจำ,งบดำเนินงาน,ค่าใช้สอย,19,20.,6,รายการ,19. ค่าจ้างบำรุงรักษาระบบรักษาความปลอดภัยในการรับส่งข้อมูล แบบ Web service,1030800.0,1030800.0,,ใช่,ไม่ใช่,คงเหลือ,DOC-BUD-2564,1.2ผลเบิกจ่ายปี 2564 - final.pdf,3,2564-0099
2564,2565-01-31,31 มกราคม 2565,แผนงานพื้นฐาน,รายจ่ายเพื่อบริหารงานประจำ,งบดำเนินงาน,ค่าใช้สอย,20,20.,6,รายการ,20. ค่าจ้างบำรุงรักษาและปรับปรุงระบบบริหารการจัดทำแผนปฏิบัติราชการ และงบประมาณ สำนักงานประกันสังคม,1080000.0,996000.0,,ใช่,ไม่ใช่,คงเหลือ,DOC-BUD-2564,1.2ผลเบิกจ่ายปี 2564 - final.pdf,3,2564-0100
2564,2565-01-31,31 มกราคม 2565,แผนงานพื้นฐาน,รายจ่ายเพื่อบริหารงานประจำ,งบดำเนินงาน,ค่าใช้สอย,21,20.,6,รายการ,21. ค่าจ้างบำรุงรักษาและปรับปรุงระบบงานสนับสนุน,2802000.0,2800000.0,,ใช่,ไม่ใช่,คงเหลือ,DOC-BUD-2564,1.2ผลเบิกจ่ายปี 2564 - final.pdf,3,2564-0101
2564,2565-01-31,31 มกราคม 2565,แผนงานพื้นฐาน,รายจ่ายเพื่อบริหารงานประจำ,งบดำเนินงาน,ค่าใช้สอย,22,20.,6,รายการ,22. ค่าจ้างบำรุงรักษาระบบการจ่ายค่าบริการทางการแพทย์เชื่อมโยงระบบ NCH (National Clearing House),1788000.0,1788000.0,,ใช่,ไม่ใช่,คงเหลือ,DOC-BUD-2564,1.2ผลเบิกจ่ายปี 2564 - final.pdf,3,2564-0102
2564,2565-01-31,31 มกราคม 2565,แผนงานพื้นฐาน,รายจ่ายเพื่อบริหารงานประจำ,งบดำเนินงาน,ค่าใช้สอย,23,20.,6,รายการ,23. ค่าจ้างบำรุงรักษาอุปกรณ์จัดเก็บ Log File ระบบเครือข่าย,460100.0,460057.2,,ใช่,ไม่ใช่,คงเหลือ,DOC-BUD-2564,1.2ผลเบิกจ่ายปี 2564 - final.pdf,3,2564-0103
2564,2565-01-31,31 มกราคม 2565,แผนงานพื้นฐาน,รายจ่ายเพื่อบริหารงานประจำ,งบดำเนินงาน,ค่าใช้สอย,24,20.,6,รายการ,24. ค่าจ้างบำรุงรักษาระบบการตรวจสอบเวชระเบียนอิเล็กทรอนิกส์,606100.0,606096.0,,ใช่,ไม่ใช่,คงเหลือ,DOC-BUD-2564,1.2ผลเบิกจ่ายปี 2564 - final.pdf,3,2564-0104
2564,2565-01-31,31 มกราคม 2565,แผนงานพื้นฐาน,รายจ่ายเพื่อบริหารงานประจำ,งบดำเนินงาน,ค่าใช้สอย,25,20.,6,รายการ,25. ค่าจ้างบำรุงรักษาและปรับปรุงระบบใบเสร็จรับเงินอิเล็กทรอนิกส์ (e-Receipt),696000.0,694000.0,,ใช่,ไม่ใช่,คงเหลือ,DOC-BUD-2564,1.2ผลเบิกจ่ายปี 2564 - final.pdf,3,2564-0105
2564,2565-01-31,31 มกราคม 2565,แผนงานพื้นฐาน,รายจ่ายเพื่อบริหารงานประจำ,งบดำเนินงาน,ค่าใช้สอย,26,20.,6,รายการ,26. ค่าจ้างบำรุงรักษาเว็บไซต์สำนักงานประกันสังคม (www.sso.go.th),1236000.0,1236000.0,,ใช่,ไม่ใช่,คงเหลือ,DOC-BUD-2564,1.2ผลเบิกจ่ายปี 2564 - final.pdf,3,2564-0106
2564,2565-01-31,31 มกราคม 2565,แผนงานพื้นฐาน,รายจ่ายเพื่อบริหารงานประจำ,งบดำเนินงาน,ค่าใช้สอย,27,20.,6,รายการ,27. ค่าจ้างบำรุงรักษาอุปกรณ์สนับสนุนศูนย์คอมพิวเตอร์หลัก,5900100.0,5900100.0,,ใช่,ไม่ใช่,คงเหลือ,DOC-BUD-2564,1.2ผลเบิกจ่ายปี 2564 - final.pdf,3,2564-0107
2564,2565-01-31,31 มกราคม 2565,แผนงานพื้นฐาน,รายจ่ายเพื่อบริหารงานประจำ,งบดำเนินงาน,ค่าใช้สอย,28,20.,6,รายการ,28. ค่าจ้างบำรุงรักษาระบบสนับสนุนศูนย์คอมพิวเตอร์ (จังหวัดระยอง) พร้อมเชื่อมโยงเครือข่ายสัญญาณ เพื่อรับส่งข้อมูลระหว่างศูนย์คอมพิวเตอร์,80149000.0,80105000.0,40000.0,ใช่,ไม่ใช่,,DOC-BUD-2564,1.2ผลเบิกจ่ายปี 2564 - final.pdf,3,2564-0108
2564,2565-01-31,31 มกราคม 2565,แผนงานพื้นฐาน,รายจ่ายเพื่อบริหารงานประจำ,งบดำเนินงาน,ค่าใช้สอย,29,20.,6,รายการ,29. ค่าจ้างบำรุงรักษาและปรับปรุงระบบข้อมูลการใช้บริการทางการแพทย์ ของผู้ประกันตน,780000.0,762000.0,,ใช่,ไม่ใช่,คงเหลือ,DOC-BUD-2564,1.2ผลเบิกจ่ายปี 2564 - final.pdf,4,2564-0109
2564,2565-01-31,31 มกราคม 2565,แผนงานพื้นฐาน,รายจ่ายเพื่อบริหารงานประจำ,งบดำเนินงาน,ค่าใช้สอย,30,20.,6,รายการ,30. ค่าจ้างบำรุงรักษาอุปกรณ์สำหรับเพิ่มประสิทธิภาพในการใช้งาน และบริหารจัดการผู้ใช้งานระบบเครือข่ายอินเทอร์เน็ต,852000.0,852000.0,,ใช่,ไม่ใช่,คงเหลือ,DOC-BUD-2564,1.2ผลเบิกจ่ายปี 2564 - final.pdf,4,2564-0110
2564,2565-01-31,31 มกราคม 2565,แผนงานพื้นฐาน,รายจ่ายเพื่อบริหารงานประจำ,งบดำเนินงาน,ค่าใช้สอย,31,20.,6,รายการ,31. ค่าจ้างบำรุงรักษาระบบจ่ายประโยชยน์ทดแทนค่าบริการทางการแพทย์ กรณีเจ็บป่วยฉุกเฉินวิกฤต (UCEP),504800.0,420660.0,8583.78,ใช่,ไม่ใช่,,DOC-BUD-2564,1.2ผลเบิกจ่ายปี 2564 - final.pdf,4,2564-0111
2564,2565-01-31,31 มกราคม 2565,แผนงานพื้นฐาน,รายจ่ายเพื่อบริหารงานประจำ,งบดำเนินงาน,ค่าใช้สอย,32,20.,6,รายการ,32. ค่าเช่าระบบปฏิบัติการ OS/390,55248000.0,55242000.0,,ใช่,ไม่ใช่,คงเหลือ,DOC-BUD-2564,1.2ผลเบิกจ่ายปี 2564 - final.pdf,4,2564-0112
2564,2565-01-31,31 มกราคม 2565,แผนงานพื้นฐาน,รายจ่ายเพื่อบริหารงานประจำ,งบดำเนินงาน,ค่าใช้สอย,33,20.,6,รายการ,33. ค่าเช่าโปรแกรมสำหรรับควบคุมงานประมวลผลแบบ Batch,5496000.0,5496000.0,,ใช่,ไม่ใช่,คงเหลือ,DOC-BUD-2564,1.2ผลเบิกจ่ายปี 2564 - final.pdf,4,2564-0113
2564,2565-01-31,31 มกราคม 2565,แผนงานพื้นฐาน,รายจ่ายเพื่อบริหารงานประจำ,งบดำเนินงาน,ค่าใช้สอย,34,20.,6,รายการ,34. ค่าจ้างบำรุงรักษาระบบจัดเก็บและแปลงเอกสารหลักฐานงานประกันสังคม จากรูปแบบกระดาษให้เป็นข้อมูลอิเล็กทรอนิกส์ ตามมาตรฐานภายใต้กรอบ ของกระทรวงดิจิทัลเพื่อเศรษฐกิจและสังคม (EDOC),1368000.0,1348200.0,,ใช่,ไม่ใช่,คงเหลือ,DOC-BUD-2564,1.2ผลเบิกจ่ายปี 2564 - final.pdf,4,2564-0114
2564,2565-01-31,31 มกราคม 2565,แผนงานพื้นฐาน,รายจ่ายเพื่อบริหารงานประจำ,งบดำเนินงาน,ค่าใช้สอย,20,,5,รายการ,20. ค่าใช้จ่ายต่าง ๆ เพื่อเผยแพร่ความรู้เกี่ยวกับการประกันสังคม,15420000.0,12047224.17,3372775.83,ไม่ใช่,ไม่ใช่,,DOC-BUD-2564,1.2ผลเบิกจ่ายปี 2564 - final.pdf,4,2564-0115
2564,2565-01-31,31 มกราคม 2565,แผนงานพื้นฐาน,รายจ่ายเพื่อบริหารงานประจำ,งบดำเนินงาน,ค่าใช้สอย,,20.,6,รายละเอียดของแถวบน,- ค่าใช้จ่ายต่าง ๆ เพื่อประชาสัมพันธ์เผยแพร่ข่าวสารงานประกันสังคม,15420000.0,12047224.17,3372775.83,ใช่,ใช่,,DOC-BUD-2564,1.2ผลเบิกจ่ายปี 2564 - final.pdf,4,2564-0116
2564,2565-01-31,31 มกราคม 2565,แผนงานพื้นฐาน,รายจ่ายเพื่อบริหารงานประจำ,งบดำเนินงาน,ค่าใช้สอย,21,,5,รายการ,21. ค่าใช้จ่ายในการลี้ยงรับรองบุคคลหรือรับรองชาวต่างประเทศ,50000.0,12231.0,2869.0,ใช่,ไม่ใช่,,DOC-BUD-2564,1.2ผลเบิกจ่ายปี 2564 - final.pdf,4,2564-0117
2564,2565-01-31,31 มกราคม 2565,แผนงานพื้นฐาน,รายจ่ายเพื่อบริหารงานประจำ,งบดำเนินงาน,ค่าใช้สอย,22,,5,รายการ,22. ค่าธรรมเนียมอื่น ๆ,1815100.0,1628243.85,178966.15,ใช่,ไม่ใช่,,DOC-BUD-2564,1.2ผลเบิกจ่ายปี 2564 - final.pdf,4,2564-0118
2564,2565-01-31,31 มกราคม 2565,แผนงานพื้นฐาน,รายจ่ายเพื่อบริหารงานประจำ,งบดำเนินงาน,ค่าใช้สอย,23,,5,รายการ,23. ค่าธรรมเนียมบริการรับ - ส่งเงินของ KGS,9472400.0,7408029.13,2032170.87,ใช่,ไม่ใช่,,DOC-BUD-2564,1.2ผลเบิกจ่ายปี 2564 - final.pdf,4,2564-0119
2564,2565-01-31,31 มกราคม 2565,แผนงานพื้นฐาน,รายจ่ายเพื่อบริหารงานประจำ,งบดำเนินงาน,ค่าใช้สอย,24,,5,รายการ,24. ค่าธรรมเนียมการต่อใบอนุญาตมีซึ่งยุทธภัณฑ์ รถหุ้มเกราะป้องกันกระสุนฯ,5000.0,5000.0,,ใช่,ไม่ใช่,คงเหลือ,DOC-BUD-2564,1.2ผลเบิกจ่ายปี 2564 - final.pdf,4,2564-0120
2564,2565-01-31,31 มกราคม 2565,แผนงานพื้นฐาน,รายจ่ายเพื่อบริหารงานประจำ,งบดำเนินงาน,ค่าใช้สอย,25,,5,รายการ,25. ค่าธรรมเนียมทางกฎหมาย,1819900.0,672493.54,1010406.46,ใช่,ไม่ใช่,,DOC-BUD-2564,1.2ผลเบิกจ่ายปี 2564 - final.pdf,4,2564-0121
2564,2565-01-31,31 มกราคม 2565,แผนงานพื้นฐาน,รายจ่ายเพื่อบริหารงานประจำ,งบดำเนินงาน,ค่าใช้สอย,26,,5,รายการ,26. ค่าใช้จ่ายในการจัดทำข้อสอบ,1408300.0,582500.0,825800.0,ใช่,ไม่ใช่,,DOC-BUD-2564,1.2ผลเบิกจ่ายปี 2564 - final.pdf,4,2564-0122
2564,2565-01-31,31 มกราคม 2565,แผนงานพื้นฐาน,รายจ่ายเพื่อบริหารงานประจำ,งบดำเนินงาน,ค่าใช้สอย,27,,5,รายการ,27. ค่าเช่าสถานที่สอบคัดเลือกข้าราชการและพนักงาน,2345200.0,1787500.0,557700.0,ใช่,ไม่ใช่,,DOC-BUD-2564,1.2ผลเบิกจ่ายปี 2564 - final.pdf,4,2564-0123
2564,2565-01-31,31 มกราคม 2565,แผนงานพื้นฐาน,รายจ่ายเพื่อบริหารงานประจำ,งบดำเนินงาน,ค่าใช้สอย,28,,5,รายการ,28. ค่าใช้จ่ายในการบำรุงของสมาคม ASSA และค่าใช้จ่ายอื่น ๆ ที่เกี่ยวข้อง,10000.0,5438.45,4561.55,ใช่,ไม่ใช่,,DOC-BUD-2564,1.2ผลเบิกจ่ายปี 2564 - final.pdf,4,2564-0124
2564,2565-01-31,31 มกราคม 2565,แผนงานพื้นฐาน,รายจ่ายเพื่อบริหารงานประจำ,งบดำเนินงาน,ค่าใช้สอย,29,,5,รายการ,29. ค่าป่วยการแก่พยานศาล,50000.0,11000.0,39000.0,ใช่,ไม่ใช่,,DOC-BUD-2564,1.2ผลเบิกจ่ายปี 2564 - final.pdf,4,2564-0125
2564,2565-01-31,31 มกราคม 2565,แผนงานพื้นฐาน,รายจ่ายเพื่อบริหารงานประจำ,งบดำเนินงาน,ค่าใช้สอย,30,,5,รายการ,30. ค่าธรรมเนียมสำนักงานการตรวจเงินแผ่นดิน เพื่อการตรวจสอบบัญชีกองทุนประกันสังคม,1200000.0,1200000.0,,ใช่,ไม่ใช่,คงเหลือ,DOC-BUD-2564,1.2ผลเบิกจ่ายปี 2564 - final.pdf,4,2564-0126
2564,2565-01-31,31 มกราคม 2565,แผนงานพื้นฐาน,รายจ่ายเพื่อบริหารงานประจำ,งบดำเนินงาน,ค่าใช้สอย,31,,5,รายการ,31. ค่าใช้จ่ายในการจ้างบันทึกข้อมูลเงินสมทบ,13981500.0,13335265.5,646234.5,ใช่,ไม่ใช่,,DOC-BUD-2564,1.2ผลเบิกจ่ายปี 2564 - final.pdf,4,2564-0127
2564,2565-01-31,31 มกราคม 2565,แผนงานพื้นฐาน,รายจ่ายเพื่อบริหารงานประจำ,งบดำเนินงาน,ค่าใช้สอย,32,,5,รายการ,32. ค่าตอบแทนเหมาจ่ายในการติดตามเร่งรัดหนี้นอกสถานที่,8194200.0,2943036.61,4448378.39,ใช่,ไม่ใช่,,DOC-BUD-2564,1.2ผลเบิกจ่ายปี 2564 - final.pdf,4,2564-0128
2564,2565-01-31,31 มกราคม 2565,แผนงานพื้นฐาน,รายจ่ายเพื่อบริหารงานประจำ,งบดำเนินงาน,ค่าใช้สอย,33,,5,รายการ,33. ค่าจ้างทำของที่ระลึก,1947000.0,1954920.0,3000.0,ใช่,ไม่ใช่,,DOC-BUD-2564,1.2ผลเบิกจ่ายปี 2564 - final.pdf,4,2564-0129
2564,2565-01-31,31 มกราคม 2565,แผนงานพื้นฐาน,รายจ่ายเพื่อบริหารงานประจำ,งบดำเนินงาน,ค่าใช้สอย,34,,5,รายการ,34. ค่าตกแต่งสถานที่และค่าใช้จ่ายในการจัดงานต่าง ๆ,1000000.0,49550.0,503250.0,ใช่,ไม่ใช่,,DOC-BUD-2564,1.2ผลเบิกจ่ายปี 2564 - final.pdf,4,2564-0130
2564,2565-01-31,31 มกราคม 2565,แผนงานพื้นฐาน,รายจ่ายเพื่อบริหารงานประจำ,งบดำเนินงาน,ค่าใช้สอย,35,,5,รายการ,35. ค่าสมัครสมาชิกด้านการลงทุน,32020000.0,29754106.13,1747475.33,ใช่,ไม่ใช่,,DOC-BUD-2564,1.2ผลเบิกจ่ายปี 2564 - final.pdf,4,2564-0131
2564,2565-01-31,31 มกราคม 2565,แผนงานพื้นฐาน,รายจ่ายเพื่อบริหารงานประจำ,งบดำเนินงาน,ค่าใช้สอย,36,,5,รายการ,36. ค่าสมัครสมาชิกระบบฐานข้อมูลกองทุนรวม สำหรับการลงทุนต่างประเทศ กองทุนประกันสังคม,3000000.0,2826250.0,173750.0,ใช่,ไม่ใช่,,DOC-BUD-2564,1.2ผลเบิกจ่ายปี 2564 - final.pdf,4,2564-0132
2564,2565-01-31,31 มกราคม 2565,แผนงานพื้นฐาน,รายจ่ายเพื่อบริหารงานประจำ,งบดำเนินงาน,ค่าใช้สอย,37,,5,รายการ,37. ค่าชดใช้ค่าสินไหมทดแทน,,120631.04,0.96,ใช่,ไม่ใช่,จัดสรร,DOC-BUD-2564,1.2ผลเบิกจ่ายปี 2564 - final.pdf,4,2564-0133
2564,2565-01-31,31 มกราคม 2565,แผนงานพื้นฐาน,รายจ่ายเพื่อบริหารงานประจำ,งบดำเนินงาน,ค่าวัสดุ,,,4,หมวดค่าใช้จ่าย,- ค่าวัสดุ,154634100.0,139164103.34,15778975.86,ไม่ใช่,ใช่,,DOC-BUD-2564,1.2ผลเบิกจ่ายปี 2564 - final.pdf,4,2564-0134
2564,2565-01-31,31 มกราคม 2565,แผนงานพื้นฐาน,รายจ่ายเพื่อบริหารงานประจำ,งบดำเนินงาน,ค่าวัสดุ,1,,5,รายการ,1. วัสดุสำนักงาน,42882400.0,43272760.99,,ใช่,ไม่ใช่,,DOC-BUD-2564,1.2ผลเบิกจ่ายปี 2564 - final.pdf,4,2564-0135
2564,2565-01-31,31 มกราคม 2565,แผนงานพื้นฐาน,รายจ่ายเพื่อบริหารงานประจำ,งบดำเนินงาน,ค่าวัสดุ,2,,5,รายการ,2. วัสดุคอมพิวเตอร์,60883200.0,62883570.73,,ใช่,ไม่ใช่,,DOC-BUD-2564,1.2ผลเบิกจ่ายปี 2564 - final.pdf,4,2564-0136
2564,2565-01-31,31 มกราคม 2565,แผนงานพื้นฐาน,รายจ่ายเพื่อบริหารงานประจำ,งบดำเนินงาน,ค่าวัสดุ,3,,5,รายการ,3. วัสดุส่วนกลาง,5800000.0,2968215.76,2831784.24,ใช่,ไม่ใช่,,DOC-BUD-2564,1.2ผลเบิกจ่ายปี 2564 - final.pdf,4,2564-0137
2564,2565-01-31,31 มกราคม 2565,แผนงานพื้นฐาน,รายจ่ายเพื่อบริหารงานประจำ,งบดำเนินงาน,ค่าวัสดุ,4,,5,รายการ,4. วัสดุแบบพิมพ์,10252500.0,5489437.32,4376797.68,ใช่,ไม่ใช่,,DOC-BUD-2564,1.2ผลเบิกจ่ายปี 2564 - final.pdf,4,2564-0138
2564,2565-01-31,31 มกราคม 2565,แผนงานพื้นฐาน,รายจ่ายเพื่อบริหารงานประจำ,งบดำเนินงาน,ค่าวัสดุ,5,,5,รายการ,5. หนังสือ วารสาร หนังสือพิมพ์,350300.0,243360.8,101939.2,ใช่,ไม่ใช่,,DOC-BUD-2564,1.2ผลเบิกจ่ายปี 2564 - final.pdf,4,2564-0139
2564,2565-01-31,31 มกราคม 2565,แผนงานพื้นฐาน,รายจ่ายเพื่อบริหารงานประจำ,งบดำเนินงาน,ค่าวัสดุ,6,,5,รายการ,6. ค่าหนังสืออิเล็กทรอนิกส์ (e-Book),150000.0,147474.0,2526.0,ใช่,ไม่ใช่,,DOC-BUD-2564,1.2ผลเบิกจ่ายปี 2564 - final.pdf,4,2564-0140
2564,2565-01-31,31 มกราคม 2565,แผนงานพื้นฐาน,รายจ่ายเพื่อบริหารงานประจำ,งบดำเนินงาน,ค่าวัสดุ,7,,5,รายการ,7. วัสดุโฆษณาและเผยแพร่,1000000.0,999909.65,90.35,ใช่,ไม่ใช่,,DOC-BUD-2564,1.2ผลเบิกจ่ายปี 2564 - final.pdf,4,2564-0141
2564,2565-01-31,31 มกราคม 2565,แผนงานพื้นฐาน,รายจ่ายเพื่อบริหารงานประจำ,งบดำเนินงาน,ค่าวัสดุ,8,,5,รายการ,8. วัสดุงานบ้านงานครัว,993900.0,774442.85,219457.15,ใช่,ไม่ใช่,,DOC-BUD-2564,1.2ผลเบิกจ่ายปี 2564 - final.pdf,4,2564-0142
2564,2565-01-31,31 มกราคม 2565,แผนงานพื้นฐาน,รายจ่ายเพื่อบริหารงานประจำ,งบดำเนินงาน,ค่าวัสดุ,9,,5,รายการ,9. วัสดุเกษตร,230000.0,117818.5,112181.5,ใช่,ไม่ใช่,,DOC-BUD-2564,1.2ผลเบิกจ่ายปี 2564 - final.pdf,4,2564-0143
2564,2565-01-31,31 มกราคม 2565,แผนงานพื้นฐาน,รายจ่ายเพื่อบริหารงานประจำ,งบดำเนินงาน,ค่าวัสดุ,10,,5,รายการ,10. วัสดุช่างและไฟฟ้า,859300.0,785229.95,279570.05,ใช่,ไม่ใช่,,DOC-BUD-2564,1.2ผลเบิกจ่ายปี 2564 - final.pdf,4,2564-0144
2564,2565-01-31,31 มกราคม 2565,แผนงานพื้นฐาน,รายจ่ายเพื่อบริหารงานประจำ,งบดำเนินงาน,ค่าวัสดุ,11,,5,รายการ,11. วัสดุก่อสร้าง,300000.0,299525.0,104275.0,ใช่,ไม่ใช่,,DOC-BUD-2564,1.2ผลเบิกจ่ายปี 2564 - final.pdf,4,2564-0145
2564,2565-01-31,31 มกราคม 2565,แผนงานพื้นฐาน,รายจ่ายเพื่อบริหารงานประจำ,งบดำเนินงาน,ค่าวัสดุ,12,,5,รายการ,12. วัสดุน้ำมันเชื้อเพลิงและหล่อลื่น,30932500.0,21182357.79,9441032.21,ใช่,ไม่ใช่,,DOC-BUD-2564,1.2ผลเบิกจ่ายปี 2564 - final.pdf,4,2564-0146
2564,2565-01-31,31 มกราคม 2565,แผนงานพื้นฐาน,รายจ่ายเพื่อบริหารงานประจำ,งบดำเนินงาน,ค่าสาธารณูปโภค,,,4,หมวดค่าใช้จ่าย,- ค่าสาธารณูปโภค,254143400.0,218751053.54,37891374.46,ไม่ใช่,ใช่,,DOC-BUD-2564,1.2ผลเบิกจ่ายปี 2564 - final.pdf,5,2564-0147
2564,2565-01-31,31 มกราคม 2565,แผนงานพื้นฐาน,รายจ่ายเพื่อบริหารงานประจำ,งบดำเนินงาน,ค่าสาธารณูปโภค,1,,5,รายการ,1. ค่าไฟฟ้า,97278000.0,78535947.85,18992052.15,ใช่,ไม่ใช่,,DOC-BUD-2564,1.2ผลเบิกจ่ายปี 2564 - final.pdf,5,2564-0148
2564,2565-01-31,31 มกราคม 2565,แผนงานพื้นฐาน,รายจ่ายเพื่อบริหารงานประจำ,งบดำเนินงาน,ค่าสาธารณูปโภค,2,,5,รายการ,2. ค่าน้ำประปา,5104600.0,3540870.87,1559729.13,ใช่,ไม่ใช่,,DOC-BUD-2564,1.2ผลเบิกจ่ายปี 2564 - final.pdf,5,2564-0149
2564,2565-01-31,31 มกราคม 2565,แผนงานพื้นฐาน,รายจ่ายเพื่อบริหารงานประจำ,งบดำเนินงาน,ค่าสาธารณูปโภค,3,,5,รายการ,3. ค่าโทรศัพท์,18978100.0,14370149.26,4727950.74,ใช่,ไม่ใช่,,DOC-BUD-2564,1.2ผลเบิกจ่ายปี 2564 - final.pdf,5,2564-0150
2564,2565-01-31,31 มกราคม 2565,แผนงานพื้นฐาน,รายจ่ายเพื่อบริหารงานประจำ,งบดำเนินงาน,ค่าสาธารณูปโภค,4,,5,รายการ,4. ค่าไปรษณีย์ภัณฑ์,79577300.0,69668477.37,11963822.63,ใช่,ไม่ใช่,,DOC-BUD-2564,1.2ผลเบิกจ่ายปี 2564 - final.pdf,5,2564-0151
2564,2565-01-31,31 มกราคม 2565,แผนงานพื้นฐาน,รายจ่ายเพื่อบริหารงานประจำ,งบดำเนินงาน,ค่าสาธารณูปโภค,5,,5,รายการ,5. ค่าบริการสื่อสารและโทรคมนาคม,1880400.0,1215553.19,645874.81,ใช่,ไม่ใช่,,DOC-BUD-2564,1.2ผลเบิกจ่ายปี 2564 - final.pdf,5,2564-0152
2564,2565-01-31,31 มกราคม 2565,แผนงานพื้นฐาน,รายจ่ายเพื่อบริหารงานประจำ,งบดำเนินงาน,ค่าสาธารณูปโภค,6,,5,รายการ,6. ค่าธรรมเนียมจ่ายคืนเงินสมทบกองทุนประกันสังคมทั่วประเทศผ่านธนาคาร,325000.0,420055.0,1945.0,ใช่,ไม่ใช่,,DOC-BUD-2564,1.2ผลเบิกจ่ายปี 2564 - final.pdf,5,2564-0153
2564,2565-01-31,31 มกราคม 2565,แผนงานพื้นฐาน,รายจ่ายเพื่อบริหารงานประจำ,งบดำเนินงาน,ค่าสาธารณูปโภค,7,,5,รายการ,7. โครงการเช่าระบบโครงข่ายระบบสื่อสัญญาณาและระบบเทคโนโลยีสารสนเทศ เพื่องานประกันสังคม,51000000.0,51000000.0,,ใช่,ไม่ใช่,คงเหลือ,DOC-BUD-2564,1.2ผลเบิกจ่ายปี 2564 - final.pdf,5,2564-0154
2564,2565-01-31,31 มกราคม 2565,แผนงานพื้นฐาน,รายจ่ายเพื่อบริหารงานประจำ,งบลงทุน,,,,3,หมวดงบรายจ่าย,งบลงทุน,71537400.0,60230028.53,15632143.6,ไม่ใช่,ใช่,,DOC-BUD-2564,1.2ผลเบิกจ่ายปี 2564 - final.pdf,5,2564-0155
2564,2565-01-31,31 มกราคม 2565,แผนงานพื้นฐาน,รายจ่ายเพื่อบริหารงานประจำ,งบลงทุน,,1,,4,รายการ,1. ครุภัณฑ์,64377400.0,56710957.23,9267334.9,ใช่,ไม่ใช่,,DOC-BUD-2564,1.2ผลเบิกจ่ายปี 2564 - final.pdf,5,2564-0156
2564,2565-01-31,31 มกราคม 2565,แผนงานพื้นฐาน,รายจ่ายเพื่อบริหารงานประจำ,งบลงทุน,,2,,4,รายการ,2. โครงการจัดทำลิฟท์สำหรับคนพิการ สปส.กทม.พื้นที่ 7,780000.0,680000.0,100000.0,ใช่,ไม่ใช่,,DOC-BUD-2564,1.2ผลเบิกจ่ายปี 2564 - final.pdf,5,2564-0157
2564,2565-01-31,31 มกราคม 2565,แผนงานพื้นฐาน,รายจ่ายเพื่อบริหารงานประจำ,งบลงทุน,รายการที่ดิน/อาคาร/สิ่งก่อสร้าง,,,4,หมวดค่าใช้จ่าย,รายการที่ดิน/อาคาร/สิ่งก่อสร้าง,6380000.0,2839071.3,6264808.7,ไม่ใช่,ใช่,,DOC-BUD-2564,1.2ผลเบิกจ่ายปี 2564 - final.pdf,5,2564-0158
2564,2565-01-31,31 มกราคม 2565,แผนงานพื้นฐาน,รายจ่ายเพื่อบริหารงานประจำ,งบลงทุน,รายการที่ดิน/อาคาร/สิ่งก่อสร้าง,,,5,รายละเอียดของแถวบน,- รายจ่ายเพื่อดัดแปลง ต่อเติมหรือปรับปรุงสิ่งก่อสร้าง,6380000.0,2839071.3,6264808.7,ใช่,ใช่,,DOC-BUD-2564,1.2ผลเบิกจ่ายปี 2564 - final.pdf,5,2564-0159
2564,2565-01-31,31 มกราคม 2565,แผนงานพื้นฐาน,รายจ่ายเพื่อบริหารงานประจำ,งบเงินอุดหนุน,,,,3,หมวดงบรายจ่าย,งบเงินอุดหนุน,3000000.0,1743300.24,256699.76,ไม่ใช่,ใช่,,DOC-BUD-2564,1.2ผลเบิกจ่ายปี 2564 - final.pdf,5,2564-0160
2564,2565-01-31,31 มกราคม 2565,แผนงานพื้นฐาน,รายจ่ายเพื่อบริหารงานประจำ,งบเงินอุดหนุน,,1,,4,รายการ,1. ค่าใช้จ่ายสนับสนุนการจัดงานวันแรงงานแห่งชาติให้กับศูนย์ประสานงานวันแรงงานแห่งชาติ,1000000.0,,,ใช่,ไม่ใช่,รวมเบิกจ่ายและผูกพัน; คงเหลือ,DOC-BUD-2564,1.2ผลเบิกจ่ายปี 2564 - final.pdf,5,2564-0161
2564,2565-01-31,31 มกราคม 2565,แผนงานพื้นฐาน,รายจ่ายเพื่อบริหารงานประจำ,งบเงินอุดหนุน,,2,,4,รายการ,2. ค่าสมาชิกสมาคมการประกันสังคมระหว่างประเทศ (ISSA),2000000.0,1743300.24,256699.76,ใช่,ไม่ใช่,,DOC-BUD-2564,1.2ผลเบิกจ่ายปี 2564 - final.pdf,5,2564-0162
2564,2565-01-31,31 มกราคม 2565,แผนงานพื้นฐาน,รายจ่ายเพื่อบริหารงานประจำ,งบรายจ่ายอื่น,,,,3,หมวดงบรายจ่าย,งบรายจ่ายอื่น,46683000.0,45756553.5,586446.5,ไม่ใช่,ใช่,,DOC-BUD-2564,1.2ผลเบิกจ่ายปี 2564 - final.pdf,5,2564-0163
2564,2565-01-31,31 มกราคม 2565,แผนงานพื้นฐาน,รายจ่ายเพื่อบริหารงานประจำ,งบรายจ่ายอื่น,,1,,4,รายการ,1. เงินอุดหนุนการออกกำลังกายและสันทนาการของข้าราชการและเจ้าหน้าที่,100000.0,,100000.0,ใช่,ไม่ใช่,รวมเบิกจ่ายและผูกพัน,DOC-BUD-2564,1.2ผลเบิกจ่ายปี 2564 - final.pdf,5,2564-0164
2564,2565-01-31,31 มกราคม 2565,แผนงานพื้นฐาน,รายจ่ายเพื่อบริหารงานประจำ,งบรายจ่ายอื่น,,2,,4,รายการ,2. ค่าจ้างผู้เชี่ยวชาญด้านระบบความมั่นคงปลอดภัยระบบสารสนเทศ,1800000.0,1351053.5,448946.5,ใช่,ไม่ใช่,,DOC-BUD-2564,1.2ผลเบิกจ่ายปี 2564 - final.pdf,5,2564-0165
2564,2565-01-31,31 มกราคม 2565,แผนงานพื้นฐาน,รายจ่ายเพื่อบริหารงานประจำ,งบรายจ่ายอื่น,,3,,4,รายการ,3. โครงการจ้างรับ/ส่งและประมวลผลระบบเบิกจ่ายค่าบริการทางการแพทย์ กรณีแพทย์ผู้เชี่ยวชาญพิเศษเฉพาะทาง,4800000.0,4800000.0,,ใช่,ไม่ใช่,คงเหลือ,DOC-BUD-2564,1.2ผลเบิกจ่ายปี 2564 - final.pdf,5,2564-0166
2564,2565-01-31,31 มกราคม 2565,แผนงานพื้นฐาน,รายจ่ายเพื่อบริหารงานประจำ,งบรายจ่ายอื่น,,4,,4,รายการ,4. โครงการจัดจ้างรับ/ส่งและประมวลผลข้อมูลการเบิกจ่ายค่าบริการทางการแพทย์ สำหรับการรักษาผู้ป่วยไตวายเรื้อรังระยะสุดท้าย กรณีบำบัดทดแทนไต,6850000.0,6850000.0,,ใช่,ไม่ใช่,คงเหลือ,DOC-BUD-2564,1.2ผลเบิกจ่ายปี 2564 - final.pdf,5,2564-0167
2564,2565-01-31,31 มกราคม 2565,แผนงานพื้นฐาน,รายจ่ายเพื่อบริหารงานประจำ,งบรายจ่ายอื่น,,5,,4,รายการ,5. โครงการจ้างวิเคราะห์การจัดกลุ่มวินิจฉัยโรคร่วมและน้ำหนักสัมพัทธ์ของผู้ป่วยใน และวิเคราะห์ข้อมูลผู้ป่วยในที่มีค่าใช้จ่ายสูงเกินปกติ,12593000.0,12593000.0,,ใช่,ไม่ใช่,คงเหลือ,DOC-BUD-2564,1.2ผลเบิกจ่ายปี 2564 - final.pdf,5,2564-0168
2564,2565-01-31,31 มกราคม 2565,แผนงานพื้นฐาน,รายจ่ายเพื่อบริหารงานประจำ,งบรายจ่ายอื่น,,6,,4,รายการ,6. โครงการจ้างรับ-ส่งข้อมูลการใช้บริการทางการแพทย์ของผู้ประกันตนประเภท ผู้ป่วยนอกและข้อมูลบัญชีผู้ป่วยโรคเรื้อรัง,17000000.0,17000000.0,,ใช่,ไม่ใช่,คงเหลือ,DOC-BUD-2564,1.2ผลเบิกจ่ายปี 2564 - final.pdf,5,2564-0169
2564,2565-01-31,31 มกราคม 2565,แผนงานพื้นฐาน,รายจ่ายเพื่อบริหารงานประจำ,งบรายจ่ายอื่น,,7,,4,รายการ,7. โครงการจัดจ้างรับ-ส่งและประมวลผลข้อมูลบริการทางการแพทย์แก่ผู้ประกันตน เพื่อการเบิกจ่ายค่าบริการทางการแพทย์กรณีปลูกถ่ายอวัยวะและกรณีค่ายาแฟคเตอร์,2190000.0,2190000.0,,ใช่,ไม่ใช่,คงเหลือ,DOC-BUD-2564,1.2ผลเบิกจ่ายปี 2564 - final.pdf,5,2564-0170
2564,2565-01-31,31 มกราคม 2565,แผนงานพื้นฐาน,รายจ่ายเพื่อบริหารงานประจำ,งบรายจ่ายอื่น,,8,,4,รายการ,8. โครงการจ้างที่ปรึกษาด้านการบริหารทรัพยากรบุคคลของสำนักงานประกันสังคม,450000.0,412500.0,37500.0,ใช่,ไม่ใช่,,DOC-BUD-2564,1.2ผลเบิกจ่ายปี 2564 - final.pdf,5,2564-0171
2564,2565-01-31,31 มกราคม 2565,แผนงานพื้นฐาน,รายจ่ายเพื่อบริหารงานประจำ,งบรายจ่ายอื่น,,9,,4,รายการ,9. โครงการจ้างที่ปรึกษาด้านการพัฒนาและเสริมสร้างธรรมาภิบาลของสำนักงานประกันสังคม,450000.0,450000.0,,ใช่,ไม่ใช่,คงเหลือ,DOC-BUD-2564,1.2ผลเบิกจ่ายปี 2564 - final.pdf,5,2564-0172
2564,2565-01-31,31 มกราคม 2565,แผนงานพื้นฐาน,รายจ่ายเพื่อบริหารงานประจำ,งบรายจ่ายอื่น,,10,,4,รายการ,10. โครงการจ้างที่ปรึกษาด้านการบริหารเงินสมทบาและสิทธิประโยชน์,450000.0,,,ใช่,ไม่ใช่,รวมเบิกจ่ายและผูกพัน; คงเหลือ,DOC-BUD-2564,1.2ผลเบิกจ่ายปี 2564 - final.pdf,5,2564-0173
2564,2565-01-31,31 มกราคม 2565,แผนงานพื้นฐาน,รายจ่ายเพื่อบริหารงานประจำ,งบรายจ่ายอื่น,,11,,4,รายการ,11. โครงการจ้างที่ปรึกษาทางการแพทย์,,110000.0,,ใช่,ไม่ใช่,จัดสรร; คงเหลือ,DOC-BUD-2564,1.2ผลเบิกจ่ายปี 2564 - final.pdf,5,2564-0174
2564,2565-01-31,31 มกราคม 2565,แผนงานยุทธศาสตร์,,,,,,1,แผนงาน,แผนงานยุทธศาสตร์,2246003800.0,2182939798.07,183696259.04,ไม่ใช่,ใช่,,DOC-BUD-2564,1.2ผลเบิกจ่ายปี 2564 - final.pdf,5,2564-0175
2564,2565-01-31,31 มกราคม 2565,แผนงานยุทธศาสตร์,โครงการต่อเนื่อง,,,,,2,กลุ่มรายจ่าย,โครงการต่อเนื่อง,513367200.0,397638788.79,43036524.25,ไม่ใช่,ใช่,,DOC-BUD-2564,1.2ผลเบิกจ่ายปี 2564 - final.pdf,5,2564-0176
2564,2565-01-31,31 มกราคม 2565,แผนงานยุทธศาสตร์,โครงการต่อเนื่อง,งบดำเนินงาน,,,,3,หมวดงบรายจ่าย,งบดำเนินงาน,93629100.0,85112688.79,83.25,ไม่ใช่,ใช่,,DOC-BUD-2564,1.2ผลเบิกจ่ายปี 2564 - final.pdf,5,2564-0177
2564,2565-01-31,31 มกราคม 2565,แผนงานยุทธศาสตร์,โครงการต่อเนื่อง,งบดำเนินงาน,,,,4,รายการ,- ค่าใช้สอย,93629100.0,85112688.79,83.25,ไม่ใช่,ไม่ใช่,,DOC-BUD-2564,1.2ผลเบิกจ่ายปี 2564 - final.pdf,5,2564-0178
2564,2565-01-31,31 มกราคม 2565,แผนงานยุทธศาสตร์,โครงการต่อเนื่อง,งบดำเนินงาน,,1,,5,รายการ,1. โครงการบริการข้อมูลประกันสังคม Contact Center 1506 สู่เป้าหมายรายบุคคล,78604100.0,78604100.0,,ใช่,ไม่ใช่,คงเหลือ,DOC-BUD-2564,1.2ผลเบิกจ่ายปี 2564 - final.pdf,5,2564-0179
2564,2565-01-31,31 มกราคม 2565,แผนงานยุทธศาสตร์,โครงการต่อเนื่อง,งบดำเนินงาน,,2,,5,รายการ,2. โครงการบริการส่งข้อความสั้นทางโทรศัพท์มือถือ Short Message Service (SMS),15025000.0,6508588.79,83.25,ใช่,ไม่ใช่,,DOC-BUD-2564,1.2ผลเบิกจ่ายปี 2564 - final.pdf,5,2564-0180
2564,2565-01-31,31 มกราคม 2565,แผนงานยุทธศาสตร์,โครงการต่อเนื่อง,งบลงทุน,,,,3,หมวดงบรายจ่าย,งบลงทุน,410039000.0,302539000.0,43036441.0,ไม่ใช่,ใช่,,DOC-BUD-2564,1.2ผลเบิกจ่ายปี 2564 - final.pdf,6,2564-0181
2564,2565-01-31,31 มกราคม 2565,แผนงานยุทธศาสตร์,โครงการต่อเนื่อง,งบลงทุน,,1,,4,รายการ,1. โครงการปรับเปลี่ยนระบบงานประกันสังคมบนเครื่องคอมพิวเตอร์เมนเฟรม เป็นระบบ Web Application,120000000.0,12500000.0,43036441.0,ใช่,ไม่ใช่,,DOC-BUD-2564,1.2ผลเบิกจ่ายปี 2564 - final.pdf,6,2564-0182
2564,2565-01-31,31 มกราคม 2565,แผนงานยุทธศาสตร์,โครงการต่อเนื่อง,งบลงทุน,,2,,4,รายการ,2. โครงการจัดทำระบบการเบิกจ่ายประโยชน์ทดแทนด้วยตนเองของผู้ประกันตน ผ่านระบบอิเล็กทรอนิกส์ (e-self service)กองทุนประกันสังคม,30000000.0,30000000.0,,ใช่,ไม่ใช่,คงเหลือ,DOC-BUD-2564,1.2ผลเบิกจ่ายปี 2564 - final.pdf,6,2564-0183
2564,2565-01-31,31 มกราคม 2565,แผนงานยุทธศาสตร์,โครงการต่อเนื่อง,งบลงทุน,,3,,4,รายการ,3. โครงการจัดตั้งศูนย์กลางเฝ้าระวังและรับมือภัยคุกคามความปลอดภัยคอมพิวเตอร์ (SSO Security Operation Center),210114000.0,210114000.0,,ใช่,ไม่ใช่,คงเหลือ,DOC-BUD-2564,1.2ผลเบิกจ่ายปี 2564 - final.pdf,6,2564-0184
2564,2565-01-31,31 มกราคม 2565,แผนงานยุทธศาสตร์,โครงการต่อเนื่อง,งบลงทุน,,4,,4,รายการ,4. โครงการบูรณาการคลังข้อมูลบิ๊กดาต้าองค์กรและระบบสนับสนุนการตัดสินใจ,49925000.0,49925000.0,,ใช่,ไม่ใช่,คงเหลือ,DOC-BUD-2564,1.2ผลเบิกจ่ายปี 2564 - final.pdf,6,2564-0185
2564,2565-01-31,31 มกราคม 2565,แผนงานยุทธศาสตร์,โครงการต่อเนื่อง,งบรายจ่ายอื่น,,,,3,หมวดงบรายจ่าย,งบรายจ่ายอื่น,9699100.0,9987100.0,,ไม่ใช่,ใช่,คงเหลือ,DOC-BUD-2564,1.2ผลเบิกจ่ายปี 2564 - final.pdf,6,2564-0186
2564,2565-01-31,31 มกราคม 2565,แผนงานยุทธศาสตร์,โครงการต่อเนื่อง,งบรายจ่ายอื่น,,1,,4,รายการ,1. โครงการเพิ่มประสิทธิภาพในงานด้านคณิตศาสตร์ประกันภัย,9504000.0,9792000.0,,ใช่,ไม่ใช่,คงเหลือ,DOC-BUD-2564,1.2ผลเบิกจ่ายปี 2564 - final.pdf,6,2564-0187
2564,2565-01-31,31 มกราคม 2565,แผนงานยุทธศาสตร์,โครงการต่อเนื่อง,งบรายจ่ายอื่น,,2,,4,รายการ,2. โครงการดำเนินการจัดทำมาตรฐานห้อง Data Center สู่ระบบ ISO 27001,195100.0,195100.0,,ใช่,ไม่ใช่,คงเหลือ,DOC-BUD-2564,1.2ผลเบิกจ่ายปี 2564 - final.pdf,6,2564-0188
2564,2565-01-31,31 มกราคม 2565,แผนงานยุทธศาสตร์,รายจ่ายเพื่อบริหารงาน,,,,,2,กลุ่มรายจ่าย,รายจ่ายเพื่อบริหารงาน,1732636600.0,1785301009.28,140659734.79,ไม่ใช่,ใช่,,DOC-BUD-2564,1.2ผลเบิกจ่ายปี 2564 - final.pdf,6,2564-0189
2564,2565-01-31,31 มกราคม 2565,แผนงานยุทธศาสตร์,รายจ่ายเพื่อบริหารงาน,งบดำเนินงาน,,,,3,หมวดงบรายจ่าย,งบดำเนินงาน,1023715400.0,1107827829.28,128261639.79,ไม่ใช่,ใช่,,DOC-BUD-2564,1.2ผลเบิกจ่ายปี 2564 - final.pdf,6,2564-0190
2564,2565-01-31,31 มกราคม 2565,แผนงานยุทธศาสตร์,รายจ่ายเพื่อบริหารงาน,งบดำเนินงาน,ค่าตอบแทน,,,4,หมวดค่าใช้จ่าย,- ค่าตอบแทน,1560000.0,1886752.0,1465686.0,ไม่ใช่,ใช่,,DOC-BUD-2564,1.2ผลเบิกจ่ายปี 2564 - final.pdf,6,2564-0191
2564,2565-01-31,31 มกราคม 2565,แผนงานยุทธศาสตร์,รายจ่ายเพื่อบริหารงาน,งบดำเนินงาน,ค่าตอบแทน,,,5,รายละเอียดของแถวบน,- ค่าตอบแทนส่งเสริมสนับสนุนการปฏิบัติงานให้แก่เครือข่ายประกันสังคมตามมาตรา 40,1560000.0,1886752.0,1465686.0,ใช่,ใช่,,DOC-BUD-2564,1.2ผลเบิกจ่ายปี 2564 - final.pdf,6,2564-0192
2564,2565-01-31,31 มกราคม 2565,แผนงานยุทธศาสตร์,รายจ่ายเพื่อบริหารงาน,งบดำเนินงาน,ค่าใช้สอย,,,4,หมวดค่าใช้จ่าย,- ค่าใช้สอย,582709000.0,501887439.97,82222687.34,ไม่ใช่,ใช่,,DOC-BUD-2564,1.2ผลเบิกจ่ายปี 2564 - final.pdf,6,2564-0193
2564,2565-01-31,31 มกราคม 2565,แผนงานยุทธศาสตร์,รายจ่ายเพื่อบริหารงาน,งบดำเนินงาน,ค่าใช้สอย,1,,5,รายการ,1. โครงการส่งเสริมการจ้างงานผู้สูงอายุเข้าทำงานกับสำนักงานประกันสังคม,42411600.0,34828178.4,7494321.6,ใช่,ไม่ใช่,,DOC-BUD-2564,1.2ผลเบิกจ่ายปี 2564 - final.pdf,6,2564-0194
2564,2565-01-31,31 มกราคม 2565,แผนงานยุทธศาสตร์,รายจ่ายเพื่อบริหารงาน,งบดำเนินงาน,ค่าใช้สอย,2,,5,รายการ,2. โครงการส่งเสริมสุขภาพป้องกันโรคเชิงรุก,5960000.0,1108042.02,627661.94,ใช่,ไม่ใช่,,DOC-BUD-2564,1.2ผลเบิกจ่ายปี 2564 - final.pdf,6,2564-0195
2564,2565-01-31,31 มกราคม 2565,แผนงานยุทธศาสตร์,รายจ่ายเพื่อบริหารงาน,งบดำเนินงาน,ค่าใช้สอย,3,,5,รายการ,3. โครงการประชุมวิชาการประกันสังคม,969600.0,,969600.0,ใช่,ไม่ใช่,รวมเบิกจ่ายและผูกพัน,DOC-BUD-2564,1.2ผลเบิกจ่ายปี 2564 - final.pdf,6,2564-0196
2564,2565-01-31,31 มกราคม 2565,แผนงานยุทธศาสตร์,รายจ่ายเพื่อบริหารงาน,งบดำเนินงาน,ค่าใช้สอย,4,,5,รายการ,4. ค่าใช้จ่ายในการจัดประชุม อบรม สัมมนาและค่าอาหารว่าง,65477300.0,17376731.05,11751176.4,ไม่ใช่,ไม่ใช่,,DOC-BUD-2564,1.2ผลเบิกจ่ายปี 2564 - final.pdf,6,2564-0197
2564,2565-01-31,31 มกราคม 2565,แผนงานยุทธศาสตร์,รายจ่ายเพื่อบริหารงาน,งบดำเนินงาน,ค่าใช้สอย,4.1,4.,6,รายการ,4.1 ค่าใช้จ่ายในการจัดฝึกอบรม สัมมนา และค่าอาหารว่าง,37696400.0,9056716.0,4805030.4,ไม่ใช่,ไม่ใช่,,DOC-BUD-2564,1.2ผลเบิกจ่ายปี 2564 - final.pdf,6,2564-0198
2564,2565-01-31,31 มกราคม 2565,แผนงานยุทธศาสตร์,รายจ่ายเพื่อบริหารงาน,งบดำเนินงาน,ค่าใช้สอย,1,4. > 4.1.,7,รายการ,1. โครงการอบรมข้าราชการบรรจุใหม่ของ สปส.,2023200.0,42050.0,,ใช่,ไม่ใช่,คงเหลือ,DOC-BUD-2564,1.2ผลเบิกจ่ายปี 2564 - final.pdf,6,2564-0199
2564,2565-01-31,31 มกราคม 2565,แผนงานยุทธศาสตร์,รายจ่ายเพื่อบริหารงาน,งบดำเนินงาน,ค่าใช้สอย,2,4. > 4.1.,7,รายการ,2. โครงการพัฒนาสมรรถนะข้าราชการรัดบปฏิบัติการ,1700000.0,280000.0,889443.0,ใช่,ไม่ใช่,,DOC-BUD-2564,1.2ผลเบิกจ่ายปี 2564 - final.pdf,6,2564-0200
2564,2565-01-31,31 มกราคม 2565,แผนงานยุทธศาสตร์,รายจ่ายเพื่อบริหารงาน,งบดำเนินงาน,ค่าใช้สอย,3,4. > 4.1.,7,รายการ,3. โครงการนักบริหารประกันสังคม ระดับต้น,3540000.0,3540000.0,,ใช่,ไม่ใช่,คงเหลือ,DOC-BUD-2564,1.2ผลเบิกจ่ายปี 2564 - final.pdf,6,2564-0201
2564,2565-01-31,31 มกราคม 2565,แผนงานยุทธศาสตร์,รายจ่ายเพื่อบริหารงาน,งบดำเนินงาน,ค่าใช้สอย,4,4. > 4.1.,7,รายการ,4. โครงการนักบริหารประกันสังคม ระดับกลาง,3000000.0,,,ใช่,ไม่ใช่,รวมเบิกจ่ายและผูกพัน; คงเหลือ,DOC-BUD-2564,1.2ผลเบิกจ่ายปี 2564 - final.pdf,6,2564-0202
2564,2565-01-31,31 มกราคม 2565,แผนงานยุทธศาสตร์,รายจ่ายเพื่อบริหารงาน,งบดำเนินงาน,ค่าใช้สอย,5,4. > 4.1.,7,รายการ,5. โครงการพัฒนาศักยภาพผู้นำ ระดับชำนาญการพิเศษ The Leadership Dynamic Program,1575000.0,315000.0,461100.0,ใช่,ไม่ใช่,,DOC-BUD-2564,1.2ผลเบิกจ่ายปี 2564 - final.pdf,6,2564-0203
2564,2565-01-31,31 มกราคม 2565,แผนงานยุทธศาสตร์,รายจ่ายเพื่อบริหารงาน,งบดำเนินงาน,ค่าใช้สอย,6,4. > 4.1.,7,รายการ,6. โครงการสัมมนาผู้บริหารสำนักงานประกันสังคม,2982000.0,1390596.0,174861.0,ใช่,ไม่ใช่,,DOC-BUD-2564,1.2ผลเบิกจ่ายปี 2564 - final.pdf,6,2564-0204
2564,2565-01-31,31 มกราคม 2565,แผนงานยุทธศาสตร์,รายจ่ายเพื่อบริหารงาน,งบดำเนินงาน,ค่าใช้สอย,7,4. > 4.1.,7,รายการ,7. โครงการนักปฏิบัติการประกันสังคมต้นแบบ Social Security Model Officers,401400.0,,401400.0,ใช่,ไม่ใช่,รวมเบิกจ่ายและผูกพัน,DOC-BUD-2564,1.2ผลเบิกจ่ายปี 2564 - final.pdf,6,2564-0205
2564,2565-01-31,31 มกราคม 2565,แผนงานยุทธศาสตร์,รายจ่ายเพื่อบริหารงาน,งบดำเนินงาน,ค่าใช้สอย,8,4. > 4.1.,7,รายการ,8. โครงการบุคลากรประกันสังคมต้นแบบ,401400.0,,401400.0,ใช่,ไม่ใช่,รวมเบิกจ่ายและผูกพัน,DOC-BUD-2564,1.2ผลเบิกจ่ายปี 2564 - final.pdf,6,2564-0206
2564,2565-01-31,31 มกราคม 2565,แผนงานยุทธศาสตร์,รายจ่ายเพื่อบริหารงาน,งบดำเนินงาน,ค่าใช้สอย,9,4. > 4.1.,7,รายการ,9. โครงการบุคลากรประกันสังคมบรรจุใหม่,1214000.0,,160578.4,ใช่,ไม่ใช่,รวมเบิกจ่ายและผูกพัน,DOC-BUD-2564,1.2ผลเบิกจ่ายปี 2564 - final.pdf,6,2564-0207
2564,2565-01-31,31 มกราคม 2565,แผนงานยุทธศาสตร์,รายจ่ายเพื่อบริหารงาน,งบดำเนินงาน,ค่าใช้สอย,10,4. > 4.1.,7,รายการ,10. โครงการเตรียมพร้อมก่อนเกษียณบุคลากรประกันสังคม,457200.0,,457200.0,ใช่,ไม่ใช่,รวมเบิกจ่ายและผูกพัน,DOC-BUD-2564,1.2ผลเบิกจ่ายปี 2564 - final.pdf,6,2564-0208
2564,2565-01-31,31 มกราคม 2565,แผนงานยุทธศาสตร์,รายจ่ายเพื่อบริหารงาน,งบดำเนินงาน,ค่าใช้สอย,11,4. > 4.1.,7,รายการ,11. โครงการพัฒนาทักษะภาษาต่างประเทศ,2500000.0,2463500.0,36500.0,ใช่,ไม่ใช่,,DOC-BUD-2564,1.2ผลเบิกจ่ายปี 2564 - final.pdf,6,2564-0209
2564,2565-01-31,31 มกราคม 2565,แผนงานยุทธศาสตร์,รายจ่ายเพื่อบริหารงาน,งบดำเนินงาน,ค่าใช้สอย,12,4. > 4.1.,7,รายการ,12. โครงการเพิ่มสมรรถนะบุคลากรประกันสังคม และสร้างความผูกพันในองค์กร,4710000.0,,,ใช่,ไม่ใช่,รวมเบิกจ่ายและผูกพัน; คงเหลือ,DOC-BUD-2564,1.2ผลเบิกจ่ายปี 2564 - final.pdf,6,2564-0210
2564,2565-01-31,31 มกราคม 2565,แผนงานยุทธศาสตร์,รายจ่ายเพื่อบริหารงาน,งบดำเนินงาน,ค่าใช้สอย,13,4. > 4.1.,7,รายการ,13. โครงการ Service Mind : การพัฒนาศักยภาพเจ้าหน้าที่ผู้ปฏิบัติงานด้านบริการ,657200.0,,,ใช่,ไม่ใช่,รวมเบิกจ่ายและผูกพัน; คงเหลือ,DOC-BUD-2564,1.2ผลเบิกจ่ายปี 2564 - final.pdf,6,2564-0211
2564,2565-01-31,31 มกราคม 2565,แผนงานยุทธศาสตร์,รายจ่ายเพื่อบริหารงาน,งบดำเนินงาน,ค่าใช้สอย,14,4. > 4.1.,7,รายการ,14. การอบรมหลักสูตรเทคนิคการเป็นวิทยากรอย่างมืออาชีพ,1040400.0,,,ใช่,ไม่ใช่,รวมเบิกจ่ายและผูกพัน; คงเหลือ,DOC-BUD-2564,1.2ผลเบิกจ่ายปี 2564 - final.pdf,6,2564-0212
2564,2565-01-31,31 มกราคม 2565,แผนงานยุทธศาสตร์,รายจ่ายเพื่อบริหารงาน,งบดำเนินงาน,ค่าใช้สอย,15,4. > 4.1.,7,รายการ,15. การดำเนินการทางวินัยสำหรับเจ้าหน้าที่สำนักงานประกันสังคม พ.ศ. 2564,620000.0,26430.0,226130.0,ใช่,ไม่ใช่,,DOC-BUD-2564,1.2ผลเบิกจ่ายปี 2564 - final.pdf,6,2564-0213
2564,2565-01-31,31 มกราคม 2565,แผนงานยุทธศาสตร์,รายจ่ายเพื่อบริหารงาน,งบดำเนินงาน,ค่าใช้สอย,16,4. > 4.1.,7,รายการ,16. โครงการพัฒนาสมรรถนะบุคลากรด้านเทคโนโลยีสารสนเทศและความมั่นคง ปลอดภัยด้านสารสนเทศ,473200.0,,,ใช่,ไม่ใช่,รวมเบิกจ่ายและผูกพัน; คงเหลือ,DOC-BUD-2564,1.2ผลเบิกจ่ายปี 2564 - final.pdf,6,2564-0214
2564,2565-01-31,31 มกราคม 2565,แผนงานยุทธศาสตร์,รายจ่ายเพื่อบริหารงาน,งบดำเนินงาน,ค่าใช้สอย,17,4. > 4.1.,7,รายการ,17. โครงการพัฒนาสมรรถนะบุคลากรด้านการบริหารงานงบประมาณ และแผนปฏิบัติราชการ,1409700.0,378780.0,131340.0,ใช่,ไม่ใช่,,DOC-BUD-2564,1.2ผลเบิกจ่ายปี 2564 - final.pdf,6,2564-0215
2564,2565-01-31,31 มกราคม 2565,แผนงานยุทธศาสตร์,รายจ่ายเพื่อบริหารงาน,งบดำเนินงาน,ค่าใช้สอย,18,4. > 4.1.,7,รายการ,18. โครงการอบรมเชิงปฏิบัติการงานการเงินและบัญชีกองทุน,638800.0,19920.0,124940.0,ใช่,ไม่ใช่,,DOC-BUD-2564,1.2ผลเบิกจ่ายปี 2564 - final.pdf,7,2564-0216
2564,2565-01-31,31 มกราคม 2565,แผนงานยุทธศาสตร์,รายจ่ายเพื่อบริหารงาน,งบดำเนินงาน,ค่าใช้สอย,19,4. > 4.1.,7,รายการ,19. อบรมเชิงปฏิบัติการเพื่อการเพิ่มประสิทธิภาพงานวินิจฉัยประโยชน์ทดแทน,772000.0,,,ใช่,ไม่ใช่,รวมเบิกจ่ายและผูกพัน; คงเหลือ,DOC-BUD-2564,1.2ผลเบิกจ่ายปี 2564 - final.pdf,7,2564-0217
2564,2565-01-31,31 มกราคม 2565,แผนงานยุทธศาสตร์,รายจ่ายเพื่อบริหารงาน,งบดำเนินงาน,ค่าใช้สอย,20,4. > 4.1.,7,รายการ,20. ประชุมเชิงปฏิบัติการบริหารจัดการความเสี่ยงด้านงานประโยชน์ทดแทน,326100.0,,,ใช่,ไม่ใช่,รวมเบิกจ่ายและผูกพัน; คงเหลือ,DOC-BUD-2564,1.2ผลเบิกจ่ายปี 2564 - final.pdf,7,2564-0218
2564,2565-01-31,31 มกราคม 2565,แผนงานยุทธศาสตร์,รายจ่ายเพื่อบริหารงาน,งบดำเนินงาน,ค่าใช้สอย,21,4. > 4.1.,7,รายการ,21. การอบรมเชิงปฏิบัติการงานตรวจสอบบัญชีค่าจ้าง,684000.0,,,ใช่,ไม่ใช่,รวมเบิกจ่ายและผูกพัน; คงเหลือ,DOC-BUD-2564,1.2ผลเบิกจ่ายปี 2564 - final.pdf,7,2564-0219
2564,2565-01-31,31 มกราคม 2565,แผนงานยุทธศาสตร์,รายจ่ายเพื่อบริหารงาน,งบดำเนินงาน,ค่าใช้สอย,22,4. > 4.1.,7,รายการ,22. โครงการฝึกอบรม การเพิ่มประสิทธิภาพการใช้งานทะเบียนและเงินสมทบมาตรา 40,783000.0,,191160.0,ใช่,ไม่ใช่,รวมเบิกจ่ายและผูกพัน,DOC-BUD-2564,1.2ผลเบิกจ่ายปี 2564 - final.pdf,7,2564-0220
2564,2565-01-31,31 มกราคม 2565,แผนงานยุทธศาสตร์,รายจ่ายเพื่อบริหารงาน,งบดำเนินงาน,ค่าใช้สอย,23,4. > 4.1.,7,รายการ,23. โครงการพัฒนาศักยภาพเจ้าหน้าที่วินิจฉัยประโยชน์ทดแทนมาตรา 40,349600.0,,92960.0,ใช่,ไม่ใช่,รวมเบิกจ่ายและผูกพัน,DOC-BUD-2564,1.2ผลเบิกจ่ายปี 2564 - final.pdf,7,2564-0221
2564,2565-01-31,31 มกราคม 2565,แผนงานยุทธศาสตร์,รายจ่ายเพื่อบริหารงาน,งบดำเนินงาน,ค่าใช้สอย,24,4. > 4.1.,7,รายการ,24. โครงการฝึกอบรมหลักสูตร การพัฒนาทักษะการปฏิบัติงานของผู้ตรวจสอบภายใน,131400.0,,131400.0,ใช่,ไม่ใช่,รวมเบิกจ่ายและผูกพัน,DOC-BUD-2564,1.2ผลเบิกจ่ายปี 2564 - final.pdf,7,2564-0222
2564,2565-01-31,31 มกราคม 2565,แผนงานยุทธศาสตร์,รายจ่ายเพื่อบริหารงาน,งบดำเนินงาน,ค่าใช้สอย,25,4. > 4.1.,7,รายการ,25. โครงการพัฒนาศักยภาพด้านกฎหมายว่าด้วยธุรกรรมอิเล็กทรอนิกส์และกฎหมาย ว่าด้วยการคุ้มครองข้อมูลส่วนบุคคล,398900.0,,,ใช่,ไม่ใช่,รวมเบิกจ่ายและผูกพัน; คงเหลือ,DOC-BUD-2564,1.2ผลเบิกจ่ายปี 2564 - final.pdf,7,2564-0223
2564,2565-01-31,31 มกราคม 2565,แผนงานยุทธศาสตร์,รายจ่ายเพื่อบริหารงาน,งบดำเนินงาน,ค่าใช้สอย,26,4. > 4.1.,7,รายการ,26. โครงการพัฒนาสมรรถนะผู้ปฏิบัติงานด้านกฎหมาย,411400.0,,,ใช่,ไม่ใช่,รวมเบิกจ่ายและผูกพัน; คงเหลือ,DOC-BUD-2564,1.2ผลเบิกจ่ายปี 2564 - final.pdf,7,2564-0224
2564,2565-01-31,31 มกราคม 2565,แผนงานยุทธศาสตร์,รายจ่ายเพื่อบริหารงาน,งบดำเนินงาน,ค่าใช้สอย,27,4. > 4.1.,7,รายการ,27. โครงการพัฒนาสมรรถนะบุคลากรด้านการบริหารพัสดุ,2457600.0,,817300.0,ใช่,ไม่ใช่,รวมเบิกจ่ายและผูกพัน,DOC-BUD-2564,1.2ผลเบิกจ่ายปี 2564 - final.pdf,7,2564-0225
2564,2565-01-31,31 มกราคม 2565,แผนงานยุทธศาสตร์,รายจ่ายเพื่อบริหารงาน,งบดำเนินงาน,ค่าใช้สอย,28,4. > 4.1.,7,รายการ,28. โครงการขับเคลื่อนให้เกิดการสร้างวัฒนธรรมองค์กร,468800.0,,,ใช่,ไม่ใช่,รวมเบิกจ่ายและผูกพัน; คงเหลือ,DOC-BUD-2564,1.2ผลเบิกจ่ายปี 2564 - final.pdf,7,2564-0226
2564,2565-01-31,31 มกราคม 2565,แผนงานยุทธศาสตร์,รายจ่ายเพื่อบริหารงาน,งบดำเนินงาน,ค่าใช้สอย,29,4. > 4.1.,7,รายการ,"29. โครงการฝึกอบรมหลักสูตร ""แนวทางการพัฒนาบริการภาครัฐ""",151800.0,63250.0,,ใช่,ไม่ใช่,คงเหลือ,DOC-BUD-2564,1.2ผลเบิกจ่ายปี 2564 - final.pdf,7,2564-0227
2564,2565-01-31,31 มกราคม 2565,แผนงานยุทธศาสตร์,รายจ่ายเพื่อบริหารงาน,งบดำเนินงาน,ค่าใช้สอย,30,4. > 4.1.,7,รายการ,30. โครงการอบรมเทคนิคการจัดการข้อร้องเรียน,1418300.0,537190.0,107318.0,ใช่,ไม่ใช่,,DOC-BUD-2564,1.2ผลเบิกจ่ายปี 2564 - final.pdf,7,2564-0228
2564,2565-01-31,31 มกราคม 2565,แผนงานยุทธศาสตร์,รายจ่ายเพื่อบริหารงาน,งบดำเนินงาน,ค่าใช้สอย,4.2,4.,6,รายการ,4.2 โครงการเสริมสร้างสมรรถนะบุคลากรของสำนักงานประกันสังคม,25432000.0,7811050.05,5870841.0,ใช่,ไม่ใช่,,DOC-BUD-2564,1.2ผลเบิกจ่ายปี 2564 - final.pdf,7,2564-0229
2564,2565-01-31,31 มกราคม 2565,แผนงานยุทธศาสตร์,รายจ่ายเพื่อบริหารงาน,งบดำเนินงาน,ค่าใช้สอย,4.3,4.,6,รายการ,4.3 การฝึกอบรมทักษะด้านภาษาต่างประเทศเพื่อการปฏิบัติงาน,733200.0,37339.0,137461.0,ใช่,ไม่ใช่,,DOC-BUD-2564,1.2ผลเบิกจ่ายปี 2564 - final.pdf,7,2564-0230
2564,2565-01-31,31 มกราคม 2565,แผนงานยุทธศาสตร์,รายจ่ายเพื่อบริหารงาน,งบดำเนินงาน,ค่าใช้สอย,4.3,4.,6,รายการ,4.3 การจัดการความรู้สำนักงานประกันสังคม,1615700.0,471626.0,937844.0,ใช่,ไม่ใช่,,DOC-BUD-2564,1.2ผลเบิกจ่ายปี 2564 - final.pdf,7,2564-0231
2564,2565-01-31,31 มกราคม 2565,แผนงานยุทธศาสตร์,รายจ่ายเพื่อบริหารงาน,งบดำเนินงาน,ค่าใช้สอย,5,,5,รายการ,5. ค่าใช้จ่ายในการจัดประชุม อบรมให้ความรู้งานประกันสังคม,10640000.0,1687725.0,2150375.0,ไม่ใช่,ไม่ใช่,,DOC-BUD-2564,1.2ผลเบิกจ่ายปี 2564 - final.pdf,7,2564-0232
2564,2565-01-31,31 มกราคม 2565,แผนงานยุทธศาสตร์,รายจ่ายเพื่อบริหารงาน,งบดำเนินงาน,ค่าใช้สอย,,5.,6,รายละเอียดของแถวบน,- ค่าจัดประชุมชี้แจงให้ความรู้งานประกันสังคม,10640000.0,1687725.0,2150375.0,ใช่,ใช่,,DOC-BUD-2564,1.2ผลเบิกจ่ายปี 2564 - final.pdf,7,2564-0233
2564,2565-01-31,31 มกราคม 2565,แผนงานยุทธศาสตร์,รายจ่ายเพื่อบริหารงาน,งบดำเนินงาน,ค่าใช้สอย,6,,5,รายการ,6. ค่าใช้จ่ายต่าง ๆ เพื่อเผยแพร่ความรู้เกี่ยวกับการประกันสังคม,149800000.0,127919779.0,1302470.0,ไม่ใช่,ไม่ใช่,,DOC-BUD-2564,1.2ผลเบิกจ่ายปี 2564 - final.pdf,7,2564-0234
2564,2565-01-31,31 มกราคม 2565,แผนงานยุทธศาสตร์,รายจ่ายเพื่อบริหารงาน,งบดำเนินงาน,ค่าใช้สอย,1,6.,6,รายการ,1. จัดนิทรรศการวัรแงงานแห่งชาติ,1500000.0,,,ใช่,ไม่ใช่,รวมเบิกจ่ายและผูกพัน; คงเหลือ,DOC-BUD-2564,1.2ผลเบิกจ่ายปี 2564 - final.pdf,7,2564-0235
2564,2565-01-31,31 มกราคม 2565,แผนงานยุทธศาสตร์,รายจ่ายเพื่อบริหารงาน,งบดำเนินงาน,ค่าใช้สอย,2,6.,6,รายการ,2. ผลิตและออกอากาศสื่อโทรทัศน์,35000000.0,24587970.0,7056.0,ใช่,ไม่ใช่,,DOC-BUD-2564,1.2ผลเบิกจ่ายปี 2564 - final.pdf,7,2564-0236
2564,2565-01-31,31 มกราคม 2565,แผนงานยุทธศาสตร์,รายจ่ายเพื่อบริหารงาน,งบดำเนินงาน,ค่าใช้สอย,3,6.,6,รายการ,3. ผลิตและออกอากาศสื่อวิทยุ,3500000.0,2874340.0,625660.0,ใช่,ไม่ใช่,,DOC-BUD-2564,1.2ผลเบิกจ่ายปี 2564 - final.pdf,7,2564-0237
2564,2565-01-31,31 มกราคม 2565,แผนงานยุทธศาสตร์,รายจ่ายเพื่อบริหารงาน,งบดำเนินงาน,ค่าใช้สอย,4,6.,6,รายการ,4. ผลิตและประชาสัมพันธ์ทางสื่อสิ่งพิมพ์,8000000.0,4640600.0,574870.0,ใช่,ไม่ใช่,,DOC-BUD-2564,1.2ผลเบิกจ่ายปี 2564 - final.pdf,7,2564-0238
2564,2565-01-31,31 มกราคม 2565,แผนงานยุทธศาสตร์,รายจ่ายเพื่อบริหารงาน,งบดำเนินงาน,ค่าใช้สอย,5,6.,6,รายการ,5. ผลิตและเผยแพร่ทางสื่อออนไลน์ (เว็บไซต์) หรือสื่อสังคมออนไลน์ (โซเซียลมีเดีย),10000000.0,7911753.0,,ใช่,ไม่ใช่,คงเหลือ,DOC-BUD-2564,1.2ผลเบิกจ่ายปี 2564 - final.pdf,7,2564-0239
2564,2565-01-31,31 มกราคม 2565,แผนงานยุทธศาสตร์,รายจ่ายเพื่อบริหารงาน,งบดำเนินงาน,ค่าใช้สอย,6,6.,6,รายการ,6. ผลิตสื่อประชาสัมพันธ์เพื่อเผยแพร่ประชาสัมพันธ์ ส่งแรงงานกลับบ้าน,500000.0,483640.0,16360.0,ใช่,ไม่ใช่,,DOC-BUD-2564,1.2ผลเบิกจ่ายปี 2564 - final.pdf,7,2564-0240
2564,2565-01-31,31 มกราคม 2565,แผนงานยุทธศาสตร์,รายจ่ายเพื่อบริหารงาน,งบดำเนินงาน,ค่าใช้สอย,7,6.,6,รายการ,7. แผ่นพับประชาสัมพันธ์งานประกันสังคม,5000000.0,4980000.0,20000.0,ใช่,ไม่ใช่,,DOC-BUD-2564,1.2ผลเบิกจ่ายปี 2564 - final.pdf,7,2564-0241
2564,2565-01-31,31 มกราคม 2565,แผนงานยุทธศาสตร์,รายจ่ายเพื่อบริหารงาน,งบดำเนินงาน,ค่าใช้สอย,8,6.,6,รายการ,8. ผลิตสื่อประชาสัมพันธ์เพื่อเผยแพร่ประชาสัมพันธ์,3000000.0,2995000.0,5000.0,ใช่,ไม่ใช่,,DOC-BUD-2564,1.2ผลเบิกจ่ายปี 2564 - final.pdf,7,2564-0242
2564,2565-01-31,31 มกราคม 2565,แผนงานยุทธศาสตร์,รายจ่ายเพื่อบริหารงาน,งบดำเนินงาน,ค่าใช้สอย,9,6.,6,รายการ,9. ตรวจตัดข่าว ผ่านสื่อสิ่งพิมพ์ และสื่อออนไลน์,500000.0,499476.0,524.0,ใช่,ไม่ใช่,,DOC-BUD-2564,1.2ผลเบิกจ่ายปี 2564 - final.pdf,7,2564-0243
2564,2565-01-31,31 มกราคม 2565,แผนงานยุทธศาสตร์,รายจ่ายเพื่อบริหารงาน,งบดำเนินงาน,ค่าใช้สอย,10,6.,6,รายการ,10. จัดทำปฏิทินประกันสังคม ประจำปี 2565,55000000.0,54965000.0,35000.0,ใช่,ไม่ใช่,,DOC-BUD-2564,1.2ผลเบิกจ่ายปี 2564 - final.pdf,7,2564-0244
2564,2565-01-31,31 มกราคม 2565,แผนงานยุทธศาสตร์,รายจ่ายเพื่อบริหารงาน,งบดำเนินงาน,ค่าใช้สอย,11,6.,6,รายการ,11. จัดทำวารสารประกันสังคม,24000000.0,23982000.0,18000.0,ใช่,ไม่ใช่,,DOC-BUD-2564,1.2ผลเบิกจ่ายปี 2564 - final.pdf,7,2564-0245
2564,2565-01-31,31 มกราคม 2565,แผนงานยุทธศาสตร์,รายจ่ายเพื่อบริหารงาน,งบดำเนินงาน,ค่าใช้สอย,12,6.,6,รายการ,12. ผลิตวัสดุประชาสัมพันธ์วันแรงงานแห่งชาติ,3800000.0,,,ใช่,ไม่ใช่,รวมเบิกจ่ายและผูกพัน; คงเหลือ,DOC-BUD-2564,1.2ผลเบิกจ่ายปี 2564 - final.pdf,7,2564-0246
2564,2565-01-31,31 มกราคม 2565,แผนงานยุทธศาสตร์,รายจ่ายเพื่อบริหารงาน,งบดำเนินงาน,ค่าใช้สอย,7,,5,รายการ,7. การจัดส่งข้าราชการและพนักงานสำนักงานประกันสังคมเข้ารับ การอบรมด้านวิชาการที่หน่วยงานภายนอกเป็นผู้จัด,5825000.0,1575215.0,389700.0,ใช่,ไม่ใช่,,DOC-BUD-2564,1.2ผลเบิกจ่ายปี 2564 - final.pdf,7,2564-0247
2564,2565-01-31,31 มกราคม 2565,แผนงานยุทธศาสตร์,รายจ่ายเพื่อบริหารงาน,งบดำเนินงาน,ค่าใช้สอย,8,,5,รายการ,8. การอบรมเชิงปฏิบัติการแก่นายจ้างเพื่อจัดทำข้อมูลและจ่ายเงินสมทบ กองทุนประกันสงคมผ่านระบบอิเล็กทรอนิกส์ (e-Payment),3120000.0,697623.5,377912.0,ใช่,ไม่ใช่,,DOC-BUD-2564,1.2ผลเบิกจ่ายปี 2564 - final.pdf,7,2564-0248
2564,2565-01-31,31 มกราคม 2565,แผนงานยุทธศาสตร์,รายจ่ายเพื่อบริหารงาน,งบดำเนินงาน,ค่าใช้สอย,9,,5,รายการ,9. โครงการให้ความรู้ด้านการประกันสังคมแก่แรงงานต่างด้าว,580000.0,103901.6,10000.0,ใช่,ไม่ใช่,,DOC-BUD-2564,1.2ผลเบิกจ่ายปี 2564 - final.pdf,7,2564-0249
2564,2565-01-31,31 มกราคม 2565,แผนงานยุทธศาสตร์,รายจ่ายเพื่อบริหารงาน,งบดำเนินงาน,ค่าใช้สอย,10,,5,รายการ,10. โครงการตรวจสอบสถานประกอบการเพื่อป้องกันการแสวงประโยชน์ จากการใช้แรงงานและกองทุน,376700.0,,153500.0,ใช่,ไม่ใช่,รวมเบิกจ่ายและผูกพัน,DOC-BUD-2564,1.2ผลเบิกจ่ายปี 2564 - final.pdf,7,2564-0250
2564,2565-01-31,31 มกราคม 2565,แผนงานยุทธศาสตร์,รายจ่ายเพื่อบริหารงาน,งบดำเนินงาน,ค่าใช้สอย,11,,5,รายการ,11. โครงการวิเคราะห์ความเสียงความสามารถในการชำระเงินสมทบของนายจ้าง,827400.0,827400.0,,ใช่,ไม่ใช่,คงเหลือ,DOC-BUD-2564,1.2ผลเบิกจ่ายปี 2564 - final.pdf,7,2564-0251
2564,2565-01-31,31 มกราคม 2565,แผนงานยุทธศาสตร์,รายจ่ายเพื่อบริหารงาน,งบดำเนินงาน,ค่าใช้สอย,12,,5,รายการ,12. โครงการสำนักงานบัญชีและเครือข่ายพันธมิตรร่วมให้บริการที่มีคุณภาพกับงาน ประกันสังคม,151700.0,,40498.0,ใช่,ไม่ใช่,รวมเบิกจ่ายและผูกพัน,DOC-BUD-2564,1.2ผลเบิกจ่ายปี 2564 - final.pdf,7,2564-0252
2564,2565-01-31,31 มกราคม 2565,แผนงานยุทธศาสตร์,รายจ่ายเพื่อบริหารงาน,งบดำเนินงาน,ค่าใช้สอย,13,,5,รายการ,13. โครงการเผยแพร่ประชาสัมพันธ์ความรู้เรื่องการประกันสังคมสู่สถานศึกษา,3290000.0,622554.87,315924.13,ใช่,ไม่ใช่,,DOC-BUD-2564,1.2ผลเบิกจ่ายปี 2564 - final.pdf,7,2564-0253
2564,2565-01-31,31 มกราคม 2565,แผนงานยุทธศาสตร์,รายจ่ายเพื่อบริหารงาน,งบดำเนินงาน,ค่าใช้สอย,14,,5,รายการ,14. โครงการ สปส.มอบสุข,3400000.0,3200000.0,200000.0,ใช่,ไม่ใช่,,DOC-BUD-2564,1.2ผลเบิกจ่ายปี 2564 - final.pdf,7,2564-0254
2564,2565-01-31,31 มกราคม 2565,แผนงานยุทธศาสตร์,รายจ่ายเพื่อบริหารงาน,งบดำเนินงาน,ค่าใช้สอย,15,,5,รายการ,15. โครงการเช่าบริการศูนย์บริการข้อมูลประกันสังคม Contact Center 1506,49995000.0,49995000.0,,ใช่,ไม่ใช่,คงเหลือ,DOC-BUD-2564,1.2ผลเบิกจ่ายปี 2564 - final.pdf,7,2564-0255
2564,2565-01-31,31 มกราคม 2565,แผนงานยุทธศาสตร์,รายจ่ายเพื่อบริหารงาน,งบดำเนินงาน,ค่าใช้สอย,16,,5,รายการ,16. โครงการจัดนิทรรศการและแถลงข่าวงานประกันสังคม,2000000.0,1767990.0,232010.0,ใช่,ไม่ใช่,,DOC-BUD-2564,1.2ผลเบิกจ่ายปี 2564 - final.pdf,8,2564-0256
2564,2565-01-31,31 มกราคม 2565,แผนงานยุทธศาสตร์,รายจ่ายเพื่อบริหารงาน,งบดำเนินงาน,ค่าใช้สอย,17,,5,รายการ,17. โครงการออกหน่วยเคลื่อนที่บริการเบ็ดเสร็จ Service Delivery Unit,4834200.0,1196586.1,1624845.0,ใช่,ไม่ใช่,,DOC-BUD-2564,1.2ผลเบิกจ่ายปี 2564 - final.pdf,8,2564-0257
2564,2565-01-31,31 มกราคม 2565,แผนงานยุทธศาสตร์,รายจ่ายเพื่อบริหารงาน,งบดำเนินงาน,ค่าใช้สอย,18,,5,รายการ,18. โครงการ 1 ตำบล 1 หมู่บ้าน ประกันสังคมทั่วไทย,830000.0,109108.0,149647.0,ใช่,ไม่ใช่,,DOC-BUD-2564,1.2ผลเบิกจ่ายปี 2564 - final.pdf,8,2564-0258
2564,2565-01-31,31 มกราคม 2565,แผนงานยุทธศาสตร์,รายจ่ายเพื่อบริหารงาน,งบดำเนินงาน,ค่าใช้สอย,19,,5,รายการ,19. โครงการพัฒนาศักยภาพแกนนำเครือข่ายประกันสังคม,5555500.0,1129825.0,1073755.0,ใช่,ไม่ใช่,,DOC-BUD-2564,1.2ผลเบิกจ่ายปี 2564 - final.pdf,8,2564-0259
2564,2565-01-31,31 มกราคม 2565,แผนงานยุทธศาสตร์,รายจ่ายเพื่อบริหารงาน,งบดำเนินงาน,ค่าใช้สอย,20,,5,รายการ,20. โครงการประกันสังคมร่วมใจอาสาสมัครเครือข่ายประกันสังคมภาคสมัครใจ สร้างจิตสาธารณะเพื่อพัฒนาชุมชน,6517000.0,,,ใช่,ไม่ใช่,รวมเบิกจ่ายและผูกพัน; คงเหลือ,DOC-BUD-2564,1.2ผลเบิกจ่ายปี 2564 - final.pdf,8,2564-0260
2564,2565-01-31,31 มกราคม 2565,แผนงานยุทธศาสตร์,รายจ่ายเพื่อบริหารงาน,งบดำเนินงาน,ค่าใช้สอย,21,,5,รายการ,21. โครงการวันประกันสังคม,605400.0,199800.0,293000.0,ใช่,ไม่ใช่,,DOC-BUD-2564,1.2ผลเบิกจ่ายปี 2564 - final.pdf,8,2564-0261
2564,2565-01-31,31 มกราคม 2565,แผนงานยุทธศาสตร์,รายจ่ายเพื่อบริหารงาน,งบดำเนินงาน,ค่าใช้สอย,22,,5,รายการ,22. โครงการประกันสังคมทั่วไทยสู่แรงงานภาคอิสระ,2227900.0,252630.0,385470.0,ใช่,ไม่ใช่,,DOC-BUD-2564,1.2ผลเบิกจ่ายปี 2564 - final.pdf,8,2564-0262
2564,2565-01-31,31 มกราคม 2565,แผนงานยุทธศาสตร์,รายจ่ายเพื่อบริหารงาน,งบดำเนินงาน,ค่าใช้สอย,23,,5,รายการ,23. โครงการพัฒนาคุณภาพการบริหารจัดการภาครัฐของสำนักงานประกันสังคม ตามเกณฑ์คุณภาพการบริหารจัดการภาครัฐ (PMQA),669700.0,184325.0,485375.0,ใช่,ไม่ใช่,,DOC-BUD-2564,1.2ผลเบิกจ่ายปี 2564 - final.pdf,8,2564-0263
2564,2565-01-31,31 มกราคม 2565,แผนงานยุทธศาสตร์,รายจ่ายเพื่อบริหารงาน,งบดำเนินงาน,ค่าใช้สอย,24,,5,รายการ,24. โครงการทบทวนโครงสร้างองค์กรและรูปแบบการดำเนินงานให้ทันสมัยรองรับ การเปลี่ยนแปลง พร้อมก้าวสู่ระบบราชการ 4.0,219000.0,2480.0,216520.0,ใช่,ไม่ใช่,,DOC-BUD-2564,1.2ผลเบิกจ่ายปี 2564 - final.pdf,8,2564-0264
2564,2565-01-31,31 มกราคม 2565,แผนงานยุทธศาสตร์,รายจ่ายเพื่อบริหารงาน,งบดำเนินงาน,ค่าใช้สอย,25,,5,รายการ,25. โครงการมอบโล่ประกาศเกียรติคุณสถานประกอบการ,450000.0,450000.0,,ใช่,ไม่ใช่,คงเหลือ,DOC-BUD-2564,1.2ผลเบิกจ่ายปี 2564 - final.pdf,8,2564-0265
2564,2565-01-31,31 มกราคม 2565,แผนงานยุทธศาสตร์,รายจ่ายเพื่อบริหารงาน,งบดำเนินงาน,ค่าใช้สอย,26,,5,รายการ,26. โครงการประชุมเจ้าหน้าที่สถานพยาบาลและเจ้าหน้าที่ประกันสังคม,490800.0,,,ใช่,ไม่ใช่,รวมเบิกจ่ายและผูกพัน; คงเหลือ,DOC-BUD-2564,1.2ผลเบิกจ่ายปี 2564 - final.pdf,8,2564-0266
2564,2565-01-31,31 มกราคม 2565,แผนงานยุทธศาสตร์,รายจ่ายเพื่อบริหารงาน,งบดำเนินงาน,ค่าใช้สอย,27,,5,รายการ,27. โครงการสร้างเสริมสมรรถนะด้านสุขภาพให้กับเจ้าหน้าที่สถานประกอบการ ผู้ประกันตน และเจ้าหน้าที่ประกันสังคม (SSO Health Leader),1275200.0,,,ใช่,ไม่ใช่,รวมเบิกจ่ายและผูกพัน; คงเหลือ,DOC-BUD-2564,1.2ผลเบิกจ่ายปี 2564 - final.pdf,8,2564-0267
2564,2565-01-31,31 มกราคม 2565,แผนงานยุทธศาสตร์,รายจ่ายเพื่อบริหารงาน,งบดำเนินงาน,ค่าใช้สอย,28,,5,รายการ,28. โครงการบริจาคโลหิตสำนักงานประกันสังคม,31200.0,19800.0,11400.0,ใช่,ไม่ใช่,,DOC-BUD-2564,1.2ผลเบิกจ่ายปี 2564 - final.pdf,8,2564-0268
2564,2565-01-31,31 มกราคม 2565,แผนงานยุทธศาสตร์,รายจ่ายเพื่อบริหารงาน,งบดำเนินงาน,ค่าใช้สอย,29,,5,รายการ,29. โครงการประกาศเกียรติคุณผู้ทำคุณประโยชน์ต่อสำนักงานประกันสังคม,90000.0,70400.0,19600.0,ใช่,ไม่ใช่,,DOC-BUD-2564,1.2ผลเบิกจ่ายปี 2564 - final.pdf,8,2564-0269
2564,2565-01-31,31 มกราคม 2565,แผนงานยุทธศาสตร์,รายจ่ายเพื่อบริหารงาน,งบดำเนินงาน,ค่าใช้สอย,30,,5,รายการ,30. โครงการฝึกอบรมเชิงปฏิบัติการซักซ้อมแผนการป้องกันและระงับอัคคีภัย,2907400.0,1424083.2,173994.5,ใช่,ไม่ใช่,,DOC-BUD-2564,1.2ผลเบิกจ่ายปี 2564 - final.pdf,8,2564-0270
2564,2565-01-31,31 มกราคม 2565,แผนงานยุทธศาสตร์,รายจ่ายเพื่อบริหารงาน,งบดำเนินงาน,ค่าใช้สอย,31,,5,รายการ,31. ค่าจ้างล่ามภาษาต่างประเทศ,720000.0,646000.0,164000.0,ใช่,ไม่ใช่,,DOC-BUD-2564,1.2ผลเบิกจ่ายปี 2564 - final.pdf,8,2564-0271
2564,2565-01-31,31 มกราคม 2565,แผนงานยุทธศาสตร์,รายจ่ายเพื่อบริหารงาน,งบดำเนินงาน,ค่าใช้สอย,32,,5,รายการ,32. โครงการสนับสนุนการจัดตั้งศูนย์คัดกรองไวรัสโคโรนา 2019 เพื่อผู้ประกันตน,,19097462.13,3226256.87,ใช่,ไม่ใช่,จัดสรร,DOC-BUD-2564,1.2ผลเบิกจ่ายปี 2564 - final.pdf,8,2564-0272
2564,2565-01-31,31 มกราคม 2565,แผนงานยุทธศาสตร์,รายจ่ายเพื่อบริหารงาน,งบดำเนินงาน,ค่าใช้สอย,33,,5,รายการ,33. โครงการรณรงค์ป้องกันและยับยั้งการแพร่ระบาดของโรคติดเชื้อไวรัสโคโรนา 2019 (COVID-19),,6370000.0,,ใช่,ไม่ใช่,จัดสรร; คงเหลือ,DOC-BUD-2564,1.2ผลเบิกจ่ายปี 2564 - final.pdf,8,2564-0273
2564,2565-01-31,31 มกราคม 2565,แผนงานยุทธศาสตร์,รายจ่ายเพื่อบริหารงาน,งบดำเนินงาน,ค่าใช้สอย,34,,5,รายการ,34. โครงการสนับสนุนการตั้งจุดบริการฉีดวัคซีนโควิด 19 ให้ผู้ประกันตน,210461400.0,213425270.1,46873674.9,ใช่,ไม่ใช่,,DOC-BUD-2564,1.2ผลเบิกจ่ายปี 2564 - final.pdf,8,2564-0274
2564,2565-01-31,31 มกราคม 2565,แผนงานยุทธศาสตร์,รายจ่ายเพื่อบริหารงาน,งบดำเนินงาน,ค่าใช้สอย,35,,5,รายการ,35. โครงการจัดซื้อของเยี่ยมผู้ป่วย ผู้ประกันตนติดเชื้อไวรัสโคโรน่า 2019 หรือโรคโควิด 19,,500000.0,,ใช่,ไม่ใช่,จัดสรร; คงเหลือ,DOC-BUD-2564,1.2ผลเบิกจ่ายปี 2564 - final.pdf,8,2564-0275
2564,2565-01-31,31 มกราคม 2565,แผนงานยุทธศาสตร์,รายจ่ายเพื่อบริหารงาน,งบดำเนินงาน,ค่าใช้สอย,36,,5,รายการ,36. โครงการจัดทำห้องปฏิบัติการบัญชาการศูนย์อำนวยการบริหารจัดการฉีดวัคซีนฯ,,,1500000.0,ใช่,ไม่ใช่,จัดสรร; รวมเบิกจ่ายและผูกพัน,DOC-BUD-2564,1.2ผลเบิกจ่ายปี 2564 - final.pdf,8,2564-0276
2564,2565-01-31,31 มกราคม 2565,แผนงานยุทธศาสตร์,รายจ่ายเพื่อบริหารงาน,งบดำเนินงาน,ค่าใช้สอย,37,,5,รายการ,37. โครงการเพิ่มประสิทธิภาพระบบ Contact Center 1506 เพื่อรองรับสถานการณ์โควิด-19,,3531000.0,,ใช่,ไม่ใช่,จัดสรร; คงเหลือ,DOC-BUD-2564,1.2ผลเบิกจ่ายปี 2564 - final.pdf,8,2564-0277
2564,2565-01-31,31 มกราคม 2565,แผนงานยุทธศาสตร์,รายจ่ายเพื่อบริหารงาน,งบดำเนินงาน,ค่าใช้สอย,38,,5,รายการ,38. โครงการผลิตสื่อประชาสัมพันธ์ (ป้ายไวนิล),,9840000.0,10000.0,ใช่,ไม่ใช่,จัดสรร,DOC-BUD-2564,1.2ผลเบิกจ่ายปี 2564 - final.pdf,8,2564-0278
2564,2565-01-31,31 มกราคม 2565,แผนงานยุทธศาสตร์,รายจ่ายเพื่อบริหารงาน,งบดำเนินงาน,ค่าใช้สอย,39,,5,รายการ,39. โครงการผลิตสื่อประชาสัมพันธ์ (น้ำดื่ม),,495000.0,,ใช่,ไม่ใช่,จัดสรร; คงเหลือ,DOC-BUD-2564,1.2ผลเบิกจ่ายปี 2564 - final.pdf,8,2564-0279
2564,2565-01-31,31 มกราคม 2565,แผนงานยุทธศาสตร์,รายจ่ายเพื่อบริหารงาน,งบดำเนินงาน,ค่าใช้สอย,40,,5,รายการ,40. โครงการผลิตและเผยแพร่ประชาสัมพันธ์ข้างรถโดยสารประจำทาง,,491130.0,,ใช่,ไม่ใช่,จัดสรร; คงเหลือ,DOC-BUD-2564,1.2ผลเบิกจ่ายปี 2564 - final.pdf,8,2564-0280
2564,2565-01-31,31 มกราคม 2565,แผนงานยุทธศาสตร์,รายจ่ายเพื่อบริหารงาน,งบดำเนินงาน,ค่าใช้สอย,41,,5,รายการ,41. โครงการผลิตและเผยแพร่ประชาสัมพันธ์ทางสื่อสิ่งพิมพ์,,100000.0,,ใช่,ไม่ใช่,จัดสรร; คงเหลือ,DOC-BUD-2564,1.2ผลเบิกจ่ายปี 2564 - final.pdf,8,2564-0281
2564,2565-01-31,31 มกราคม 2565,แผนงานยุทธศาสตร์,รายจ่ายเพื่อบริหารงาน,งบดำเนินงาน,ค่าใช้สอย,42,,5,รายการ,"42. โครงการผลิตหนังสือและโปสเตอร์แนวคิดการขับเคลื่อน สปส.สู่ความสำเร็จ ""SSO TRUST""",,144000.0,,ใช่,ไม่ใช่,จัดสรร; คงเหลือ,DOC-BUD-2564,1.2ผลเบิกจ่ายปี 2564 - final.pdf,8,2564-0282
2564,2565-01-31,31 มกราคม 2565,แผนงานยุทธศาสตร์,รายจ่ายเพื่อบริหารงาน,งบดำเนินงาน,ค่าใช้สอย,43,,5,รายการ,43. โครงการผลิตสื่อประชาสัมพันธ์เพื่อสร้างแรงจูงใจให้กับเครือข่าย ประกันสังคมมาตรา 40,,498400.0,,ใช่,ไม่ใช่,จัดสรร; คงเหลือ,DOC-BUD-2564,1.2ผลเบิกจ่ายปี 2564 - final.pdf,8,2564-0283
2564,2565-01-31,31 มกราคม 2565,แผนงานยุทธศาสตร์,รายจ่ายเพื่อบริหารงาน,งบดำเนินงาน,ค่าวัสดุ,,,4,หมวดค่าใช้จ่าย,- ค่าวัสดุ,20092500.0,16531451.12,3073906.64,ไม่ใช่,ใช่,,DOC-BUD-2564,1.2ผลเบิกจ่ายปี 2564 - final.pdf,8,2564-0284
2564,2565-01-31,31 มกราคม 2565,แผนงานยุทธศาสตร์,รายจ่ายเพื่อบริหารงาน,งบดำเนินงาน,ค่าวัสดุ,,,5,รายละเอียดของแถวบน,- โครงการประกันสังคมเยี่ยมผู้ประกันตนเจ็บป่วยในสถานพยาบาลและผู้ทุพพลภาพ และผู้ป่วยหลังภาวะวิกฤต (Intermediate Care),20092500.0,16531451.12,3073906.64,ใช่,ใช่,,DOC-BUD-2564,1.2ผลเบิกจ่ายปี 2564 - final.pdf,8,2564-0285
2564,2565-01-31,31 มกราคม 2565,แผนงานยุทธศาสตร์,รายจ่ายเพื่อบริหารงาน,งบดำเนินงาน,ค่าสาธารณูปโภค,,,4,หมวดค่าใช้จ่าย,- ค่าสาธารณูปโภค,419353900.0,587522186.19,41499359.81,ไม่ใช่,ใช่,,DOC-BUD-2564,1.2ผลเบิกจ่ายปี 2564 - final.pdf,8,2564-0286
2564,2565-01-31,31 มกราคม 2565,แผนงานยุทธศาสตร์,รายจ่ายเพื่อบริหารงาน,งบดำเนินงาน,ค่าสาธารณูปโภค,,,5,รายละเอียดของแถวบน,- ค่าธรรมเนียมการโอนเงินผ่านธนาคาร,419353900.0,587522186.19,41499359.81,ไม่ใช่,ใช่,,DOC-BUD-2564,1.2ผลเบิกจ่ายปี 2564 - final.pdf,8,2564-0287
2564,2565-01-31,31 มกราคม 2565,แผนงานยุทธศาสตร์,รายจ่ายเพื่อบริหารงาน,งบดำเนินงาน,ค่าสาธารณูปโภค,1,,6,รายการ,1. ค่าธรรมเนียมการโอนเงิน,15270200.0,8557278.92,6669921.08,ใช่,ไม่ใช่,,DOC-BUD-2564,1.2ผลเบิกจ่ายปี 2564 - final.pdf,8,2564-0288
2564,2565-01-31,31 มกราคม 2565,แผนงานยุทธศาสตร์,รายจ่ายเพื่อบริหารงาน,งบดำเนินงาน,ค่าสาธารณูปโภค,2,,6,รายการ,2. ค่าธรรมเนียมรับเงินสมทบกองทุนประกันสังคมผ่านธนาคาร/หน่วยบริการ,302046000.0,471498088.59,29803407.41,ใช่,ไม่ใช่,,DOC-BUD-2564,1.2ผลเบิกจ่ายปี 2564 - final.pdf,8,2564-0289
2564,2565-01-31,31 มกราคม 2565,แผนงานยุทธศาสตร์,รายจ่ายเพื่อบริหารงาน,งบดำเนินงาน,ค่าสาธารณูปโภค,3,,6,รายการ,3. ค่าธรรมเนียมจ่ายประโยชน์ทดแทน,102037700.0,107466818.68,5026031.32,ใช่,ไม่ใช่,,DOC-BUD-2564,1.2ผลเบิกจ่ายปี 2564 - final.pdf,8,2564-0290
2564,2565-01-31,31 มกราคม 2565,แผนงานยุทธศาสตร์,รายจ่ายเพื่อบริหารงาน,งบลงทุน,,,,3,หมวดงบรายจ่าย,งบลงทุน,659759500.0,655143775.0,,ไม่ใช่,ใช่,คงเหลือ,DOC-BUD-2564,1.2ผลเบิกจ่ายปี 2564 - final.pdf,9,2564-0291
2564,2565-01-31,31 มกราคม 2565,แผนงานยุทธศาสตร์,รายจ่ายเพื่อบริหารงาน,งบลงทุน,ค่าพัฒนา/ปรับปรุงระบบงาน,,,4,หัวข้อย่อย,ค่าพัฒนา/ปรับปรุงระบบงาน,659759500.0,655143775.0,,ไม่ใช่,ใช่,คงเหลือ,DOC-BUD-2564,1.2ผลเบิกจ่ายปี 2564 - final.pdf,9,2564-0292
2564,2565-01-31,31 มกราคม 2565,แผนงานยุทธศาสตร์,รายจ่ายเพื่อบริหารงาน,งบลงทุน,ค่าพัฒนา/ปรับปรุงระบบงาน,1,,5,รายการ,1. โครงการพัฒนาระบบสนับสนุนการให้บริการ (Queue),56254500.0,56254500.0,,ใช่,ไม่ใช่,คงเหลือ,DOC-BUD-2564,1.2ผลเบิกจ่ายปี 2564 - final.pdf,9,2564-0293
2564,2565-01-31,31 มกราคม 2565,แผนงานยุทธศาสตร์,รายจ่ายเพื่อบริหารงาน,งบลงทุน,ค่าพัฒนา/ปรับปรุงระบบงาน,2,,5,รายการ,2. โครงการจัดซื้ออุปกรณ์ระบบเครือข่ายสื่อสารภายใน (LAN) เพื่อทดแทนระบบเดิม,84083000.0,83200000.0,,ใช่,ไม่ใช่,คงเหลือ,DOC-BUD-2564,1.2ผลเบิกจ่ายปี 2564 - final.pdf,9,2564-0294
2564,2565-01-31,31 มกราคม 2565,แผนงานยุทธศาสตร์,รายจ่ายเพื่อบริหารงาน,งบลงทุน,ค่าพัฒนา/ปรับปรุงระบบงาน,3,,5,รายการ,3. โครงการจัดซื้อระบบประชุมทางไกล (Video Conference) เพื่อทดแทนระบบเดิม,61577000.0,60900000.0,,ใช่,ไม่ใช่,คงเหลือ,DOC-BUD-2564,1.2ผลเบิกจ่ายปี 2564 - final.pdf,9,2564-0295
2564,2565-01-31,31 มกราคม 2565,แผนงานยุทธศาสตร์,รายจ่ายเพื่อบริหารงาน,งบลงทุน,ค่าพัฒนา/ปรับปรุงระบบงาน,4,,5,รายการ,4. โครงการจัดซื้อระบบทดแทนอุปกรณ์รักษาความปลอดภัยในการรับส่งข้อมูล แบบ Web Service เดิม,59556000.0,58700000.0,,ใช่,ไม่ใช่,คงเหลือ,DOC-BUD-2564,1.2ผลเบิกจ่ายปี 2564 - final.pdf,9,2564-0296
2564,2565-01-31,31 มกราคม 2565,แผนงานยุทธศาสตร์,รายจ่ายเพื่อบริหารงาน,งบลงทุน,ค่าพัฒนา/ปรับปรุงระบบงาน,5,,5,รายการ,5. โครงการจัดหาอุปกรณ์ทดแทนอุปกรณ์ป้องกันเครือข่าย (Firewall) เดิม,178289000.0,177089000.0,,ใช่,ไม่ใช่,คงเหลือ,DOC-BUD-2564,1.2ผลเบิกจ่ายปี 2564 - final.pdf,9,2564-0297
2564,2565-01-31,31 มกราคม 2565,แผนงานยุทธศาสตร์,รายจ่ายเพื่อบริหารงาน,งบลงทุน,ค่าพัฒนา/ปรับปรุงระบบงาน,6,,5,รายการ,6. โครงการจัดซื้อครุภัณฑ์คอมพิวเตอร์พร้อมระบบบริหารจัดการ,180000000.0,179300275.0,,ใช่,ไม่ใช่,คงเหลือ,DOC-BUD-2564,1.2ผลเบิกจ่ายปี 2564 - final.pdf,9,2564-0298
2564,2565-01-31,31 มกราคม 2565,แผนงานยุทธศาสตร์,รายจ่ายเพื่อบริหารงาน,งบลงทุน,ค่าพัฒนา/ปรับปรุงระบบงาน,7,,5,รายการ,7. โครงการจัดหาระบบบริหารจัดการศูนย์คอมพิวเตอร์ (Data Center Infrastructure Management : DCIM) จำนวน 2 ระบบ พร้อมติดตั้งใช้งาน,40000000.0,39700000.0,,ใช่,ไม่ใช่,คงเหลือ,DOC-BUD-2564,1.2ผลเบิกจ่ายปี 2564 - final.pdf,9,2564-0299
2564,2565-01-31,31 มกราคม 2565,แผนงานยุทธศาสตร์,รายจ่ายเพื่อบริหารงาน,งบเงินอุดหนุน,,,,3,หมวดงบรายจ่าย,งบเงินอุดหนุน,34000000.0,12126305.0,8273695.0,ไม่ใช่,ใช่,,DOC-BUD-2564,1.2ผลเบิกจ่ายปี 2564 - final.pdf,9,2564-0300
2564,2565-01-31,31 มกราคม 2565,แผนงานยุทธศาสตร์,รายจ่ายเพื่อบริหารงาน,งบเงินอุดหนุน,,,,4,รายการ,- โครงการส่งเสริมการมีส่วนร่วม เผยแพร่ ประชาสัมพันธ์งานประกันสังคมสู่ผู้ประกันตน,34000000.0,12126305.0,8273695.0,ใช่,ไม่ใช่,,DOC-BUD-2564,1.2ผลเบิกจ่ายปี 2564 - final.pdf,9,2564-0301
2564,2565-01-31,31 มกราคม 2565,แผนงานยุทธศาสตร์,รายจ่ายเพื่อบริหารงาน,งบรายจ่ายอื่น,,,,3,หมวดงบรายจ่าย,งบรายจ่ายอื่น,15161700.0,10203100.0,4124400.0,ไม่ใช่,ใช่,,DOC-BUD-2564,1.2ผลเบิกจ่ายปี 2564 - final.pdf,9,2564-0302
2564,2565-01-31,31 มกราคม 2565,แผนงานยุทธศาสตร์,รายจ่ายเพื่อบริหารงาน,งบรายจ่ายอื่น,,1,,4,รายการ,1. โครงการสถานพยาบาลในดวงใจ,2429800.0,1883600.0,,ใช่,ไม่ใช่,คงเหลือ,DOC-BUD-2564,1.2ผลเบิกจ่ายปี 2564 - final.pdf,9,2564-0303
2564,2565-01-31,31 มกราคม 2565,แผนงานยุทธศาสตร์,รายจ่ายเพื่อบริหารงาน,งบรายจ่ายอื่น,,2,,4,รายการ,2. โครงการสำรวจความพึงพอใจสำนักงานประกันสังคม,5000000.0,4970000.0,30000.0,ใช่,ไม่ใช่,,DOC-BUD-2564,1.2ผลเบิกจ่ายปี 2564 - final.pdf,9,2564-0304
2564,2565-01-31,31 มกราคม 2565,แผนงานยุทธศาสตร์,รายจ่ายเพื่อบริหารงาน,งบรายจ่ายอื่น,,3,,4,รายการ,3. โครงการประเมินประสิทธิผลของสิทธิประโยชน์ประกันสังคมกรณีชราภาพ,2000000.0,1700000.0,12000.0,ใช่,ไม่ใช่,,DOC-BUD-2564,1.2ผลเบิกจ่ายปี 2564 - final.pdf,9,2564-0305
2564,2565-01-31,31 มกราคม 2565,แผนงานยุทธศาสตร์,รายจ่ายเพื่อบริหารงาน,งบรายจ่ายอื่น,,4,,4,รายการ,4. ทุนอุดหนุนการศึกษาบุคลากรสำนักงานประกันสังคม,4000000.0,,4000000.0,ใช่,ไม่ใช่,รวมเบิกจ่ายและผูกพัน,DOC-BUD-2564,1.2ผลเบิกจ่ายปี 2564 - final.pdf,9,2564-0306
2564,2565-01-31,31 มกราคม 2565,แผนงานยุทธศาสตร์,รายจ่ายเพื่อบริหารงาน,งบรายจ่ายอื่น,,5,,4,รายการ,5. โครงการจ้างพัฒนาหลักสูตร e-learning ของสำนักงานประกันสังคม,1600000.0,1530000.0,70000.0,ใช่,ไม่ใช่,,DOC-BUD-2564,1.2ผลเบิกจ่ายปี 2564 - final.pdf,9,2564-0307
2564,2565-01-31,31 มกราคม 2565,แผนงานยุทธศาสตร์,รายจ่ายเพื่อบริหารงาน,งบรายจ่ายอื่น,,6,,4,รายการ,6. โครงการเสริมสร้างธรรมาภิบาลป้องกันและลดความเสี่ยงในการเกิดทุจริต และประพฤติมิชอบ,131900.0,119500.0,12400.0,ใช่,ไม่ใช่,,DOC-BUD-2564,1.2ผลเบิกจ่ายปี 2564 - final.pdf,9,2564-0308
2565,2565-12-31,31 ธันวาคม 2565,,,,,,,0,ยอดรวมทั้งสิ้น,รวมทั้งสิ้น,5528463750.0,5332468079.25,195995670.75,ไม่ใช่,ใช่,,DOC-BUD-2565,1.3ผลเบิกจ่ายปี 2565 - final.pdf,1,2565-0001
2565,2565-12-31,31 ธันวาคม 2565,แผนงานบุคลากรภาครัฐ,,,,,,1,แผนงาน,แผนงานบุคลากรภาครัฐ,1501236300.0,1486052357.28,15133686.85,ไม่ใช่,ใช่,,DOC-BUD-2565,1.3ผลเบิกจ่ายปี 2565 - final.pdf,1,2565-0002
2565,2565-12-31,31 ธันวาคม 2565,แผนงานบุคลากรภาครัฐ,,งบบุคลากร,,,,3,หมวดงบรายจ่าย,งบบุคลากร,1342189400.0,1346569434.93,3088509.2,ไม่ใช่,ใช่,,DOC-BUD-2565,1.3ผลเบิกจ่ายปี 2565 - final.pdf,1,2565-0003
2565,2565-12-31,31 ธันวาคม 2565,แผนงานบุคลากรภาครัฐ,,งบบุคลากร,,1,,4,รายการ,1. ค่าใช้จ่ายในการจ้างพนักงานประกันสังคม,1321388800.0,1328904995.54,587679.32,ใช่,ไม่ใช่,,DOC-BUD-2565,1.3ผลเบิกจ่ายปี 2565 - final.pdf,1,2565-0004
2565,2565-12-31,31 ธันวาคม 2565,แผนงานบุคลากรภาครัฐ,,งบบุคลากร,,2,,4,รายการ,2. เงินเพิ่มการครองชีพชั่วคราว,6008200.0,5877893.8,134946.2,ใช่,ไม่ใช่,,DOC-BUD-2565,1.3ผลเบิกจ่ายปี 2565 - final.pdf,1,2565-0005
2565,2565-12-31,31 ธันวาคม 2565,แผนงานบุคลากรภาครัฐ,,งบบุคลากร,,3,,4,รายการ,3. ค่าตอบแทนสำหรับผู้บริหารระดับชำนาญการพิเศษ,554400.0,549432.26,4967.74,ใช่,ไม่ใช่,,DOC-BUD-2565,1.3ผลเบิกจ่ายปี 2565 - final.pdf,1,2565-0006
2565,2565-12-31,31 ธันวาคม 2565,แผนงานบุคลากรภาครัฐ,,งบบุคลากร,,4,,4,รายการ,4. ค่าตอบแทนสำหรับข้าราชการระดับชำนาญการ/ชำนาญการพิเศษ ซึ่งปฏิบัติ หน้าที่ในฐานะหัวหน้าสำนักงานประกันสังคมจังหวัดสาขา,2100000.0,1796624.14,260919.99,ใช่,ไม่ใช่,,DOC-BUD-2565,1.3ผลเบิกจ่ายปี 2565 - final.pdf,1,2565-0007
2565,2565-12-31,31 ธันวาคม 2565,แผนงานบุคลากรภาครัฐ,,งบบุคลากร,,5,,4,รายการ,5. ค่าตอบแทนวิชาชีพเฉพาะด้านการลงทุนสำหรับข้าราชการ,10560000.0,8227032.26,1714610.95,ใช่,ไม่ใช่,,DOC-BUD-2565,1.3ผลเบิกจ่ายปี 2565 - final.pdf,1,2565-0008
2565,2565-12-31,31 ธันวาคม 2565,แผนงานบุคลากรภาครัฐ,,งบบุคลากร,,6,,4,รายการ,6. ค่าตอบแทนวิชาชีพเฉพาะด้านคณิตศาสตร์ประกันภัยสำหรับข้าราชการ,960000.0,580000.0,380000.0,ใช่,ไม่ใช่,,DOC-BUD-2565,1.3ผลเบิกจ่ายปี 2565 - final.pdf,1,2565-0009
2565,2565-12-31,31 ธันวาคม 2565,แผนงานบุคลากรภาครัฐ,,งบบุคลากร,,7,,4,รายการ,7. เงินค่าตอบแทนพิเศษ (กรณีค่าจ้างถึงขั้นสูง),618000.0,633456.93,5385.0,ใช่,ไม่ใช่,,DOC-BUD-2565,1.3ผลเบิกจ่ายปี 2565 - final.pdf,1,2565-0010
2565,2565-12-31,31 ธันวาคม 2565,แผนงานบุคลากรภาครัฐ,,งบดำเนินงาน,,,,3,หมวดงบรายจ่าย,งบดำเนินงาน,158446900.0,139258672.35,11669427.65,ไม่ใช่,ใช่,,DOC-BUD-2565,1.3ผลเบิกจ่ายปี 2565 - final.pdf,1,2565-0011
2565,2565-12-31,31 ธันวาคม 2565,แผนงานบุคลากรภาครัฐ,,งบดำเนินงาน,ค่าตอบแทน,,,4,หมวดค่าใช้จ่าย,- ค่าตอบแทน,116094000.0,110408460.35,5685539.65,ไม่ใช่,ใช่,,DOC-BUD-2565,1.3ผลเบิกจ่ายปี 2565 - final.pdf,1,2565-0012
2565,2565-12-31,31 ธันวาคม 2565,แผนงานบุคลากรภาครัฐ,,งบดำเนินงาน,ค่าตอบแทน,1,,5,รายการ,1. ค่าตอบแทนพิเศษรายเดือนให้แก่เจ้าหน้าที่ผู้ปฏิบัติงานในพื้นที่จังหวัด ชายแดนภาคใต้,2862000.0,2816866.71,45133.29,ใช่,ไม่ใช่,,DOC-BUD-2565,1.3ผลเบิกจ่ายปี 2565 - final.pdf,1,2565-0013
2565,2565-12-31,31 ธันวาคม 2565,แผนงานบุคลากรภาครัฐ,,งบดำเนินงาน,ค่าตอบแทน,2,,5,รายการ,2. เงินเพิ่มสำหรับตำแหน่งที่มีเหตุพิเศษของผู้ปฏิบัติงานด้านการสาธารณสุข (พ.ต.ส.),108000.0,60000.0,48000.0,ใช่,ไม่ใช่,,DOC-BUD-2565,1.3ผลเบิกจ่ายปี 2565 - final.pdf,1,2565-0014
2565,2565-12-31,31 ธันวาคม 2565,แผนงานบุคลากรภาครัฐ,,งบดำเนินงาน,ค่าตอบแทน,3,,5,รายการ,3. ค่าตอบแทนประจำปี,113124000.0,107531593.64,5592406.36,ใช่,ไม่ใช่,,DOC-BUD-2565,1.3ผลเบิกจ่ายปี 2565 - final.pdf,1,2565-0015
2565,2565-12-31,31 ธันวาคม 2565,แผนงานบุคลากรภาครัฐ,,งบดำเนินงาน,ค่าใช้สอย,,,4,หมวดค่าใช้จ่าย,- ค่าใช้สอย,42352900.0,28850212.0,5983888.0,ไม่ใช่,ใช่,,DOC-BUD-2565,1.3ผลเบิกจ่ายปี 2565 - final.pdf,1,2565-0016
2565,2565-12-31,31 ธันวาคม 2565,แผนงานบุคลากรภาครัฐ,,งบดำเนินงาน,ค่าใช้สอย,1,,5,รายการ,1. เงินสมทบกองทุนประกันสังคม,39975700.0,27263158.0,5193742.0,ใช่,ไม่ใช่,,DOC-BUD-2565,1.3ผลเบิกจ่ายปี 2565 - final.pdf,1,2565-0017
2565,2565-12-31,31 ธันวาคม 2565,แผนงานบุคลากรภาครัฐ,,งบดำเนินงาน,ค่าใช้สอย,2,,5,รายการ,2. เงินสมทบกองทุนเงินทดแทน,2317800.0,1529904.0,787896.0,ใช่,ไม่ใช่,,DOC-BUD-2565,1.3ผลเบิกจ่ายปี 2565 - final.pdf,1,2565-0018
2565,2565-12-31,31 ธันวาคม 2565,แผนงานบุคลากรภาครัฐ,,งบดำเนินงาน,ค่าใช้สอย,3,,5,รายการ,3. เงินประกันภัยแก่ข้าราชการ ลูกจ้างประจำ และพนักงานสำนักงาน ประกันสังคมที่ปฏิบัติงานประจำในพื้นที่ 3 จังหวัดชายแดนภาคใต้,59400.0,57150.0,2250.0,ใช่,ไม่ใช่,,DOC-BUD-2565,1.3ผลเบิกจ่ายปี 2565 - final.pdf,1,2565-0019
2565,2565-12-31,31 ธันวาคม 2565,แผนงานบุคลากรภาครัฐ,,งบรายจ่ายอื่น,,,,3,หมวดงบรายจ่าย,งบรายจ่ายอื่น,600000.0,224250.0,375750.0,ไม่ใช่,ใช่,,DOC-BUD-2565,1.3ผลเบิกจ่ายปี 2565 - final.pdf,1,2565-0020
2565,2565-12-31,31 ธันวาคม 2565,แผนงานบุคลากรภาครัฐ,,งบรายจ่ายอื่น,,,,4,รายการ,- เงินช่วยเหลือในกรณีที่พนักงานถึงแก่ความตาย,600000.0,224250.0,375750.0,ใช่,ไม่ใช่,,DOC-BUD-2565,1.3ผลเบิกจ่ายปี 2565 - final.pdf,1,2565-0021
2565,2565-12-31,31 ธันวาคม 2565,แผนงานพื้นฐาน,,,,,,1,แผนงาน,แผนงานพื้นฐาน,1950795400.0,1841830111.08,102150878.46,ไม่ใช่,ใช่,,DOC-BUD-2565,1.3ผลเบิกจ่ายปี 2565 - final.pdf,1,2565-0022
2565,2565-12-31,31 ธันวาคม 2565,แผนงานพื้นฐาน,โครงการต่อเนื่อง,,,,,2,กลุ่มรายจ่าย,โครงการต่อเนื่อง,466920900.0,453049916.0,13866100.0,ไม่ใช่,ใช่,,DOC-BUD-2565,1.3ผลเบิกจ่ายปี 2565 - final.pdf,1,2565-0023
2565,2565-12-31,31 ธันวาคม 2565,แผนงานพื้นฐาน,โครงการต่อเนื่อง,งบดำเนินงาน,,,,3,หมวดงบรายจ่าย,งบดำเนินงาน,245464800.0,245459916.0,,ไม่ใช่,ใช่,คงเหลือ,DOC-BUD-2565,1.3ผลเบิกจ่ายปี 2565 - final.pdf,1,2565-0024
2565,2565-12-31,31 ธันวาคม 2565,แผนงานพื้นฐาน,โครงการต่อเนื่อง,งบดำเนินงาน,ค่าใช้สอย,,,4,หมวดค่าใช้จ่าย,- ค่าใช้สอย,96514800.0,96509916.0,,ไม่ใช่,ใช่,คงเหลือ,DOC-BUD-2565,1.3ผลเบิกจ่ายปี 2565 - final.pdf,1,2565-0025
2565,2565-12-31,31 ธันวาคม 2565,แผนงานพื้นฐาน,โครงการต่อเนื่อง,งบดำเนินงาน,ค่าใช้สอย,1,,5,รายการ,1. ค่าเช่ารถยนต์,514800.0,509916.0,,ใช่,ไม่ใช่,คงเหลือ,DOC-BUD-2565,1.3ผลเบิกจ่ายปี 2565 - final.pdf,1,2565-0026
2565,2565-12-31,31 ธันวาคม 2565,แผนงานพื้นฐาน,โครงการต่อเนื่อง,งบดำเนินงาน,ค่าใช้สอย,2,,5,รายการ,2. โครงการจ้างหน่วยงานบริการดูแลและเก็บรักษาหลักทรัพย์ (Custodian),96000000.0,96000000.0,,ใช่,ไม่ใช่,คงเหลือ,DOC-BUD-2565,1.3ผลเบิกจ่ายปี 2565 - final.pdf,1,2565-0027
2565,2565-12-31,31 ธันวาคม 2565,แผนงานพื้นฐาน,โครงการต่อเนื่อง,งบดำเนินงาน,ค่าสาธารณูปโภค,,,4,หมวดค่าใช้จ่าย,- ค่าสาธารณูปโภค,148950000.0,148950000.0,,ไม่ใช่,ใช่,คงเหลือ,DOC-BUD-2565,1.3ผลเบิกจ่ายปี 2565 - final.pdf,1,2565-0028
2565,2565-12-31,31 ธันวาคม 2565,แผนงานพื้นฐาน,โครงการต่อเนื่อง,งบดำเนินงาน,ค่าสาธารณูปโภค,,,5,รายละเอียดของแถวบน,- โครงการเช่าใช้ระบบเครือข่ายสื่อสารข้อมูลเพื่อบริการงานประกันสังคม,148950000.0,148950000.0,,ใช่,ใช่,คงเหลือ,DOC-BUD-2565,1.3ผลเบิกจ่ายปี 2565 - final.pdf,1,2565-0029
2565,2565-12-31,31 ธันวาคม 2565,แผนงานพื้นฐาน,โครงการต่อเนื่อง,งบลงทุน,,,,3,หมวดงบรายจ่าย,งบลงทุน,195891600.0,182196600.0,13695000.0,ไม่ใช่,ใช่,,DOC-BUD-2565,1.3ผลเบิกจ่ายปี 2565 - final.pdf,2,2565-0030
2565,2565-12-31,31 ธันวาคม 2565,แผนงานพื้นฐาน,โครงการต่อเนื่อง,งบลงทุน,,1,,4,รายการ,1. โครงการก่อสร้างอาคารสำนักงานประกันสังคมจังหวัดระยอง สาขาปลวกแดง,1297400.0,1297400.0,,ใช่,ไม่ใช่,คงเหลือ,DOC-BUD-2565,1.3ผลเบิกจ่ายปี 2565 - final.pdf,2,2565-0031
2565,2565-12-31,31 ธันวาคม 2565,แผนงานพื้นฐาน,โครงการต่อเนื่อง,งบลงทุน,,2,,4,รายการ,2. โครงการก่อสร้างอาคารสำนักงานประกันสังคมจังหวัดชลบุรี สาขาศรีราชา,8384800.0,8384800.0,,ใช่,ไม่ใช่,คงเหลือ,DOC-BUD-2565,1.3ผลเบิกจ่ายปี 2565 - final.pdf,2,2565-0032
2565,2565-12-31,31 ธันวาคม 2565,แผนงานพื้นฐาน,โครงการต่อเนื่อง,งบลงทุน,,3,,4,รายการ,3. โครงการก่อสร้างอาคารสำนักงานประกันสังคมจังหวัดปทุมธานี สาขาคลองหลวง,16074900.0,16074900.0,,ใช่,ไม่ใช่,คงเหลือ,DOC-BUD-2565,1.3ผลเบิกจ่ายปี 2565 - final.pdf,2,2565-0033
2565,2565-12-31,31 ธันวาคม 2565,แผนงานพื้นฐาน,โครงการต่อเนื่อง,งบลงทุน,,4,,4,รายการ,4. โครงการก่อสร้างอาคารสำนักงานประกันสังคมจังหวัดอยุธยา สาขาอุทัย,20069000.0,20069000.0,,ใช่,ไม่ใช่,คงเหลือ,DOC-BUD-2565,1.3ผลเบิกจ่ายปี 2565 - final.pdf,2,2565-0034
2565,2565-12-31,31 ธันวาคม 2565,แผนงานพื้นฐาน,โครงการต่อเนื่อง,งบลงทุน,,5,,4,รายการ,5. โครงการก่อสร้างอาคารสำนักงานประกันสังคมจังหวัดกำแพงเพชร,13695000.0,,13695000.0,ใช่,ไม่ใช่,รวมเบิกจ่ายและผูกพัน,DOC-BUD-2565,1.3ผลเบิกจ่ายปี 2565 - final.pdf,2,2565-0035
2565,2565-12-31,31 ธันวาคม 2565,แผนงานพื้นฐาน,โครงการต่อเนื่อง,งบลงทุน,,6,,4,รายการ,6. โครงการจัดหาเครื่องคอมพิวเตอร์แม่ข่ายพร้อมอุปกรณ์เพื่อเพิ่มประสิทธิภาพการทำงาน ของระบบสารสนเทศ,136370500.0,136370500.0,,ใช่,ไม่ใช่,คงเหลือ,DOC-BUD-2565,1.3ผลเบิกจ่ายปี 2565 - final.pdf,2,2565-0036
2565,2565-12-31,31 ธันวาคม 2565,แผนงานพื้นฐาน,โครงการต่อเนื่อง,งบรายจ่ายอื่น,,,,3,หมวดงบรายจ่าย,งบรายจ่ายอื่น,25564500.0,25393400.0,171100.0,ไม่ใช่,ใช่,,DOC-BUD-2565,1.3ผลเบิกจ่ายปี 2565 - final.pdf,2,2565-0037
2565,2565-12-31,31 ธันวาคม 2565,แผนงานพื้นฐาน,โครงการต่อเนื่อง,งบรายจ่ายอื่น,,1,,4,รายการ,1. โครงการตรวจสอบข้อมูฃการใช้บริการทางการแพทย์ กรณีโรคที่มีค่าใช้จ่ายสูง และกรณีโรคที่มีภาระเสี่ยง,15840000.0,15840000.0,,ใช่,ไม่ใช่,คงเหลือ,DOC-BUD-2565,1.3ผลเบิกจ่ายปี 2565 - final.pdf,2,2565-0038
2565,2565-12-31,31 ธันวาคม 2565,แผนงานพื้นฐาน,โครงการต่อเนื่อง,งบรายจ่ายอื่น,,2,,4,รายการ,2. โครงการจ้างที่ปรึกษาเภสัชกรรมเพื่อกำกับคุณภาพการใช้ยาของสถานพยาบาล และกำกับตรวจสอบการจ่ายชดเชยยาบัญชีหลักแห่งชาติ จ(2)และยาต้านไวรัสเอดส์,1056000.0,1056000.0,,ใช่,ไม่ใช่,คงเหลือ,DOC-BUD-2565,1.3ผลเบิกจ่ายปี 2565 - final.pdf,2,2565-0039
2565,2565-12-31,31 ธันวาคม 2565,แผนงานพื้นฐาน,โครงการต่อเนื่อง,งบรายจ่ายอื่น,,3,,4,รายการ,3. โครงการตรวจประเมินการให้บริการทางการแพทย์ของสถานพยาบาลหลัก ที่ให้บริการแก่ผู้ประกันตน ประจำปี 2564 - 2566,3828000.0,3828000.0,,ใช่,ไม่ใช่,คงเหลือ,DOC-BUD-2565,1.3ผลเบิกจ่ายปี 2565 - final.pdf,2,2565-0040
2565,2565-12-31,31 ธันวาคม 2565,แผนงานพื้นฐาน,โครงการต่อเนื่อง,งบรายจ่ายอื่น,,4,,4,รายการ,4. ค่าจ้างที่ปรึกษาด้านเทคโนโลยีสารสนเทศและการสื่อสาร,903000.0,779400.0,123600.0,ใช่,ไม่ใช่,,DOC-BUD-2565,1.3ผลเบิกจ่ายปี 2565 - final.pdf,2,2565-0041
2565,2565-12-31,31 ธันวาคม 2565,แผนงานพื้นฐาน,โครงการต่อเนื่อง,งบรายจ่ายอื่น,,5,,4,รายการ,5. โครงการจ้างที่ปรึกษาด้านเทคโนโลยีสารสนเทศและการสื่อสาร,3937500.0,3890000.0,47500.0,ใช่,ไม่ใช่,,DOC-BUD-2565,1.3ผลเบิกจ่ายปี 2565 - final.pdf,2,2565-0042
2565,2565-12-31,31 ธันวาคม 2565,แผนงานพื้นฐาน,รายจ่ายเพื่อบริหารงานประจำ,,,,,2,กลุ่มรายจ่าย,รายจ่ายเพื่อบริหารงานประจำ,1483874500.0,1388780195.08,88284778.46,ไม่ใช่,ใช่,,DOC-BUD-2565,1.3ผลเบิกจ่ายปี 2565 - final.pdf,2,2565-0043
2565,2565-12-31,31 ธันวาคม 2565,แผนงานพื้นฐาน,รายจ่ายเพื่อบริหารงานประจำ,งบดำเนินงาน,,,,3,หมวดงบรายจ่าย,งบดำเนินงาน,1365623000.0,1238651425.15,75176865.53,ไม่ใช่,ใช่,,DOC-BUD-2565,1.3ผลเบิกจ่ายปี 2565 - final.pdf,2,2565-0044
2565,2565-12-31,31 ธันวาคม 2565,แผนงานพื้นฐาน,รายจ่ายเพื่อบริหารงานประจำ,งบดำเนินงาน,ค่าตอบแทน,,,4,หมวดค่าใช้จ่าย,- ค่าตอบแทน,157518250.0,130586316.0,16843447.17,ไม่ใช่,ใช่,,DOC-BUD-2565,1.3ผลเบิกจ่ายปี 2565 - final.pdf,2,2565-0045
2565,2565-12-31,31 ธันวาคม 2565,แผนงานพื้นฐาน,รายจ่ายเพื่อบริหารงานประจำ,งบดำเนินงาน,ค่าตอบแทน,1,,5,รายการ,1. ค่าตอบแทนการปฏิบัติงานนอกเวลาราชการ,110964000.0,98370100.0,12262628.7,ใช่,ไม่ใช่,,DOC-BUD-2565,1.3ผลเบิกจ่ายปี 2565 - final.pdf,2,2565-0046
2565,2565-12-31,31 ธันวาคม 2565,แผนงานพื้นฐาน,รายจ่ายเพื่อบริหารงานประจำ,งบดำเนินงาน,ค่าตอบแทน,2,,5,รายการ,2. ค่าเบี้ยประชุมคณะกรรมการ/อนุกรรมการ/คณะทำงาน,32961500.0,26217565.0,1936970.0,ใช่,ไม่ใช่,,DOC-BUD-2565,1.3ผลเบิกจ่ายปี 2565 - final.pdf,2,2565-0047
2565,2565-12-31,31 ธันวาคม 2565,แผนงานพื้นฐาน,รายจ่ายเพื่อบริหารงานประจำ,งบดำเนินงาน,ค่าตอบแทน,3,,5,รายการ,3. ค่าใช้จ่ายในการเดินทางมาประชุมของคณะกรรมการ ที่ปรึกษา และคณะอนุกรรมการ,9766000.0,4753085.0,1390964.47,ใช่,ไม่ใช่,,DOC-BUD-2565,1.3ผลเบิกจ่ายปี 2565 - final.pdf,2,2565-0048
2565,2565-12-31,31 ธันวาคม 2565,แผนงานพื้นฐาน,รายจ่ายเพื่อบริหารงานประจำ,งบดำเนินงาน,ค่าตอบแทน,4,,5,รายการ,4. ค่าตอบแทนคณะกรรมการตรวจรับพัสดุในงานจ้างก่อสร้างและผู้ควบคุมงาน ก่อสร้างที่มีคำสั่งแต่งตั้งจากทางราชการ,1502750.0,463100.0,918650.0,ใช่,ไม่ใช่,,DOC-BUD-2565,1.3ผลเบิกจ่ายปี 2565 - final.pdf,2,2565-0049
2565,2565-12-31,31 ธันวาคม 2565,แผนงานพื้นฐาน,รายจ่ายเพื่อบริหารงานประจำ,งบดำเนินงาน,ค่าตอบแทน,5,,5,รายการ,5. ค่าตอบแทนกรรมการผู้อ่านผลงานทางวิชาการ,343000.0,243800.0,99200.0,ใช่,ไม่ใช่,,DOC-BUD-2565,1.3ผลเบิกจ่ายปี 2565 - final.pdf,2,2565-0050
2565,2565-12-31,31 ธันวาคม 2565,แผนงานพื้นฐาน,รายจ่ายเพื่อบริหารงานประจำ,งบดำเนินงาน,ค่าตอบแทน,6,,5,รายการ,6. เงินสมนาคุณกรรมการสอบสวนทางวินัย,32000.0,2850.0,29150.0,ใช่,ไม่ใช่,,DOC-BUD-2565,1.3ผลเบิกจ่ายปี 2565 - final.pdf,2,2565-0051
2565,2565-12-31,31 ธันวาคม 2565,แผนงานพื้นฐาน,รายจ่ายเพื่อบริหารงานประจำ,งบดำเนินงาน,ค่าตอบแทน,7,,5,รายการ,7. ค่าตอบแทนกรรมการออกข้อสอบและสอบสัมภาษณ์,115000.0,63516.0,56484.0,ใช่,ไม่ใช่,,DOC-BUD-2565,1.3ผลเบิกจ่ายปี 2565 - final.pdf,2,2565-0052
2565,2565-12-31,31 ธันวาคม 2565,แผนงานพื้นฐาน,รายจ่ายเพื่อบริหารงานประจำ,งบดำเนินงาน,ค่าตอบแทน,8,,5,รายการ,8. ค่าตอบแทนเจ้าหน้าที่ดำเนินการสอบ,90000.0,58700.0,37000.0,ใช่,ไม่ใช่,,DOC-BUD-2565,1.3ผลเบิกจ่ายปี 2565 - final.pdf,2,2565-0053
2565,2565-12-31,31 ธันวาคม 2565,แผนงานพื้นฐาน,รายจ่ายเพื่อบริหารงานประจำ,งบดำเนินงาน,ค่าตอบแทน,9,,5,รายการ,9. ค่าตอบแทนแพทย์ผู้เชี่ยวชาญกรณีที่ให้คำปรึกษาและให้ความเห็น เป็นลายลักษณ์อักษรแก่สำนักงานประกันสังคม คณะกรรมการการแพทย์ และคณะอนุกรรมการในคณะกรรมการการแพทย์,500000.0,297000.0,103000.0,ใช่,ไม่ใช่,,DOC-BUD-2565,1.3ผลเบิกจ่ายปี 2565 - final.pdf,2,2565-0054
2565,2565-12-31,31 ธันวาคม 2565,แผนงานพื้นฐาน,รายจ่ายเพื่อบริหารงานประจำ,งบดำเนินงาน,ค่าตอบแทน,10,,5,รายการ,10. ค่าตอบแทนจ้าหน้าที่ตำรวจรักษาความปลอดภัยในการนำเงินสดฝากธนาคาร,96000.0,86600.0,9400.0,ใช่,ไม่ใช่,,DOC-BUD-2565,1.3ผลเบิกจ่ายปี 2565 - final.pdf,2,2565-0055
2565,2565-12-31,31 ธันวาคม 2565,แผนงานพื้นฐาน,รายจ่ายเพื่อบริหารงานประจำ,งบดำเนินงาน,ค่าตอบแทน,11,,5,รายการ,11. ค่าจ้างแปลเอกสารจากภาษาต่างประเทศเป็นภาษาไทย และจากภาษาไทย เป็นภาษาต่างประเทศ,48000.0,,,ใช่,ไม่ใช่,รวมเบิกจ่ายและผูกพัน; คงเหลือ,DOC-BUD-2565,1.3ผลเบิกจ่ายปี 2565 - final.pdf,2,2565-0056
2565,2565-12-31,31 ธันวาคม 2565,แผนงานพื้นฐาน,รายจ่ายเพื่อบริหารงานประจำ,งบดำเนินงาน,ค่าตอบแทน,12,,5,รายการ,12. ค่าตอบแทนล่ามในการแปลภาษาท้องถิ่น ภาษต่างประเทศ หรือภาษามือ,100000.0,30000.0,,ใช่,ไม่ใช่,คงเหลือ,DOC-BUD-2565,1.3ผลเบิกจ่ายปี 2565 - final.pdf,2,2565-0057
2565,2565-12-31,31 ธันวาคม 2565,แผนงานพื้นฐาน,รายจ่ายเพื่อบริหารงานประจำ,งบดำเนินงาน,ค่าตอบแทน,13,,5,รายการ,13. ค่าจ้างตรวจสัญญาด้านการลงทุน,1000000.0,,,ใช่,ไม่ใช่,รวมเบิกจ่ายและผูกพัน; คงเหลือ,DOC-BUD-2565,1.3ผลเบิกจ่ายปี 2565 - final.pdf,2,2565-0058
2565,2565-12-31,31 ธันวาคม 2565,แผนงานพื้นฐาน,รายจ่ายเพื่อบริหารงานประจำ,งบดำเนินงาน,ค่าใช้สอย,,,4,หมวดค่าใช้จ่าย,- ค่าใช้สอย,853598950.0,786343531.67,34902277.94,ไม่ใช่,ใช่,,DOC-BUD-2565,1.3ผลเบิกจ่ายปี 2565 - final.pdf,2,2565-0059
2565,2565-12-31,31 ธันวาคม 2565,แผนงานพื้นฐาน,รายจ่ายเพื่อบริหารงานประจำ,งบดำเนินงาน,ค่าใช้สอย,1,,5,รายการ,1. ค่าเบี้ยเลี้ยง ที่พัก พาหนะ และอื่น ๆ,37967100.0,21476253.98,10270882.27,ใช่,ไม่ใช่,,DOC-BUD-2565,1.3ผลเบิกจ่ายปี 2565 - final.pdf,2,2565-0060
2565,2565-12-31,31 ธันวาคม 2565,แผนงานพื้นฐาน,รายจ่ายเพื่อบริหารงานประจำ,งบดำเนินงาน,ค่าใช้สอย,2,,5,รายการ,2. ค่าผ่านทางด่วนพิเศษ,724900.0,348467.0,329198.0,ใช่,ไม่ใช่,,DOC-BUD-2565,1.3ผลเบิกจ่ายปี 2565 - final.pdf,2,2565-0061
2565,2565-12-31,31 ธันวาคม 2565,แผนงานพื้นฐาน,รายจ่ายเพื่อบริหารงานประจำ,งบดำเนินงาน,ค่าใช้สอย,3,,5,รายการ,3. ค่าใช้จ่ายในการเดินทางภายในประเทศของผู้รับการอบรม,11157000.0,10732167.29,235934.71,ใช่,ไม่ใช่,,DOC-BUD-2565,1.3ผลเบิกจ่ายปี 2565 - final.pdf,2,2565-0062
2565,2565-12-31,31 ธันวาคม 2565,แผนงานพื้นฐาน,รายจ่ายเพื่อบริหารงานประจำ,งบดำเนินงาน,ค่าใช้สอย,4,,5,รายการ,4. ค่าใช้จ่ายในการจัดประชุม อบรม สัมมนาและค่าอาหารว่าง,10843600.0,4688981.21,3500460.38,ไม่ใช่,ไม่ใช่,,DOC-BUD-2565,1.3ผลเบิกจ่ายปี 2565 - final.pdf,2,2565-0063
2565,2565-12-31,31 ธันวาคม 2565,แผนงานพื้นฐาน,รายจ่ายเพื่อบริหารงานประจำ,งบดำเนินงาน,ค่าใช้สอย,,4.,6,รายละเอียดของแถวบน,- ค่ารับรองและพิธีการ,10843600.0,4688981.21,3500460.38,ใช่,ใช่,,DOC-BUD-2565,1.3ผลเบิกจ่ายปี 2565 - final.pdf,3,2565-0064
2565,2565-12-31,31 ธันวาคม 2565,แผนงานพื้นฐาน,รายจ่ายเพื่อบริหารงานประจำ,งบดำเนินงาน,ค่าใช้สอย,5,,5,รายการ,5. ค่าใช้จ่ายต่าง ๆ เพื่อเผยแพร่ความรู้เกี่ยวกับการประกันสังคม,14740000.0,14037714.59,566993.15,ไม่ใช่,ไม่ใช่,,DOC-BUD-2565,1.3ผลเบิกจ่ายปี 2565 - final.pdf,3,2565-0065
2565,2565-12-31,31 ธันวาคม 2565,แผนงานพื้นฐาน,รายจ่ายเพื่อบริหารงานประจำ,งบดำเนินงาน,ค่าใช้สอย,,5.,6,รายละเอียดของแถวบน,- ค่าใช้จ่ายต่าง ๆ เพื่อประชาสัมพันธ์เผยแพร่ข่าวสารงานประกันสังคม,14740000.0,14037714.59,566993.15,ใช่,ใช่,,DOC-BUD-2565,1.3ผลเบิกจ่ายปี 2565 - final.pdf,3,2565-0066
2565,2565-12-31,31 ธันวาคม 2565,แผนงานพื้นฐาน,รายจ่ายเพื่อบริหารงานประจำ,งบดำเนินงาน,ค่าใช้สอย,6,,5,รายการ,6. ค่าซ่อมแซมบำรุงรักษาทรัพย์สิน,19020300.0,16738844.22,2324701.01,ใช่,ไม่ใช่,,DOC-BUD-2565,1.3ผลเบิกจ่ายปี 2565 - final.pdf,3,2565-0067
2565,2565-12-31,31 ธันวาคม 2565,แผนงานพื้นฐาน,รายจ่ายเพื่อบริหารงานประจำ,งบดำเนินงาน,ค่าใช้สอย,7,,5,รายการ,7. ค่าซ่อมแซมบำรุงรักษารถยนต์,12941500.0,9556512.74,3045582.16,ใช่,ไม่ใช่,,DOC-BUD-2565,1.3ผลเบิกจ่ายปี 2565 - final.pdf,3,2565-0068
2565,2565-12-31,31 ธันวาคม 2565,แผนงานพื้นฐาน,รายจ่ายเพื่อบริหารงานประจำ,งบดำเนินงาน,ค่าใช้สอย,8,,5,รายการ,8. ค่าซอมแซมปรับปรุงอาคารหรือสิ่งก่อสร้าง,1500000.0,1969916.44,55300.0,ใช่,ไม่ใช่,,DOC-BUD-2565,1.3ผลเบิกจ่ายปี 2565 - final.pdf,3,2565-0069
2565,2565-12-31,31 ธันวาคม 2565,แผนงานพื้นฐาน,รายจ่ายเพื่อบริหารงานประจำ,งบดำเนินงาน,ค่าใช้สอย,9,,5,รายการ,9. ค่าจ้างเหมาบริการต่าง ๆ,10389000.0,10369031.84,813455.72,ใช่,ไม่ใช่,,DOC-BUD-2565,1.3ผลเบิกจ่ายปี 2565 - final.pdf,3,2565-0070
2565,2565-12-31,31 ธันวาคม 2565,แผนงานพื้นฐาน,รายจ่ายเพื่อบริหารงานประจำ,งบดำเนินงาน,ค่าใช้สอย,10,,5,รายการ,10. ค่าจ้างเหมากำจัดปลวก มด แมลง และหนู,2916000.0,2595664.2,186879.8,ใช่,ไม่ใช่,,DOC-BUD-2565,1.3ผลเบิกจ่ายปี 2565 - final.pdf,3,2565-0071
2565,2565-12-31,31 ธันวาคม 2565,แผนงานพื้นฐาน,รายจ่ายเพื่อบริหารงานประจำ,งบดำเนินงาน,ค่าใช้สอย,11,,5,รายการ,11. ค่าจ้างเหมารักษาความปลอดภัยอาคารสำนักงานประกันสังคม,93799200.0,92867451.28,676724.72,ใช่,ไม่ใช่,,DOC-BUD-2565,1.3ผลเบิกจ่ายปี 2565 - final.pdf,3,2565-0072
2565,2565-12-31,31 ธันวาคม 2565,แผนงานพื้นฐาน,รายจ่ายเพื่อบริหารงานประจำ,งบดำเนินงาน,ค่าใช้สอย,12,,5,รายการ,12. ค่าจ้างเหมารักษาความสะอาดอาคารสำนักงานประกันสังคม,59270400.0,54223368.24,1873317.94,ใช่,ไม่ใช่,,DOC-BUD-2565,1.3ผลเบิกจ่ายปี 2565 - final.pdf,3,2565-0073
2565,2565-12-31,31 ธันวาคม 2565,แผนงานพื้นฐาน,รายจ่ายเพื่อบริหารงานประจำ,งบดำเนินงาน,ค่าใช้สอย,13,,5,รายการ,13. ค่าจ้างเหมาบำรุงรักษาสวนหย่อม,6628000.0,6487874.71,,ใช่,ไม่ใช่,,DOC-BUD-2565,1.3ผลเบิกจ่ายปี 2565 - final.pdf,3,2565-0074
2565,2565-12-31,31 ธันวาคม 2565,แผนงานพื้นฐาน,รายจ่ายเพื่อบริหารงานประจำ,งบดำเนินงาน,ค่าใช้สอย,14,,5,รายการ,14. ค่าจ้างเหมาพนักงานขับรถยนต์,18177000.0,16116632.03,998221.97,ใช่,ไม่ใช่,,DOC-BUD-2565,1.3ผลเบิกจ่ายปี 2565 - final.pdf,3,2565-0075
2565,2565-12-31,31 ธันวาคม 2565,แผนงานพื้นฐาน,รายจ่ายเพื่อบริหารงานประจำ,งบดำเนินงาน,ค่าใช้สอย,15,,5,รายการ,15. ค่าขนย้ายและติดตั้งครุภัณฑ์และทรัพย์สินต่าง ๆ,596800.0,420885.0,476356.49,ใช่,ไม่ใช่,,DOC-BUD-2565,1.3ผลเบิกจ่ายปี 2565 - final.pdf,3,2565-0076
2565,2565-12-31,31 ธันวาคม 2565,แผนงานพื้นฐาน,รายจ่ายเพื่อบริหารงานประจำ,งบดำเนินงาน,ค่าใช้สอย,16,,5,รายการ,"16. ค่าเช่าอาคารพาณิชย์เป็นที่ทำการสำนักงานประกันสังคมพื้นที่, และอาคารเก็บเอกสาร",60420900.0,59867490.28,397733.72,ใช่,ไม่ใช่,,DOC-BUD-2565,1.3ผลเบิกจ่ายปี 2565 - final.pdf,3,2565-0077
2565,2565-12-31,31 ธันวาคม 2565,แผนงานพื้นฐาน,รายจ่ายเพื่อบริหารงานประจำ,งบดำเนินงาน,ค่าใช้สอย,17,,5,รายการ,17. ค่าเช่าที่ดิน,123600.0,123574.0,26.0,ใช่,ไม่ใช่,,DOC-BUD-2565,1.3ผลเบิกจ่ายปี 2565 - final.pdf,3,2565-0078
2565,2565-12-31,31 ธันวาคม 2565,แผนงานพื้นฐาน,รายจ่ายเพื่อบริหารงานประจำ,งบดำเนินงาน,ค่าใช้สอย,18,,5,รายการ,18. ค่าประกันภัยรถยนต์ราชการ,1335600.0,1196749.45,164781.44,ใช่,ไม่ใช่,,DOC-BUD-2565,1.3ผลเบิกจ่ายปี 2565 - final.pdf,3,2565-0079
2565,2565-12-31,31 ธันวาคม 2565,แผนงานพื้นฐาน,รายจ่ายเพื่อบริหารงานประจำ,งบดำเนินงาน,ค่าใช้สอย,19,,5,รายการ,19. ค่าเช่าเครื่องถ่ายเอกสาร,9045700.0,7384298.41,564234.98,ใช่,ไม่ใช่,,DOC-BUD-2565,1.3ผลเบิกจ่ายปี 2565 - final.pdf,3,2565-0080
2565,2565-12-31,31 ธันวาคม 2565,แผนงานพื้นฐาน,รายจ่ายเพื่อบริหารงานประจำ,งบดำเนินงาน,ค่าใช้สอย,20,,5,รายการ,20. หนังสือ วารสาร หนังสือพิมพ์,350300.0,234375.9,109924.1,ใช่,ไม่ใช่,,DOC-BUD-2565,1.3ผลเบิกจ่ายปี 2565 - final.pdf,3,2565-0081
2565,2565-12-31,31 ธันวาคม 2565,แผนงานพื้นฐาน,รายจ่ายเพื่อบริหารงานประจำ,งบดำเนินงาน,ค่าใช้สอย,21,,5,รายการ,21. ค่าจ้างทำของที่ระลึก,2016000.0,3533620.0,,ใช่,ไม่ใช่,คงเหลือ,DOC-BUD-2565,1.3ผลเบิกจ่ายปี 2565 - final.pdf,3,2565-0082
2565,2565-12-31,31 ธันวาคม 2565,แผนงานพื้นฐาน,รายจ่ายเพื่อบริหารงานประจำ,งบดำเนินงาน,ค่าใช้สอย,22,,5,รายการ,22. ค่าตกแต่งสถานที่และค่าใช้จ่ายในการจัดงานต่าง ๆ,500000.0,499000.0,1000.0,ใช่,ไม่ใช่,,DOC-BUD-2565,1.3ผลเบิกจ่ายปี 2565 - final.pdf,3,2565-0083
2565,2565-12-31,31 ธันวาคม 2565,แผนงานพื้นฐาน,รายจ่ายเพื่อบริหารงานประจำ,งบดำเนินงาน,ค่าใช้สอย,23,,5,รายการ,23. ค่าใช้จ่ายในการลี้ยงรับรองบุคคลหรือรับรองชาวต่างประเทศ,20000.0,800.0,5000.0,ใช่,ไม่ใช่,,DOC-BUD-2565,1.3ผลเบิกจ่ายปี 2565 - final.pdf,3,2565-0084
2565,2565-12-31,31 ธันวาคม 2565,แผนงานพื้นฐาน,รายจ่ายเพื่อบริหารงานประจำ,งบดำเนินงาน,ค่าใช้สอย,24,,5,รายการ,24. ค่าใช้จ่ายในการจัดทำข้อสอบ,85000.0,,87500.0,ใช่,ไม่ใช่,รวมเบิกจ่ายและผูกพัน,DOC-BUD-2565,1.3ผลเบิกจ่ายปี 2565 - final.pdf,3,2565-0085
2565,2565-12-31,31 ธันวาคม 2565,แผนงานพื้นฐาน,รายจ่ายเพื่อบริหารงานประจำ,งบดำเนินงาน,ค่าใช้สอย,25,,5,รายการ,25. ค่าเช่าสถานที่สอบคัดเลือกข้าราชการและพนักงาน,150000.0,,180770.0,ใช่,ไม่ใช่,รวมเบิกจ่ายและผูกพัน,DOC-BUD-2565,1.3ผลเบิกจ่ายปี 2565 - final.pdf,3,2565-0086
2565,2565-12-31,31 ธันวาคม 2565,แผนงานพื้นฐาน,รายจ่ายเพื่อบริหารงานประจำ,งบดำเนินงาน,ค่าใช้สอย,26,,5,รายการ,26. ค่าใช้จ่ายในการบำรุงของสมาคม ASSA และค่าใช้จ่ายอื่น ๆ ที่เกี่ยวข้อง,10000.0,6694.97,,ใช่,ไม่ใช่,คงเหลือ,DOC-BUD-2565,1.3ผลเบิกจ่ายปี 2565 - final.pdf,3,2565-0087
2565,2565-12-31,31 ธันวาคม 2565,แผนงานพื้นฐาน,รายจ่ายเพื่อบริหารงานประจำ,งบดำเนินงาน,ค่าใช้สอย,27,,5,รายการ,27. ค่าใช้จ่ายในการจ้างบันทึกข้อมูลเงินสมทบ,13303500.0,12661165.5,0.06,ใช่,ไม่ใช่,,DOC-BUD-2565,1.3ผลเบิกจ่ายปี 2565 - final.pdf,3,2565-0088
2565,2565-12-31,31 ธันวาคม 2565,แผนงานพื้นฐาน,รายจ่ายเพื่อบริหารงานประจำ,งบดำเนินงาน,ค่าใช้สอย,28,,5,รายการ,28. ค่าตอบแทนเหมาจ่ายในการติดตามเร่งรัดหนี้นอกสถานที่,8011700.0,4629772.0,2173328.0,ใช่,ไม่ใช่,,DOC-BUD-2565,1.3ผลเบิกจ่ายปี 2565 - final.pdf,3,2565-0089
2565,2565-12-31,31 ธันวาคม 2565,แผนงานพื้นฐาน,รายจ่ายเพื่อบริหารงานประจำ,งบดำเนินงาน,ค่าใช้สอย,29,,5,รายการ,29. ค่าธรรมเนียมอื่น ๆ,1792900.0,1313380.4,467483.6,ใช่,ไม่ใช่,,DOC-BUD-2565,1.3ผลเบิกจ่ายปี 2565 - final.pdf,3,2565-0090
2565,2565-12-31,31 ธันวาคม 2565,แผนงานพื้นฐาน,รายจ่ายเพื่อบริหารงานประจำ,งบดำเนินงาน,ค่าใช้สอย,30,,5,รายการ,30. ค่าธรรมเนียมบริการรับ - ส่งเงินของ KGS,9472800.0,7148688.67,2001657.33,ใช่,ไม่ใช่,,DOC-BUD-2565,1.3ผลเบิกจ่ายปี 2565 - final.pdf,3,2565-0091
2565,2565-12-31,31 ธันวาคม 2565,แผนงานพื้นฐาน,รายจ่ายเพื่อบริหารงานประจำ,งบดำเนินงาน,ค่าใช้สอย,31,,5,รายการ,31. ค่าธรรมเนียมสำนักงานการตรวจเงินแผ่นดิน เพื่อการตรวจสอบบัญชีกองทุนประกันสังคม,1200000.0,1200000.0,,ใช่,ไม่ใช่,คงเหลือ,DOC-BUD-2565,1.3ผลเบิกจ่ายปี 2565 - final.pdf,3,2565-0092
2565,2565-12-31,31 ธันวาคม 2565,แผนงานพื้นฐาน,รายจ่ายเพื่อบริหารงานประจำ,งบดำเนินงาน,ค่าใช้สอย,32,,5,รายการ,32. ค่าธรรมเนียมการต่อใบอนุญาตมีซึ่งยุทธภัณฑ์ รถหุ้มเกราะป้องกันกระสุนฯ,5000.0,5000.0,,ใช่,ไม่ใช่,คงเหลือ,DOC-BUD-2565,1.3ผลเบิกจ่ายปี 2565 - final.pdf,3,2565-0093
2565,2565-12-31,31 ธันวาคม 2565,แผนงานพื้นฐาน,รายจ่ายเพื่อบริหารงานประจำ,งบดำเนินงาน,ค่าใช้สอย,33,,5,รายการ,33. ค่าธรรมเนียมทางกฎหมาย,470000.0,159022.0,110978.0,ใช่,ไม่ใช่,,DOC-BUD-2565,1.3ผลเบิกจ่ายปี 2565 - final.pdf,3,2565-0094
2565,2565-12-31,31 ธันวาคม 2565,แผนงานพื้นฐาน,รายจ่ายเพื่อบริหารงานประจำ,งบดำเนินงาน,ค่าใช้สอย,34,,5,รายการ,34. ค่าป่วยการแก่พยานศาล,50000.0,9000.0,26000.0,ใช่,ไม่ใช่,,DOC-BUD-2565,1.3ผลเบิกจ่ายปี 2565 - final.pdf,3,2565-0095
2565,2565-12-31,31 ธันวาคม 2565,แผนงานพื้นฐาน,รายจ่ายเพื่อบริหารงานประจำ,งบดำเนินงาน,ค่าใช้สอย,35,,5,รายการ,35. ค่าสมัครสมาชิกด้านการลงทุน,42009000.0,44314443.54,3050457.54,ใช่,ไม่ใช่,,DOC-BUD-2565,1.3ผลเบิกจ่ายปี 2565 - final.pdf,3,2565-0096
2565,2565-12-31,31 ธันวาคม 2565,แผนงานพื้นฐาน,รายจ่ายเพื่อบริหารงานประจำ,งบดำเนินงาน,ค่าใช้สอย,36,,5,รายการ,36. ค่าบำรุงรักษาระบบคอมพิวเตอร์,402556150.0,379382691.78,252602.48,ไม่ใช่,ไม่ใช่,,DOC-BUD-2565,1.3ผลเบิกจ่ายปี 2565 - final.pdf,3,2565-0097
2565,2565-12-31,31 ธันวาคม 2565,แผนงานพื้นฐาน,รายจ่ายเพื่อบริหารงานประจำ,งบดำเนินงาน,ค่าใช้สอย,1,36.,6,รายการ,1. ค่าจ้างบำรุงรักษาระบบสารสนเทศการจ่ายประโยชน์ทดแทน กรณีชราภาพ,1075200.0,1075200.0,,ใช่,ไม่ใช่,คงเหลือ,DOC-BUD-2565,1.3ผลเบิกจ่ายปี 2565 - final.pdf,3,2565-0098
2565,2565-12-31,31 ธันวาคม 2565,แผนงานพื้นฐาน,รายจ่ายเพื่อบริหารงานประจำ,งบดำเนินงาน,ค่าใช้สอย,2,36.,6,รายการ,2. ค่าจ้างบำรุงรักษาเครื่องคอมพิวเตอร์เมนเฟรมและอุปกรณ์ต่อพ่วง ศูนย์คอมพิวเตอร์หลัก และศูนย์คอมพิวเตอร์สำรอง,37053000.0,37053000.0,,ใช่,ไม่ใช่,คงเหลือ,DOC-BUD-2565,1.3ผลเบิกจ่ายปี 2565 - final.pdf,3,2565-0099
2565,2565-12-31,31 ธันวาคม 2565,แผนงานพื้นฐาน,รายจ่ายเพื่อบริหารงานประจำ,งบดำเนินงาน,ค่าใช้สอย,3,36.,6,รายการ,3. ค่าจ้างบำรุงรักษาโปรแกรม Sapiens ObjectPool,1428000.0,1428000.0,,ใช่,ไม่ใช่,คงเหลือ,DOC-BUD-2565,1.3ผลเบิกจ่ายปี 2565 - final.pdf,3,2565-0100
2565,2565-12-31,31 ธันวาคม 2565,แผนงานพื้นฐาน,รายจ่ายเพื่อบริหารงานประจำ,งบดำเนินงาน,ค่าใช้สอย,4,36.,6,รายการ,4. ค่าจ้างบำรุงรักษาโปรแกรม ViewDirect For OS/390,1446000.0,1446000.0,,ใช่,ไม่ใช่,คงเหลือ,DOC-BUD-2565,1.3ผลเบิกจ่ายปี 2565 - final.pdf,3,2565-0101
2565,2565-12-31,31 ธันวาคม 2565,แผนงานพื้นฐาน,รายจ่ายเพื่อบริหารงานประจำ,งบดำเนินงาน,ค่าใช้สอย,5,36.,6,รายการ,5. ค่าจ้างบำรุงรักษาระบบงานประกันสังคมบนเครื่องคอมพิวเตอร์เมนเฟรม,16200000.0,16200000.0,,ใช่,ไม่ใช่,คงเหลือ,DOC-BUD-2565,1.3ผลเบิกจ่ายปี 2565 - final.pdf,3,2565-0102
2565,2565-12-31,31 ธันวาคม 2565,แผนงานพื้นฐาน,รายจ่ายเพื่อบริหารงานประจำ,งบดำเนินงาน,ค่าใช้สอย,6,36.,6,รายการ,6. ค่าจ้างบำรุงรักษาและปรับปรุงระบบงานสารสนเทศเพื่อการจัดการ,463200.0,463200.0,,ใช่,ไม่ใช่,คงเหลือ,DOC-BUD-2565,1.3ผลเบิกจ่ายปี 2565 - final.pdf,3,2565-0103
2565,2565-12-31,31 ธันวาคม 2565,แผนงานพื้นฐาน,รายจ่ายเพื่อบริหารงานประจำ,งบดำเนินงาน,ค่าใช้สอย,7,36.,6,รายการ,7. ค่าจ้างบำรุงรักษาโปรแกรมบริหารการลงทุน,5780000.0,5779920.0,,ใช่,ไม่ใช่,คงเหลือ,DOC-BUD-2565,1.3ผลเบิกจ่ายปี 2565 - final.pdf,3,2565-0104
2565,2565-12-31,31 ธันวาคม 2565,แผนงานพื้นฐาน,รายจ่ายเพื่อบริหารงานประจำ,งบดำเนินงาน,ค่าใช้สอย,8,36.,6,รายการ,8. ค่าจ้างบำรุงรักษาระบบแปลงรายงาน (Reports Conversion),456000.0,456000.0,,ใช่,ไม่ใช่,คงเหลือ,DOC-BUD-2565,1.3ผลเบิกจ่ายปี 2565 - final.pdf,3,2565-0105
2565,2565-12-31,31 ธันวาคม 2565,แผนงานพื้นฐาน,รายจ่ายเพื่อบริหารงานประจำ,งบดำเนินงาน,ค่าใช้สอย,9,36.,6,รายการ,9. ค่าจ้างบำรุงรักษาโปรแกรม IBM Tivoli OmegaMon for CICS,894000.0,894000.0,,ใช่,ไม่ใช่,คงเหลือ,DOC-BUD-2565,1.3ผลเบิกจ่ายปี 2565 - final.pdf,3,2565-0106
2565,2565-12-31,31 ธันวาคม 2565,แผนงานพื้นฐาน,รายจ่ายเพื่อบริหารงานประจำ,งบดำเนินงาน,ค่าใช้สอย,10,36.,6,รายการ,10. ค่าจ้างบำรุงรักษาและปรับปรุงระบบสารสนเทศงานประกันสังคมตามมาตรา 40,4483200.0,4483200.0,,ใช่,ไม่ใช่,คงเหลือ,DOC-BUD-2565,1.3ผลเบิกจ่ายปี 2565 - final.pdf,3,2565-0107
2565,2565-12-31,31 ธันวาคม 2565,แผนงานพื้นฐาน,รายจ่ายเพื่อบริหารงานประจำ,งบดำเนินงาน,ค่าใช้สอย,11,36.,6,รายการ,11. ค่าจ้างบำรุงรักษาและปรับปรุงระบบสารสนเทศงานประกันสังคม กรณีว่างงาน,693000.0,690000.0,,ใช่,ไม่ใช่,คงเหลือ,DOC-BUD-2565,1.3ผลเบิกจ่ายปี 2565 - final.pdf,3,2565-0108
2565,2565-12-31,31 ธันวาคม 2565,แผนงานพื้นฐาน,รายจ่ายเพื่อบริหารงานประจำ,งบดำเนินงาน,ค่าใช้สอย,12,36.,6,รายการ,12. ค่าจ้างบำรงุรักษาและปรับปรุงระบบบริการอิเล็กทรอนิกส์,5160000.0,4987999.94,,ใช่,ไม่ใช่,คงเหลือ,DOC-BUD-2565,1.3ผลเบิกจ่ายปี 2565 - final.pdf,3,2565-0109
2565,2565-12-31,31 ธันวาคม 2565,แผนงานพื้นฐาน,รายจ่ายเพื่อบริหารงานประจำ,งบดำเนินงาน,ค่าใช้สอย,13,36.,6,รายการ,13. ค่าจ้างบำรุงรักษาระบบคอมพิวเตอร์พร้อมการรักษาความมั่นคงปลดดภัย ระดับคอมพิวเตอร์ลูกข่าย,29453000.0,22167617.32,,ใช่,ไม่ใช่,คงเหลือ,DOC-BUD-2565,1.3ผลเบิกจ่ายปี 2565 - final.pdf,4,2565-0110
2565,2565-12-31,31 ธันวาคม 2565,แผนงานพื้นฐาน,รายจ่ายเพื่อบริหารงานประจำ,งบดำเนินงาน,ค่าใช้สอย,14,36.,6,รายการ,14. ค่าจ้างบำรุงรักษาระบบคอมพิวเตอร์และบริหารศูนย์คอมพิวเตอร์ (Cloud),133850850.0,118868661.0,,ใช่,ไม่ใช่,คงเหลือ,DOC-BUD-2565,1.3ผลเบิกจ่ายปี 2565 - final.pdf,4,2565-0111
2565,2565-12-31,31 ธันวาคม 2565,แผนงานพื้นฐาน,รายจ่ายเพื่อบริหารงานประจำ,งบดำเนินงาน,ค่าใช้สอย,15,36.,6,รายการ,15. ค่าจ้างบำรุงรักษาและปรับปรุงระบบฐานข้อมูลเพื่อการบริหารงานประกันสังคม ในรูปบบ e-Service,5400000.0,5235000.0,,ใช่,ไม่ใช่,คงเหลือ,DOC-BUD-2565,1.3ผลเบิกจ่ายปี 2565 - final.pdf,4,2565-0112
2565,2565-12-31,31 ธันวาคม 2565,แผนงานพื้นฐาน,รายจ่ายเพื่อบริหารงานประจำ,งบดำเนินงาน,ค่าใช้สอย,16,36.,6,รายการ,16. ค่าจ้างบำรุงรักษาและปรับปรุงระบบบริหารการจัดทำแผนปฏิบัติราชการ และงบประมาณ สำนักงานประกันสังคม,996000.0,996000.0,,ใช่,ไม่ใช่,คงเหลือ,DOC-BUD-2565,1.3ผลเบิกจ่ายปี 2565 - final.pdf,4,2565-0113
2565,2565-12-31,31 ธันวาคม 2565,แผนงานพื้นฐาน,รายจ่ายเพื่อบริหารงานประจำ,งบดำเนินงาน,ค่าใช้สอย,17,36.,6,รายการ,17. ค่าจ้างบำรุงรักษาและปรับปรุงระบบงานสนับสนุน,2800000.0,2800000.0,,ใช่,ไม่ใช่,คงเหลือ,DOC-BUD-2565,1.3ผลเบิกจ่ายปี 2565 - final.pdf,4,2565-0114
2565,2565-12-31,31 ธันวาคม 2565,แผนงานพื้นฐาน,รายจ่ายเพื่อบริหารงานประจำ,งบดำเนินงาน,ค่าใช้สอย,18,36.,6,รายการ,18. ค่าจ้างบำรุงรักษาระบบการจ่ายค่าบริการทางการแพทย์เชื่อมโยงระบบ NCH (National Clearing House),1788000.0,1788000.0,,ใช่,ไม่ใช่,คงเหลือ,DOC-BUD-2565,1.3ผลเบิกจ่ายปี 2565 - final.pdf,4,2565-0115
2565,2565-12-31,31 ธันวาคม 2565,แผนงานพื้นฐาน,รายจ่ายเพื่อบริหารงานประจำ,งบดำเนินงาน,ค่าใช้สอย,19,36.,6,รายการ,19. ค่าจ้างบำรุงรักษาระบบการตรวจสอบเวชระเบียนอิเล็กทรอนิกส์,684800.0,684720.0,,ใช่,ไม่ใช่,คงเหลือ,DOC-BUD-2565,1.3ผลเบิกจ่ายปี 2565 - final.pdf,4,2565-0116
2565,2565-12-31,31 ธันวาคม 2565,แผนงานพื้นฐาน,รายจ่ายเพื่อบริหารงานประจำ,งบดำเนินงาน,ค่าใช้สอย,20,36.,6,รายการ,20. ค่าจ้างบำรุงรักษาและปรับปรุงระบบใบเสร็จรับเงินอิเล็กทรอนิกส์ (e-Receipt),694000.0,694000.0,,ใช่,ไม่ใช่,คงเหลือ,DOC-BUD-2565,1.3ผลเบิกจ่ายปี 2565 - final.pdf,4,2565-0117
2565,2565-12-31,31 ธันวาคม 2565,แผนงานพื้นฐาน,รายจ่ายเพื่อบริหารงานประจำ,งบดำเนินงาน,ค่าใช้สอย,21,36.,6,รายการ,21. ค่าจ้างบำรุงรักษาเว็บไซต์สำนักงานประกันสังคม (www.sso.go.th),1236000.0,1236000.0,,ใช่,ไม่ใช่,คงเหลือ,DOC-BUD-2565,1.3ผลเบิกจ่ายปี 2565 - final.pdf,4,2565-0118
2565,2565-12-31,31 ธันวาคม 2565,แผนงานพื้นฐาน,รายจ่ายเพื่อบริหารงานประจำ,งบดำเนินงาน,ค่าใช้สอย,22,36.,6,รายการ,22. ค่าจ้างบำรุงรักษาอุปกรณ์สนับสนุนศูนย์คอมพิวเตอร์หลัก,5900100.0,5647497.52,252602.48,ใช่,ไม่ใช่,,DOC-BUD-2565,1.3ผลเบิกจ่ายปี 2565 - final.pdf,4,2565-0119
2565,2565-12-31,31 ธันวาคม 2565,แผนงานพื้นฐาน,รายจ่ายเพื่อบริหารงานประจำ,งบดำเนินงาน,ค่าใช้สอย,23,36.,6,รายการ,23. ค่าจ้างบำรุงรักษาระบบสนับสนุนศูนย์คอมพิวเตอร์ (จังหวัดระยอง) พร้อมเชื่อมโยงเครือข่ายสัญญาณ เพื่อรับส่งข้อมูลระหว่างศูนย์คอมพิวเตอร์,80145000.0,79890000.0,,ใช่,ไม่ใช่,คงเหลือ,DOC-BUD-2565,1.3ผลเบิกจ่ายปี 2565 - final.pdf,4,2565-0120
2565,2565-12-31,31 ธันวาคม 2565,แผนงานพื้นฐาน,รายจ่ายเพื่อบริหารงานประจำ,งบดำเนินงาน,ค่าใช้สอย,24,36.,6,รายการ,24. ค่าจ้างบำรุงรักษาและปรับปรุงระบบข้อมูลการใช้บริการทางการแพทย์ ของผู้ประกันตน,762000.0,744000.0,,ใช่,ไม่ใช่,คงเหลือ,DOC-BUD-2565,1.3ผลเบิกจ่ายปี 2565 - final.pdf,4,2565-0121
2565,2565-12-31,31 ธันวาคม 2565,แผนงานพื้นฐาน,รายจ่ายเพื่อบริหารงานประจำ,งบดำเนินงาน,ค่าใช้สอย,25,36.,6,รายการ,25. ค่าจ้างบำรุงรักษาอุปกรณ์สำหรับเพิ่มประสิทธิภาพในการใช้งาน และบริหารจัดการผู้ใช้งานระบบเครือข่ายอินเทอร์เน็ต,852000.0,850650.0,,ใช่,ไม่ใช่,คงเหลือ,DOC-BUD-2565,1.3ผลเบิกจ่ายปี 2565 - final.pdf,4,2565-0122
2565,2565-12-31,31 ธันวาคม 2565,แผนงานพื้นฐาน,รายจ่ายเพื่อบริหารงานประจำ,งบดำเนินงาน,ค่าใช้สอย,26,36.,6,รายการ,26. ค่าจ้างบำรุงรักษาระบบจ่ายประโยชยน์ทดแทนค่าบริการทางการแพทย์ กรณีเจ็บป่วยฉุกเฉินวิกฤต (UCEP),504800.0,504780.0,,ใช่,ไม่ใช่,คงเหลือ,DOC-BUD-2565,1.3ผลเบิกจ่ายปี 2565 - final.pdf,4,2565-0123
2565,2565-12-31,31 ธันวาคม 2565,แผนงานพื้นฐาน,รายจ่ายเพื่อบริหารงานประจำ,งบดำเนินงาน,ค่าใช้สอย,27,36.,6,รายการ,27. ค่าจ้างบำรุงรักษาระบบจัดเก็บและแปลงเอกสารหลักฐานงานประกันสังคม จากรูปแบบกระดาษให้เป็นข้อมูลอิเล็กทรอนิกส์ ตามมาตรฐานภายใต้กรอบ ของกระทรวงดิจิทัลเพื่อเศรษฐกิจและสังคม (EDOC),1620000.0,1581246.0,,ใช่,ไม่ใช่,คงเหลือ,DOC-BUD-2565,1.3ผลเบิกจ่ายปี 2565 - final.pdf,4,2565-0124
2565,2565-12-31,31 ธันวาคม 2565,แผนงานพื้นฐาน,รายจ่ายเพื่อบริหารงานประจำ,งบดำเนินงาน,ค่าใช้สอย,28,36.,6,รายการ,28. ค่าเช่าระบบปฏิบัติการ OS/390,55242000.0,55242000.0,,ใช่,ไม่ใช่,คงเหลือ,DOC-BUD-2565,1.3ผลเบิกจ่ายปี 2565 - final.pdf,4,2565-0125
2565,2565-12-31,31 ธันวาคม 2565,แผนงานพื้นฐาน,รายจ่ายเพื่อบริหารงานประจำ,งบดำเนินงาน,ค่าใช้สอย,29,36.,6,รายการ,29. ค่าเช่าโปรแกรมสำหรรับควบคุมงานประมวลผลแบบ Batch,5496000.0,5496000.0,,ใช่,ไม่ใช่,คงเหลือ,DOC-BUD-2565,1.3ผลเบิกจ่ายปี 2565 - final.pdf,4,2565-0126
2565,2565-12-31,31 ธันวาคม 2565,แผนงานพื้นฐาน,รายจ่ายเพื่อบริหารงานประจำ,งบดำเนินงาน,ค่าใช้สอย,37,,5,รายการ,37. ค่าชดใช้ค่าเสียหาย,,44000.0,,ใช่,ไม่ใช่,จัดสรร; คงเหลือ,DOC-BUD-2565,1.3ผลเบิกจ่ายปี 2565 - final.pdf,4,2565-0127
2565,2565-12-31,31 ธันวาคม 2565,แผนงานพื้นฐาน,รายจ่ายเพื่อบริหารงานประจำ,งบดำเนินงาน,ค่าวัสดุ,,,4,หมวดค่าใช้จ่าย,- ค่าวัสดุ,153604700.0,145109383.35,4436116.78,ไม่ใช่,ใช่,,DOC-BUD-2565,1.3ผลเบิกจ่ายปี 2565 - final.pdf,4,2565-0128
2565,2565-12-31,31 ธันวาคม 2565,แผนงานพื้นฐาน,รายจ่ายเพื่อบริหารงานประจำ,งบดำเนินงาน,ค่าวัสดุ,1,,5,รายการ,1. วัสดุสำนักงาน,42882400.0,42269365.95,,ใช่,ไม่ใช่,,DOC-BUD-2565,1.3ผลเบิกจ่ายปี 2565 - final.pdf,4,2565-0129
2565,2565-12-31,31 ธันวาคม 2565,แผนงานพื้นฐาน,รายจ่ายเพื่อบริหารงานประจำ,งบดำเนินงาน,ค่าวัสดุ,2,,5,รายการ,2. วัสดุคอมพิวเตอร์,61559500.0,64822801.97,,ใช่,ไม่ใช่,,DOC-BUD-2565,1.3ผลเบิกจ่ายปี 2565 - final.pdf,4,2565-0130
2565,2565-12-31,31 ธันวาคม 2565,แผนงานพื้นฐาน,รายจ่ายเพื่อบริหารงานประจำ,งบดำเนินงาน,ค่าวัสดุ,3,,5,รายการ,3. วัสดุส่วนกลาง,4500000.0,4497477.67,1000.0,ใช่,ไม่ใช่,,DOC-BUD-2565,1.3ผลเบิกจ่ายปี 2565 - final.pdf,4,2565-0131
2565,2565-12-31,31 ธันวาคม 2565,แผนงานพื้นฐาน,รายจ่ายเพื่อบริหารงานประจำ,งบดำเนินงาน,ค่าวัสดุ,4,,5,รายการ,4. วัสดุแบบพิมพ์,11170600.0,7341571.14,1079589.46,ใช่,ไม่ใช่,,DOC-BUD-2565,1.3ผลเบิกจ่ายปี 2565 - final.pdf,4,2565-0132
2565,2565-12-31,31 ธันวาคม 2565,แผนงานพื้นฐาน,รายจ่ายเพื่อบริหารงานประจำ,งบดำเนินงาน,ค่าวัสดุ,5,,5,รายการ,5. ค่าหนังสืออิเล็กทรอนิกส์ (e-Book),150000.0,144813.0,,ใช่,ไม่ใช่,คงเหลือ,DOC-BUD-2565,1.3ผลเบิกจ่ายปี 2565 - final.pdf,4,2565-0133
2565,2565-12-31,31 ธันวาคม 2565,แผนงานพื้นฐาน,รายจ่ายเพื่อบริหารงานประจำ,งบดำเนินงาน,ค่าวัสดุ,6,,5,รายการ,6. วัสดุโฆษณาและเผยแพร่,1000000.0,913258.59,86741.41,ใช่,ไม่ใช่,,DOC-BUD-2565,1.3ผลเบิกจ่ายปี 2565 - final.pdf,4,2565-0134
2565,2565-12-31,31 ธันวาคม 2565,แผนงานพื้นฐาน,รายจ่ายเพื่อบริหารงานประจำ,งบดำเนินงาน,ค่าวัสดุ,7,,5,รายการ,7. วัสดุงานบ้านงานครัว,425000.0,218820.89,113273.72,ใช่,ไม่ใช่,,DOC-BUD-2565,1.3ผลเบิกจ่ายปี 2565 - final.pdf,4,2565-0135
2565,2565-12-31,31 ธันวาคม 2565,แผนงานพื้นฐาน,รายจ่ายเพื่อบริหารงานประจำ,งบดำเนินงาน,ค่าวัสดุ,8,,5,รายการ,8. วัสดุเกษตร,148000.0,113122.85,19877.15,ใช่,ไม่ใช่,,DOC-BUD-2565,1.3ผลเบิกจ่ายปี 2565 - final.pdf,4,2565-0136
2565,2565-12-31,31 ธันวาคม 2565,แผนงานพื้นฐาน,รายจ่ายเพื่อบริหารงานประจำ,งบดำเนินงาน,ค่าวัสดุ,9,,5,รายการ,9. วัสดุช่างและไฟฟ้า,841700.0,798118.07,20534.03,ใช่,ไม่ใช่,,DOC-BUD-2565,1.3ผลเบิกจ่ายปี 2565 - final.pdf,4,2565-0137
2565,2565-12-31,31 ธันวาคม 2565,แผนงานพื้นฐาน,รายจ่ายเพื่อบริหารงานประจำ,งบดำเนินงาน,ค่าวัสดุ,10,,5,รายการ,10. วัสดุก่อสร้าง,300000.0,299616.0,384.0,ใช่,ไม่ใช่,,DOC-BUD-2565,1.3ผลเบิกจ่ายปี 2565 - final.pdf,4,2565-0138
2565,2565-12-31,31 ธันวาคม 2565,แผนงานพื้นฐาน,รายจ่ายเพื่อบริหารงานประจำ,งบดำเนินงาน,ค่าวัสดุ,11,,5,รายการ,11. วัสดุน้ำมันเชื้อเพลิงและหล่อลื่น,30627500.0,23690417.22,3925741.51,ใช่,ไม่ใช่,,DOC-BUD-2565,1.3ผลเบิกจ่ายปี 2565 - final.pdf,4,2565-0139
2565,2565-12-31,31 ธันวาคม 2565,แผนงานพื้นฐาน,รายจ่ายเพื่อบริหารงานประจำ,งบดำเนินงาน,ค่าสาธารณูปโภค,,,4,หมวดค่าใช้จ่าย,- ค่าสาธารณูปโภค,200901100.0,176612194.13,18995023.64,ไม่ใช่,ใช่,,DOC-BUD-2565,1.3ผลเบิกจ่ายปี 2565 - final.pdf,4,2565-0140
2565,2565-12-31,31 ธันวาคม 2565,แผนงานพื้นฐาน,รายจ่ายเพื่อบริหารงานประจำ,งบดำเนินงาน,ค่าสาธารณูปโภค,1,,5,รายการ,1. ค่าไฟฟ้า,95736500.0,87032778.46,6858679.09,ใช่,ไม่ใช่,,DOC-BUD-2565,1.3ผลเบิกจ่ายปี 2565 - final.pdf,4,2565-0141
2565,2565-12-31,31 ธันวาคม 2565,แผนงานพื้นฐาน,รายจ่ายเพื่อบริหารงานประจำ,งบดำเนินงาน,ค่าสาธารณูปโภค,2,,5,รายการ,2. ค่าน้ำประปา,4383600.0,3430391.39,816202.98,ใช่,ไม่ใช่,,DOC-BUD-2565,1.3ผลเบิกจ่ายปี 2565 - final.pdf,4,2565-0142
2565,2565-12-31,31 ธันวาคม 2565,แผนงานพื้นฐาน,รายจ่ายเพื่อบริหารงานประจำ,งบดำเนินงาน,ค่าสาธารณูปโภค,3,,5,รายการ,3. ค่าโทรศัพท์,18769400.0,13426105.77,4424776.63,ใช่,ไม่ใช่,,DOC-BUD-2565,1.3ผลเบิกจ่ายปี 2565 - final.pdf,4,2565-0143
2565,2565-12-31,31 ธันวาคม 2565,แผนงานพื้นฐาน,รายจ่ายเพื่อบริหารงานประจำ,งบดำเนินงาน,ค่าสาธารณูปโภค,4,,5,รายการ,4. ค่าไปรษณีย์ภัณฑ์,79771400.0,71045189.71,6395646.76,ใช่,ไม่ใช่,,DOC-BUD-2565,1.3ผลเบิกจ่ายปี 2565 - final.pdf,4,2565-0144
2565,2565-12-31,31 ธันวาคม 2565,แผนงานพื้นฐาน,รายจ่ายเพื่อบริหารงานประจำ,งบดำเนินงาน,ค่าสาธารณูปโภค,5,,5,รายการ,5. ค่าบริการสื่อสารและโทรคมนาคม,1915200.0,1256158.8,426288.18,ใช่,ไม่ใช่,,DOC-BUD-2565,1.3ผลเบิกจ่ายปี 2565 - final.pdf,5,2565-0145
2565,2565-12-31,31 ธันวาคม 2565,แผนงานพื้นฐาน,รายจ่ายเพื่อบริหารงานประจำ,งบดำเนินงาน,ค่าสาธารณูปโภค,6,,5,รายการ,6. ค่าธรรมเนียมจ่ายคืนเงินสมทบกองทุนประกันสังคมทั่วประเทศผ่านธนาคาร,325000.0,421570.0,73430.0,ใช่,ไม่ใช่,,DOC-BUD-2565,1.3ผลเบิกจ่ายปี 2565 - final.pdf,5,2565-0146
2565,2565-12-31,31 ธันวาคม 2565,แผนงานพื้นฐาน,รายจ่ายเพื่อบริหารงานประจำ,งบลงทุน,,,,3,หมวดงบรายจ่าย,งบลงทุน,72489400.0,68903315.3,5369190.45,ไม่ใช่,ใช่,,DOC-BUD-2565,1.3ผลเบิกจ่ายปี 2565 - final.pdf,5,2565-0147
2565,2565-12-31,31 ธันวาคม 2565,แผนงานพื้นฐาน,รายจ่ายเพื่อบริหารงานประจำ,งบลงทุน,,1,,4,รายการ,1. ครุภัณฑ์,54518200.0,49729928.34,4271324.45,ใช่,ไม่ใช่,,DOC-BUD-2565,1.3ผลเบิกจ่ายปี 2565 - final.pdf,5,2565-0148
2565,2565-12-31,31 ธันวาคม 2565,แผนงานพื้นฐาน,รายจ่ายเพื่อบริหารงานประจำ,งบลงทุน,รายการที่ดิน/อาคาร/สิ่งก่อสร้าง,,,4,หมวดค่าใช้จ่าย,รายการที่ดิน/อาคาร/สิ่งก่อสร้าง,17971200.0,19173386.96,1097866.0,ไม่ใช่,ใช่,,DOC-BUD-2565,1.3ผลเบิกจ่ายปี 2565 - final.pdf,5,2565-0149
2565,2565-12-31,31 ธันวาคม 2565,แผนงานพื้นฐาน,รายจ่ายเพื่อบริหารงานประจำ,งบลงทุน,รายการที่ดิน/อาคาร/สิ่งก่อสร้าง,1,,5,รายการ,1. รายจ่ายเพื่อดัดแปลง ต่อเติมหรือปรับปรุงสิ่งก่อสร้าง,3911500.0,4615686.96,1097366.0,ใช่,ไม่ใช่,,DOC-BUD-2565,1.3ผลเบิกจ่ายปี 2565 - final.pdf,5,2565-0150
2565,2565-12-31,31 ธันวาคม 2565,แผนงานพื้นฐาน,รายจ่ายเพื่อบริหารงานประจำ,งบลงทุน,รายการที่ดิน/อาคาร/สิ่งก่อสร้าง,2,,5,รายการ,2. โครงการตกแต่งภายในอาคารสำนักงานประกันสังคมจังหวัดบึงกาฬ,11581000.0,11581000.0,,ใช่,ไม่ใช่,คงเหลือ,DOC-BUD-2565,1.3ผลเบิกจ่ายปี 2565 - final.pdf,5,2565-0151
2565,2565-12-31,31 ธันวาคม 2565,แผนงานพื้นฐาน,รายจ่ายเพื่อบริหารงานประจำ,งบลงทุน,รายการที่ดิน/อาคาร/สิ่งก่อสร้าง,3,,5,รายการ,3. ค่าจ้างออกแบบอาคารสำนักงานประกันสังคมจังหวัดภูเก็ต,2478700.0,2478700.0,,ใช่,ไม่ใช่,คงเหลือ,DOC-BUD-2565,1.3ผลเบิกจ่ายปี 2565 - final.pdf,5,2565-0152
2565,2565-12-31,31 ธันวาคม 2565,แผนงานพื้นฐาน,รายจ่ายเพื่อบริหารงานประจำ,งบลงทุน,รายการที่ดิน/อาคาร/สิ่งก่อสร้าง,4,,5,รายการ,4. ค่าจ้างออกแบบอาคารสำนักงานประกันสังคมจังหวัดระยอง สาขาปลวกแดง,,498000.0,500.0,ใช่,ไม่ใช่,จัดสรร,DOC-BUD-2565,1.3ผลเบิกจ่ายปี 2565 - final.pdf,5,2565-0153
2565,2565-12-31,31 ธันวาคม 2565,แผนงานพื้นฐาน,รายจ่ายเพื่อบริหารงานประจำ,งบเงินอุดหนุน,,,,3,หมวดงบรายจ่าย,งบเงินอุดหนุน,3000000.0,2000843.28,0.0,ไม่ใช่,ใช่,,DOC-BUD-2565,1.3ผลเบิกจ่ายปี 2565 - final.pdf,5,2565-0154
2565,2565-12-31,31 ธันวาคม 2565,แผนงานพื้นฐาน,รายจ่ายเพื่อบริหารงานประจำ,งบเงินอุดหนุน,,1,,4,รายการ,1. ค่าใช้จ่ายสนับสนุนการจัดงานวันแรงงานแห่งชาติให้กับศูนย์ประสานงานวันแรงงานแห่งชาติ,1000000.0,100000.0,,ใช่,ไม่ใช่,คงเหลือ,DOC-BUD-2565,1.3ผลเบิกจ่ายปี 2565 - final.pdf,5,2565-0155
2565,2565-12-31,31 ธันวาคม 2565,แผนงานพื้นฐาน,รายจ่ายเพื่อบริหารงานประจำ,งบเงินอุดหนุน,,2,,4,รายการ,2. ค่าสมาชิกสมาคมการประกันสังคมระหว่างประเทศ (ISSA),2000000.0,1900843.28,0.0,ใช่,ไม่ใช่,,DOC-BUD-2565,1.3ผลเบิกจ่ายปี 2565 - final.pdf,5,2565-0156
2565,2565-12-31,31 ธันวาคม 2565,แผนงานพื้นฐาน,รายจ่ายเพื่อบริหารงานประจำ,งบรายจ่ายอื่น,,,,3,หมวดงบรายจ่าย,งบรายจ่ายอื่น,42762100.0,79224611.35,7738722.48,ไม่ใช่,ใช่,,DOC-BUD-2565,1.3ผลเบิกจ่ายปี 2565 - final.pdf,5,2565-0157
2565,2565-12-31,31 ธันวาคม 2565,แผนงานพื้นฐาน,รายจ่ายเพื่อบริหารงานประจำ,งบรายจ่ายอื่น,,1,,4,รายการ,1. เงินอุดหนุนการออกกำลังกายและสันทนาการของข้าราชการและเจ้าหน้าที่,100000.0,49755.0,50245.0,ใช่,ไม่ใช่,,DOC-BUD-2565,1.3ผลเบิกจ่ายปี 2565 - final.pdf,5,2565-0158
2565,2565-12-31,31 ธันวาคม 2565,แผนงานพื้นฐาน,รายจ่ายเพื่อบริหารงานประจำ,งบรายจ่ายอื่น,,2,,4,รายการ,2. ค่าจ้างผู้เชี่ยวชาญด้านระบบความมั่นคงปลอดภัยระบบสารสนเทศ,2560000.0,1797600.0,762400.0,ใช่,ไม่ใช่,,DOC-BUD-2565,1.3ผลเบิกจ่ายปี 2565 - final.pdf,5,2565-0159
2565,2565-12-31,31 ธันวาคม 2565,แผนงานพื้นฐาน,รายจ่ายเพื่อบริหารงานประจำ,งบรายจ่ายอื่น,,3,,4,รายการ,3. โครงการจ้างรับ/ส่งและประมวลผลระบบเบิกจ่ายค่าบริการทางการแพทย์ กรณีแพทย์ผู้เชี่ยวชาญพิเศษเฉพาะทาง,3600000.0,3600000.0,,ใช่,ไม่ใช่,คงเหลือ,DOC-BUD-2565,1.3ผลเบิกจ่ายปี 2565 - final.pdf,5,2565-0160
2565,2565-12-31,31 ธันวาคม 2565,แผนงานพื้นฐาน,รายจ่ายเพื่อบริหารงานประจำ,งบรายจ่ายอื่น,,4,,4,รายการ,4. โครงการจ้างที่ปรึกษาทางการแพทย์ และที่ปรึกษาทางการพยาบาล,1500000.0,1500000.0,,ใช่,ไม่ใช่,คงเหลือ,DOC-BUD-2565,1.3ผลเบิกจ่ายปี 2565 - final.pdf,5,2565-0161
2565,2565-12-31,31 ธันวาคม 2565,แผนงานพื้นฐาน,รายจ่ายเพื่อบริหารงานประจำ,งบรายจ่ายอื่น,,5,,4,รายการ,5. โครงการจัดจ้างรับ/ส่งและประมวลผลข้อมูลการเบิกจ่ายค่าบริการทางการแพทย์ สำหรับการรักษาผู้ป่วยไตวายเรื้อรังระยะสุดท้าย กรณีบำบัดทดแทนไต,6850000.0,6850000.0,,ใช่,ไม่ใช่,คงเหลือ,DOC-BUD-2565,1.3ผลเบิกจ่ายปี 2565 - final.pdf,5,2565-0162
2565,2565-12-31,31 ธันวาคม 2565,แผนงานพื้นฐาน,รายจ่ายเพื่อบริหารงานประจำ,งบรายจ่ายอื่น,,6,,4,รายการ,6. โครงการจ้างวิเคราะห์การจัดกลุ่มวินิจฉัยโรคร่วมและน้ำหนักสัมพัทธ์ของผู้ป่วยใน และวิเคราะห์ข้อมูลผู้ป่วยในที่มีค่าใช้จ่ายสูงเกินปกติ,10812100.0,14685835.0,326265.0,ใช่,ไม่ใช่,,DOC-BUD-2565,1.3ผลเบิกจ่ายปี 2565 - final.pdf,5,2565-0163
2565,2565-12-31,31 ธันวาคม 2565,แผนงานพื้นฐาน,รายจ่ายเพื่อบริหารงานประจำ,งบรายจ่ายอื่น,,7,,4,รายการ,7. โครงการจ้างรับ-ส่งข้อมูลการใช้บริการทางการแพทย์ของผู้ประกันตนประเภท ผู้ป่วยนอกและข้อมูลบัญชีผู้ป่วยโรคเรื้อรัง,14250000.0,14250000.0,,ใช่,ไม่ใช่,คงเหลือ,DOC-BUD-2565,1.3ผลเบิกจ่ายปี 2565 - final.pdf,5,2565-0164
2565,2565-12-31,31 ธันวาคม 2565,แผนงานพื้นฐาน,รายจ่ายเพื่อบริหารงานประจำ,งบรายจ่ายอื่น,,8,,4,รายการ,8. โครงการจัดจ้างรับ-ส่งและประมวลผลข้อมูลบริการทางการแพทย์แก่ผู้ประกันตน เพื่อการเบิกจ่ายค่าบริการทางการแพทย์กรณีปลูกถ่ายอวัยวะและกรณีค่ายาแฟคเตอร์,2190000.0,2190000.0,,ใช่,ไม่ใช่,คงเหลือ,DOC-BUD-2565,1.3ผลเบิกจ่ายปี 2565 - final.pdf,5,2565-0165
2565,2565-12-31,31 ธันวาคม 2565,แผนงานพื้นฐาน,รายจ่ายเพื่อบริหารงานประจำ,งบรายจ่ายอื่น,,9,,4,รายการ,9. โครงการจ้างที่ปรึกษาด้านการบริหารทรัพยากรบุคคลของสำนักงานประกันสังคม,450000.0,450000.0,,ใช่,ไม่ใช่,คงเหลือ,DOC-BUD-2565,1.3ผลเบิกจ่ายปี 2565 - final.pdf,5,2565-0166
2565,2565-12-31,31 ธันวาคม 2565,แผนงานพื้นฐาน,รายจ่ายเพื่อบริหารงานประจำ,งบรายจ่ายอื่น,,10,,4,รายการ,10. โครงการจ้างที่ปรึกษาด้านการพัฒนาและเสริมสร้างธรรมาภิบาลของสำนักงานประกันสังคม,450000.0,450000.0,,ใช่,ไม่ใช่,คงเหลือ,DOC-BUD-2565,1.3ผลเบิกจ่ายปี 2565 - final.pdf,5,2565-0167
2565,2565-12-31,31 ธันวาคม 2565,แผนงานพื้นฐาน,รายจ่ายเพื่อบริหารงานประจำ,งบรายจ่ายอื่น,,11,,4,รายการ,11. ค่าใช้จ่ายในการประชุม สัมมนา ฝึกอบรมและเจรจาธุรกิจของข้าราชการ เจ้าหน้าที่ และผู้ที่เกี่ยวข้อง,,6138737.78,5046672.22,ใช่,ไม่ใช่,จัดสรร,DOC-BUD-2565,1.3ผลเบิกจ่ายปี 2565 - final.pdf,5,2565-0168
2565,2565-12-31,31 ธันวาคม 2565,แผนงานพื้นฐาน,รายจ่ายเพื่อบริหารงานประจำ,งบรายจ่ายอื่น,,12,,4,รายการ,12. ค่าใช้จ่ายในการหารือ แลกเปลี่ยนนโยบายและประสบการณ์ด้านการประกันสังคม ของคณะกรรมการ อนุกรรมการ เจ้าหน้าที่และผู้ที่เกี่ยวข้อง ณ ต่างประเทศ,,15683552.83,725751.0,ใช่,ไม่ใช่,จัดสรร,DOC-BUD-2565,1.3ผลเบิกจ่ายปี 2565 - final.pdf,5,2565-0169
2565,2565-12-31,31 ธันวาคม 2565,แผนงานพื้นฐาน,รายจ่ายเพื่อบริหารงานประจำ,งบรายจ่ายอื่น,,13,,4,รายการ,13. ค่าใช้จ่ายสนับสนุนการเข้าร่วมประชุมหรือฝึกอบรมของเจ้าหน้าที่และผู้ที่เกี่ยวข้อง ในต่างประเทศ,,100000.0,,ใช่,ไม่ใช่,จัดสรร; คงเหลือ,DOC-BUD-2565,1.3ผลเบิกจ่ายปี 2565 - final.pdf,5,2565-0170
2565,2565-12-31,31 ธันวาคม 2565,แผนงานพื้นฐาน,รายจ่ายเพื่อบริหารงานประจำ,งบรายจ่ายอื่น,,14,,4,รายการ,14. ค่าใช้จ่ายในการเดินทางไปราชการต่างประเทศ เพื่อศึกษาดูงานแลกเปลี่ยนเรียนรู้ประสบการณ์,,3536030.74,61149.26,ใช่,ไม่ใช่,จัดสรร,DOC-BUD-2565,1.3ผลเบิกจ่ายปี 2565 - final.pdf,5,2565-0171
2565,2565-12-31,31 ธันวาคม 2565,แผนงานพื้นฐาน,รายจ่ายเพื่อบริหารงานประจำ,งบรายจ่ายอื่น,,15,,4,รายการ,15. ค่าใช้จ่ายในการดูงานการประกันสังคมของคณะกรรมการ คณะอนุกรรมการ เจ้าหน้าที่ และผู้ที่เกี่ยวข้อง ณ ต่างประเทศ,,7943100.0,766240.0,ใช่,ไม่ใช่,จัดสรร,DOC-BUD-2565,1.3ผลเบิกจ่ายปี 2565 - final.pdf,5,2565-0172
2565,2565-12-31,31 ธันวาคม 2565,แผนงานยุทธศาสตร์,,,,,,1,แผนงาน,แผนงานยุทธศาสตร์,2076432050.0,2004585610.89,78711105.44,ไม่ใช่,ใช่,,DOC-BUD-2565,1.3ผลเบิกจ่ายปี 2565 - final.pdf,6,2565-0173
2565,2565-12-31,31 ธันวาคม 2565,แผนงานยุทธศาสตร์,โครงการต่อเนื่อง,,,,,2,กลุ่มรายจ่าย,โครงการต่อเนื่อง,627162330.0,627829869.9,1075960.1,ไม่ใช่,ใช่,,DOC-BUD-2565,1.3ผลเบิกจ่ายปี 2565 - final.pdf,6,2565-0174
2565,2565-12-31,31 ธันวาคม 2565,แผนงานยุทธศาสตร์,โครงการต่อเนื่อง,งบดำเนินงาน,,,,3,หมวดงบรายจ่าย,งบดำเนินงาน,195776700.0,195776700.0,,ไม่ใช่,ใช่,คงเหลือ,DOC-BUD-2565,1.3ผลเบิกจ่ายปี 2565 - final.pdf,6,2565-0175
2565,2565-12-31,31 ธันวาคม 2565,แผนงานยุทธศาสตร์,โครงการต่อเนื่อง,งบดำเนินงาน,,,,4,รายการ,- ค่าใช้สอย,195776700.0,195776700.0,,ไม่ใช่,ไม่ใช่,คงเหลือ,DOC-BUD-2565,1.3ผลเบิกจ่ายปี 2565 - final.pdf,6,2565-0176
2565,2565-12-31,31 ธันวาคม 2565,แผนงานยุทธศาสตร์,โครงการต่อเนื่อง,งบดำเนินงาน,,1,,5,รายการ,1. โครงการบริการข้อมูลประกันสังคม Contact Center 1506 สู่เป้าหมายรายบุคคล,131786700.0,131786700.0,,ใช่,ไม่ใช่,คงเหลือ,DOC-BUD-2565,1.3ผลเบิกจ่ายปี 2565 - final.pdf,6,2565-0177
2565,2565-12-31,31 ธันวาคม 2565,แผนงานยุทธศาสตร์,โครงการต่อเนื่อง,งบดำเนินงาน,,2,,5,รายการ,2. โครงการบริหารสื่อออนไลน์และการสื่อสาร เพื่อส่งเสริมภาพลักษณ์สำนักงานประกันสังคม,9990000.0,9990000.0,,ใช่,ไม่ใช่,คงเหลือ,DOC-BUD-2565,1.3ผลเบิกจ่ายปี 2565 - final.pdf,6,2565-0178
2565,2565-12-31,31 ธันวาคม 2565,แผนงานยุทธศาสตร์,โครงการต่อเนื่อง,งบดำเนินงาน,,3,,5,รายการ,3. โครงการเช่าใช้ระบบประมวลผล (CPU) บนเครื่องคอมพิวเตอร์เมนเฟรม เพื่อรองรับการให้บริการระบบกองทุนประกันสังคม,54000000.0,54000000.0,,ใช่,ไม่ใช่,คงเหลือ,DOC-BUD-2565,1.3ผลเบิกจ่ายปี 2565 - final.pdf,6,2565-0179
2565,2565-12-31,31 ธันวาคม 2565,แผนงานยุทธศาสตร์,โครงการต่อเนื่อง,งบลงทุน,,,,3,หมวดงบรายจ่าย,งบลงทุน,415847130.0,415847129.9,0.1,ไม่ใช่,ใช่,,DOC-BUD-2565,1.3ผลเบิกจ่ายปี 2565 - final.pdf,6,2565-0180
2565,2565-12-31,31 ธันวาคม 2565,แผนงานยุทธศาสตร์,โครงการต่อเนื่อง,งบลงทุน,,1,,4,รายการ,1. โครงการจัดทำระบบการเบิกจ่ายประโยชน์ทดแทนด้วยตนเองของผู้ประกันตน ผ่านระบบอิเล็กทรอนิกส์ (e-self service) กองทุนประกันสังคม,39100000.0,39100000.0,,ใช่,ไม่ใช่,คงเหลือ,DOC-BUD-2565,1.3ผลเบิกจ่ายปี 2565 - final.pdf,6,2565-0181
2565,2565-12-31,31 ธันวาคม 2565,แผนงานยุทธศาสตร์,โครงการต่อเนื่อง,งบลงทุน,,2,,4,รายการ,2. โครงการบูรณาการคลังข้อมูลบิ๊กดาต้าองค์กรและระบบสนับสนุนการตัดสินใจ,29955000.0,29955000.0,,ใช่,ไม่ใช่,คงเหลือ,DOC-BUD-2565,1.3ผลเบิกจ่ายปี 2565 - final.pdf,6,2565-0182
2565,2565-12-31,31 ธันวาคม 2565,แผนงานยุทธศาสตร์,โครงการต่อเนื่อง,งบลงทุน,,3,,4,รายการ,3. โครงการจัดตั้งศูนย์กลางเฝ้าระวังและรับมือภัยคุกคามความปลอดภัยคอมพิวเตอร์ (SSO Security Operation Center),10761000.0,10760999.9,0.1,ใช่,ไม่ใช่,,DOC-BUD-2565,1.3ผลเบิกจ่ายปี 2565 - final.pdf,6,2565-0183
2565,2565-12-31,31 ธันวาคม 2565,แผนงานยุทธศาสตร์,โครงการต่อเนื่อง,งบลงทุน,,4,,4,รายการ,4. โครงการพัฒนา ITIL และแผนการดำเนินงานต่อเนื่องของระบบสารสนเทศ IT - BCP (IT Business Continuity Plan),18250000.0,18250000.0,,ใช่,ไม่ใช่,คงเหลือ,DOC-BUD-2565,1.3ผลเบิกจ่ายปี 2565 - final.pdf,6,2565-0184
2565,2565-12-31,31 ธันวาคม 2565,แผนงานยุทธศาสตร์,โครงการต่อเนื่อง,งบลงทุน,,5,,4,รายการ,5. โครงการพัฒนาแพลตฟอร์มดิจิทัลกลางเชื่อมต่อบริการประกันสังคมให้แก่ผู้ประกันตน อย่างเจาะจง,110521400.0,110521400.0,,ใช่,ไม่ใช่,คงเหลือ,DOC-BUD-2565,1.3ผลเบิกจ่ายปี 2565 - final.pdf,6,2565-0185
2565,2565-12-31,31 ธันวาคม 2565,แผนงานยุทธศาสตร์,โครงการต่อเนื่อง,งบลงทุน,,6,,4,รายการ,6. โครงการพัฒนาระบบสารสนเทศเพื่อการบริหารจัดการองค์กร,35000000.0,35000000.0,,ใช่,ไม่ใช่,คงเหลือ,DOC-BUD-2565,1.3ผลเบิกจ่ายปี 2565 - final.pdf,6,2565-0186
2565,2565-12-31,31 ธันวาคม 2565,แผนงานยุทธศาสตร์,โครงการต่อเนื่อง,งบลงทุน,,7,,4,รายการ,7. โครงการพัฒนาระบบการจัดการข้อมูลเพื่อให้สอดคล้องกับพระราชบัญญัติคุ้มครองข้อมูล ส่วนบุคคล พ.ศ. 2562,24000000.0,24000000.0,,ใช่,ไม่ใช่,คงเหลือ,DOC-BUD-2565,1.3ผลเบิกจ่ายปี 2565 - final.pdf,6,2565-0187
2565,2565-12-31,31 ธันวาคม 2565,แผนงานยุทธศาสตร์,โครงการต่อเนื่อง,งบลงทุน,,8,,4,รายการ,8. โครงการจัดหาและพัฒนาระบบสารสนเทศภูมิศาสตร์เพื่อการวิจัยและกำหนดนโยบาย ของสำนักงานประกันสังคม,79151080.0,79151080.0,,ใช่,ไม่ใช่,คงเหลือ,DOC-BUD-2565,1.3ผลเบิกจ่ายปี 2565 - final.pdf,6,2565-0188
2565,2565-12-31,31 ธันวาคม 2565,แผนงานยุทธศาสตร์,โครงการต่อเนื่อง,งบลงทุน,,9,,4,รายการ,9. โครงการพัฒนาระบบการให้บริการทางการแพทย์,69108650.0,69108650.0,,ใช่,ไม่ใช่,คงเหลือ,DOC-BUD-2565,1.3ผลเบิกจ่ายปี 2565 - final.pdf,6,2565-0189
2565,2565-12-31,31 ธันวาคม 2565,แผนงานยุทธศาสตร์,โครงการต่อเนื่อง,งบรายจ่ายอื่น,,,,3,หมวดงบรายจ่าย,งบรายจ่ายอื่น,15538500.0,16206040.0,1075960.0,ไม่ใช่,ใช่,,DOC-BUD-2565,1.3ผลเบิกจ่ายปี 2565 - final.pdf,6,2565-0190
2565,2565-12-31,31 ธันวาคม 2565,แผนงานยุทธศาสตร์,โครงการต่อเนื่อง,งบรายจ่ายอื่น,,1,,4,รายการ,1. โครงการเพิ่มประสิทธิภาพในงานด้านคณิตศาสตร์ประกันภัย,10461000.0,11133040.0,1071460.0,ใช่,ไม่ใช่,,DOC-BUD-2565,1.3ผลเบิกจ่ายปี 2565 - final.pdf,6,2565-0191
2565,2565-12-31,31 ธันวาคม 2565,แผนงานยุทธศาสตร์,โครงการต่อเนื่อง,งบรายจ่ายอื่น,,2,,4,รายการ,2. โครงการดำเนินการจัดทำมาตรฐานห้อง Data Center สู่ระบบ ISO 27001 (1 สค.62 - 31 กค.65),412500.0,412500.0,,ใช่,ไม่ใช่,คงเหลือ,DOC-BUD-2565,1.3ผลเบิกจ่ายปี 2565 - final.pdf,6,2565-0192
2565,2565-12-31,31 ธันวาคม 2565,แผนงานยุทธศาสตร์,โครงการต่อเนื่อง,งบรายจ่ายอื่น,,3,,4,รายการ,3. โครงการดำเนินการจัดทำมาตรฐานห้อง Data Center สู่ระบบ ISO 27001,165000.0,160500.0,4500.0,ใช่,ไม่ใช่,,DOC-BUD-2565,1.3ผลเบิกจ่ายปี 2565 - final.pdf,6,2565-0193
2565,2565-12-31,31 ธันวาคม 2565,แผนงานยุทธศาสตร์,โครงการต่อเนื่อง,งบรายจ่ายอื่น,,4,,4,รายการ,4. โครงการจ้างที่ปรึกษาวิเคราะห์การปรับเปลี่ยนระบบโปรแกรมบริหารการลงทุน,4500000.0,4500000.0,,ใช่,ไม่ใช่,คงเหลือ,DOC-BUD-2565,1.3ผลเบิกจ่ายปี 2565 - final.pdf,6,2565-0194
2565,2565-12-31,31 ธันวาคม 2565,แผนงานยุทธศาสตร์,รายจ่ายเพื่อบริหารงาน,,,,,2,กลุ่มรายจ่าย,รายจ่ายเพื่อบริหารงาน,1449269720.0,1376755740.99,77635145.34,ไม่ใช่,ใช่,,DOC-BUD-2565,1.3ผลเบิกจ่ายปี 2565 - final.pdf,6,2565-0195
2565,2565-12-31,31 ธันวาคม 2565,แผนงานยุทธศาสตร์,รายจ่ายเพื่อบริหารงาน,งบดำเนินงาน,,,,3,หมวดงบรายจ่าย,งบดำเนินงาน,852814320.0,798204262.26,66526383.34,ไม่ใช่,ใช่,,DOC-BUD-2565,1.3ผลเบิกจ่ายปี 2565 - final.pdf,6,2565-0196
2565,2565-12-31,31 ธันวาคม 2565,แผนงานยุทธศาสตร์,รายจ่ายเพื่อบริหารงาน,งบดำเนินงาน,ค่าตอบแทน,,,4,หมวดค่าใช้จ่าย,- ค่าตอบแทน,1560000.0,519116.0,1028209.0,ไม่ใช่,ใช่,,DOC-BUD-2565,1.3ผลเบิกจ่ายปี 2565 - final.pdf,6,2565-0197
2565,2565-12-31,31 ธันวาคม 2565,แผนงานยุทธศาสตร์,รายจ่ายเพื่อบริหารงาน,งบดำเนินงาน,ค่าตอบแทน,,,5,รายละเอียดของแถวบน,- ค่าตอบแทนส่งเสริมสนับสนุนการปฏิบัติงานให้แก่เครือข่ายประกันสังคมตามมาตรา 40,1560000.0,519116.0,1028209.0,ใช่,ใช่,,DOC-BUD-2565,1.3ผลเบิกจ่ายปี 2565 - final.pdf,6,2565-0198
2565,2565-12-31,31 ธันวาคม 2565,แผนงานยุทธศาสตร์,รายจ่ายเพื่อบริหารงาน,งบดำเนินงาน,ค่าใช้สอย,,,4,หมวดค่าใช้จ่าย,- ค่าใช้สอย,380392520.0,334216838.11,28252063.65,ไม่ใช่,ใช่,,DOC-BUD-2565,1.3ผลเบิกจ่ายปี 2565 - final.pdf,6,2565-0199
2565,2565-12-31,31 ธันวาคม 2565,แผนงานยุทธศาสตร์,รายจ่ายเพื่อบริหารงาน,งบดำเนินงาน,ค่าใช้สอย,1,,5,รายการ,1. โครงการส่งเสริมการจ้างงานผู้สูงอายุเข้าทำงานกับสำนักงานประกันสังคม,52984800.0,47614981.35,3631449.15,ใช่,ไม่ใช่,,DOC-BUD-2565,1.3ผลเบิกจ่ายปี 2565 - final.pdf,6,2565-0200
2565,2565-12-31,31 ธันวาคม 2565,แผนงานยุทธศาสตร์,รายจ่ายเพื่อบริหารงาน,งบดำเนินงาน,ค่าใช้สอย,2,,5,รายการ,2. โครงการส่งเสริมสุขภาพป้องกันโรคเชิงรุก,5670000.0,5304875.68,303078.02,ใช่,ไม่ใช่,,DOC-BUD-2565,1.3ผลเบิกจ่ายปี 2565 - final.pdf,6,2565-0201
2565,2565-12-31,31 ธันวาคม 2565,แผนงานยุทธศาสตร์,รายจ่ายเพื่อบริหารงาน,งบดำเนินงาน,ค่าใช้สอย,3,,5,รายการ,3. โครงการประชุมวิชาการประกันสังคม,1030000.0,3877435.75,1040199.25,ใช่,ไม่ใช่,,DOC-BUD-2565,1.3ผลเบิกจ่ายปี 2565 - final.pdf,6,2565-0202
2565,2565-12-31,31 ธันวาคม 2565,แผนงานยุทธศาสตร์,รายจ่ายเพื่อบริหารงาน,งบดำเนินงาน,ค่าใช้สอย,4,,5,รายการ,4. ค่าใช้จ่ายในการจัดประชุม อบรม สัมมนาและค่าอาหารว่าง,45164500.0,41921605.77,4536302.34,ไม่ใช่,ไม่ใช่,,DOC-BUD-2565,1.3ผลเบิกจ่ายปี 2565 - final.pdf,6,2565-0203
2565,2565-12-31,31 ธันวาคม 2565,แผนงานยุทธศาสตร์,รายจ่ายเพื่อบริหารงาน,งบดำเนินงาน,ค่าใช้สอย,4.1,4.,6,รายการ,4.1 ค่าใช้จ่ายในการจัดฝึกอบรม สัมมนา และค่าอาหารว่าง,18192700.0,17926311.26,3966767.32,ไม่ใช่,ไม่ใช่,,DOC-BUD-2565,1.3ผลเบิกจ่ายปี 2565 - final.pdf,6,2565-0204
2565,2565-12-31,31 ธันวาคม 2565,แผนงานยุทธศาสตร์,รายจ่ายเพื่อบริหารงาน,งบดำเนินงาน,ค่าใช้สอย,1,4. > 4.1.,7,รายการ,1. โครงการอบรมข้าราชการบรรจุใหม่ของ สปส.,1565000.0,1373419.94,191580.06,ใช่,ไม่ใช่,,DOC-BUD-2565,1.3ผลเบิกจ่ายปี 2565 - final.pdf,6,2565-0205
2565,2565-12-31,31 ธันวาคม 2565,แผนงานยุทธศาสตร์,รายจ่ายเพื่อบริหารงาน,งบดำเนินงาน,ค่าใช้สอย,2,4. > 4.1.,7,รายการ,2. โครงการสัมมนาผู้บริหารสำนักงานประกันสังคม,2982000.0,1841233.3,1140766.7,ใช่,ไม่ใช่,,DOC-BUD-2565,1.3ผลเบิกจ่ายปี 2565 - final.pdf,6,2565-0206
2565,2565-12-31,31 ธันวาคม 2565,แผนงานยุทธศาสตร์,รายจ่ายเพื่อบริหารงาน,งบดำเนินงาน,ค่าใช้สอย,3,4. > 4.1.,7,รายการ,3. โครงการนักปฏิบัติการประกันสังคมต้นแบบ Social Security Model Officers,408700.0,,,ใช่,ไม่ใช่,รวมเบิกจ่ายและผูกพัน; คงเหลือ,DOC-BUD-2565,1.3ผลเบิกจ่ายปี 2565 - final.pdf,6,2565-0207
2565,2565-12-31,31 ธันวาคม 2565,แผนงานยุทธศาสตร์,รายจ่ายเพื่อบริหารงาน,งบดำเนินงาน,ค่าใช้สอย,4,4. > 4.1.,7,รายการ,4. โครงการบุคลากรประกันสังคมต้นแบบ,408700.0,,,ใช่,ไม่ใช่,รวมเบิกจ่ายและผูกพัน; คงเหลือ,DOC-BUD-2565,1.3ผลเบิกจ่ายปี 2565 - final.pdf,7,2565-0208
2565,2565-12-31,31 ธันวาคม 2565,แผนงานยุทธศาสตร์,รายจ่ายเพื่อบริหารงาน,งบดำเนินงาน,ค่าใช้สอย,5,4. > 4.1.,7,รายการ,5. โครงการบุคลากรประกันสังคมบรรจุใหม่,1172800.0,695643.78,,ใช่,ไม่ใช่,คงเหลือ,DOC-BUD-2565,1.3ผลเบิกจ่ายปี 2565 - final.pdf,7,2565-0209
2565,2565-12-31,31 ธันวาคม 2565,แผนงานยุทธศาสตร์,รายจ่ายเพื่อบริหารงาน,งบดำเนินงาน,ค่าใช้สอย,6,4. > 4.1.,7,รายการ,6. โครงการเตรียมพร้อมก่อนเกษียณบุคลากรประกันสังคม,486900.0,,486900.0,ใช่,ไม่ใช่,รวมเบิกจ่ายและผูกพัน,DOC-BUD-2565,1.3ผลเบิกจ่ายปี 2565 - final.pdf,7,2565-0210
2565,2565-12-31,31 ธันวาคม 2565,แผนงานยุทธศาสตร์,รายจ่ายเพื่อบริหารงาน,งบดำเนินงาน,ค่าใช้สอย,7,4. > 4.1.,7,รายการ,7. โครงการพัฒนาทักษะภาษาต่างประเทศ,2500000.0,1109400.0,860900.0,ใช่,ไม่ใช่,,DOC-BUD-2565,1.3ผลเบิกจ่ายปี 2565 - final.pdf,7,2565-0211
2565,2565-12-31,31 ธันวาคม 2565,แผนงานยุทธศาสตร์,รายจ่ายเพื่อบริหารงาน,งบดำเนินงาน,ค่าใช้สอย,8,4. > 4.1.,7,รายการ,8. โครงการ Service Smart Smile (3S)การพัฒนาศักยภาพเจ้าหน้าที่ผู้ปฏิบัติงาน ด้านบริการ,694200.0,,694200.0,ใช่,ไม่ใช่,รวมเบิกจ่ายและผูกพัน,DOC-BUD-2565,1.3ผลเบิกจ่ายปี 2565 - final.pdf,7,2565-0212
2565,2565-12-31,31 ธันวาคม 2565,แผนงานยุทธศาสตร์,รายจ่ายเพื่อบริหารงาน,งบดำเนินงาน,ค่าใช้สอย,9,4. > 4.1.,7,รายการ,9. โครงการดำเนินการทางวินัยสำหรับเจ้าหน้าที่สำนักงานประกันสังคม พ.ศ. 2565,620000.0,475127.0,,ใช่,ไม่ใช่,คงเหลือ,DOC-BUD-2565,1.3ผลเบิกจ่ายปี 2565 - final.pdf,7,2565-0213
2565,2565-12-31,31 ธันวาคม 2565,แผนงานยุทธศาสตร์,รายจ่ายเพื่อบริหารงาน,งบดำเนินงาน,ค่าใช้สอย,10,4. > 4.1.,7,รายการ,10. โครงการพัฒนาสมรรถนะบุคลากรด้านการบริหารงานงบประมาณ และแผนปฏิบัติราชการ,1353000.0,53320.0,,ใช่,ไม่ใช่,คงเหลือ,DOC-BUD-2565,1.3ผลเบิกจ่ายปี 2565 - final.pdf,7,2565-0214
2565,2565-12-31,31 ธันวาคม 2565,แผนงานยุทธศาสตร์,รายจ่ายเพื่อบริหารงาน,งบดำเนินงาน,ค่าใช้สอย,11,4. > 4.1.,7,รายการ,11. โครงการอบรมเชิงปฏิบัติการเพื่อการเพิ่มประสิทธิภาพงานวินิจฉัยประโยชน์ทดแทน,1680000.0,1493810.4,673.2,ใช่,ไม่ใช่,,DOC-BUD-2565,1.3ผลเบิกจ่ายปี 2565 - final.pdf,7,2565-0215
2565,2565-12-31,31 ธันวาคม 2565,แผนงานยุทธศาสตร์,รายจ่ายเพื่อบริหารงาน,งบดำเนินงาน,ค่าใช้สอย,12,4. > 4.1.,7,รายการ,12. โครงการประชุมเชิงปฏิบัติการบริหารจัดการความเสี่ยงด้านงานประโยชน์ทดแทน,326100.0,300741.2,,ใช่,ไม่ใช่,คงเหลือ,DOC-BUD-2565,1.3ผลเบิกจ่ายปี 2565 - final.pdf,7,2565-0216
2565,2565-12-31,31 ธันวาคม 2565,แผนงานยุทธศาสตร์,รายจ่ายเพื่อบริหารงาน,งบดำเนินงาน,ค่าใช้สอย,13,4. > 4.1.,7,รายการ,13. โครงการฝึกอบรมหลักสูตร การพัฒนาทักษะการปฏิบัติงานของผู้ตรวจสอบภายใน,106800.0,82188.4,,ใช่,ไม่ใช่,คงเหลือ,DOC-BUD-2565,1.3ผลเบิกจ่ายปี 2565 - final.pdf,7,2565-0217
2565,2565-12-31,31 ธันวาคม 2565,แผนงานยุทธศาสตร์,รายจ่ายเพื่อบริหารงาน,งบดำเนินงาน,ค่าใช้สอย,14,4. > 4.1.,7,รายการ,14. โครงการพัฒนาสมรรถนะผู้ปฏิบัติงานด้านกฎหมาย,411400.0,333233.0,5327.0,ใช่,ไม่ใช่,,DOC-BUD-2565,1.3ผลเบิกจ่ายปี 2565 - final.pdf,7,2565-0218
2565,2565-12-31,31 ธันวาคม 2565,แผนงานยุทธศาสตร์,รายจ่ายเพื่อบริหารงาน,งบดำเนินงาน,ค่าใช้สอย,15,4. > 4.1.,7,รายการ,15. โครงการพัฒนาสมรรถนะบุคลากรด้านการบริหารพัสดุ,2013000.0,1904326.4,,ใช่,ไม่ใช่,คงเหลือ,DOC-BUD-2565,1.3ผลเบิกจ่ายปี 2565 - final.pdf,7,2565-0219
2565,2565-12-31,31 ธันวาคม 2565,แผนงานยุทธศาสตร์,รายจ่ายเพื่อบริหารงาน,งบดำเนินงาน,ค่าใช้สอย,16,4. > 4.1.,7,รายการ,16. โครงการพัฒนาคุณภาพการบริหารจัดการภาครัฐของสำนักงานประกันสังคม ตามเกณฑ์คุณภาพการบริหารจัดการภาครัฐ (PMQA),528400.0,414694.16,113705.84,ใช่,ไม่ใช่,,DOC-BUD-2565,1.3ผลเบิกจ่ายปี 2565 - final.pdf,7,2565-0220
2565,2565-12-31,31 ธันวาคม 2565,แผนงานยุทธศาสตร์,รายจ่ายเพื่อบริหารงาน,งบดำเนินงาน,ค่าใช้สอย,17,4. > 4.1.,7,รายการ,17. โครงการทบทวน บทบาท ภารกิจและรูปแบบการดำเนินงานของสำนักงานประกันสังคม,285700.0,273365.0,,ใช่,ไม่ใช่,คงเหลือ,DOC-BUD-2565,1.3ผลเบิกจ่ายปี 2565 - final.pdf,7,2565-0221
2565,2565-12-31,31 ธันวาคม 2565,แผนงานยุทธศาสตร์,รายจ่ายเพื่อบริหารงาน,งบดำเนินงาน,ค่าใช้สอย,18,4. > 4.1.,7,รายการ,18. โครงการยกระดับผลงานการบริการภาครัฐและการบริหารราชการ แบบมีส่วนร่วมตามแนวทางรางวัลเลิศรัฐ,650000.0,591267.68,58732.32,ใช่,ไม่ใช่,,DOC-BUD-2565,1.3ผลเบิกจ่ายปี 2565 - final.pdf,7,2565-0222
2565,2565-12-31,31 ธันวาคม 2565,แผนงานยุทธศาสตร์,รายจ่ายเพื่อบริหารงาน,งบดำเนินงาน,ค่าใช้สอย,19,4. > 4.1.,7,รายการ,"19. โครงการขับเคลื่อนสปส. สู่ความสำเร็จ ""SSO TRUST"" เพื่อการพัฒนา องค์กรอย่างยั่งยืน",,6274706.0,412313.0,ใช่,ไม่ใช่,จัดสรร,DOC-BUD-2565,1.3ผลเบิกจ่ายปี 2565 - final.pdf,7,2565-0223
2565,2565-12-31,31 ธันวาคม 2565,แผนงานยุทธศาสตร์,รายจ่ายเพื่อบริหารงาน,งบดำเนินงาน,ค่าใช้สอย,20,4. > 4.1.,7,รายการ,"20. โครงการแลกเปลี่ยนเรียนรู้ประสบการณ์เพื่อขับเคลื่อนสปส. สู่ความสำเร็จด้วย ""SSO TRUST""",,693095.0,1669.2,ใช่,ไม่ใช่,จัดสรร,DOC-BUD-2565,1.3ผลเบิกจ่ายปี 2565 - final.pdf,7,2565-0224
2565,2565-12-31,31 ธันวาคม 2565,แผนงานยุทธศาสตร์,รายจ่ายเพื่อบริหารงาน,งบดำเนินงาน,ค่าใช้สอย,21,4. > 4.1.,7,รายการ,21. โครงการหลักสูตรการฝึกและดูงานเกี่ยวกับเศรษฐกิจพอเพียง,,16740.0,,ใช่,ไม่ใช่,จัดสรร; คงเหลือ,DOC-BUD-2565,1.3ผลเบิกจ่ายปี 2565 - final.pdf,7,2565-0225
2565,2565-12-31,31 ธันวาคม 2565,แผนงานยุทธศาสตร์,รายจ่ายเพื่อบริหารงาน,งบดำเนินงาน,ค่าใช้สอย,4.2,4.,6,รายการ,4.2 โครงการเสริมสร้างสมรรถนะบุคลากรของสำนักงานประกันสังคม,25464000.0,22721601.73,402122.8,ใช่,ไม่ใช่,,DOC-BUD-2565,1.3ผลเบิกจ่ายปี 2565 - final.pdf,7,2565-0226
2565,2565-12-31,31 ธันวาคม 2565,แผนงานยุทธศาสตร์,รายจ่ายเพื่อบริหารงาน,งบดำเนินงาน,ค่าใช้สอย,4.3,4.,6,รายการ,4.3 การฝึกอบรมทักษะด้านภาษาต่างประเทศเพื่อการปฏิบัติงาน,378800.0,285050.0,82250.0,ใช่,ไม่ใช่,,DOC-BUD-2565,1.3ผลเบิกจ่ายปี 2565 - final.pdf,7,2565-0227
2565,2565-12-31,31 ธันวาคม 2565,แผนงานยุทธศาสตร์,รายจ่ายเพื่อบริหารงาน,งบดำเนินงาน,ค่าใช้สอย,4.3,4.,6,รายการ,4.3 การจัดการความรู้สำนักงานประกันสังคม,1129000.0,988642.78,85162.22,ใช่,ไม่ใช่,,DOC-BUD-2565,1.3ผลเบิกจ่ายปี 2565 - final.pdf,7,2565-0228
2565,2565-12-31,31 ธันวาคม 2565,แผนงานยุทธศาสตร์,รายจ่ายเพื่อบริหารงาน,งบดำเนินงาน,ค่าใช้สอย,5,,5,รายการ,5. ค่าใช้จ่ายในการจัดประชุม อบรมให้ความรู้งานประกันสังคม,9820000.0,9386544.07,219946.48,ไม่ใช่,ไม่ใช่,,DOC-BUD-2565,1.3ผลเบิกจ่ายปี 2565 - final.pdf,7,2565-0229
2565,2565-12-31,31 ธันวาคม 2565,แผนงานยุทธศาสตร์,รายจ่ายเพื่อบริหารงาน,งบดำเนินงาน,ค่าใช้สอย,,5.,6,รายละเอียดของแถวบน,- ค่าจัดประชุมชี้แจงให้ความรู้งานประกันสังคม,9820000.0,9386544.07,219946.48,ใช่,ใช่,,DOC-BUD-2565,1.3ผลเบิกจ่ายปี 2565 - final.pdf,7,2565-0230
2565,2565-12-31,31 ธันวาคม 2565,แผนงานยุทธศาสตร์,รายจ่ายเพื่อบริหารงาน,งบดำเนินงาน,ค่าใช้สอย,6,,5,รายการ,6. ค่าใช้จ่ายต่าง ๆ เพื่อเผยแพร่ความรู้เกี่ยวกับการประกันสังคม,130300000.0,112380727.0,11528670.0,ไม่ใช่,ไม่ใช่,,DOC-BUD-2565,1.3ผลเบิกจ่ายปี 2565 - final.pdf,7,2565-0231
2565,2565-12-31,31 ธันวาคม 2565,แผนงานยุทธศาสตร์,รายจ่ายเพื่อบริหารงาน,งบดำเนินงาน,ค่าใช้สอย,1,6.,6,รายการ,1. จัดนิทรรศการวัรแงงานแห่งชาติ,1500000.0,491000.0,,ใช่,ไม่ใช่,คงเหลือ,DOC-BUD-2565,1.3ผลเบิกจ่ายปี 2565 - final.pdf,7,2565-0232
2565,2565-12-31,31 ธันวาคม 2565,แผนงานยุทธศาสตร์,รายจ่ายเพื่อบริหารงาน,งบดำเนินงาน,ค่าใช้สอย,2,6.,6,รายการ,2. ผลิตและออกอากาศสื่อโทรทัศน์,24000000.0,11872515.0,11517170.0,ใช่,ไม่ใช่,,DOC-BUD-2565,1.3ผลเบิกจ่ายปี 2565 - final.pdf,7,2565-0233
2565,2565-12-31,31 ธันวาคม 2565,แผนงานยุทธศาสตร์,รายจ่ายเพื่อบริหารงาน,งบดำเนินงาน,ค่าใช้สอย,3,6.,6,รายการ,3. ผลิตและออกอากาศสื่อวิทยุ,3000000.0,2929500.0,,ใช่,ไม่ใช่,คงเหลือ,DOC-BUD-2565,1.3ผลเบิกจ่ายปี 2565 - final.pdf,7,2565-0234
2565,2565-12-31,31 ธันวาคม 2565,แผนงานยุทธศาสตร์,รายจ่ายเพื่อบริหารงาน,งบดำเนินงาน,ค่าใช้สอย,4,6.,6,รายการ,4. ผลิตและประชาสัมพันธ์ทางสื่อสิ่งพิมพ์,5000000.0,3739250.0,,ใช่,ไม่ใช่,คงเหลือ,DOC-BUD-2565,1.3ผลเบิกจ่ายปี 2565 - final.pdf,7,2565-0235
2565,2565-12-31,31 ธันวาคม 2565,แผนงานยุทธศาสตร์,รายจ่ายเพื่อบริหารงาน,งบดำเนินงาน,ค่าใช้สอย,5,6.,6,รายการ,5. ผลิตและเผยแพร่ทางสื่อออนไลน์ (เว็บไซต์) หรือสื่อสังคมออนไลน์ (โซเซียลมีเดีย),10000000.0,9936286.0,,ใช่,ไม่ใช่,คงเหลือ,DOC-BUD-2565,1.3ผลเบิกจ่ายปี 2565 - final.pdf,7,2565-0236
2565,2565-12-31,31 ธันวาคม 2565,แผนงานยุทธศาสตร์,รายจ่ายเพื่อบริหารงาน,งบดำเนินงาน,ค่าใช้สอย,6,6.,6,รายการ,6. ผลิตสื่อประชาสัมพันธ์เพื่อเผยแพร่ประชาสัมพันธ์ ส่งแรงงานกลับบ้าน,500000.0,491200.0,,ใช่,ไม่ใช่,คงเหลือ,DOC-BUD-2565,1.3ผลเบิกจ่ายปี 2565 - final.pdf,7,2565-0237
2565,2565-12-31,31 ธันวาคม 2565,แผนงานยุทธศาสตร์,รายจ่ายเพื่อบริหารงาน,งบดำเนินงาน,ค่าใช้สอย,7,6.,6,รายการ,7. แผ่นพับประชาสัมพันธ์งานประกันสังคม,4000000.0,3990000.0,,ใช่,ไม่ใช่,คงเหลือ,DOC-BUD-2565,1.3ผลเบิกจ่ายปี 2565 - final.pdf,7,2565-0238
2565,2565-12-31,31 ธันวาคม 2565,แผนงานยุทธศาสตร์,รายจ่ายเพื่อบริหารงาน,งบดำเนินงาน,ค่าใช้สอย,8,6.,6,รายการ,8. ผลิตสื่อประชาสัมพันธ์เพื่อเผยแพร่ประชาสัมพันธ์,3000000.0,2988500.0,11500.0,ใช่,ไม่ใช่,,DOC-BUD-2565,1.3ผลเบิกจ่ายปี 2565 - final.pdf,7,2565-0239
2565,2565-12-31,31 ธันวาคม 2565,แผนงานยุทธศาสตร์,รายจ่ายเพื่อบริหารงาน,งบดำเนินงาน,ค่าใช้สอย,9,6.,6,รายการ,9. ตรวจตัดข่าว ผ่านสื่อสิ่งพิมพ์ และสื่อออนไลน์,500000.0,499476.0,,ใช่,ไม่ใช่,คงเหลือ,DOC-BUD-2565,1.3ผลเบิกจ่ายปี 2565 - final.pdf,7,2565-0240
2565,2565-12-31,31 ธันวาคม 2565,แผนงานยุทธศาสตร์,รายจ่ายเพื่อบริหารงาน,งบดำเนินงาน,ค่าใช้สอย,10,6.,6,รายการ,10. จัดทำปฏิทินประกันสังคม ประจำปี 2566,55000000.0,54973000.0,,ใช่,ไม่ใช่,คงเหลือ,DOC-BUD-2565,1.3ผลเบิกจ่ายปี 2565 - final.pdf,7,2565-0241
2565,2565-12-31,31 ธันวาคม 2565,แผนงานยุทธศาสตร์,รายจ่ายเพื่อบริหารงาน,งบดำเนินงาน,ค่าใช้สอย,11,6.,6,รายการ,11. จัดทำวารสารประกันสังคม,20000000.0,20000000.0,,ใช่,ไม่ใช่,คงเหลือ,DOC-BUD-2565,1.3ผลเบิกจ่ายปี 2565 - final.pdf,7,2565-0242
2565,2565-12-31,31 ธันวาคม 2565,แผนงานยุทธศาสตร์,รายจ่ายเพื่อบริหารงาน,งบดำเนินงาน,ค่าใช้สอย,12,6.,6,รายการ,12. ผลิตวัสดุประชาสัมพันธ์วันแรงงานแห่งชาติ,3800000.0,470000.0,,ใช่,ไม่ใช่,คงเหลือ,DOC-BUD-2565,1.3ผลเบิกจ่ายปี 2565 - final.pdf,7,2565-0243
2565,2565-12-31,31 ธันวาคม 2565,แผนงานยุทธศาสตร์,รายจ่ายเพื่อบริหารงาน,งบดำเนินงาน,ค่าใช้สอย,7,,5,รายการ,7. การจัดส่งข้าราชการและพนักงานสำนักงานประกันสังคมเข้ารับ การอบรมด้านวิชาการที่หน่วยงานภายนอกเป็นผู้จัด,22700000.0,18369994.34,1516469.66,ใช่,ไม่ใช่,,DOC-BUD-2565,1.3ผลเบิกจ่ายปี 2565 - final.pdf,7,2565-0244
2565,2565-12-31,31 ธันวาคม 2565,แผนงานยุทธศาสตร์,รายจ่ายเพื่อบริหารงาน,งบดำเนินงาน,ค่าใช้สอย,8,,5,รายการ,8. โครงการอบรมเชิงปฏิบัติการแก่นายจ้างเพื่อจัดทำข้อมูลและจ่ายเงินสมทบ กองทุนประกันสงคมผ่านระบบอิเล็กทรอนิกส์ (e-Payment),2760000.0,2253692.3,67907.75,ใช่,ไม่ใช่,,DOC-BUD-2565,1.3ผลเบิกจ่ายปี 2565 - final.pdf,7,2565-0245
2565,2565-12-31,31 ธันวาคม 2565,แผนงานยุทธศาสตร์,รายจ่ายเพื่อบริหารงาน,งบดำเนินงาน,ค่าใช้สอย,9,,5,รายการ,9. โครงการให้ความรู้ด้านการประกันสังคมแก่แรงงานต่างด้าว,440000.0,408212.0,27068.0,ใช่,ไม่ใช่,,DOC-BUD-2565,1.3ผลเบิกจ่ายปี 2565 - final.pdf,8,2565-0246
2565,2565-12-31,31 ธันวาคม 2565,แผนงานยุทธศาสตร์,รายจ่ายเพื่อบริหารงาน,งบดำเนินงาน,ค่าใช้สอย,10,,5,รายการ,10. โครงการตรวจสอบสถานประกอบการเพื่อป้องกันการแสวงประโยชน์ จากการใช้แรงงานและกองทุน,278000.0,255446.0,4032.0,ใช่,ไม่ใช่,,DOC-BUD-2565,1.3ผลเบิกจ่ายปี 2565 - final.pdf,8,2565-0247
2565,2565-12-31,31 ธันวาคม 2565,แผนงานยุทธศาสตร์,รายจ่ายเพื่อบริหารงาน,งบดำเนินงาน,ค่าใช้สอย,11,,5,รายการ,11. โครงการ สปส.มอบสุข,3400000.0,3230000.0,,ใช่,ไม่ใช่,คงเหลือ,DOC-BUD-2565,1.3ผลเบิกจ่ายปี 2565 - final.pdf,8,2565-0248
2565,2565-12-31,31 ธันวาคม 2565,แผนงานยุทธศาสตร์,รายจ่ายเพื่อบริหารงาน,งบดำเนินงาน,ค่าใช้สอย,12,,5,รายการ,12. โครงการจัดนิทรรศการและแถลงข่าวงานประกันสังคม,2000000.0,1749830.0,250170.0,ใช่,ไม่ใช่,,DOC-BUD-2565,1.3ผลเบิกจ่ายปี 2565 - final.pdf,8,2565-0249
2565,2565-12-31,31 ธันวาคม 2565,แผนงานยุทธศาสตร์,รายจ่ายเพื่อบริหารงาน,งบดำเนินงาน,ค่าใช้สอย,13,,5,รายการ,13. โครงการ SSO Star Contest,244000.0,228400.0,,ใช่,ไม่ใช่,คงเหลือ,DOC-BUD-2565,1.3ผลเบิกจ่ายปี 2565 - final.pdf,8,2565-0250
2565,2565-12-31,31 ธันวาคม 2565,แผนงานยุทธศาสตร์,รายจ่ายเพื่อบริหารงาน,งบดำเนินงาน,ค่าใช้สอย,14,,5,รายการ,14. โครงการออกหน่วยเคลื่อนที่บริการเบ็ดเสร็จ Service Delivery Unit,4869500.0,3066712.7,1353327.3,ใช่,ไม่ใช่,,DOC-BUD-2565,1.3ผลเบิกจ่ายปี 2565 - final.pdf,8,2565-0251
2565,2565-12-31,31 ธันวาคม 2565,แผนงานยุทธศาสตร์,รายจ่ายเพื่อบริหารงาน,งบดำเนินงาน,ค่าใช้สอย,15,,5,รายการ,15. โครงการพัฒนาศักยภาพแกนนำเครือข่ายประกันสังคม,5178600.0,4937142.0,130683.0,ใช่,ไม่ใช่,,DOC-BUD-2565,1.3ผลเบิกจ่ายปี 2565 - final.pdf,8,2565-0252
2565,2565-12-31,31 ธันวาคม 2565,แผนงานยุทธศาสตร์,รายจ่ายเพื่อบริหารงาน,งบดำเนินงาน,ค่าใช้สอย,16,,5,รายการ,16. โครงการวันประกันสังคม,605400.0,425221.6,,ใช่,ไม่ใช่,คงเหลือ,DOC-BUD-2565,1.3ผลเบิกจ่ายปี 2565 - final.pdf,8,2565-0253
2565,2565-12-31,31 ธันวาคม 2565,แผนงานยุทธศาสตร์,รายจ่ายเพื่อบริหารงาน,งบดำเนินงาน,ค่าใช้สอย,17,,5,รายการ,17. โครงการประกันสังคมทั่วไทยสู่แรงงานภาคอิสระ,916000.0,739623.6,,ใช่,ไม่ใช่,คงเหลือ,DOC-BUD-2565,1.3ผลเบิกจ่ายปี 2565 - final.pdf,8,2565-0254
2565,2565-12-31,31 ธันวาคม 2565,แผนงานยุทธศาสตร์,รายจ่ายเพื่อบริหารงาน,งบดำเนินงาน,ค่าใช้สอย,18,,5,รายการ,18. โครงการขับเคลื่อนวัฒนธรรมองค์กรเพื่อภาพลักษณ์ที่ดีและการพัฒนา องค์กรอย่างยั่งยืน,890000.0,532029.2,357970.8,ใช่,ไม่ใช่,,DOC-BUD-2565,1.3ผลเบิกจ่ายปี 2565 - final.pdf,8,2565-0255
2565,2565-12-31,31 ธันวาคม 2565,แผนงานยุทธศาสตร์,รายจ่ายเพื่อบริหารงาน,งบดำเนินงาน,ค่าใช้สอย,19,,5,รายการ,19. โครงการขับเคลื่อนการยกระดับการให้บริการสู่มาตรฐานศูนย์ราชการสะดวก (Government Easy Contact Center : GECC),745000.0,732827.1,12172.9,ใช่,ไม่ใช่,,DOC-BUD-2565,1.3ผลเบิกจ่ายปี 2565 - final.pdf,8,2565-0256
2565,2565-12-31,31 ธันวาคม 2565,แผนงานยุทธศาสตร์,รายจ่ายเพื่อบริหารงาน,งบดำเนินงาน,ค่าใช้สอย,20,,5,รายการ,20. โครงการมอบโล่ประกาศเกียรติคุณสถานประกอบการ,450000.0,450000.0,,ใช่,ไม่ใช่,คงเหลือ,DOC-BUD-2565,1.3ผลเบิกจ่ายปี 2565 - final.pdf,8,2565-0257
2565,2565-12-31,31 ธันวาคม 2565,แผนงานยุทธศาสตร์,รายจ่ายเพื่อบริหารงาน,งบดำเนินงาน,ค่าใช้สอย,21,,5,รายการ,21. โครงการประชุมเจ้าหน้าที่สถานพยาบาลและเจ้าหน้าที่ประกันสังคม,490800.0,,490800.0,ใช่,ไม่ใช่,รวมเบิกจ่ายและผูกพัน,DOC-BUD-2565,1.3ผลเบิกจ่ายปี 2565 - final.pdf,8,2565-0258
2565,2565-12-31,31 ธันวาคม 2565,แผนงานยุทธศาสตร์,รายจ่ายเพื่อบริหารงาน,งบดำเนินงาน,ค่าใช้สอย,22,,5,รายการ,22. โครงการประกาศเกียรติคุณผู้ทำคุณประโยชน์ต่อสำนักงานประกันสังคม,90000.0,53100.0,,ใช่,ไม่ใช่,คงเหลือ,DOC-BUD-2565,1.3ผลเบิกจ่ายปี 2565 - final.pdf,8,2565-0259
2565,2565-12-31,31 ธันวาคม 2565,แผนงานยุทธศาสตร์,รายจ่ายเพื่อบริหารงาน,งบดำเนินงาน,ค่าใช้สอย,23,,5,รายการ,23. โครงการบริจาคโลหิตสำนักงานประกันสังคม,31200.0,31143.0,57.0,ใช่,ไม่ใช่,,DOC-BUD-2565,1.3ผลเบิกจ่ายปี 2565 - final.pdf,8,2565-0260
2565,2565-12-31,31 ธันวาคม 2565,แผนงานยุทธศาสตร์,รายจ่ายเพื่อบริหารงาน,งบดำเนินงาน,ค่าใช้สอย,24,,5,รายการ,24. โครงการฝึกอบรมเชิงปฏิบัติการซักซ้อมแผนการป้องกันและระงับอัคคีภัย,100000.0,98652.75,,ใช่,ไม่ใช่,คงเหลือ,DOC-BUD-2565,1.3ผลเบิกจ่ายปี 2565 - final.pdf,8,2565-0261
2565,2565-12-31,31 ธันวาคม 2565,แผนงานยุทธศาสตร์,รายจ่ายเพื่อบริหารงาน,งบดำเนินงาน,ค่าใช้สอย,25,,5,รายการ,25. ค่าจ้างล่ามภาษาต่างประเทศ,720000.0,637000.0,47500.0,ใช่,ไม่ใช่,,DOC-BUD-2565,1.3ผลเบิกจ่ายปี 2565 - final.pdf,8,2565-0262
2565,2565-12-31,31 ธันวาคม 2565,แผนงานยุทธศาสตร์,รายจ่ายเพื่อบริหารงาน,งบดำเนินงาน,ค่าใช้สอย,26,,5,รายการ,26. โครงการสนับสนุนการตั้งจุดบริการฉีดวัคซีนโควิด 19 เข็มกระตุ้นให้ผู้ประกันตน ในกรุงเทพมหานคร และในจังหวัดชลบุรี ระยอง ฉะเชิงเทรา สมุทรปราการ ปทุมธานี สมุทรสาคร นนทบุรี พระนครศรีอยุธยา และสงขลา,88514720.0,68784629.1,1796100.0,ใช่,ไม่ใช่,,DOC-BUD-2565,1.3ผลเบิกจ่ายปี 2565 - final.pdf,8,2565-0263
2565,2565-12-31,31 ธันวาคม 2565,แผนงานยุทธศาสตร์,รายจ่ายเพื่อบริหารงาน,งบดำเนินงาน,ค่าใช้สอย,27,,5,รายการ,27. โครงการผลิตหนังสือร้อยเรียงความห่วงใยครอบครัวประกันสังคม,,490000.0,,ใช่,ไม่ใช่,จัดสรร; คงเหลือ,DOC-BUD-2565,1.3ผลเบิกจ่ายปี 2565 - final.pdf,8,2565-0264
2565,2565-12-31,31 ธันวาคม 2565,แผนงานยุทธศาสตร์,รายจ่ายเพื่อบริหารงาน,งบดำเนินงาน,ค่าใช้สอย,28,,5,รายการ,28. โครงการผลิตสื่อประชาสัมพันธ์เชิงรุกเพื่อผู้ประกันตนในสถานการณ์โควิด 19,,498800.0,,ใช่,ไม่ใช่,จัดสรร; คงเหลือ,DOC-BUD-2565,1.3ผลเบิกจ่ายปี 2565 - final.pdf,8,2565-0265
2565,2565-12-31,31 ธันวาคม 2565,แผนงานยุทธศาสตร์,รายจ่ายเพื่อบริหารงาน,งบดำเนินงาน,ค่าใช้สอย,29,,5,รายการ,29. โครงการพัฒนาศักยภาพนักประชาสัมพันธ์ของ สปส.,,592112.8,,ใช่,ไม่ใช่,จัดสรร; คงเหลือ,DOC-BUD-2565,1.3ผลเบิกจ่ายปี 2565 - final.pdf,8,2565-0266
2565,2565-12-31,31 ธันวาคม 2565,แผนงานยุทธศาสตร์,รายจ่ายเพื่อบริหารงาน,งบดำเนินงาน,ค่าใช้สอย,30,,5,รายการ,30. โครงการจัดทำแผนปฏิบัติการด้านการบริหารทรัพยากรบุคลากร สปส. ระยะ 5 ปี (พ.ศ.2566-2570),,66000.0,,ใช่,ไม่ใช่,จัดสรร; คงเหลือ,DOC-BUD-2565,1.3ผลเบิกจ่ายปี 2565 - final.pdf,8,2565-0267
2565,2565-12-31,31 ธันวาคม 2565,แผนงานยุทธศาสตร์,รายจ่ายเพื่อบริหารงาน,งบดำเนินงาน,ค่าใช้สอย,31,,5,รายการ,31. โครงการแปลงแผนปฏิบัติราชการสำนักงานประกันสังคม ระยะ 5 ปี (พ.ศ. 2566 - 2570) ไปสู่การปฏิบัติ,,100750.0,,ใช่,ไม่ใช่,จัดสรร; คงเหลือ,DOC-BUD-2565,1.3ผลเบิกจ่ายปี 2565 - final.pdf,8,2565-0268
2565,2565-12-31,31 ธันวาคม 2565,แผนงานยุทธศาสตร์,รายจ่ายเพื่อบริหารงาน,งบดำเนินงาน,ค่าใช้สอย,32,,5,รายการ,32. โครงการผลิตสื่อประชาสัมพันธ์ประเภทร่มสนาม,,495000.0,,ใช่,ไม่ใช่,จัดสรร; คงเหลือ,DOC-BUD-2565,1.3ผลเบิกจ่ายปี 2565 - final.pdf,8,2565-0269
2565,2565-12-31,31 ธันวาคม 2565,แผนงานยุทธศาสตร์,รายจ่ายเพื่อบริหารงาน,งบดำเนินงาน,ค่าใช้สอย,33,,5,รายการ,33. โครงการผลิตสื่อประชาสัมพันธ์เพื่อเผยแพร่ประชาสัมพันธ์ (น้ำดื่ม),,498000.0,,ใช่,ไม่ใช่,จัดสรร; คงเหลือ,DOC-BUD-2565,1.3ผลเบิกจ่ายปี 2565 - final.pdf,8,2565-0270
2565,2565-12-31,31 ธันวาคม 2565,แผนงานยุทธศาสตร์,รายจ่ายเพื่อบริหารงาน,งบดำเนินงาน,ค่าใช้สอย,34,,5,รายการ,34. โครงการผลิตสื่อประชาสัมพันธ์ประเภทบทเพลง,,490000.0,,ใช่,ไม่ใช่,จัดสรร; คงเหลือ,DOC-BUD-2565,1.3ผลเบิกจ่ายปี 2565 - final.pdf,8,2565-0271
2565,2565-12-31,31 ธันวาคม 2565,แผนงานยุทธศาสตร์,รายจ่ายเพื่อบริหารงาน,งบดำเนินงาน,ค่าใช้สอย,35,,5,รายการ,35. โครงการผลิตสื่อประชาสัมพันธ์ประเภทป้ายไวนิล,,2625000.0,105000.0,ใช่,ไม่ใช่,จัดสรร,DOC-BUD-2565,1.3ผลเบิกจ่ายปี 2565 - final.pdf,8,2565-0272
2565,2565-12-31,31 ธันวาคม 2565,แผนงานยุทธศาสตร์,รายจ่ายเพื่อบริหารงาน,งบดำเนินงาน,ค่าใช้สอย,36,,5,รายการ,"36. โครงการเผยแพร่ประชาสัมพันธ์ประกันสังคมสู่เครือข่าย ""บวร""",,499000.0,,ใช่,ไม่ใช่,จัดสรร; คงเหลือ,DOC-BUD-2565,1.3ผลเบิกจ่ายปี 2565 - final.pdf,8,2565-0273
2565,2565-12-31,31 ธันวาคม 2565,แผนงานยุทธศาสตร์,รายจ่ายเพื่อบริหารงาน,งบดำเนินงาน,ค่าใช้สอย,37,,5,รายการ,37. โครงการแรงงานสัญจร สำนักงานประกันสังคม,,,395760.0,ใช่,ไม่ใช่,จัดสรร; รวมเบิกจ่ายและผูกพัน,DOC-BUD-2565,1.3ผลเบิกจ่ายปี 2565 - final.pdf,8,2565-0274
2565,2565-12-31,31 ธันวาคม 2565,แผนงานยุทธศาสตร์,รายจ่ายเพื่อบริหารงาน,งบดำเนินงาน,ค่าใช้สอย,38,,5,รายการ,38. โครงการผลิตสื่อประชาสัมพันธ์แผ่นพับแผนปฏิบัติราชการสปส. ระยะ 5 ปี,,,400000.0,ใช่,ไม่ใช่,จัดสรร; รวมเบิกจ่ายและผูกพัน,DOC-BUD-2565,1.3ผลเบิกจ่ายปี 2565 - final.pdf,8,2565-0275
2565,2565-12-31,31 ธันวาคม 2565,แผนงานยุทธศาสตร์,รายจ่ายเพื่อบริหารงาน,งบดำเนินงาน,ค่าใช้สอย,39,,5,รายการ,39. โครงการอบรมแนวทางการจัดทำแผนการใช้จ่ายงบประมาณรายจ่ายประจำปี 2566 ของสปส.,,392350.0,37400.0,ใช่,ไม่ใช่,จัดสรร,DOC-BUD-2565,1.3ผลเบิกจ่ายปี 2565 - final.pdf,8,2565-0276
2565,2565-12-31,31 ธันวาคม 2565,แผนงานยุทธศาสตร์,รายจ่ายเพื่อบริหารงาน,งบดำเนินงาน,ค่าวัสดุ,,,4,หมวดค่าใช้จ่าย,- ค่าวัสดุ,20636500.0,20612168.42,1159.34,ไม่ใช่,ใช่,,DOC-BUD-2565,1.3ผลเบิกจ่ายปี 2565 - final.pdf,8,2565-0277
2565,2565-12-31,31 ธันวาคม 2565,แผนงานยุทธศาสตร์,รายจ่ายเพื่อบริหารงาน,งบดำเนินงาน,ค่าวัสดุ,,,5,รายละเอียดของแถวบน,- โครงการประกันสังคมเยี่ยมผู้ประกันตนเจ็บป่วยในสถานพยาบาลและผู้ทุพพลภาพ และผู้ป่วยหลังภาวะวิกฤต (Intermediate Care),20636500.0,20612168.42,1159.34,ใช่,ใช่,,DOC-BUD-2565,1.3ผลเบิกจ่ายปี 2565 - final.pdf,8,2565-0278
2565,2565-12-31,31 ธันวาคม 2565,แผนงานยุทธศาสตร์,รายจ่ายเพื่อบริหารงาน,งบดำเนินงาน,ค่าสาธารณูปโภค,,,4,หมวดค่าใช้จ่าย,- ค่าสาธารณูปโภค,450225300.0,442856139.73,37244951.35,ไม่ใช่,ใช่,,DOC-BUD-2565,1.3ผลเบิกจ่ายปี 2565 - final.pdf,8,2565-0279
2565,2565-12-31,31 ธันวาคม 2565,แผนงานยุทธศาสตร์,รายจ่ายเพื่อบริหารงาน,งบดำเนินงาน,ค่าสาธารณูปโภค,,,5,รายละเอียดของแถวบน,- ค่าธรรมเนียมการโอนเงินผ่านธนาคาร,450225300.0,442856139.73,37244951.35,ไม่ใช่,ใช่,,DOC-BUD-2565,1.3ผลเบิกจ่ายปี 2565 - final.pdf,8,2565-0280
2565,2565-12-31,31 ธันวาคม 2565,แผนงานยุทธศาสตร์,รายจ่ายเพื่อบริหารงาน,งบดำเนินงาน,ค่าสาธารณูปโภค,1,,6,รายการ,1. ค่าธรรมเนียมการโอนเงิน,13340700.0,7882372.27,4968500.81,ใช่,ไม่ใช่,,DOC-BUD-2565,1.3ผลเบิกจ่ายปี 2565 - final.pdf,8,2565-0281
2565,2565-12-31,31 ธันวาคม 2565,แผนงานยุทธศาสตร์,รายจ่ายเพื่อบริหารงาน,งบดำเนินงาน,ค่าสาธารณูปโภค,2,,6,รายการ,2. ค่าธรรมเนียมรับเงินสมทบกองทุนประกันสังคมผ่านธนาคาร/หน่วยบริการ,322949800.0,382710150.73,28454283.27,ใช่,ไม่ใช่,,DOC-BUD-2565,1.3ผลเบิกจ่ายปี 2565 - final.pdf,9,2565-0282
2565,2565-12-31,31 ธันวาคม 2565,แผนงานยุทธศาสตร์,รายจ่ายเพื่อบริหารงาน,งบดำเนินงาน,ค่าสาธารณูปโภค,3,,6,รายการ,3. ค่าธรรมเนียมจ่ายประโยชน์ทดแทน,113934800.0,52263616.73,3822167.27,ใช่,ไม่ใช่,,DOC-BUD-2565,1.3ผลเบิกจ่ายปี 2565 - final.pdf,9,2565-0283
2565,2565-12-31,31 ธันวาคม 2565,แผนงานยุทธศาสตร์,รายจ่ายเพื่อบริหารงาน,งบลงทุน,,,,3,หมวดงบรายจ่าย,งบลงทุน,543803100.0,533873100.0,8153300.0,ไม่ใช่,ใช่,,DOC-BUD-2565,1.3ผลเบิกจ่ายปี 2565 - final.pdf,9,2565-0284
2565,2565-12-31,31 ธันวาคม 2565,แผนงานยุทธศาสตร์,รายจ่ายเพื่อบริหารงาน,งบลงทุน,,1,,4,รายการ,1. โครงการเปลี่ยนเครื่องกำเนิดไฟฟ้า อาคารวิทุร แสงสิงแก้ว,5457000.0,5457000.0,,ใช่,ไม่ใช่,คงเหลือ,DOC-BUD-2565,1.3ผลเบิกจ่ายปี 2565 - final.pdf,9,2565-0285
2565,2565-12-31,31 ธันวาคม 2565,แผนงานยุทธศาสตร์,รายจ่ายเพื่อบริหารงาน,งบลงทุน,,2,,4,รายการ,2. โครงการเปลี่ยนเครื่องปรับอากาศอาคารสำนักงานประกันสังคม,52893300.0,44740000.0,8153300.0,ใช่,ไม่ใช่,,DOC-BUD-2565,1.3ผลเบิกจ่ายปี 2565 - final.pdf,9,2565-0286
2565,2565-12-31,31 ธันวาคม 2565,แผนงานยุทธศาสตร์,รายจ่ายเพื่อบริหารงาน,งบลงทุน,,3,,4,รายการ,3. โครงการจัดหาระบบกล้องโทรทัศน์วงจรปิดแบบเชื่อมโยง (CCTV),76558100.0,76558100.0,,ใช่,ไม่ใช่,คงเหลือ,DOC-BUD-2565,1.3ผลเบิกจ่ายปี 2565 - final.pdf,9,2565-0287
2565,2565-12-31,31 ธันวาคม 2565,แผนงานยุทธศาสตร์,รายจ่ายเพื่อบริหารงาน,งบลงทุน,ค่าพัฒนา/ปรับปรุงระบบงาน,,,4,หมวดค่าใช้จ่าย,ค่าพัฒนา/ปรับปรุงระบบงาน,408894700.0,407118000.0,,ไม่ใช่,ใช่,คงเหลือ,DOC-BUD-2565,1.3ผลเบิกจ่ายปี 2565 - final.pdf,9,2565-0288
2565,2565-12-31,31 ธันวาคม 2565,แผนงานยุทธศาสตร์,รายจ่ายเพื่อบริหารงาน,งบลงทุน,ค่าพัฒนา/ปรับปรุงระบบงาน,1,,5,รายการ,1. โครงการจัดซื้อครุภัณฑ์คอมพิวเตอร์พร้อมระบบบริหารจัดการ ปี 2565,161540400.0,160360000.0,,ใช่,ไม่ใช่,คงเหลือ,DOC-BUD-2565,1.3ผลเบิกจ่ายปี 2565 - final.pdf,9,2565-0289
2565,2565-12-31,31 ธันวาคม 2565,แผนงานยุทธศาสตร์,รายจ่ายเพื่อบริหารงาน,งบลงทุน,ค่าพัฒนา/ปรับปรุงระบบงาน,2,,5,รายการ,2. โครงการจัดหาระบบสนับสนุนศูนย์คอมพิวเตอร์ (Facility) พร้อมติดตั้งใช้งาน,50369000.0,50300000.0,,ใช่,ไม่ใช่,คงเหลือ,DOC-BUD-2565,1.3ผลเบิกจ่ายปี 2565 - final.pdf,9,2565-0290
2565,2565-12-31,31 ธันวาคม 2565,แผนงานยุทธศาสตร์,รายจ่ายเพื่อบริหารงาน,งบลงทุน,ค่าพัฒนา/ปรับปรุงระบบงาน,3,,5,รายการ,3. โครงการจัดหาเครื่องคอมพิวเตอร์แม่ข่ายเพื่อรองรับระบบสารสนเทศ,174485300.0,174000000.0,,ใช่,ไม่ใช่,คงเหลือ,DOC-BUD-2565,1.3ผลเบิกจ่ายปี 2565 - final.pdf,9,2565-0291
2565,2565-12-31,31 ธันวาคม 2565,แผนงานยุทธศาสตร์,รายจ่ายเพื่อบริหารงาน,งบลงทุน,ค่าพัฒนา/ปรับปรุงระบบงาน,4,,5,รายการ,4. โครงการจัดหาระบบจัดเก็บข้อมูล (Enterprise Storage) บนเครื่องคอมพิวเตอร์เมนเฟรม เพื่อรองรับการให้บริการระบบกองทุนประกันสังคม,22500000.0,22458000.0,,ใช่,ไม่ใช่,คงเหลือ,DOC-BUD-2565,1.3ผลเบิกจ่ายปี 2565 - final.pdf,9,2565-0292
2565,2565-12-31,31 ธันวาคม 2565,แผนงานยุทธศาสตร์,รายจ่ายเพื่อบริหารงาน,งบเงินอุดหนุน,,,,3,หมวดงบรายจ่าย,งบเงินอุดหนุน,34000000.0,28731377.73,2711027.0,ไม่ใช่,ใช่,,DOC-BUD-2565,1.3ผลเบิกจ่ายปี 2565 - final.pdf,9,2565-0293
2565,2565-12-31,31 ธันวาคม 2565,แผนงานยุทธศาสตร์,รายจ่ายเพื่อบริหารงาน,งบเงินอุดหนุน,,,,4,รายการ,- โครงการส่งเสริมการมีส่วนร่วม เผยแพร่ ประชาสัมพันธ์งานประกันสังคมสู่ผู้ประกันตน,34000000.0,28731377.73,2711027.0,ใช่,ไม่ใช่,,DOC-BUD-2565,1.3ผลเบิกจ่ายปี 2565 - final.pdf,9,2565-0294
2565,2565-12-31,31 ธันวาคม 2565,แผนงานยุทธศาสตร์,รายจ่ายเพื่อบริหารงาน,งบรายจ่ายอื่น,,,,3,หมวดงบรายจ่าย,งบรายจ่ายอื่น,18652300.0,15947001.0,244435.0,ไม่ใช่,ใช่,,DOC-BUD-2565,1.3ผลเบิกจ่ายปี 2565 - final.pdf,9,2565-0295
2565,2565-12-31,31 ธันวาคม 2565,แผนงานยุทธศาสตร์,รายจ่ายเพื่อบริหารงาน,งบรายจ่ายอื่น,,1,,4,รายการ,1. โครงการสถานพยาบาลในดวงใจ,2429800.0,2188138.0,,ใช่,ไม่ใช่,คงเหลือ,DOC-BUD-2565,1.3ผลเบิกจ่ายปี 2565 - final.pdf,9,2565-0296
2565,2565-12-31,31 ธันวาคม 2565,แผนงานยุทธศาสตร์,รายจ่ายเพื่อบริหารงาน,งบรายจ่ายอื่น,,2,,4,รายการ,2. โครงการสำรวจความพึงพอใจสำนักงานประกันสังคม,5300000.0,5170000.0,130000.0,ใช่,ไม่ใช่,,DOC-BUD-2565,1.3ผลเบิกจ่ายปี 2565 - final.pdf,9,2565-0297
2565,2565-12-31,31 ธันวาคม 2565,แผนงานยุทธศาสตร์,รายจ่ายเพื่อบริหารงาน,งบรายจ่ายอื่น,,3,,4,รายการ,3. โครงการจัดทำแผนปฏิบัติราชการสำนักงานประกันสังคม ระยะ 5 ปี (พ.ศ. 2566 - 2570),2175000.0,2058423.0,,ใช่,ไม่ใช่,คงเหลือ,DOC-BUD-2565,1.3ผลเบิกจ่ายปี 2565 - final.pdf,9,2565-0298
2565,2565-12-31,31 ธันวาคม 2565,แผนงานยุทธศาสตร์,รายจ่ายเพื่อบริหารงาน,งบรายจ่ายอื่น,,4,,4,รายการ,4. ทุนอุดหนุนการศึกษาบุคลากรสำนักงานประกันสังคม,4000000.0,1901475.0,,ใช่,ไม่ใช่,คงเหลือ,DOC-BUD-2565,1.3ผลเบิกจ่ายปี 2565 - final.pdf,9,2565-0299
2565,2565-12-31,31 ธันวาคม 2565,แผนงานยุทธศาสตร์,รายจ่ายเพื่อบริหารงาน,งบรายจ่ายอื่น,,5,,4,รายการ,5. โครงการจ้างพัฒนาหลักสูตร e-learning ของสำนักงานประกันสังคม,1600000.0,1530000.0,70000.0,ใช่,ไม่ใช่,,DOC-BUD-2565,1.3ผลเบิกจ่ายปี 2565 - final.pdf,9,2565-0300
2565,2565-12-31,31 ธันวาคม 2565,แผนงานยุทธศาสตร์,รายจ่ายเพื่อบริหารงาน,งบรายจ่ายอื่น,,6,,4,รายการ,6. โครงการเสริมสร้างธรรมาภิบาลป้องกันและลดความเสี่ยงในการเกิดทุจริตและประพฤติมิชอบ,343400.0,298965.0,44435.0,ใช่,ไม่ใช่,,DOC-BUD-2565,1.3ผลเบิกจ่ายปี 2565 - final.pdf,9,2565-0301
2565,2565-12-31,31 ธันวาคม 2565,แผนงานยุทธศาสตร์,รายจ่ายเพื่อบริหารงาน,งบรายจ่ายอื่น,,7,,4,รายการ,7. โครงการวิเคราะห์และวางแผนอัตรากำลังของสำนักงานประกันสังคม,2804100.0,2800000.0,,ใช่,ไม่ใช่,คงเหลือ,DOC-BUD-2565,1.3ผลเบิกจ่ายปี 2565 - final.pdf,9,2565-0302
2566,2567-02-29,29 กุมภาพันธ์ 2567,,,,,,,0,ยอดรวมทั้งสิ้น,รวมทั้งสิ้น,6938487760.0,6613628223.71,324859536.29,ไม่ใช่,ใช่,,DOC-BUD-2566,1.4ผลเบิกจ่ายปี 2566  final.pdf,1,2566-0001
2566,2567-02-29,29 กุมภาพันธ์ 2567,แผนงานบุคลากรภาครัฐ,,,,,,1,แผนงาน,แผนงานบุคลากรภาครัฐ,1640125800.0,1571833230.43,67632569.57,ไม่ใช่,ใช่,,DOC-BUD-2566,1.4ผลเบิกจ่ายปี 2566  final.pdf,1,2566-0002
2566,2567-02-29,29 กุมภาพันธ์ 2567,แผนงานบุคลากรภาครัฐ,,งบบุคลากร,,,,3,หมวดงบรายจ่าย,งบบุคลากร,1473957200.0,1411937462.62,61359737.38,ไม่ใช่,ใช่,,DOC-BUD-2566,1.4ผลเบิกจ่ายปี 2566  final.pdf,1,2566-0003
2566,2567-02-29,29 กุมภาพันธ์ 2567,แผนงานบุคลากรภาครัฐ,,งบบุคลากร,,1,,4,รายการ,1. ค่าใช้จ่ายในการจ้างพนักงานประกันสังคม,1452773700.0,1394895286.72,57878413.28,ใช่,ไม่ใช่,,DOC-BUD-2566,1.4ผลเบิกจ่ายปี 2566  final.pdf,1,2566-0004
2566,2567-02-29,29 กุมภาพันธ์ 2567,แผนงานบุคลากรภาครัฐ,,งบบุคลากร,,2,,4,รายการ,2. เงินเพิ่มการครองชีพชั่วคราว,6860900.0,5344164.62,1516735.38,ใช่,ไม่ใช่,,DOC-BUD-2566,1.4ผลเบิกจ่ายปี 2566  final.pdf,1,2566-0005
2566,2567-02-29,29 กุมภาพันธ์ 2567,แผนงานบุคลากรภาครัฐ,,งบบุคลากร,,3,,4,รายการ,3. ค่าตอบแทนสำหรับผู้บริหารระดับชำนาญการพิเศษ,554400.0,554400.0,,ใช่,ไม่ใช่,คงเหลือ,DOC-BUD-2566,1.4ผลเบิกจ่ายปี 2566  final.pdf,1,2566-0006
2566,2567-02-29,29 กุมภาพันธ์ 2567,แผนงานบุคลากรภาครัฐ,,งบบุคลากร,,4,,4,รายการ,4. ค่าตอบแทนสำหรับข้าราชการระดับชำนาญการ/ชำนาญการพิเศษ ซึ่งปฏิบัติ หน้าที่ในฐานะหัวหน้าสำนักงานประกันสังคมจังหวัดสาขา,2100000.0,2003045.26,96954.74,ใช่,ไม่ใช่,,DOC-BUD-2566,1.4ผลเบิกจ่ายปี 2566  final.pdf,1,2566-0007
2566,2567-02-29,29 กุมภาพันธ์ 2567,แผนงานบุคลากรภาครัฐ,,งบบุคลากร,,5,,4,รายการ,5. ค่าตอบแทนวิชาชีพเฉพาะด้านการลงทุนสำหรับข้าราชการ,9600000.0,8083400.0,1016600.0,ใช่,ไม่ใช่,,DOC-BUD-2566,1.4ผลเบิกจ่ายปี 2566  final.pdf,1,2566-0008
2566,2567-02-29,29 กุมภาพันธ์ 2567,แผนงานบุคลากรภาครัฐ,,งบบุคลากร,,6,,4,รายการ,6. ค่าตอบแทนวิชาชีพเฉพาะด้านคณิตศาสตร์ประกันภัยสำหรับข้าราชการ,960000.0,638000.0,162000.0,ใช่,ไม่ใช่,,DOC-BUD-2566,1.4ผลเบิกจ่ายปี 2566  final.pdf,1,2566-0009
2566,2567-02-29,29 กุมภาพันธ์ 2567,แผนงานบุคลากรภาครัฐ,,งบบุคลากร,,7,,4,รายการ,7. เงินค่าตอบแทนพิเศษ (กรณีค่าจ้างถึงขั้นสูง),1108200.0,419166.02,689033.98,ใช่,ไม่ใช่,,DOC-BUD-2566,1.4ผลเบิกจ่ายปี 2566  final.pdf,1,2566-0010
2566,2567-02-29,29 กุมภาพันธ์ 2567,แผนงานบุคลากรภาครัฐ,,งบดำเนินงาน,,,,3,หมวดงบรายจ่าย,งบดำเนินงาน,165568600.0,159388167.81,6180432.19,ไม่ใช่,ใช่,,DOC-BUD-2566,1.4ผลเบิกจ่ายปี 2566  final.pdf,1,2566-0011
2566,2567-02-29,29 กุมภาพันธ์ 2567,แผนงานบุคลากรภาครัฐ,,งบดำเนินงาน,ค่าตอบแทน,,,4,หมวดค่าใช้จ่าย,- ค่าตอบแทน,123284500.0,119054728.81,4229771.19,ไม่ใช่,ใช่,,DOC-BUD-2566,1.4ผลเบิกจ่ายปี 2566  final.pdf,1,2566-0012
2566,2567-02-29,29 กุมภาพันธ์ 2567,แผนงานบุคลากรภาครัฐ,,งบดำเนินงาน,ค่าตอบแทน,1,,5,รายการ,1. ค่าตอบแทนพิเศษรายเดือนให้แก่เจ้าหน้าที่ผู้ปฏิบัติงานในพื้นที่จังหวัด ชายแดนภาคใต้,2886000.0,2729535.14,156464.86,ใช่,ไม่ใช่,,DOC-BUD-2566,1.4ผลเบิกจ่ายปี 2566  final.pdf,1,2566-0013
2566,2567-02-29,29 กุมภาพันธ์ 2567,แผนงานบุคลากรภาครัฐ,,งบดำเนินงาน,ค่าตอบแทน,2,,5,รายการ,2. เงินเพิ่มสำหรับตำแหน่งที่มีเหตุพิเศษของผู้ปฏิบัติงานด้านการสาธารณสุข (พ.ต.ส.),96000.0,41000.0,55000.0,ใช่,ไม่ใช่,,DOC-BUD-2566,1.4ผลเบิกจ่ายปี 2566  final.pdf,1,2566-0014
2566,2567-02-29,29 กุมภาพันธ์ 2567,แผนงานบุคลากรภาครัฐ,,งบดำเนินงาน,ค่าตอบแทน,3,,5,รายการ,3. ค่าตอบแทนประจำปี,120302500.0,116284193.67,4018306.33,ใช่,ไม่ใช่,,DOC-BUD-2566,1.4ผลเบิกจ่ายปี 2566  final.pdf,1,2566-0015
2566,2567-02-29,29 กุมภาพันธ์ 2567,แผนงานบุคลากรภาครัฐ,,งบดำเนินงาน,ค่าใช้สอย,,,4,หมวดค่าใช้จ่าย,- ค่าใช้สอย,42284100.0,40333439.0,1950661.0,ไม่ใช่,ใช่,,DOC-BUD-2566,1.4ผลเบิกจ่ายปี 2566  final.pdf,1,2566-0016
2566,2567-02-29,29 กุมภาพันธ์ 2567,แผนงานบุคลากรภาครัฐ,,งบดำเนินงาน,ค่าใช้สอย,1,,5,รายการ,1. เงินสมทบกองทุนประกันสังคม,40159100.0,38804707.0,1354393.0,ใช่,ไม่ใช่,,DOC-BUD-2566,1.4ผลเบิกจ่ายปี 2566  final.pdf,1,2566-0017
2566,2567-02-29,29 กุมภาพันธ์ 2567,แผนงานบุคลากรภาครัฐ,,งบดำเนินงาน,ค่าใช้สอย,2,,5,รายการ,2. เงินสมทบกองทุนเงินทดแทน,2065600.0,1471132.0,594468.0,ใช่,ไม่ใช่,,DOC-BUD-2566,1.4ผลเบิกจ่ายปี 2566  final.pdf,1,2566-0018
2566,2567-02-29,29 กุมภาพันธ์ 2567,แผนงานบุคลากรภาครัฐ,,งบดำเนินงาน,ค่าใช้สอย,3,,5,รายการ,3. เงินประกันภัยแก่ข้าราชการ ลูกจ้างประจำ และพนักงานสำนักงาน ประกันสังคมที่ปฏิบัติงานประจำในพื้นที่ 3 จังหวัดชายแดนภาคใต้,59400.0,57600.0,1800.0,ใช่,ไม่ใช่,,DOC-BUD-2566,1.4ผลเบิกจ่ายปี 2566  final.pdf,1,2566-0019
2566,2567-02-29,29 กุมภาพันธ์ 2567,แผนงานบุคลากรภาครัฐ,,งบรายจ่ายอื่น,,,,3,หมวดงบรายจ่าย,งบรายจ่ายอื่น,600000.0,507600.0,92400.0,ไม่ใช่,ใช่,,DOC-BUD-2566,1.4ผลเบิกจ่ายปี 2566  final.pdf,1,2566-0020
2566,2567-02-29,29 กุมภาพันธ์ 2567,แผนงานบุคลากรภาครัฐ,,งบรายจ่ายอื่น,,,,4,รายการ,- เงินช่วยเหลือในกรณีที่พนักงานถึงแก่ความตาย,600000.0,507600.0,92400.0,ใช่,ไม่ใช่,,DOC-BUD-2566,1.4ผลเบิกจ่ายปี 2566  final.pdf,1,2566-0021
2566,2567-02-29,29 กุมภาพันธ์ 2567,แผนงานพื้นฐาน,,,,,,1,แผนงาน,แผนงานพื้นฐาน,1808776780.0,1784514161.93,51310988.72,ไม่ใช่,ใช่,,DOC-BUD-2566,1.4ผลเบิกจ่ายปี 2566  final.pdf,1,2566-0022
2566,2567-02-29,29 กุมภาพันธ์ 2567,แผนงานพื้นฐาน,โครงการต่อเนื่อง,,,,,2,กลุ่มรายจ่าย,โครงการต่อเนื่อง,266024850.0,271142661.0,162189.0,ไม่ใช่,ใช่,,DOC-BUD-2566,1.4ผลเบิกจ่ายปี 2566  final.pdf,1,2566-0023
2566,2567-02-29,29 กุมภาพันธ์ 2567,แผนงานพื้นฐาน,โครงการต่อเนื่อง,งบดำเนินงาน,,,,3,หมวดงบรายจ่าย,งบดำเนินงาน,209826000.0,209663811.0,162189.0,ไม่ใช่,ใช่,,DOC-BUD-2566,1.4ผลเบิกจ่ายปี 2566  final.pdf,1,2566-0024
2566,2567-02-29,29 กุมภาพันธ์ 2567,แผนงานพื้นฐาน,โครงการต่อเนื่อง,งบดำเนินงาน,ค่าใช้สอย,,,4,หมวดค่าใช้จ่าย,- ค่าใช้สอย,60126000.0,60123578.0,2422.0,ไม่ใช่,ใช่,,DOC-BUD-2566,1.4ผลเบิกจ่ายปี 2566  final.pdf,1,2566-0025
2566,2567-02-29,29 กุมภาพันธ์ 2567,แผนงานพื้นฐาน,โครงการต่อเนื่อง,งบดำเนินงาน,ค่าใช้สอย,1,,5,รายการ,1. ค่าเช่ารถยนต์,126000.0,123578.0,2422.0,ใช่,ไม่ใช่,,DOC-BUD-2566,1.4ผลเบิกจ่ายปี 2566  final.pdf,1,2566-0026
2566,2567-02-29,29 กุมภาพันธ์ 2567,แผนงานพื้นฐาน,โครงการต่อเนื่อง,งบดำเนินงาน,ค่าใช้สอย,2,,5,รายการ,2. โครงการจ้างหน่วยงานบริการดูแลและเก็บรักษาหลักทรัพย์ (Custodian),60000000.0,60000000.0,,ใช่,ไม่ใช่,คงเหลือ,DOC-BUD-2566,1.4ผลเบิกจ่ายปี 2566  final.pdf,1,2566-0027
2566,2567-02-29,29 กุมภาพันธ์ 2567,แผนงานพื้นฐาน,โครงการต่อเนื่อง,งบดำเนินงาน,ค่าสาธารณูปโภค,,,4,หมวดค่าใช้จ่าย,- ค่าสาธารณูปโภค,149700000.0,149540233.0,159767.0,ไม่ใช่,ใช่,,DOC-BUD-2566,1.4ผลเบิกจ่ายปี 2566  final.pdf,1,2566-0028
2566,2567-02-29,29 กุมภาพันธ์ 2567,แผนงานพื้นฐาน,โครงการต่อเนื่อง,งบดำเนินงาน,ค่าสาธารณูปโภค,,,5,รายละเอียดของแถวบน,- โครงการเช่าใช้ระบบเครือข่ายสื่อสารข้อมูลเพื่อบริการงานประกันสังคม,149700000.0,149540233.0,159767.0,ใช่,ใช่,,DOC-BUD-2566,1.4ผลเบิกจ่ายปี 2566  final.pdf,1,2566-0029
2566,2567-02-29,29 กุมภาพันธ์ 2567,แผนงานพื้นฐาน,โครงการต่อเนื่อง,งบลงทุน,,,,3,หมวดงบรายจ่าย,งบลงทุน,36761350.0,36761350.0,,ไม่ใช่,ใช่,คงเหลือ,DOC-BUD-2566,1.4ผลเบิกจ่ายปี 2566  final.pdf,2,2566-0030
2566,2567-02-29,29 กุมภาพันธ์ 2567,แผนงานพื้นฐาน,โครงการต่อเนื่อง,งบลงทุน,,1,,4,รายการ,1. ค่าก่อสร้างอาคารสำนักงานประกันสังคมจังหวัดชลบุรี สาขาศรีราชา,22651200.0,22651200.0,,ใช่,ไม่ใช่,คงเหลือ,DOC-BUD-2566,1.4ผลเบิกจ่ายปี 2566  final.pdf,2,2566-0031
2566,2567-02-29,29 กุมภาพันธ์ 2567,แผนงานพื้นฐาน,โครงการต่อเนื่อง,งบลงทุน,,2,,4,รายการ,2. ค่าก่อสร้างอาคารสำนักงานประกันสังคมจังหวัดปทุมธานี สาขาคลองหลวง,1664350.0,1664350.0,,ใช่,ไม่ใช่,คงเหลือ,DOC-BUD-2566,1.4ผลเบิกจ่ายปี 2566  final.pdf,2,2566-0032
2566,2567-02-29,29 กุมภาพันธ์ 2567,แผนงานพื้นฐาน,โครงการต่อเนื่อง,งบลงทุน,,3,,4,รายการ,3. ค่าก่อสร้างอาคารสำนักงานประกันสังคมจังหวัดอยุธยา สาขาอุทัย,3411000.0,3411000.0,,ใช่,ไม่ใช่,คงเหลือ,DOC-BUD-2566,1.4ผลเบิกจ่ายปี 2566  final.pdf,2,2566-0033
2566,2567-02-29,29 กุมภาพันธ์ 2567,แผนงานพื้นฐาน,โครงการต่อเนื่อง,งบลงทุน,,4,,4,รายการ,4. ค่าก่อสร้างอาคารสำนักงานประกันสังคมจังหวัดบุรีรัมย์ สาขานางรอง,5719200.0,5719200.0,,ใช่,ไม่ใช่,คงเหลือ,DOC-BUD-2566,1.4ผลเบิกจ่ายปี 2566  final.pdf,2,2566-0034
2566,2567-02-29,29 กุมภาพันธ์ 2567,แผนงานพื้นฐาน,โครงการต่อเนื่อง,งบลงทุน,,5,,4,รายการ,5. โครงการตกแต่งภายในอาคารสำนักงานประกันสังคมจังหวัดระยอง สาขาปลวกแดง,3315600.0,3315600.0,,ใช่,ไม่ใช่,คงเหลือ,DOC-BUD-2566,1.4ผลเบิกจ่ายปี 2566  final.pdf,2,2566-0035
2566,2567-02-29,29 กุมภาพันธ์ 2567,แผนงานพื้นฐาน,โครงการต่อเนื่อง,งบรายจ่ายอื่น,,,,3,หมวดงบรายจ่าย,งบรายจ่ายอื่น,19437500.0,24717500.0,,ไม่ใช่,ใช่,คงเหลือ,DOC-BUD-2566,1.4ผลเบิกจ่ายปี 2566  final.pdf,2,2566-0036
2566,2567-02-29,29 กุมภาพันธ์ 2567,แผนงานพื้นฐาน,โครงการต่อเนื่อง,งบรายจ่ายอื่น,,1,,4,รายการ,1. โครงการตรวจสอบข้อมูฃการใช้บริการทางการแพทย์ กรณีโรคที่มีค่าใช้จ่ายสูง และกรณีโรคที่มีภาระเสี่ยง ประจำปี 2564 - 2566,1320000.0,6600000.0,,ใช่,ไม่ใช่,คงเหลือ,DOC-BUD-2566,1.4ผลเบิกจ่ายปี 2566  final.pdf,2,2566-0037
2566,2567-02-29,29 กุมภาพันธ์ 2567,แผนงานพื้นฐาน,โครงการต่อเนื่อง,งบรายจ่ายอื่น,,2,,4,รายการ,2. โครงการตรวจสอบข้อมูฃการใช้บริการทางการแพทย์ กรณีโรคที่มีค่าใช้จ่ายสูง และกรณีโรคที่มีภาระเสี่ยง ประจำปี 2566 - 2567,9570000.0,9570000.0,,ใช่,ไม่ใช่,คงเหลือ,DOC-BUD-2566,1.4ผลเบิกจ่ายปี 2566  final.pdf,2,2566-0038
2566,2567-02-29,29 กุมภาพันธ์ 2567,แผนงานพื้นฐาน,โครงการต่อเนื่อง,งบรายจ่ายอื่น,,3,,4,รายการ,3. โครงการตรวจประเมินการให้บริการทางการแพทย์ของสถานพยาบาลหลัก ที่ให้บริการแก่ผู้ประกันตน ประจำปี 2564 - 2566,957000.0,957000.0,,ใช่,ไม่ใช่,คงเหลือ,DOC-BUD-2566,1.4ผลเบิกจ่ายปี 2566  final.pdf,2,2566-0039
2566,2567-02-29,29 กุมภาพันธ์ 2567,แผนงานพื้นฐาน,โครงการต่อเนื่อง,งบรายจ่ายอื่น,,4,,4,รายการ,4. โครงการตรวจประเมินการให้บริการทางการแพทย์ของสถานพยาบาลหลัก ที่ให้บริการแก่ผู้ประกันตน ประจำปี 2566 - 2567,1914000.0,1914000.0,,ใช่,ไม่ใช่,คงเหลือ,DOC-BUD-2566,1.4ผลเบิกจ่ายปี 2566  final.pdf,2,2566-0040
2566,2567-02-29,29 กุมภาพันธ์ 2567,แผนงานพื้นฐาน,โครงการต่อเนื่อง,งบรายจ่ายอื่น,,5,,4,รายการ,5. โครงการจ้างที่ปรึกษาเภสัชกรรมเพื่อกำกับคุณภาพการใช้ยาของสถานพยาบาล และกำกับตรวจสอบการจ่ายชดเชยยาบัญชีหลักแห่งชาติ จ(2) และยาต้านไวรัสเอดส์,1056000.0,1056000.0,,ใช่,ไม่ใช่,คงเหลือ,DOC-BUD-2566,1.4ผลเบิกจ่ายปี 2566  final.pdf,2,2566-0041
2566,2567-02-29,29 กุมภาพันธ์ 2567,แผนงานพื้นฐาน,โครงการต่อเนื่อง,งบรายจ่ายอื่น,,6,,4,รายการ,6. โครงการจ้างที่ปรึกษาด้านเทคโนโลยีสารสนเทศและการสื่อสาร,4620500.0,4620500.0,,ใช่,ไม่ใช่,คงเหลือ,DOC-BUD-2566,1.4ผลเบิกจ่ายปี 2566  final.pdf,2,2566-0042
2566,2567-02-29,29 กุมภาพันธ์ 2567,แผนงานพื้นฐาน,รายจ่ายเพื่อบริหารงานประจำ,,,,,2,กลุ่มรายจ่าย,รายจ่ายเพื่อบริหารงานประจำ,1542751930.0,1513371500.93,51148799.72,ไม่ใช่,ใช่,,DOC-BUD-2566,1.4ผลเบิกจ่ายปี 2566  final.pdf,2,2566-0043
2566,2567-02-29,29 กุมภาพันธ์ 2567,แผนงานพื้นฐาน,รายจ่ายเพื่อบริหารงานประจำ,งบดำเนินงาน,,,,3,หมวดงบรายจ่าย,งบดำเนินงาน,1328347630.0,1280311318.4,40833178.9,ไม่ใช่,ใช่,,DOC-BUD-2566,1.4ผลเบิกจ่ายปี 2566  final.pdf,2,2566-0044
2566,2567-02-29,29 กุมภาพันธ์ 2567,แผนงานพื้นฐาน,รายจ่ายเพื่อบริหารงานประจำ,งบดำเนินงาน,ค่าตอบแทน,,,4,หมวดค่าใช้จ่าย,- ค่าตอบแทน,154273430.0,141597761.45,7796296.55,ไม่ใช่,ใช่,,DOC-BUD-2566,1.4ผลเบิกจ่ายปี 2566  final.pdf,2,2566-0045
2566,2567-02-29,29 กุมภาพันธ์ 2567,แผนงานพื้นฐาน,รายจ่ายเพื่อบริหารงานประจำ,งบดำเนินงาน,ค่าตอบแทน,1,,5,รายการ,1. ค่าตอบแทนการปฏิบัติงานนอกเวลาราชการ,110964000.0,108645833.85,3574864.15,ใช่,ไม่ใช่,,DOC-BUD-2566,1.4ผลเบิกจ่ายปี 2566  final.pdf,2,2566-0046
2566,2567-02-29,29 กุมภาพันธ์ 2567,แผนงานพื้นฐาน,รายจ่ายเพื่อบริหารงานประจำ,งบดำเนินงาน,ค่าตอบแทน,2,,5,รายการ,2. ค่าเบี้ยประชุมคณะกรรมการ/อนุกรรมการ/คณะทำงาน,31388900.0,26392279.0,1974981.0,ใช่,ไม่ใช่,,DOC-BUD-2566,1.4ผลเบิกจ่ายปี 2566  final.pdf,2,2566-0047
2566,2567-02-29,29 กุมภาพันธ์ 2567,แผนงานพื้นฐาน,รายจ่ายเพื่อบริหารงานประจำ,งบดำเนินงาน,ค่าตอบแทน,3,,5,รายการ,3. ค่าใช้จ่ายในการเดินทางมาประชุมของคณะกรรมการ ที่ปรึกษา และคณะอนุกรรมการ,9203000.0,4827570.0,1487830.0,ใช่,ไม่ใช่,,DOC-BUD-2566,1.4ผลเบิกจ่ายปี 2566  final.pdf,2,2566-0048
2566,2567-02-29,29 กุมภาพันธ์ 2567,แผนงานพื้นฐาน,รายจ่ายเพื่อบริหารงานประจำ,งบดำเนินงาน,ค่าตอบแทน,4,,5,รายการ,4. ค่าตอบแทนคณะกรรมการตรวจรับพัสดุในงานจ้างก่อสร้างและผู้ควบคุมงาน ก่อสร้างที่มีคำสั่งแต่งตั้งจากทางราชการ,1076830.0,685500.0,647570.0,ใช่,ไม่ใช่,,DOC-BUD-2566,1.4ผลเบิกจ่ายปี 2566  final.pdf,2,2566-0049
2566,2567-02-29,29 กุมภาพันธ์ 2567,แผนงานพื้นฐาน,รายจ่ายเพื่อบริหารงานประจำ,งบดำเนินงาน,ค่าตอบแทน,5,,5,รายการ,5. ค่าตอบแทนกรรมการผู้อ่านผลงานทางวิชาการ,343000.0,343000.0,,ใช่,ไม่ใช่,คงเหลือ,DOC-BUD-2566,1.4ผลเบิกจ่ายปี 2566  final.pdf,2,2566-0050
2566,2567-02-29,29 กุมภาพันธ์ 2567,แผนงานพื้นฐาน,รายจ่ายเพื่อบริหารงานประจำ,งบดำเนินงาน,ค่าตอบแทน,6,,5,รายการ,6. เงินสมนาคุณกรรมการสอบสวนทางวินัย,32000.0,16200.0,15800.0,ใช่,ไม่ใช่,,DOC-BUD-2566,1.4ผลเบิกจ่ายปี 2566  final.pdf,2,2566-0051
2566,2567-02-29,29 กุมภาพันธ์ 2567,แผนงานพื้นฐาน,รายจ่ายเพื่อบริหารงานประจำ,งบดำเนินงาน,ค่าตอบแทน,7,,5,รายการ,7. ค่าตอบแทนกรรมการออกข้อสอบและสอบสัมภาษณ์,351700.0,121478.0,24152.0,ใช่,ไม่ใช่,,DOC-BUD-2566,1.4ผลเบิกจ่ายปี 2566  final.pdf,2,2566-0052
2566,2567-02-29,29 กุมภาพันธ์ 2567,แผนงานพื้นฐาน,รายจ่ายเพื่อบริหารงานประจำ,งบดำเนินงาน,ค่าตอบแทน,8,,5,รายการ,8. ค่าตอบแทนเจ้าหน้าที่ดำเนินการสอบ,303000.0,62500.0,13500.0,ใช่,ไม่ใช่,,DOC-BUD-2566,1.4ผลเบิกจ่ายปี 2566  final.pdf,2,2566-0053
2566,2567-02-29,29 กุมภาพันธ์ 2567,แผนงานพื้นฐาน,รายจ่ายเพื่อบริหารงานประจำ,งบดำเนินงาน,ค่าตอบแทน,9,,5,รายการ,9. ค่าตอบแทนแพทย์ผู้เชี่ยวชาญกรณีที่ให้คำปรึกษาและให้ความเห็น เป็นลายลักษณ์อักษรแก่สำนักงานประกันสังคม คณะกรรมการการแพทย์ และคณะอนุกรรมการในคณะกรรมการการแพทย์,400000.0,340470.0,9530.0,ใช่,ไม่ใช่,,DOC-BUD-2566,1.4ผลเบิกจ่ายปี 2566  final.pdf,2,2566-0054
2566,2567-02-29,29 กุมภาพันธ์ 2567,แผนงานพื้นฐาน,รายจ่ายเพื่อบริหารงานประจำ,งบดำเนินงาน,ค่าตอบแทน,10,,5,รายการ,10. ค่าตอบแทนจ้าหน้าที่ตำรวจรักษาความปลอดภัยในการนำเงินสดฝากธนาคาร,48000.0,48000.0,,ใช่,ไม่ใช่,คงเหลือ,DOC-BUD-2566,1.4ผลเบิกจ่ายปี 2566  final.pdf,2,2566-0055
2566,2567-02-29,29 กุมภาพันธ์ 2567,แผนงานพื้นฐาน,รายจ่ายเพื่อบริหารงานประจำ,งบดำเนินงาน,ค่าตอบแทน,11,,5,รายการ,11. ค่าจ้างแปลเอกสารจากภาษาต่างประเทศเป็นภาษาไทย และจากภาษาไทย เป็นภาษาต่างประเทศ,93000.0,44940.0,48060.0,ใช่,ไม่ใช่,,DOC-BUD-2566,1.4ผลเบิกจ่ายปี 2566  final.pdf,2,2566-0056
2566,2567-02-29,29 กุมภาพันธ์ 2567,แผนงานพื้นฐาน,รายจ่ายเพื่อบริหารงานประจำ,งบดำเนินงาน,ค่าตอบแทน,12,,5,รายการ,12. ค่าตอบแทนล่ามในการแปลภาษาท้องถิ่น ภาษต่างประเทศ หรือภาษามือ,70000.0,69990.6,9.4,ใช่,ไม่ใช่,,DOC-BUD-2566,1.4ผลเบิกจ่ายปี 2566  final.pdf,2,2566-0057
2566,2567-02-29,29 กุมภาพันธ์ 2567,แผนงานพื้นฐาน,รายจ่ายเพื่อบริหารงานประจำ,งบดำเนินงาน,ค่าใช้สอย,,,4,หมวดค่าใช้จ่าย,- ค่าใช้สอย,839133700.0,799176515.6,26566243.24,ไม่ใช่,ใช่,,DOC-BUD-2566,1.4ผลเบิกจ่ายปี 2566  final.pdf,2,2566-0058
2566,2567-02-29,29 กุมภาพันธ์ 2567,แผนงานพื้นฐาน,รายจ่ายเพื่อบริหารงานประจำ,งบดำเนินงาน,ค่าใช้สอย,1,,5,รายการ,1. ค่าเบี้ยเลี้ยง ที่พัก พาหนะ และอื่น ๆ,34282000.0,30116863.93,1575801.01,ใช่,ไม่ใช่,,DOC-BUD-2566,1.4ผลเบิกจ่ายปี 2566  final.pdf,2,2566-0059
2566,2567-02-29,29 กุมภาพันธ์ 2567,แผนงานพื้นฐาน,รายจ่ายเพื่อบริหารงานประจำ,งบดำเนินงาน,ค่าใช้สอย,2,,5,รายการ,2. ค่าผ่านทางด่วนพิเศษ,560800.0,451220.0,115135.94,ใช่,ไม่ใช่,,DOC-BUD-2566,1.4ผลเบิกจ่ายปี 2566  final.pdf,2,2566-0060
2566,2567-02-29,29 กุมภาพันธ์ 2567,แผนงานพื้นฐาน,รายจ่ายเพื่อบริหารงานประจำ,งบดำเนินงาน,ค่าใช้สอย,3,,5,รายการ,3. ค่าใช้จ่ายในการเดินทางภายในประเทศของผู้รับการอบรม,11126000.0,11243295.2,62704.8,ใช่,ไม่ใช่,,DOC-BUD-2566,1.4ผลเบิกจ่ายปี 2566  final.pdf,2,2566-0061
2566,2567-02-29,29 กุมภาพันธ์ 2567,แผนงานพื้นฐาน,รายจ่ายเพื่อบริหารงานประจำ,งบดำเนินงาน,ค่าใช้สอย,4,,5,รายการ,4. ค่าใช้จ่ายในการจัดประชุม อบรม สัมมนาและค่าอาหารว่าง,10858600.0,6157330.36,2938876.53,ไม่ใช่,ไม่ใช่,,DOC-BUD-2566,1.4ผลเบิกจ่ายปี 2566  final.pdf,2,2566-0062
2566,2567-02-29,29 กุมภาพันธ์ 2567,แผนงานพื้นฐาน,รายจ่ายเพื่อบริหารงานประจำ,งบดำเนินงาน,ค่าใช้สอย,,4.,6,รายละเอียดของแถวบน,- ค่ารับรองและพิธีการ,10858600.0,6157330.36,2938876.53,ใช่,ใช่,,DOC-BUD-2566,1.4ผลเบิกจ่ายปี 2566  final.pdf,3,2566-0063
2566,2567-02-29,29 กุมภาพันธ์ 2567,แผนงานพื้นฐาน,รายจ่ายเพื่อบริหารงานประจำ,งบดำเนินงาน,ค่าใช้สอย,5,,5,รายการ,5. ค่าใช้จ่ายต่าง ๆ เพื่อเผยแพร่ความรู้เกี่ยวกับการประกันสังคม,14500000.0,13825532.16,492903.69,ไม่ใช่,ไม่ใช่,,DOC-BUD-2566,1.4ผลเบิกจ่ายปี 2566  final.pdf,3,2566-0064
2566,2567-02-29,29 กุมภาพันธ์ 2567,แผนงานพื้นฐาน,รายจ่ายเพื่อบริหารงานประจำ,งบดำเนินงาน,ค่าใช้สอย,,5.,6,รายละเอียดของแถวบน,- ค่าใช้จ่ายต่าง ๆ เพื่อประชาสัมพันธ์เผยแพร่ข่าวสารงานประกันสังคม,14500000.0,13825532.16,492903.69,ใช่,ใช่,,DOC-BUD-2566,1.4ผลเบิกจ่ายปี 2566  final.pdf,3,2566-0065
2566,2567-02-29,29 กุมภาพันธ์ 2567,แผนงานพื้นฐาน,รายจ่ายเพื่อบริหารงานประจำ,งบดำเนินงาน,ค่าใช้สอย,6,,5,รายการ,6. ค่าซ่อมแซมบำรุงรักษาทรัพย์สิน,18948300.0,18272490.63,1030969.5,ใช่,ไม่ใช่,,DOC-BUD-2566,1.4ผลเบิกจ่ายปี 2566  final.pdf,3,2566-0066
2566,2567-02-29,29 กุมภาพันธ์ 2567,แผนงานพื้นฐาน,รายจ่ายเพื่อบริหารงานประจำ,งบดำเนินงาน,ค่าใช้สอย,7,,5,รายการ,7. ค่าซ่อมแซมบำรุงรักษารถยนต์,12636500.0,12428457.38,721160.18,ใช่,ไม่ใช่,,DOC-BUD-2566,1.4ผลเบิกจ่ายปี 2566  final.pdf,3,2566-0067
2566,2567-02-29,29 กุมภาพันธ์ 2567,แผนงานพื้นฐาน,รายจ่ายเพื่อบริหารงานประจำ,งบดำเนินงาน,ค่าใช้สอย,8,,5,รายการ,8. ค่าซอมแซมปรับปรุงอาคารหรือสิ่งก่อสร้าง,1500000.0,2157336.32,196363.63,ใช่,ไม่ใช่,,DOC-BUD-2566,1.4ผลเบิกจ่ายปี 2566  final.pdf,3,2566-0068
2566,2567-02-29,29 กุมภาพันธ์ 2567,แผนงานพื้นฐาน,รายจ่ายเพื่อบริหารงานประจำ,งบดำเนินงาน,ค่าใช้สอย,9,,5,รายการ,9. ค่าจ้างเหมาบริการต่าง ๆ,12002300.0,9882307.62,801019.83,ใช่,ไม่ใช่,,DOC-BUD-2566,1.4ผลเบิกจ่ายปี 2566  final.pdf,3,2566-0069
2566,2567-02-29,29 กุมภาพันธ์ 2567,แผนงานพื้นฐาน,รายจ่ายเพื่อบริหารงานประจำ,งบดำเนินงาน,ค่าใช้สอย,10,,5,รายการ,10. ค่าจ้างเหมากำจัดปลวก มด แมลง และหนู,3052100.0,2505906.4,470793.6,ใช่,ไม่ใช่,,DOC-BUD-2566,1.4ผลเบิกจ่ายปี 2566  final.pdf,3,2566-0070
2566,2567-02-29,29 กุมภาพันธ์ 2567,แผนงานพื้นฐาน,รายจ่ายเพื่อบริหารงานประจำ,งบดำเนินงาน,ค่าใช้สอย,11,,5,รายการ,11. ค่าจ้างเหมารักษาความปลอดภัยอาคารสำนักงานประกันสังคม,94300800.0,92069967.37,1151064.63,ใช่,ไม่ใช่,,DOC-BUD-2566,1.4ผลเบิกจ่ายปี 2566  final.pdf,3,2566-0071
2566,2567-02-29,29 กุมภาพันธ์ 2567,แผนงานพื้นฐาน,รายจ่ายเพื่อบริหารงานประจำ,งบดำเนินงาน,ค่าใช้สอย,12,,5,รายการ,12. ค่าจ้างเหมารักษาความสะอาดอาคารสำนักงานประกันสังคม,59565600.0,56268802.66,1221700.48,ใช่,ไม่ใช่,,DOC-BUD-2566,1.4ผลเบิกจ่ายปี 2566  final.pdf,3,2566-0072
2566,2567-02-29,29 กุมภาพันธ์ 2567,แผนงานพื้นฐาน,รายจ่ายเพื่อบริหารงานประจำ,งบดำเนินงาน,ค่าใช้สอย,13,,5,รายการ,13. ค่าจ้างเหมาบำรุงรักษาสวนหย่อม,6603900.0,6099597.93,475009.07,ใช่,ไม่ใช่,,DOC-BUD-2566,1.4ผลเบิกจ่ายปี 2566  final.pdf,3,2566-0073
2566,2567-02-29,29 กุมภาพันธ์ 2567,แผนงานพื้นฐาน,รายจ่ายเพื่อบริหารงานประจำ,งบดำเนินงาน,ค่าใช้สอย,14,,5,รายการ,14. ค่าจ้างเหมาพนักงานขับรถยนต์,24302400.0,22722547.58,1169894.42,ใช่,ไม่ใช่,,DOC-BUD-2566,1.4ผลเบิกจ่ายปี 2566  final.pdf,3,2566-0074
2566,2567-02-29,29 กุมภาพันธ์ 2567,แผนงานพื้นฐาน,รายจ่ายเพื่อบริหารงานประจำ,งบดำเนินงาน,ค่าใช้สอย,15,,5,รายการ,15. ค่าขนย้ายและติดตั้งครุภัณฑ์และทรัพย์สินต่าง ๆ,272000.0,87221.0,167285.84,ใช่,ไม่ใช่,,DOC-BUD-2566,1.4ผลเบิกจ่ายปี 2566  final.pdf,3,2566-0075
2566,2567-02-29,29 กุมภาพันธ์ 2567,แผนงานพื้นฐาน,รายจ่ายเพื่อบริหารงานประจำ,งบดำเนินงาน,ค่าใช้สอย,16,,5,รายการ,"16. ค่าเช่าอาคารพาณิชย์เป็นที่ทำการสำนักงานประกันสังคมพื้นที่, และอาคารเก็บเอกสาร",61383300.0,60536089.0,716575.52,ใช่,ไม่ใช่,,DOC-BUD-2566,1.4ผลเบิกจ่ายปี 2566  final.pdf,3,2566-0076
2566,2567-02-29,29 กุมภาพันธ์ 2567,แผนงานพื้นฐาน,รายจ่ายเพื่อบริหารงานประจำ,งบดำเนินงาน,ค่าใช้สอย,17,,5,รายการ,17. ค่าเช่าที่ดิน,123600.0,118574.0,5026.0,ใช่,ไม่ใช่,,DOC-BUD-2566,1.4ผลเบิกจ่ายปี 2566  final.pdf,3,2566-0077
2566,2567-02-29,29 กุมภาพันธ์ 2567,แผนงานพื้นฐาน,รายจ่ายเพื่อบริหารงานประจำ,งบดำเนินงาน,ค่าใช้สอย,18,,5,รายการ,18. ค่าประกันภัยรถยนต์ราชการ,2405100.0,1509623.71,222696.29,ใช่,ไม่ใช่,,DOC-BUD-2566,1.4ผลเบิกจ่ายปี 2566  final.pdf,3,2566-0078
2566,2567-02-29,29 กุมภาพันธ์ 2567,แผนงานพื้นฐาน,รายจ่ายเพื่อบริหารงานประจำ,งบดำเนินงาน,ค่าใช้สอย,19,,5,รายการ,19. ค่าเช่าเครื่องถ่ายเอกสาร,8135800.0,6367487.84,1137578.9,ใช่,ไม่ใช่,,DOC-BUD-2566,1.4ผลเบิกจ่ายปี 2566  final.pdf,3,2566-0079
2566,2567-02-29,29 กุมภาพันธ์ 2567,แผนงานพื้นฐาน,รายจ่ายเพื่อบริหารงานประจำ,งบดำเนินงาน,ค่าใช้สอย,20,,5,รายการ,20. หนังสือ วารสาร หนังสือพิมพ์,313800.0,243896.25,52593.4,ใช่,ไม่ใช่,,DOC-BUD-2566,1.4ผลเบิกจ่ายปี 2566  final.pdf,3,2566-0080
2566,2567-02-29,29 กุมภาพันธ์ 2567,แผนงานพื้นฐาน,รายจ่ายเพื่อบริหารงานประจำ,งบดำเนินงาน,ค่าใช้สอย,21,,5,รายการ,21. ค่าจ้างทำของที่ระลึก,2144000.0,3509877.4,83360.0,ใช่,ไม่ใช่,,DOC-BUD-2566,1.4ผลเบิกจ่ายปี 2566  final.pdf,3,2566-0081
2566,2567-02-29,29 กุมภาพันธ์ 2567,แผนงานพื้นฐาน,รายจ่ายเพื่อบริหารงานประจำ,งบดำเนินงาน,ค่าใช้สอย,22,,5,รายการ,22. ค่าตกแต่งสถานที่และค่าใช้จ่ายในการจัดงานต่าง ๆ,1130000.0,825420.79,304579.21,ใช่,ไม่ใช่,,DOC-BUD-2566,1.4ผลเบิกจ่ายปี 2566  final.pdf,3,2566-0082
2566,2567-02-29,29 กุมภาพันธ์ 2567,แผนงานพื้นฐาน,รายจ่ายเพื่อบริหารงานประจำ,งบดำเนินงาน,ค่าใช้สอย,23,,5,รายการ,23. ค่าใช้จ่ายในการลี้ยงรับรองบุคคลหรือรับรองชาวต่างประเทศ,20000.0,18300.0,1700.0,ใช่,ไม่ใช่,,DOC-BUD-2566,1.4ผลเบิกจ่ายปี 2566  final.pdf,3,2566-0083
2566,2567-02-29,29 กุมภาพันธ์ 2567,แผนงานพื้นฐาน,รายจ่ายเพื่อบริหารงานประจำ,งบดำเนินงาน,ค่าใช้สอย,24,,5,รายการ,24. ค่าใช้จ่ายในการจัดทำข้อสอบ,622000.0,594139.0,27861.0,ใช่,ไม่ใช่,,DOC-BUD-2566,1.4ผลเบิกจ่ายปี 2566  final.pdf,3,2566-0084
2566,2567-02-29,29 กุมภาพันธ์ 2567,แผนงานพื้นฐาน,รายจ่ายเพื่อบริหารงานประจำ,งบดำเนินงาน,ค่าใช้สอย,25,,5,รายการ,25. ค่าเช่าสถานที่สอบคัดเลือกข้าราชการและพนักงาน,902000.0,498320.0,403680.0,ใช่,ไม่ใช่,,DOC-BUD-2566,1.4ผลเบิกจ่ายปี 2566  final.pdf,3,2566-0085
2566,2567-02-29,29 กุมภาพันธ์ 2567,แผนงานพื้นฐาน,รายจ่ายเพื่อบริหารงานประจำ,งบดำเนินงาน,ค่าใช้สอย,26,,5,รายการ,26. ค่าใช้จ่ายในการบำรุงของสมาคม ASSA และค่าใช้จ่ายอื่น ๆ ที่เกี่ยวข้อง,10000.0,,10000.0,ใช่,ไม่ใช่,รวมเบิกจ่ายและผูกพัน,DOC-BUD-2566,1.4ผลเบิกจ่ายปี 2566  final.pdf,3,2566-0086
2566,2567-02-29,29 กุมภาพันธ์ 2567,แผนงานพื้นฐาน,รายจ่ายเพื่อบริหารงานประจำ,งบดำเนินงาน,ค่าใช้สอย,27,,5,รายการ,27. ค่าใช้จ่ายในการจ้างบันทึกข้อมูลเงินสมทบ,8633000.0,8482180.0,,ใช่,ไม่ใช่,คงเหลือ,DOC-BUD-2566,1.4ผลเบิกจ่ายปี 2566  final.pdf,3,2566-0087
2566,2567-02-29,29 กุมภาพันธ์ 2567,แผนงานพื้นฐาน,รายจ่ายเพื่อบริหารงานประจำ,งบดำเนินงาน,ค่าใช้สอย,28,,5,รายการ,28. ค่าตอบแทนเหมาจ่ายในการติดตามเร่งรัดหนี้นอกสถานที่,6707500.0,5556827.92,1121072.08,ใช่,ไม่ใช่,,DOC-BUD-2566,1.4ผลเบิกจ่ายปี 2566  final.pdf,3,2566-0088
2566,2567-02-29,29 กุมภาพันธ์ 2567,แผนงานพื้นฐาน,รายจ่ายเพื่อบริหารงานประจำ,งบดำเนินงาน,ค่าใช้สอย,29,,5,รายการ,29. ค่าธรรมเนียมอื่น ๆ,59300.0,33989.0,25311.0,ใช่,ไม่ใช่,,DOC-BUD-2566,1.4ผลเบิกจ่ายปี 2566  final.pdf,3,2566-0089
2566,2567-02-29,29 กุมภาพันธ์ 2567,แผนงานพื้นฐาน,รายจ่ายเพื่อบริหารงานประจำ,งบดำเนินงาน,ค่าใช้สอย,30,,5,รายการ,30. ค่าธรรมเนียมกรณีขอรับเงินธนาณัติเป็นแคชเชียร์เช็ค สปส.พื้นที่/จังหวัด/สาขา,81300.0,37273.22,41246.78,ใช่,ไม่ใช่,,DOC-BUD-2566,1.4ผลเบิกจ่ายปี 2566  final.pdf,3,2566-0090
2566,2567-02-29,29 กุมภาพันธ์ 2567,แผนงานพื้นฐาน,รายจ่ายเพื่อบริหารงานประจำ,งบดำเนินงาน,ค่าใช้สอย,31,,5,รายการ,31. ค่าธรรมเนียมซื้อสมุดเช็ค และอื่น ๆ,1479300.0,1106853.36,354605.27,ใช่,ไม่ใช่,,DOC-BUD-2566,1.4ผลเบิกจ่ายปี 2566  final.pdf,3,2566-0091
2566,2567-02-29,29 กุมภาพันธ์ 2567,แผนงานพื้นฐาน,รายจ่ายเพื่อบริหารงานประจำ,งบดำเนินงาน,ค่าใช้สอย,32,,5,รายการ,32. ค่าธรรมเนียมการให้บริการรับสมัครขึ้นทะเบียนผู้ประกันตนตามมาตรา 40,30000.0,870.0,4130.0,ใช่,ไม่ใช่,,DOC-BUD-2566,1.4ผลเบิกจ่ายปี 2566  final.pdf,3,2566-0092
2566,2567-02-29,29 กุมภาพันธ์ 2567,แผนงานพื้นฐาน,รายจ่ายเพื่อบริหารงานประจำ,งบดำเนินงาน,ค่าใช้สอย,33,,5,รายการ,33. ค่าธรรมเนียมบริการรับ - ส่งเงินของ KGS,8845300.0,7976175.54,839496.46,ใช่,ไม่ใช่,,DOC-BUD-2566,1.4ผลเบิกจ่ายปี 2566  final.pdf,3,2566-0093
2566,2567-02-29,29 กุมภาพันธ์ 2567,แผนงานพื้นฐาน,รายจ่ายเพื่อบริหารงานประจำ,งบดำเนินงาน,ค่าใช้สอย,34,,5,รายการ,34. ค่าธรรมเนียมสำนักงานการตรวจเงินแผ่นดิน เพื่อการตรวจสอบบัญชีกองทุนประกันสังคม,1200000.0,1200000.0,,ใช่,ไม่ใช่,คงเหลือ,DOC-BUD-2566,1.4ผลเบิกจ่ายปี 2566  final.pdf,3,2566-0094
2566,2567-02-29,29 กุมภาพันธ์ 2567,แผนงานพื้นฐาน,รายจ่ายเพื่อบริหารงานประจำ,งบดำเนินงาน,ค่าใช้สอย,35,,5,รายการ,35. ค่าธรรมเนียมการต่อใบอนุญาตมีซึ่งยุทธภัณฑ์ รถหุ้มเกราะป้องกันกระสุนฯ,1000.0,,1000.0,ใช่,ไม่ใช่,รวมเบิกจ่ายและผูกพัน,DOC-BUD-2566,1.4ผลเบิกจ่ายปี 2566  final.pdf,3,2566-0095
2566,2567-02-29,29 กุมภาพันธ์ 2567,แผนงานพื้นฐาน,รายจ่ายเพื่อบริหารงานประจำ,งบดำเนินงาน,ค่าใช้สอย,36,,5,รายการ,36. ค่าธรรมเนียมทางกฎหมาย,349000.0,47400.0,201600.0,ใช่,ไม่ใช่,,DOC-BUD-2566,1.4ผลเบิกจ่ายปี 2566  final.pdf,3,2566-0096
2566,2567-02-29,29 กุมภาพันธ์ 2567,แผนงานพื้นฐาน,รายจ่ายเพื่อบริหารงานประจำ,งบดำเนินงาน,ค่าใช้สอย,37,,5,รายการ,37. ค่าป่วยการแก่พยานศาล,50000.0,12000.0,28000.0,ใช่,ไม่ใช่,,DOC-BUD-2566,1.4ผลเบิกจ่ายปี 2566  final.pdf,3,2566-0097
2566,2567-02-29,29 กุมภาพันธ์ 2567,แผนงานพื้นฐาน,รายจ่ายเพื่อบริหารงานประจำ,งบดำเนินงาน,ค่าใช้สอย,38,,5,รายการ,38. ค่าสมัครสมาชิกด้านการลงทุน,52176000.0,45731933.62,1303856.59,ใช่,ไม่ใช่,,DOC-BUD-2566,1.4ผลเบิกจ่ายปี 2566  final.pdf,3,2566-0098
2566,2567-02-29,29 กุมภาพันธ์ 2567,แผนงานพื้นฐาน,รายจ่ายเพื่อบริหารงานประจำ,งบดำเนินงาน,ค่าใช้สอย,39,,5,รายการ,39. ค่าบำรุงรักษาระบบคอมพิวเตอร์,377821100.0,370480408.41,7089591.59,ไม่ใช่,ไม่ใช่,,DOC-BUD-2566,1.4ผลเบิกจ่ายปี 2566  final.pdf,3,2566-0099
2566,2567-02-29,29 กุมภาพันธ์ 2567,แผนงานพื้นฐาน,รายจ่ายเพื่อบริหารงานประจำ,งบดำเนินงาน,ค่าใช้สอย,1,39.,6,รายการ,1. ค่าจ้างบำรุงรักษาระบบสารสนเทศการจ่ายประโยชน์ทดแทน กรณีชราภาพ,1075200.0,1075200.0,,ใช่,ไม่ใช่,คงเหลือ,DOC-BUD-2566,1.4ผลเบิกจ่ายปี 2566  final.pdf,3,2566-0100
2566,2567-02-29,29 กุมภาพันธ์ 2567,แผนงานพื้นฐาน,รายจ่ายเพื่อบริหารงานประจำ,งบดำเนินงาน,ค่าใช้สอย,2,39.,6,รายการ,2. ค่าจ้างบำรุงรักษาเครื่องคอมพิวเตอร์เมนเฟรมและอุปกรณ์ต่อพ่วง ศูนย์คอมพิวเตอร์หลัก และศูนย์คอมพิวเตอร์สำรอง,37053000.0,36532800.0,520200.0,ใช่,ไม่ใช่,,DOC-BUD-2566,1.4ผลเบิกจ่ายปี 2566  final.pdf,3,2566-0101
2566,2567-02-29,29 กุมภาพันธ์ 2567,แผนงานพื้นฐาน,รายจ่ายเพื่อบริหารงานประจำ,งบดำเนินงาน,ค่าใช้สอย,3,39.,6,รายการ,3. ค่าจ้างบำรุงรักษาโปรแกรม Sapiens ObjectPool,1428000.0,1428000.0,,ใช่,ไม่ใช่,คงเหลือ,DOC-BUD-2566,1.4ผลเบิกจ่ายปี 2566  final.pdf,3,2566-0102
2566,2567-02-29,29 กุมภาพันธ์ 2567,แผนงานพื้นฐาน,รายจ่ายเพื่อบริหารงานประจำ,งบดำเนินงาน,ค่าใช้สอย,4,39.,6,รายการ,4. ค่าจ้างบำรุงรักษาโปรแกรม ViewDirect For OS/390,1446000.0,1446000.0,,ใช่,ไม่ใช่,คงเหลือ,DOC-BUD-2566,1.4ผลเบิกจ่ายปี 2566  final.pdf,3,2566-0103
2566,2567-02-29,29 กุมภาพันธ์ 2567,แผนงานพื้นฐาน,รายจ่ายเพื่อบริหารงานประจำ,งบดำเนินงาน,ค่าใช้สอย,5,39.,6,รายการ,5. ค่าจ้างบำรุงรักษาระบบงานประกันสังคมบนเครื่องคอมพิวเตอร์เมนเฟรม,16200000.0,16200000.0,,ใช่,ไม่ใช่,คงเหลือ,DOC-BUD-2566,1.4ผลเบิกจ่ายปี 2566  final.pdf,3,2566-0104
2566,2567-02-29,29 กุมภาพันธ์ 2567,แผนงานพื้นฐาน,รายจ่ายเพื่อบริหารงานประจำ,งบดำเนินงาน,ค่าใช้สอย,6,39.,6,รายการ,6. ค่าจ้างบำรุงรักษาและปรับปรุงระบบงานสารสนเทศเพื่อการจัดการ,463200.0,463200.0,,ใช่,ไม่ใช่,คงเหลือ,DOC-BUD-2566,1.4ผลเบิกจ่ายปี 2566  final.pdf,3,2566-0105
2566,2567-02-29,29 กุมภาพันธ์ 2567,แผนงานพื้นฐาน,รายจ่ายเพื่อบริหารงานประจำ,งบดำเนินงาน,ค่าใช้สอย,7,39.,6,รายการ,7. ค่าจ้างบำรุงรักษาโปรแกรมบริหารการลงทุน,5780000.0,5779920.0,80.0,ใช่,ไม่ใช่,,DOC-BUD-2566,1.4ผลเบิกจ่ายปี 2566  final.pdf,3,2566-0106
2566,2567-02-29,29 กุมภาพันธ์ 2567,แผนงานพื้นฐาน,รายจ่ายเพื่อบริหารงานประจำ,งบดำเนินงาน,ค่าใช้สอย,8,39.,6,รายการ,8. ค่าจ้างบำรุงรักษาระบบแปลงรายงาน (Reports Conversion),456000.0,456000.0,,ใช่,ไม่ใช่,คงเหลือ,DOC-BUD-2566,1.4ผลเบิกจ่ายปี 2566  final.pdf,3,2566-0107
2566,2567-02-29,29 กุมภาพันธ์ 2567,แผนงานพื้นฐาน,รายจ่ายเพื่อบริหารงานประจำ,งบดำเนินงาน,ค่าใช้สอย,9,39.,6,รายการ,9. ค่าจ้างบำรุงรักษาโปรแกรม IBM Tivoli OmegaMon for CICS,894000.0,894000.0,,ใช่,ไม่ใช่,คงเหลือ,DOC-BUD-2566,1.4ผลเบิกจ่ายปี 2566  final.pdf,3,2566-0108
2566,2567-02-29,29 กุมภาพันธ์ 2567,แผนงานพื้นฐาน,รายจ่ายเพื่อบริหารงานประจำ,งบดำเนินงาน,ค่าใช้สอย,10,39.,6,รายการ,10. ค่าจ้างบำรุงรักษาและปรับปรุงระบบสารสนเทศงานประกันสังคมตามมาตรา 40,4483200.0,4483200.0,,ใช่,ไม่ใช่,คงเหลือ,DOC-BUD-2566,1.4ผลเบิกจ่ายปี 2566  final.pdf,3,2566-0109
2566,2567-02-29,29 กุมภาพันธ์ 2567,แผนงานพื้นฐาน,รายจ่ายเพื่อบริหารงานประจำ,งบดำเนินงาน,ค่าใช้สอย,11,39.,6,รายการ,11. ค่าจ้างบำรุงรักษาและปรับปรุงระบบสารสนเทศงานประกันสังคม กรณีว่างงาน,690000.0,690000.0,,ใช่,ไม่ใช่,คงเหลือ,DOC-BUD-2566,1.4ผลเบิกจ่ายปี 2566  final.pdf,4,2566-0110
2566,2567-02-29,29 กุมภาพันธ์ 2567,แผนงานพื้นฐาน,รายจ่ายเพื่อบริหารงานประจำ,งบดำเนินงาน,ค่าใช้สอย,12,39.,6,รายการ,12. ค่าจ้างบำรงุรักษาและปรับปรุงระบบบริการอิเล็กทรอนิกส์,5160000.0,5160000.0,,ใช่,ไม่ใช่,คงเหลือ,DOC-BUD-2566,1.4ผลเบิกจ่ายปี 2566  final.pdf,4,2566-0111
2566,2567-02-29,29 กุมภาพันธ์ 2567,แผนงานพื้นฐาน,รายจ่ายเพื่อบริหารงานประจำ,งบดำเนินงาน,ค่าใช้สอย,13,39.,6,รายการ,13. ค่าจ้างบำรุงรักษาระบบคอมพิวเตอร์พร้อมการรักษาความมั่นคงปลอดภัย ระดับคอมพิวเตอร์ลูกข่าย,15944000.0,15652688.46,291311.54,ใช่,ไม่ใช่,,DOC-BUD-2566,1.4ผลเบิกจ่ายปี 2566  final.pdf,4,2566-0112
2566,2567-02-29,29 กุมภาพันธ์ 2567,แผนงานพื้นฐาน,รายจ่ายเพื่อบริหารงานประจำ,งบดำเนินงาน,ค่าใช้สอย,14,39.,6,รายการ,14. ค่าจ้างบำรุงรักษาระบบคอมพิวเตอร์และบริหารศูนย์คอมพิวเตอร์ (Cloud),99005000.0,93113959.67,5891040.33,ใช่,ไม่ใช่,,DOC-BUD-2566,1.4ผลเบิกจ่ายปี 2566  final.pdf,4,2566-0113
2566,2567-02-29,29 กุมภาพันธ์ 2567,แผนงานพื้นฐาน,รายจ่ายเพื่อบริหารงานประจำ,งบดำเนินงาน,ค่าใช้สอย,15,39.,6,รายการ,15. ค่าจ้างบำรุงรักษาและปรับปรุงระบบฐานข้อมูลเพื่อการบริหารงานประกันสังคม ในรูปบบ e-Service,5400000.0,5400000.0,,ใช่,ไม่ใช่,คงเหลือ,DOC-BUD-2566,1.4ผลเบิกจ่ายปี 2566  final.pdf,4,2566-0114
2566,2567-02-29,29 กุมภาพันธ์ 2567,แผนงานพื้นฐาน,รายจ่ายเพื่อบริหารงานประจำ,งบดำเนินงาน,ค่าใช้สอย,16,39.,6,รายการ,16. ค่าจ้างบำรุงรักษาและปรับปรุงระบบบริหารการจัดทำแผนปฏิบัติราชการ และงบประมาณ สำนักงานประกันสังคม,996000.0,969225.61,26774.39,ใช่,ไม่ใช่,,DOC-BUD-2566,1.4ผลเบิกจ่ายปี 2566  final.pdf,4,2566-0115
2566,2567-02-29,29 กุมภาพันธ์ 2567,แผนงานพื้นฐาน,รายจ่ายเพื่อบริหารงานประจำ,งบดำเนินงาน,ค่าใช้สอย,17,39.,6,รายการ,17. ค่าจ้างบำรุงรักษาและปรับปรุงระบบงานสนับสนุน,3220000.0,3216000.0,4000.0,ใช่,ไม่ใช่,,DOC-BUD-2566,1.4ผลเบิกจ่ายปี 2566  final.pdf,4,2566-0116
2566,2567-02-29,29 กุมภาพันธ์ 2567,แผนงานพื้นฐาน,รายจ่ายเพื่อบริหารงานประจำ,งบดำเนินงาน,ค่าใช้สอย,18,39.,6,รายการ,18. ค่าจ้างบำรุงรักษาระบบการจ่ายค่าบริการทางการแพทย์เชื่อมโยงระบบ NCH (National Clearing House),1788000.0,1773580.0,14420.0,ใช่,ไม่ใช่,,DOC-BUD-2566,1.4ผลเบิกจ่ายปี 2566  final.pdf,4,2566-0117
2566,2567-02-29,29 กุมภาพันธ์ 2567,แผนงานพื้นฐาน,รายจ่ายเพื่อบริหารงานประจำ,งบดำเนินงาน,ค่าใช้สอย,19,39.,6,รายการ,19. ค่าจ้างบำรุงรักษาระบบการตรวจสอบเวชระเบียนอิเล็กทรอนิกส์,684000.0,674806.45,9193.55,ใช่,ไม่ใช่,,DOC-BUD-2566,1.4ผลเบิกจ่ายปี 2566  final.pdf,4,2566-0118
2566,2567-02-29,29 กุมภาพันธ์ 2567,แผนงานพื้นฐาน,รายจ่ายเพื่อบริหารงานประจำ,งบดำเนินงาน,ค่าใช้สอย,20,39.,6,รายการ,20. ค่าจ้างบำรุงรักษาและปรับปรุงระบบใบเสร็จรับเงินอิเล็กทรอนิกส์ (e-Receipt),1388000.0,1388000.0,,ใช่,ไม่ใช่,คงเหลือ,DOC-BUD-2566,1.4ผลเบิกจ่ายปี 2566  final.pdf,4,2566-0119
2566,2567-02-29,29 กุมภาพันธ์ 2567,แผนงานพื้นฐาน,รายจ่ายเพื่อบริหารงานประจำ,งบดำเนินงาน,ค่าใช้สอย,21,39.,6,รายการ,21. ค่าจ้างบำรุงรักษาเว็บไซต์สำนักงานประกันสังคม (www.sso.go.th),1236000.0,1236000.0,,ใช่,ไม่ใช่,คงเหลือ,DOC-BUD-2566,1.4ผลเบิกจ่ายปี 2566  final.pdf,4,2566-0120
2566,2567-02-29,29 กุมภาพันธ์ 2567,แผนงานพื้นฐาน,รายจ่ายเพื่อบริหารงานประจำ,งบดำเนินงาน,ค่าใช้สอย,22,39.,6,รายการ,22. ค่าจ้างบำรุงรักษาอุปกรณ์สนับสนุนศูนย์คอมพิวเตอร์หลัก,5900100.0,4828533.34,170666.66,ใช่,ไม่ใช่,,DOC-BUD-2566,1.4ผลเบิกจ่ายปี 2566  final.pdf,4,2566-0121
2566,2567-02-29,29 กุมภาพันธ์ 2567,แผนงานพื้นฐาน,รายจ่ายเพื่อบริหารงานประจำ,งบดำเนินงาน,ค่าใช้สอย,23,39.,6,รายการ,23. ค่าจ้างบำรุงรักษาระบบสนับสนุนศูนย์คอมพิวเตอร์ (จังหวัดระยอง) พร้อมเชื่อมโยงเครือข่ายสัญญาณ เพื่อรับส่งข้อมูลระหว่างศูนย์คอมพิวเตอร์,83356800.0,83235349.5,74650.5,ใช่,ไม่ใช่,,DOC-BUD-2566,1.4ผลเบิกจ่ายปี 2566  final.pdf,4,2566-0122
2566,2567-02-29,29 กุมภาพันธ์ 2567,แผนงานพื้นฐาน,รายจ่ายเพื่อบริหารงานประจำ,งบดำเนินงาน,ค่าใช้สอย,24,39.,6,รายการ,24. ค่าจ้างบำรุงรักษาและปรับปรุงระบบข้อมูลการใช้บริการทางการแพทย์ของผู้ประกันตน,744000.0,710354.8,33645.2,ใช่,ไม่ใช่,,DOC-BUD-2566,1.4ผลเบิกจ่ายปี 2566  final.pdf,4,2566-0123
2566,2567-02-29,29 กุมภาพันธ์ 2567,แผนงานพื้นฐาน,รายจ่ายเพื่อบริหารงานประจำ,งบดำเนินงาน,ค่าใช้สอย,25,39.,6,รายการ,25. ค่าจ้างบำรุงรักษาอุปกรณ์สำหรับเพิ่มประสิทธิภาพในการใช้งาน และบริหารจัดการผู้ใช้งานระบบเครือข่ายอินเทอร์เน็ต,850000.0,840000.0,10000.0,ใช่,ไม่ใช่,,DOC-BUD-2566,1.4ผลเบิกจ่ายปี 2566  final.pdf,4,2566-0124
2566,2567-02-29,29 กุมภาพันธ์ 2567,แผนงานพื้นฐาน,รายจ่ายเพื่อบริหารงานประจำ,งบดำเนินงาน,ค่าใช้สอย,26,39.,6,รายการ,26. ค่าจ้างบำรุงรักษาระบบจ่ายประโยชน์ทดแทนค่าบริการทางการแพทย์ กรณีเจ็บป่วยฉุกเฉินวิกฤต (UCEP),504000.0,497225.58,6774.42,ใช่,ไม่ใช่,,DOC-BUD-2566,1.4ผลเบิกจ่ายปี 2566  final.pdf,4,2566-0125
2566,2567-02-29,29 กุมภาพันธ์ 2567,แผนงานพื้นฐาน,รายจ่ายเพื่อบริหารงานประจำ,งบดำเนินงาน,ค่าใช้สอย,27,39.,6,รายการ,27. ค่าจ้างบำรงุรักษาอุปกรณ์ป้องกันและตรวจจับการบุกรุก (Intrusion Prevention System),2598400.0,2595000.0,3400.0,ใช่,ไม่ใช่,,DOC-BUD-2566,1.4ผลเบิกจ่ายปี 2566  final.pdf,4,2566-0126
2566,2567-02-29,29 กุมภาพันธ์ 2567,แผนงานพื้นฐาน,รายจ่ายเพื่อบริหารงานประจำ,งบดำเนินงาน,ค่าใช้สอย,28,39.,6,รายการ,28. ค่าจ้างบำรุงรักษาอุปกรณ์เพิ่มประสิทธิภาพระบบการรักษาความปลอดภัย ในระบบสารสนเทศของสำนักงานประกันสังคม,1320000.0,1305000.0,15000.0,ใช่,ไม่ใช่,,DOC-BUD-2566,1.4ผลเบิกจ่ายปี 2566  final.pdf,4,2566-0127
2566,2567-02-29,29 กุมภาพันธ์ 2567,แผนงานพื้นฐาน,รายจ่ายเพื่อบริหารงานประจำ,งบดำเนินงาน,ค่าใช้สอย,29,39.,6,รายการ,29. ค่าจ้างบำรงุรักษาอุปกรณ์ระบบเครือข่ายสื่อสารภายใน (LAN),6897000.0,6876000.0,,ใช่,ไม่ใช่,คงเหลือ,DOC-BUD-2566,1.4ผลเบิกจ่ายปี 2566  final.pdf,4,2566-0128
2566,2567-02-29,29 กุมภาพันธ์ 2567,แผนงานพื้นฐาน,รายจ่ายเพื่อบริหารงานประจำ,งบดำเนินงาน,ค่าใช้สอย,30,39.,6,รายการ,30. ค่าจ้างบำรุงรักษาระบบประชุมทางไกล (Video Conference),4872000.0,4860000.0,12000.0,ใช่,ไม่ใช่,,DOC-BUD-2566,1.4ผลเบิกจ่ายปี 2566  final.pdf,4,2566-0129
2566,2567-02-29,29 กุมภาพันธ์ 2567,แผนงานพื้นฐาน,รายจ่ายเพื่อบริหารงานประจำ,งบดำเนินงาน,ค่าใช้สอย,31,39.,6,รายการ,31. ค่าจ้างบำรุงรักษาระบบบริหารจัดการศูนย์คอมพิวเตอร์ (Data Center Infrastructure Management : DCIM),3520000.0,3516000.0,4000.0,ใช่,ไม่ใช่,,DOC-BUD-2566,1.4ผลเบิกจ่ายปี 2566  final.pdf,4,2566-0130
2566,2567-02-29,29 กุมภาพันธ์ 2567,แผนงานพื้นฐาน,รายจ่ายเพื่อบริหารงานประจำ,งบดำเนินงาน,ค่าใช้สอย,32,39.,6,รายการ,32. ค่าบริการสิทธิ์การใช้งาน Power Bi Pro,150000.0,149265.0,735.0,ใช่,ไม่ใช่,,DOC-BUD-2566,1.4ผลเบิกจ่ายปี 2566  final.pdf,4,2566-0131
2566,2567-02-29,29 กุมภาพันธ์ 2567,แผนงานพื้นฐาน,รายจ่ายเพื่อบริหารงานประจำ,งบดำเนินงาน,ค่าใช้สอย,33,39.,6,รายการ,33. ค่าเช่าระบบปฏิบัติการ OS/390,55242000.0,55242000.0,,ใช่,ไม่ใช่,คงเหลือ,DOC-BUD-2566,1.4ผลเบิกจ่ายปี 2566  final.pdf,4,2566-0132
2566,2567-02-29,29 กุมภาพันธ์ 2567,แผนงานพื้นฐาน,รายจ่ายเพื่อบริหารงานประจำ,งบดำเนินงาน,ค่าใช้สอย,34,39.,6,รายการ,34. ค่าเช่าโปรแกรมสำหรรับควบคุมงานประมวลผลแบบ Batch,5496000.0,5496000.0,,ใช่,ไม่ใช่,คงเหลือ,DOC-BUD-2566,1.4ผลเบิกจ่ายปี 2566  final.pdf,4,2566-0133
2566,2567-02-29,29 กุมภาพันธ์ 2567,แผนงานพื้นฐาน,รายจ่ายเพื่อบริหารงานประจำ,งบดำเนินงาน,ค่าใช้สอย,35,39.,6,รายการ,35. ค่าจ้างบำรุงรักษาระบบจัดเก็บและแปลงเอกสารหลักฐานงานประกันสังคม จากรูปแบบกระดาษให้เป็นข้อมูลอิเล็กทรอนิกส์ ตามมาตรฐานภายใต้กรอบของ กระทรวงดิจิทัลเพื่อเศรษฐกิจและสังคม (EDOC),1581200.0,1579500.0,1700.0,ใช่,ไม่ใช่,,DOC-BUD-2566,1.4ผลเบิกจ่ายปี 2566  final.pdf,4,2566-0134
2566,2567-02-29,29 กุมภาพันธ์ 2567,แผนงานพื้นฐาน,รายจ่ายเพื่อบริหารงานประจำ,งบดำเนินงาน,ค่าใช้สอย,36,39.,6,รายการ,36. ค่าจ้างบำรุงรักษาระบบงานจ่ายสิทธิประโยชน์ทันตกรรม รูปแบบ Web Application,,717600.0,,ใช่,ไม่ใช่,จัดสรร; คงเหลือ,DOC-BUD-2566,1.4ผลเบิกจ่ายปี 2566  final.pdf,4,2566-0135
2566,2567-02-29,29 กุมภาพันธ์ 2567,แผนงานพื้นฐาน,รายจ่ายเพื่อบริหารงานประจำ,งบดำเนินงาน,ค่าวัสดุ,,,4,หมวดค่าใช้จ่าย,- ค่าวัสดุ,147374400.0,143251564.31,2885199.52,ไม่ใช่,ใช่,,DOC-BUD-2566,1.4ผลเบิกจ่ายปี 2566  final.pdf,4,2566-0136
2566,2567-02-29,29 กุมภาพันธ์ 2567,แผนงานพื้นฐาน,รายจ่ายเพื่อบริหารงานประจำ,งบดำเนินงาน,ค่าวัสดุ,1,,5,รายการ,1. วัสดุสำนักงาน,42428500.0,40222823.78,861896.72,ใช่,ไม่ใช่,,DOC-BUD-2566,1.4ผลเบิกจ่ายปี 2566  final.pdf,4,2566-0137
2566,2567-02-29,29 กุมภาพันธ์ 2567,แผนงานพื้นฐาน,รายจ่ายเพื่อบริหารงานประจำ,งบดำเนินงาน,ค่าวัสดุ,2,,5,รายการ,2. วัสดุคอมพิวเตอร์,60480500.0,62833042.04,312478.21,ใช่,ไม่ใช่,,DOC-BUD-2566,1.4ผลเบิกจ่ายปี 2566  final.pdf,4,2566-0138
2566,2567-02-29,29 กุมภาพันธ์ 2567,แผนงานพื้นฐาน,รายจ่ายเพื่อบริหารงานประจำ,งบดำเนินงาน,ค่าวัสดุ,3,,5,รายการ,3. วัสดุส่วนกลาง,4500000.0,4503360.0,320.0,ใช่,ไม่ใช่,,DOC-BUD-2566,1.4ผลเบิกจ่ายปี 2566  final.pdf,4,2566-0139
2566,2567-02-29,29 กุมภาพันธ์ 2567,แผนงานพื้นฐาน,รายจ่ายเพื่อบริหารงานประจำ,งบดำเนินงาน,ค่าวัสดุ,4,,5,รายการ,4. วัสดุแบบพิมพ์,6711700.0,5427247.45,324016.05,ใช่,ไม่ใช่,,DOC-BUD-2566,1.4ผลเบิกจ่ายปี 2566  final.pdf,4,2566-0140
2566,2567-02-29,29 กุมภาพันธ์ 2567,แผนงานพื้นฐาน,รายจ่ายเพื่อบริหารงานประจำ,งบดำเนินงาน,ค่าวัสดุ,5,,5,รายการ,5. ค่าหนังสืออิเล็กทรอนิกส์ (e-Book),50000.0,49530.0,470.0,ใช่,ไม่ใช่,,DOC-BUD-2566,1.4ผลเบิกจ่ายปี 2566  final.pdf,4,2566-0141
2566,2567-02-29,29 กุมภาพันธ์ 2567,แผนงานพื้นฐาน,รายจ่ายเพื่อบริหารงานประจำ,งบดำเนินงาน,ค่าวัสดุ,6,,5,รายการ,6. วัสดุโฆษณาและเผยแพร่,1200000.0,1560643.15,67.2,ใช่,ไม่ใช่,,DOC-BUD-2566,1.4ผลเบิกจ่ายปี 2566  final.pdf,4,2566-0142
2566,2567-02-29,29 กุมภาพันธ์ 2567,แผนงานพื้นฐาน,รายจ่ายเพื่อบริหารงานประจำ,งบดำเนินงาน,ค่าวัสดุ,7,,5,รายการ,7. วัสดุงานบ้านงานครัว,634500.0,566701.63,28615.12,ใช่,ไม่ใช่,,DOC-BUD-2566,1.4ผลเบิกจ่ายปี 2566  final.pdf,4,2566-0143
2566,2567-02-29,29 กุมภาพันธ์ 2567,แผนงานพื้นฐาน,รายจ่ายเพื่อบริหารงานประจำ,งบดำเนินงาน,ค่าวัสดุ,8,,5,รายการ,8. วัสดุเกษตร,159000.0,129047.64,24952.36,ใช่,ไม่ใช่,,DOC-BUD-2566,1.4ผลเบิกจ่ายปี 2566  final.pdf,4,2566-0144
2566,2567-02-29,29 กุมภาพันธ์ 2567,แผนงานพื้นฐาน,รายจ่ายเพื่อบริหารงานประจำ,งบดำเนินงาน,ค่าวัสดุ,9,,5,รายการ,9. วัสดุช่างและไฟฟ้า,853700.0,850129.48,12697.05,ใช่,ไม่ใช่,,DOC-BUD-2566,1.4ผลเบิกจ่ายปี 2566  final.pdf,5,2566-0145
2566,2567-02-29,29 กุมภาพันธ์ 2567,แผนงานพื้นฐาน,รายจ่ายเพื่อบริหารงานประจำ,งบดำเนินงาน,ค่าวัสดุ,10,,5,รายการ,10. วัสดุก่อสร้าง,300000.0,299900.0,100.0,ใช่,ไม่ใช่,,DOC-BUD-2566,1.4ผลเบิกจ่ายปี 2566  final.pdf,5,2566-0146
2566,2567-02-29,29 กุมภาพันธ์ 2567,แผนงานพื้นฐาน,รายจ่ายเพื่อบริหารงานประจำ,งบดำเนินงาน,ค่าวัสดุ,11,,5,รายการ,11. วัสดุน้ำมันเชื้อเพลิงและหล่อลื่น,30056500.0,26809139.14,1319586.81,ใช่,ไม่ใช่,,DOC-BUD-2566,1.4ผลเบิกจ่ายปี 2566  final.pdf,5,2566-0147
2566,2567-02-29,29 กุมภาพันธ์ 2567,แผนงานพื้นฐาน,รายจ่ายเพื่อบริหารงานประจำ,งบดำเนินงาน,ค่าสาธารณูปโภค,,,4,หมวดค่าใช้จ่าย,- ค่าสาธารณูปโภค,187566100.0,196285477.04,3585439.59,ไม่ใช่,ใช่,,DOC-BUD-2566,1.4ผลเบิกจ่ายปี 2566  final.pdf,5,2566-0148
2566,2567-02-29,29 กุมภาพันธ์ 2567,แผนงานพื้นฐาน,รายจ่ายเพื่อบริหารงานประจำ,งบดำเนินงาน,ค่าสาธารณูปโภค,1,,5,รายการ,1. ค่าไฟฟ้า,91250500.0,99247487.37,1511314.95,ใช่,ไม่ใช่,,DOC-BUD-2566,1.4ผลเบิกจ่ายปี 2566  final.pdf,5,2566-0149
2566,2567-02-29,29 กุมภาพันธ์ 2567,แผนงานพื้นฐาน,รายจ่ายเพื่อบริหารงานประจำ,งบดำเนินงาน,ค่าสาธารณูปโภค,2,,5,รายการ,2. ค่าน้ำประปา,4289600.0,3872416.94,301346.11,ใช่,ไม่ใช่,,DOC-BUD-2566,1.4ผลเบิกจ่ายปี 2566  final.pdf,5,2566-0150
2566,2567-02-29,29 กุมภาพันธ์ 2567,แผนงานพื้นฐาน,รายจ่ายเพื่อบริหารงานประจำ,งบดำเนินงาน,ค่าสาธารณูปโภค,3,,5,รายการ,3. ค่าโทรศัพท์,16392800.0,15018554.41,516177.96,ใช่,ไม่ใช่,,DOC-BUD-2566,1.4ผลเบิกจ่ายปี 2566  final.pdf,5,2566-0151
2566,2567-02-29,29 กุมภาพันธ์ 2567,แผนงานพื้นฐาน,รายจ่ายเพื่อบริหารงานประจำ,งบดำเนินงาน,ค่าสาธารณูปโภค,4,,5,รายการ,4. ค่าไปรษณีย์ภัณฑ์,73250000.0,76352270.6,679164.12,ใช่,ไม่ใช่,,DOC-BUD-2566,1.4ผลเบิกจ่ายปี 2566  final.pdf,5,2566-0152
2566,2567-02-29,29 กุมภาพันธ์ 2567,แผนงานพื้นฐาน,รายจ่ายเพื่อบริหารงานประจำ,งบดำเนินงาน,ค่าสาธารณูปโภค,5,,5,รายการ,5. ค่าบริการสื่อสารและโทรคมนาคม,1903200.0,1447787.72,444396.45,ใช่,ไม่ใช่,,DOC-BUD-2566,1.4ผลเบิกจ่ายปี 2566  final.pdf,5,2566-0153
2566,2567-02-29,29 กุมภาพันธ์ 2567,แผนงานพื้นฐาน,รายจ่ายเพื่อบริหารงานประจำ,งบดำเนินงาน,ค่าสาธารณูปโภค,6,,5,รายการ,6. ค่าธรรมเนียมจ่ายคืนเงินสมทบกองทุนประกันสังคมทั่วประเทศผ่านธนาคาร,480000.0,346960.0,133040.0,ใช่,ไม่ใช่,,DOC-BUD-2566,1.4ผลเบิกจ่ายปี 2566  final.pdf,5,2566-0154
2566,2567-02-29,29 กุมภาพันธ์ 2567,แผนงานพื้นฐาน,รายจ่ายเพื่อบริหารงานประจำ,งบลงทุน,,,,3,หมวดงบรายจ่าย,งบลงทุน,141740500.0,141719755.25,5800695.35,ไม่ใช่,ใช่,,DOC-BUD-2566,1.4ผลเบิกจ่ายปี 2566  final.pdf,5,2566-0155
2566,2567-02-29,29 กุมภาพันธ์ 2567,แผนงานพื้นฐาน,รายจ่ายเพื่อบริหารงานประจำ,งบลงทุน,,1,,4,รายการ,1. ครุภัณฑ์,115750900.0,113615881.21,3834645.39,ใช่,ไม่ใช่,,DOC-BUD-2566,1.4ผลเบิกจ่ายปี 2566  final.pdf,5,2566-0156
2566,2567-02-29,29 กุมภาพันธ์ 2567,แผนงานพื้นฐาน,รายจ่ายเพื่อบริหารงานประจำ,งบลงทุน,รายการที่ดิน/อาคาร/สิ่งก่อสร้าง,,,4,หมวดค่าใช้จ่าย,รายการที่ดิน/อาคาร/สิ่งก่อสร้าง,25989600.0,28103874.04,1966049.96,ไม่ใช่,ใช่,,DOC-BUD-2566,1.4ผลเบิกจ่ายปี 2566  final.pdf,5,2566-0157
2566,2567-02-29,29 กุมภาพันธ์ 2567,แผนงานพื้นฐาน,รายจ่ายเพื่อบริหารงานประจำ,งบลงทุน,รายการที่ดิน/อาคาร/สิ่งก่อสร้าง,1,,5,รายการ,1. รายจ่ายเพื่อดัดแปลง ต่อเติมหรือปรับปรุงสิ่งก่อสร้าง,9400600.0,9421223.04,1283376.96,ใช่,ไม่ใช่,,DOC-BUD-2566,1.4ผลเบิกจ่ายปี 2566  final.pdf,5,2566-0158
2566,2567-02-29,29 กุมภาพันธ์ 2567,แผนงานพื้นฐาน,รายจ่ายเพื่อบริหารงานประจำ,งบลงทุน,รายการที่ดิน/อาคาร/สิ่งก่อสร้าง,2,,5,รายการ,2. โครงการปรับปรุงตกแต่งภายใน ชั้น 6 อาคารอำนวยการ สำนักงานประกันสังคม,16589000.0,14250000.0,,ใช่,ไม่ใช่,คงเหลือ,DOC-BUD-2566,1.4ผลเบิกจ่ายปี 2566  final.pdf,5,2566-0159
2566,2567-02-29,29 กุมภาพันธ์ 2567,แผนงานพื้นฐาน,รายจ่ายเพื่อบริหารงานประจำ,งบลงทุน,รายการที่ดิน/อาคาร/สิ่งก่อสร้าง,3,,5,รายการ,3. โครงการงานปรับปรุงพื้นที่สวนหย่อมภายในสำนักงานประกันสังคม,,2635000.0,40800.0,ใช่,ไม่ใช่,จัดสรร,DOC-BUD-2566,1.4ผลเบิกจ่ายปี 2566  final.pdf,5,2566-0160
2566,2567-02-29,29 กุมภาพันธ์ 2567,แผนงานพื้นฐาน,รายจ่ายเพื่อบริหารงานประจำ,งบลงทุน,รายการที่ดิน/อาคาร/สิ่งก่อสร้าง,4,,5,รายการ,4. โครงการปรับปรุงตกแต่งภายในห้องรับรองโถงชั้น 1 อาคารอำนวยการ,,1697127.0,641873.0,ใช่,ไม่ใช่,จัดสรร,DOC-BUD-2566,1.4ผลเบิกจ่ายปี 2566  final.pdf,5,2566-0161
2566,2567-02-29,29 กุมภาพันธ์ 2567,แผนงานพื้นฐาน,รายจ่ายเพื่อบริหารงานประจำ,งบลงทุน,รายการที่ดิน/อาคาร/สิ่งก่อสร้าง,5,,5,รายการ,5. ค่าชดเชยค่างานก่อสร้างตามสัญญาแบบปรับราคาได้,,100524.0,,ใช่,ไม่ใช่,จัดสรร; คงเหลือ,DOC-BUD-2566,1.4ผลเบิกจ่ายปี 2566  final.pdf,5,2566-0162
2566,2567-02-29,29 กุมภาพันธ์ 2567,แผนงานพื้นฐาน,รายจ่ายเพื่อบริหารงานประจำ,งบเงินอุดหนุน,,,,3,หมวดงบรายจ่าย,งบเงินอุดหนุน,3200000.0,2942677.52,25875.23,ไม่ใช่,ใช่,,DOC-BUD-2566,1.4ผลเบิกจ่ายปี 2566  final.pdf,5,2566-0163
2566,2567-02-29,29 กุมภาพันธ์ 2567,แผนงานพื้นฐาน,รายจ่ายเพื่อบริหารงานประจำ,งบเงินอุดหนุน,,1,,4,รายการ,1. ค่าใช้จ่ายสนับสนุนการจัดงานวันแรงงานแห่งชาติให้กับศูนย์ประสานงานวันแรงงานแห่งชาติ,1000000.0,1000000.0,,ใช่,ไม่ใช่,คงเหลือ,DOC-BUD-2566,1.4ผลเบิกจ่ายปี 2566  final.pdf,5,2566-0164
2566,2567-02-29,29 กุมภาพันธ์ 2567,แผนงานพื้นฐาน,รายจ่ายเพื่อบริหารงานประจำ,งบเงินอุดหนุน,,2,,4,รายการ,2. ค่าสมาชิกสมาคมการประกันสังคมระหว่างประเทศ (ISSA),2200000.0,1942677.52,25875.23,ใช่,ไม่ใช่,,DOC-BUD-2566,1.4ผลเบิกจ่ายปี 2566  final.pdf,5,2566-0165
2566,2567-02-29,29 กุมภาพันธ์ 2567,แผนงานพื้นฐาน,รายจ่ายเพื่อบริหารงานประจำ,งบรายจ่ายอื่น,,,,3,หมวดงบรายจ่าย,งบรายจ่ายอื่น,69463800.0,88397749.76,4489050.24,ไม่ใช่,ใช่,,DOC-BUD-2566,1.4ผลเบิกจ่ายปี 2566  final.pdf,5,2566-0166
2566,2567-02-29,29 กุมภาพันธ์ 2567,แผนงานพื้นฐาน,รายจ่ายเพื่อบริหารงานประจำ,งบรายจ่ายอื่น,,1,,4,รายการ,1. ค่าใช้จ่ายในการประชุม สัมมนา หรือฝึกอบรม ของข้าราชการ เจ้าหน้าที่ และผู้ที่เกี่ยวข้อง ณ ต่างประเทศ,10210600.0,10153004.91,458095.09,ใช่,ไม่ใช่,,DOC-BUD-2566,1.4ผลเบิกจ่ายปี 2566  final.pdf,5,2566-0167
2566,2567-02-29,29 กุมภาพันธ์ 2567,แผนงานพื้นฐาน,รายจ่ายเพื่อบริหารงานประจำ,งบรายจ่ายอื่น,,2,,4,รายการ,2. ค่าใช้จ่ายในการหารือแลกเปลี่ยนนโยบายและประสบการณ์ด้านการประกันสังคม และการบริหารการลงทุน ของคณะกรรมการ คณะอนุกรรมการ ผู้บริหาร เจ้าหน้าที่ และผู้ที่เกี่ยวข้อง ณ ต่างประเทศ,10849000.0,9976304.0,872696.0,ใช่,ไม่ใช่,,DOC-BUD-2566,1.4ผลเบิกจ่ายปี 2566  final.pdf,5,2566-0168
2566,2567-02-29,29 กุมภาพันธ์ 2567,แผนงานพื้นฐาน,รายจ่ายเพื่อบริหารงานประจำ,งบรายจ่ายอื่น,,3,,4,รายการ,3. ค่าใช้จ่ายในการตรวจนิเทศสำนักงานแรงงานไทยในต่างประเทศของข้าราชการ เจ้าหน้าที่ และผู้ที่เกี่ยวข้อง ณ ต่างประเทศ,1429200.0,,,ใช่,ไม่ใช่,รวมเบิกจ่ายและผูกพัน; คงเหลือ,DOC-BUD-2566,1.4ผลเบิกจ่ายปี 2566  final.pdf,5,2566-0169
2566,2567-02-29,29 กุมภาพันธ์ 2567,แผนงานพื้นฐาน,รายจ่ายเพื่อบริหารงานประจำ,งบรายจ่ายอื่น,,4,,4,รายการ,4. ค่าจ้างผู้เชี่ยวชาญด้านระบบความมั่นคงปลอดภัยระบบสารสนเทศ,1280000.0,1059300.0,220700.0,ใช่,ไม่ใช่,,DOC-BUD-2566,1.4ผลเบิกจ่ายปี 2566  final.pdf,5,2566-0170
2566,2567-02-29,29 กุมภาพันธ์ 2567,แผนงานพื้นฐาน,รายจ่ายเพื่อบริหารงานประจำ,งบรายจ่ายอื่น,,5,,4,รายการ,5. โครงการจ้างรับ/ส่งและประมวลผลระบบเบิกจ่ายค่าบริการทางการแพทย์ กรณีแพทย์ผู้เชี่ยวชาญพิเศษเฉพาะทาง,3600000.0,3500000.0,100000.0,ใช่,ไม่ใช่,,DOC-BUD-2566,1.4ผลเบิกจ่ายปี 2566  final.pdf,5,2566-0171
2566,2567-02-29,29 กุมภาพันธ์ 2567,แผนงานพื้นฐาน,รายจ่ายเพื่อบริหารงานประจำ,งบรายจ่ายอื่น,,6,,4,รายการ,6. โครงการตววจสอบข้อมูลการเบิกจ่ายค่าบริการทางการแพทย์กรณีการรักษาพยาบาล โดยแพทย์ผู้เชี่ยวชาญพิเศษเฉพาะทาง และกรณีทุพพลภาพ,2862000.0,2820000.0,42000.0,ใช่,ไม่ใช่,,DOC-BUD-2566,1.4ผลเบิกจ่ายปี 2566  final.pdf,5,2566-0172
2566,2567-02-29,29 กุมภาพันธ์ 2567,แผนงานพื้นฐาน,รายจ่ายเพื่อบริหารงานประจำ,งบรายจ่ายอื่น,,7,,4,รายการ,7. โครงการจัดจ้างรับ/ส่งและประมวลผลข้อมูลการเบิกจ่ายค่าบริการทางการแพทย์ สำหรับการรักษาผู้ป่วยไตวายเรื้อรังระยะสุดท้าย กรณีบำบัดทดแทนไต,6850000.0,6850000.0,,ใช่,ไม่ใช่,คงเหลือ,DOC-BUD-2566,1.4ผลเบิกจ่ายปี 2566  final.pdf,5,2566-0173
2566,2567-02-29,29 กุมภาพันธ์ 2567,แผนงานพื้นฐาน,รายจ่ายเพื่อบริหารงานประจำ,งบรายจ่ายอื่น,,8,,4,รายการ,8. โครงการจ้างวิเคราะห์การจัดกลุ่มวินิจฉัยโรคร่วมและน้ำหนักสัมพัทธ์ของผู้ป่วยใน และวิเคราะห์ข้อมูลผู้ป่วยในที่มีค่าใช้จ่ายสูงเกินปกติ,12343000.0,12343000.0,,ใช่,ไม่ใช่,คงเหลือ,DOC-BUD-2566,1.4ผลเบิกจ่ายปี 2566  final.pdf,5,2566-0174
2566,2567-02-29,29 กุมภาพันธ์ 2567,แผนงานพื้นฐาน,รายจ่ายเพื่อบริหารงานประจำ,งบรายจ่ายอื่น,,9,,4,รายการ,9. โครงการจ้างรับ-ส่งข้อมูลการใช้บริการทางการแพทย์ของผู้ประกันตนประเภท ผู้ป่วยนอกและข้อมูลบัญชีผู้ป่วยโรคเรื้อรัง,16500000.0,16500000.0,,ใช่,ไม่ใช่,คงเหลือ,DOC-BUD-2566,1.4ผลเบิกจ่ายปี 2566  final.pdf,5,2566-0175
2566,2567-02-29,29 กุมภาพันธ์ 2567,แผนงานพื้นฐาน,รายจ่ายเพื่อบริหารงานประจำ,งบรายจ่ายอื่น,,10,,4,รายการ,10. โครงการจัดจ้างรับ-ส่งและประมวลผลข้อมูลบริการทางการแพทย์แก่ผู้ประกันตน เพื่อการเบิกจ่ายค่าบริการทางการแพทย์กรณีปลูกถ่ายอวัยวะและกรณีค่ายาแฟคเตอร์,2190000.0,2190000.0,,ใช่,ไม่ใช่,คงเหลือ,DOC-BUD-2566,1.4ผลเบิกจ่ายปี 2566  final.pdf,5,2566-0176
2566,2567-02-29,29 กุมภาพันธ์ 2567,แผนงานพื้นฐาน,รายจ่ายเพื่อบริหารงานประจำ,งบรายจ่ายอื่น,,11,,4,รายการ,11. โครงการจ้างที่ปรึกษาด้านการบริหารทรัพยากรบุคคลของสำนักงานประกันสังคม,450000.0,450000.0,,ใช่,ไม่ใช่,คงเหลือ,DOC-BUD-2566,1.4ผลเบิกจ่ายปี 2566  final.pdf,5,2566-0177
2566,2567-02-29,29 กุมภาพันธ์ 2567,แผนงานพื้นฐาน,รายจ่ายเพื่อบริหารงานประจำ,งบรายจ่ายอื่น,,12,,4,รายการ,12. โครงการจ้างที่ปรึกษาด้านการพัฒนาและเสริมสร้างธรรมาภิบาลของสำนักงานประกันสังคม,450000.0,450000.0,,ใช่,ไม่ใช่,คงเหลือ,DOC-BUD-2566,1.4ผลเบิกจ่ายปี 2566  final.pdf,6,2566-0178
2566,2567-02-29,29 กุมภาพันธ์ 2567,แผนงานพื้นฐาน,รายจ่ายเพื่อบริหารงานประจำ,งบรายจ่ายอื่น,,13,,4,รายการ,13. โครงการจ้างที่ปรึกษาด้านการขับเคลื่อนการสร้างหลักประกันทางสังคมให้กับแรงงาน นอกระบบ,450000.0,450000.0,,ใช่,ไม่ใช่,คงเหลือ,DOC-BUD-2566,1.4ผลเบิกจ่ายปี 2566  final.pdf,6,2566-0179
2566,2567-02-29,29 กุมภาพันธ์ 2567,แผนงานพื้นฐาน,รายจ่ายเพื่อบริหารงานประจำ,งบรายจ่ายอื่น,,14,,4,รายการ,14. ค่าใช้จ่ายในการประชุม สัมมนา ฝึกอบรม และเจรจาธุรกิจของข้าราชการ เจ้าหน้าที่ และผู้ที่เกี่ยวข้อง ณ ต่างประเทศ,,3847792.85,1684707.15,ใช่,ไม่ใช่,จัดสรร,DOC-BUD-2566,1.4ผลเบิกจ่ายปี 2566  final.pdf,6,2566-0180
2566,2567-02-29,29 กุมภาพันธ์ 2567,แผนงานพื้นฐาน,รายจ่ายเพื่อบริหารงานประจำ,งบรายจ่ายอื่น,,15,,4,รายการ,15. ค่าใช้จ่ายในการดูงานการประกันสังคมของคณะกรรมการ คณะอนุกรรมการ เจ้าหน้าที่ และผู้ที่เกี่ยวข้อง ณ ต่างประเทศ,,17808348.0,1110852.0,ใช่,ไม่ใช่,จัดสรร,DOC-BUD-2566,1.4ผลเบิกจ่ายปี 2566  final.pdf,6,2566-0181
2566,2567-02-29,29 กุมภาพันธ์ 2567,แผนงานยุทธศาสตร์,,,,,,1,แผนงาน,แผนงานยุทธศาสตร์,3489585180.0,3257280831.35,205915978.0,ไม่ใช่,ใช่,,DOC-BUD-2566,1.4ผลเบิกจ่ายปี 2566  final.pdf,6,2566-0182
2566,2567-02-29,29 กุมภาพันธ์ 2567,แผนงานยุทธศาสตร์,โครงการต่อเนื่อง,,,,,2,กลุ่มรายจ่าย,โครงการต่อเนื่อง,1819793150.0,1814907790.0,4885360.0,ไม่ใช่,ใช่,,DOC-BUD-2566,1.4ผลเบิกจ่ายปี 2566  final.pdf,6,2566-0183
2566,2567-02-29,29 กุมภาพันธ์ 2567,แผนงานยุทธศาสตร์,โครงการต่อเนื่อง,งบดำเนินงาน,,,,3,หมวดงบรายจ่าย,งบดำเนินงาน,255116600.0,250643240.0,4473360.0,ไม่ใช่,ใช่,,DOC-BUD-2566,1.4ผลเบิกจ่ายปี 2566  final.pdf,6,2566-0184
2566,2567-02-29,29 กุมภาพันธ์ 2567,แผนงานยุทธศาสตร์,โครงการต่อเนื่อง,งบดำเนินงาน,,,,4,รายการ,- ค่าใช้สอย,255116600.0,250643240.0,4473360.0,ไม่ใช่,ไม่ใช่,,DOC-BUD-2566,1.4ผลเบิกจ่ายปี 2566  final.pdf,6,2566-0185
2566,2567-02-29,29 กุมภาพันธ์ 2567,แผนงานยุทธศาสตร์,โครงการต่อเนื่อง,งบดำเนินงาน,,1,,5,รายการ,1. โครงการบริการส่งข้อความสั้นทางโทรศัพท์มือถือ short Message Service (SMS) (เมย. - ธค.66),3213000.0,3213000.0,,ใช่,ไม่ใช่,คงเหลือ,DOC-BUD-2566,1.4ผลเบิกจ่ายปี 2566  final.pdf,6,2566-0186
2566,2567-02-29,29 กุมภาพันธ์ 2567,แผนงานยุทธศาสตร์,โครงการต่อเนื่อง,งบดำเนินงาน,,2,,5,รายการ,2. โครงการบริการข้อมูลประกันสังคม Contact Center 1506 สู่เป้าหมายรายบุคคล,132878400.0,132878400.0,,ใช่,ไม่ใช่,คงเหลือ,DOC-BUD-2566,1.4ผลเบิกจ่ายปี 2566  final.pdf,6,2566-0187
2566,2567-02-29,29 กุมภาพันธ์ 2567,แผนงานยุทธศาสตร์,โครงการต่อเนื่อง,งบดำเนินงาน,,3,,5,รายการ,3. โครงการบริหารสื่อออนไลน์และการสื่อสาร เพื่อส่งเสริมภาพลักษณ์สำนักงานประกันสังคม,7490000.0,7490000.0,,ใช่,ไม่ใช่,คงเหลือ,DOC-BUD-2566,1.4ผลเบิกจ่ายปี 2566  final.pdf,6,2566-0188
2566,2567-02-29,29 กุมภาพันธ์ 2567,แผนงานยุทธศาสตร์,โครงการต่อเนื่อง,งบดำเนินงาน,,4,,5,รายการ,4. โครงการบริหารสื่อออนไลน์และการสื่อสาร เพื่อส่งเสริมภาพลักษณ์สำนักงานประกันสังคม ระยะที่ 2,27535200.0,23061840.0,4473360.0,ใช่,ไม่ใช่,,DOC-BUD-2566,1.4ผลเบิกจ่ายปี 2566  final.pdf,6,2566-0189
2566,2567-02-29,29 กุมภาพันธ์ 2567,แผนงานยุทธศาสตร์,โครงการต่อเนื่อง,งบดำเนินงาน,,5,,5,รายการ,5. โครงการเช่าใช้ระบบประมวลผล (CPU) บนเครื่องคอมพิวเตอร์เมนเฟรม เพื่อรองรับการให้บริการระบบกองทุนประกันสังคม,84000000.0,84000000.0,,ใช่,ไม่ใช่,คงเหลือ,DOC-BUD-2566,1.4ผลเบิกจ่ายปี 2566  final.pdf,6,2566-0190
2566,2567-02-29,29 กุมภาพันธ์ 2567,แผนงานยุทธศาสตร์,โครงการต่อเนื่อง,งบลงทุน,,,,3,หมวดงบรายจ่าย,งบลงทุน,1551560550.0,1551160550.0,400000.0,ไม่ใช่,ใช่,,DOC-BUD-2566,1.4ผลเบิกจ่ายปี 2566  final.pdf,6,2566-0191
2566,2567-02-29,29 กุมภาพันธ์ 2567,แผนงานยุทธศาสตร์,โครงการต่อเนื่อง,งบลงทุน,,1,,4,รายการ,1. โครงการจัดซื้อระบบดับเพลิงอัตโนมัติแบบหมอกน้ำ (Water Mist) จำนวน 1 ระบบ พร้อมติดตั้งใช้งาน,45556300.0,45556300.0,,ใช่,ไม่ใช่,คงเหลือ,DOC-BUD-2566,1.4ผลเบิกจ่ายปี 2566  final.pdf,6,2566-0192
2566,2567-02-29,29 กุมภาพันธ์ 2567,แผนงานยุทธศาสตร์,โครงการต่อเนื่อง,งบลงทุน,,2,,4,รายการ,2. โครงการจัดหาตู้ไฟฟ้าหลักประจำอาคาร พร้อมจัดหาเครื่องกำเนิดไฟฟ้าอัตโนมัติ สำนักงานประกันสังคม ค่าพัฒนา/ปรับปรุงระบบสารสนเทศ,28834700.0,28434700.0,400000.0,ใช่,ไม่ใช่,,DOC-BUD-2566,1.4ผลเบิกจ่ายปี 2566  final.pdf,6,2566-0193
2566,2567-02-29,29 กุมภาพันธ์ 2567,แผนงานยุทธศาสตร์,โครงการต่อเนื่อง,งบลงทุน,,1,,4,รายการ,1. โครงการพัฒนาระบบสารสนเทศเพื่อการบริหารจัดการองค์กร,104930000.0,104930000.0,,ใช่,ไม่ใช่,คงเหลือ,DOC-BUD-2566,1.4ผลเบิกจ่ายปี 2566  final.pdf,6,2566-0194
2566,2567-02-29,29 กุมภาพันธ์ 2567,แผนงานยุทธศาสตร์,โครงการต่อเนื่อง,งบลงทุน,,2,,4,รายการ,2. โครงการปรับเปลี่ยนระบบงานประกันสังคมบนเครื่องคอมพิวเตอร์เมนเฟรมเป็นระบบ Web Application,550500000.0,550500000.0,,ใช่,ไม่ใช่,คงเหลือ,DOC-BUD-2566,1.4ผลเบิกจ่ายปี 2566  final.pdf,6,2566-0195
2566,2567-02-29,29 กุมภาพันธ์ 2567,แผนงานยุทธศาสตร์,โครงการต่อเนื่อง,งบลงทุน,,3,,4,รายการ,3. โครงการบูรณาการคลังข้อมูลบิ๊กดาต้าองค์กรและระบบสนับสนุนการตัดสินใจ,19720000.0,19720000.0,,ใช่,ไม่ใช่,คงเหลือ,DOC-BUD-2566,1.4ผลเบิกจ่ายปี 2566  final.pdf,6,2566-0196
2566,2567-02-29,29 กุมภาพันธ์ 2567,แผนงานยุทธศาสตร์,โครงการต่อเนื่อง,งบลงทุน,,4,,4,รายการ,4. โครงการจัดตั้งศูนย์กลางเฝ้าระวังและรับมือภัยคุกคามความปลอดภัยคอมพิวเตอร์ (SSO Security Operation Center),9500000.0,9500000.0,,ใช่,ไม่ใช่,คงเหลือ,DOC-BUD-2566,1.4ผลเบิกจ่ายปี 2566  final.pdf,6,2566-0197
2566,2567-02-29,29 กุมภาพันธ์ 2567,แผนงานยุทธศาสตร์,โครงการต่อเนื่อง,งบลงทุน,,5,,4,รายการ,5. โครงการพัฒนา ITIL และแผนการดำเนินงานต่อเนื่องของระบบสารสนเทศ IT - BCP (IT Business Continuity Plan),6150000.0,6150000.0,,ใช่,ไม่ใช่,คงเหลือ,DOC-BUD-2566,1.4ผลเบิกจ่ายปี 2566  final.pdf,6,2566-0198
2566,2567-02-29,29 กุมภาพันธ์ 2567,แผนงานยุทธศาสตร์,โครงการต่อเนื่อง,งบลงทุน,,6,,4,รายการ,6. โครงการพัฒนาแพลตฟอร์มดิจิทัลกลางเชื่อมต่อบริการประกันสังคมให้แก่ผู้ประกันตน อย่างเจาะจง,164478600.0,164478600.0,,ใช่,ไม่ใช่,คงเหลือ,DOC-BUD-2566,1.4ผลเบิกจ่ายปี 2566  final.pdf,6,2566-0199
2566,2567-02-29,29 กุมภาพันธ์ 2567,แผนงานยุทธศาสตร์,โครงการต่อเนื่อง,งบลงทุน,,7,,4,รายการ,7. โครงการพัฒนาระบบการจัดการข้อมูลเพื่อให้สอดคล้องกับพระราชบัญญัติคุ้มครองข้อมูล ส่วนบุคคล พ.ศ. 2562,32100000.0,32100000.0,,ใช่,ไม่ใช่,คงเหลือ,DOC-BUD-2566,1.4ผลเบิกจ่ายปี 2566  final.pdf,6,2566-0200
2566,2567-02-29,29 กุมภาพันธ์ 2567,แผนงานยุทธศาสตร์,โครงการต่อเนื่อง,งบลงทุน,,8,,4,รายการ,8. โครงการจัดหาและพัฒนาระบบสารสนเทศภูมิศาสตร์เพื่อการวิจัยและกำหนดนโยบาย ของสำนักงานประกันสังคม,117848920.0,117848920.0,,ใช่,ไม่ใช่,คงเหลือ,DOC-BUD-2566,1.4ผลเบิกจ่ายปี 2566  final.pdf,6,2566-0201
2566,2567-02-29,29 กุมภาพันธ์ 2567,แผนงานยุทธศาสตร์,โครงการต่อเนื่อง,งบลงทุน,,9,,4,รายการ,9. โครงการพัฒนาระบบการให้บริการทางการแพทย์,402719350.0,402719350.0,,ใช่,ไม่ใช่,คงเหลือ,DOC-BUD-2566,1.4ผลเบิกจ่ายปี 2566  final.pdf,6,2566-0202
2566,2567-02-29,29 กุมภาพันธ์ 2567,แผนงานยุทธศาสตร์,โครงการต่อเนื่อง,งบลงทุน,,10,,4,รายการ,10. โครงการพัฒนาระบบเทคโนโลยีสารสนเทศสำหรับสนับสนุนการพัฒนาบุคลากรแบบครบวงจร (HRD),42735300.0,42735300.0,,ใช่,ไม่ใช่,คงเหลือ,DOC-BUD-2566,1.4ผลเบิกจ่ายปี 2566  final.pdf,6,2566-0203
2566,2567-02-29,29 กุมภาพันธ์ 2567,แผนงานยุทธศาสตร์,โครงการต่อเนื่อง,งบลงทุน,,11,,4,รายการ,11. โครงการพัฒนาการให้บริการดิจิทัลระบบสารสนเทศเพื่อการบูรณาการงานกองทุน,26487380.0,26487380.0,,ใช่,ไม่ใช่,คงเหลือ,DOC-BUD-2566,1.4ผลเบิกจ่ายปี 2566  final.pdf,6,2566-0204
2566,2567-02-29,29 กุมภาพันธ์ 2567,แผนงานยุทธศาสตร์,โครงการต่อเนื่อง,งบรายจ่ายอื่น,,,,3,หมวดงบรายจ่าย,งบรายจ่ายอื่น,13116000.0,13104000.0,12000.0,ไม่ใช่,ใช่,,DOC-BUD-2566,1.4ผลเบิกจ่ายปี 2566  final.pdf,6,2566-0205
2566,2567-02-29,29 กุมภาพันธ์ 2567,แผนงานยุทธศาสตร์,โครงการต่อเนื่อง,งบรายจ่ายอื่น,,1,,4,รายการ,1. โครงการดำเนินการจัดทำมาตรฐานห้อง Data Center สู่ระบบ ISO 27001,1654000.0,1654000.0,,ใช่,ไม่ใช่,คงเหลือ,DOC-BUD-2566,1.4ผลเบิกจ่ายปี 2566  final.pdf,6,2566-0206
2566,2567-02-29,29 กุมภาพันธ์ 2567,แผนงานยุทธศาสตร์,โครงการต่อเนื่อง,งบรายจ่ายอื่น,,2,,4,รายการ,2. โครงการจัดจ้างที่ปรึกษาทางวิชาการเพื่อการวิเคราะห์และวิจัยสำหรับการออกแบบนโยบาย ของสำนักงานประกันสังคม,2580000.0,2568000.0,12000.0,ใช่,ไม่ใช่,,DOC-BUD-2566,1.4ผลเบิกจ่ายปี 2566  final.pdf,7,2566-0207
2566,2567-02-29,29 กุมภาพันธ์ 2567,แผนงานยุทธศาสตร์,โครงการต่อเนื่อง,งบรายจ่ายอื่น,,3,,4,รายการ,3. โครงการจ้างที่ปรึกษาจัดทำสัดส่วนการลงทุนเชิงยุทธศาสตร์ (Strategic Asset Allocation) กองทุนประกันสังคม,8132000.0,8132000.0,,ใช่,ไม่ใช่,คงเหลือ,DOC-BUD-2566,1.4ผลเบิกจ่ายปี 2566  final.pdf,7,2566-0208
2566,2567-02-29,29 กุมภาพันธ์ 2567,แผนงานยุทธศาสตร์,โครงการต่อเนื่อง,งบรายจ่ายอื่น,,4,,4,รายการ,4. โครงการจ้างที่ปรึกษาวิเคราะห์การปรับเปลี่ยนระบบโปรแกรมบริหารการลงทุน,750000.0,750000.0,,ใช่,ไม่ใช่,คงเหลือ,DOC-BUD-2566,1.4ผลเบิกจ่ายปี 2566  final.pdf,7,2566-0209
2566,2567-02-29,29 กุมภาพันธ์ 2567,แผนงานยุทธศาสตร์,รายจ่ายเพื่อบริหารงาน,,,,,2,กลุ่มรายจ่าย,รายจ่ายเพื่อบริหารงาน,1669792030.0,1442373041.35,201030618.0,ไม่ใช่,ใช่,,DOC-BUD-2566,1.4ผลเบิกจ่ายปี 2566  final.pdf,7,2566-0210
2566,2567-02-29,29 กุมภาพันธ์ 2567,แผนงานยุทธศาสตร์,รายจ่ายเพื่อบริหารงาน,งบดำเนินงาน,,,,3,หมวดงบรายจ่าย,งบดำเนินงาน,833884700.0,765119668.56,42045699.79,ไม่ใช่,ใช่,,DOC-BUD-2566,1.4ผลเบิกจ่ายปี 2566  final.pdf,7,2566-0211
2566,2567-02-29,29 กุมภาพันธ์ 2567,แผนงานยุทธศาสตร์,รายจ่ายเพื่อบริหารงาน,งบดำเนินงาน,ค่าตอบแทน,,,4,หมวดค่าใช้จ่าย,- ค่าตอบแทน,1300000.0,375895.0,924105.0,ไม่ใช่,ใช่,,DOC-BUD-2566,1.4ผลเบิกจ่ายปี 2566  final.pdf,7,2566-0212
2566,2567-02-29,29 กุมภาพันธ์ 2567,แผนงานยุทธศาสตร์,รายจ่ายเพื่อบริหารงาน,งบดำเนินงาน,ค่าตอบแทน,,,5,รายละเอียดของแถวบน,- ค่าตอบแทนส่งเสริมสนับสนุนการปฏิบัติงานให้แก่เครือข่ายประกันสังคมตามมาตรา 40,1300000.0,375895.0,924105.0,ใช่,ใช่,,DOC-BUD-2566,1.4ผลเบิกจ่ายปี 2566  final.pdf,7,2566-0213
2566,2567-02-29,29 กุมภาพันธ์ 2567,แผนงานยุทธศาสตร์,รายจ่ายเพื่อบริหารงาน,งบดำเนินงาน,ค่าใช้สอย,,,4,หมวดค่าใช้จ่าย,- ค่าใช้สอย,340062400.0,335044761.25,15903206.26,ไม่ใช่,ใช่,,DOC-BUD-2566,1.4ผลเบิกจ่ายปี 2566  final.pdf,7,2566-0214
2566,2567-02-29,29 กุมภาพันธ์ 2567,แผนงานยุทธศาสตร์,รายจ่ายเพื่อบริหารงาน,งบดำเนินงาน,ค่าใช้สอย,1,,5,รายการ,1. โครงการส่งเสริมการจ้างงานผู้สูงอายุเข้าทำงานกับสำนักงานประกันสังคม,60231600.0,58171024.25,1995150.75,ใช่,ไม่ใช่,,DOC-BUD-2566,1.4ผลเบิกจ่ายปี 2566  final.pdf,7,2566-0215
2566,2567-02-29,29 กุมภาพันธ์ 2567,แผนงานยุทธศาสตร์,รายจ่ายเพื่อบริหารงาน,งบดำเนินงาน,ค่าใช้สอย,2,,5,รายการ,2. โครงการประชุมวิชาการประกันสังคม,970000.0,930507.0,39493.0,ใช่,ไม่ใช่,,DOC-BUD-2566,1.4ผลเบิกจ่ายปี 2566  final.pdf,7,2566-0216
2566,2567-02-29,29 กุมภาพันธ์ 2567,แผนงานยุทธศาสตร์,รายจ่ายเพื่อบริหารงาน,งบดำเนินงาน,ค่าใช้สอย,3,,5,รายการ,3. ค่าใช้จ่ายในการจัดประชุม อบรม สัมมนาและค่าอาหารว่าง,64961500.0,53797738.5,4745518.28,ไม่ใช่,ไม่ใช่,,DOC-BUD-2566,1.4ผลเบิกจ่ายปี 2566  final.pdf,7,2566-0217
2566,2567-02-29,29 กุมภาพันธ์ 2567,แผนงานยุทธศาสตร์,รายจ่ายเพื่อบริหารงาน,งบดำเนินงาน,ค่าใช้สอย,3.1,3.,6,รายการ,3.1 ค่าใช้จ่ายในการจัดฝึกอบรม สัมมนา และค่าอาหารว่าง,36784500.0,29735435.6,3711007.4,ไม่ใช่,ไม่ใช่,,DOC-BUD-2566,1.4ผลเบิกจ่ายปี 2566  final.pdf,7,2566-0218
2566,2567-02-29,29 กุมภาพันธ์ 2567,แผนงานยุทธศาสตร์,รายจ่ายเพื่อบริหารงาน,งบดำเนินงาน,ค่าใช้สอย,1,3. > 3.1.,7,รายการ,1. โครงการอบรมข้าราชการบรรจุใหม่ของ สปส.,850000.0,696074.8,16725.2,ใช่,ไม่ใช่,,DOC-BUD-2566,1.4ผลเบิกจ่ายปี 2566  final.pdf,7,2566-0219
2566,2567-02-29,29 กุมภาพันธ์ 2567,แผนงานยุทธศาสตร์,รายจ่ายเพื่อบริหารงาน,งบดำเนินงาน,ค่าใช้สอย,2,3. > 3.1.,7,รายการ,2. โครงการสัมมนาผู้บริหารสำนักงานประกันสังคม,5796000.0,2654257.0,881743.0,ใช่,ไม่ใช่,,DOC-BUD-2566,1.4ผลเบิกจ่ายปี 2566  final.pdf,7,2566-0220
2566,2567-02-29,29 กุมภาพันธ์ 2567,แผนงานยุทธศาสตร์,รายจ่ายเพื่อบริหารงาน,งบดำเนินงาน,ค่าใช้สอย,3,3. > 3.1.,7,รายการ,3. โครงการบุคลากรประกันสังคมบรรจุใหม่,2028800.0,1697822.8,330977.2,ใช่,ไม่ใช่,,DOC-BUD-2566,1.4ผลเบิกจ่ายปี 2566  final.pdf,7,2566-0221
2566,2567-02-29,29 กุมภาพันธ์ 2567,แผนงานยุทธศาสตร์,รายจ่ายเพื่อบริหารงาน,งบดำเนินงาน,ค่าใช้สอย,4,3. > 3.1.,7,รายการ,4. โครงการเตรียมพร้อมก่อนเกษียณบุคลากรประกันสังคม,700000.0,647020.0,52980.0,ใช่,ไม่ใช่,,DOC-BUD-2566,1.4ผลเบิกจ่ายปี 2566  final.pdf,7,2566-0222
2566,2567-02-29,29 กุมภาพันธ์ 2567,แผนงานยุทธศาสตร์,รายจ่ายเพื่อบริหารงาน,งบดำเนินงาน,ค่าใช้สอย,5,3. > 3.1.,7,รายการ,5. โครงการพัฒนาทักษะภาษาต่างประเทศ,2500000.0,2500000.0,,ใช่,ไม่ใช่,คงเหลือ,DOC-BUD-2566,1.4ผลเบิกจ่ายปี 2566  final.pdf,7,2566-0223
2566,2567-02-29,29 กุมภาพันธ์ 2567,แผนงานยุทธศาสตร์,รายจ่ายเพื่อบริหารงาน,งบดำเนินงาน,ค่าใช้สอย,6,3. > 3.1.,7,รายการ,6. โครงการ Service Smart Smile (3S) พัฒนาศักยภาพเจ้าหน้าที่ผู้ปฏิบัติงาน ด้านบริการ,630000.0,422310.0,,ใช่,ไม่ใช่,คงเหลือ,DOC-BUD-2566,1.4ผลเบิกจ่ายปี 2566  final.pdf,7,2566-0224
2566,2567-02-29,29 กุมภาพันธ์ 2567,แผนงานยุทธศาสตร์,รายจ่ายเพื่อบริหารงาน,งบดำเนินงาน,ค่าใช้สอย,7,3. > 3.1.,7,รายการ,7. อบรมเสริมสร้างความรู้เกี่ยวกับการดำเนินการทางวินัยให้บุคลากรสำนักงาน ประกันสังคม,575500.0,538220.0,37280.0,ใช่,ไม่ใช่,,DOC-BUD-2566,1.4ผลเบิกจ่ายปี 2566  final.pdf,7,2566-0225
2566,2567-02-29,29 กุมภาพันธ์ 2567,แผนงานยุทธศาสตร์,รายจ่ายเพื่อบริหารงาน,งบดำเนินงาน,ค่าใช้สอย,8,3. > 3.1.,7,รายการ,8. โครงการพัฒนาสมรรถนะบุคลากรด้านการบริหารงานงบประมาณ และแผนปฏิบัติราชการ,1350000.0,1284180.0,65820.0,ใช่,ไม่ใช่,,DOC-BUD-2566,1.4ผลเบิกจ่ายปี 2566  final.pdf,7,2566-0226
2566,2567-02-29,29 กุมภาพันธ์ 2567,แผนงานยุทธศาสตร์,รายจ่ายเพื่อบริหารงาน,งบดำเนินงาน,ค่าใช้สอย,9,3. > 3.1.,7,รายการ,9. โครงการพัฒนาสมรรถนะผู้ปฏิบัติงานด้านกฎหมาย,1085600.0,1036022.0,49578.0,ใช่,ไม่ใช่,,DOC-BUD-2566,1.4ผลเบิกจ่ายปี 2566  final.pdf,7,2566-0227
2566,2567-02-29,29 กุมภาพันธ์ 2567,แผนงานยุทธศาสตร์,รายจ่ายเพื่อบริหารงาน,งบดำเนินงาน,ค่าใช้สอย,10,3. > 3.1.,7,รายการ,10. โครงการอบรมเชิงปฏิบัติการเพื่อการเพิ่มประสิทธิภาพงานวินิจฉัยประโยชน์ทดแทน,1894800.0,1783600.0,111200.0,ใช่,ไม่ใช่,,DOC-BUD-2566,1.4ผลเบิกจ่ายปี 2566  final.pdf,7,2566-0228
2566,2567-02-29,29 กุมภาพันธ์ 2567,แผนงานยุทธศาสตร์,รายจ่ายเพื่อบริหารงาน,งบดำเนินงาน,ค่าใช้สอย,11,3. > 3.1.,7,รายการ,11. โครงการประชุมเชิงปฏิบัติการบริหารจัดการความเสี่ยงด้านงานประโยชน์ทดแทน,375200.0,332700.0,42500.0,ใช่,ไม่ใช่,,DOC-BUD-2566,1.4ผลเบิกจ่ายปี 2566  final.pdf,7,2566-0229
2566,2567-02-29,29 กุมภาพันธ์ 2567,แผนงานยุทธศาสตร์,รายจ่ายเพื่อบริหารงาน,งบดำเนินงาน,ค่าใช้สอย,12,3. > 3.1.,7,รายการ,12. โครงการอบรมเชิงปฏิบัติการงานการเงินและบัญชีกองทุน,641200.0,598920.0,42280.0,ใช่,ไม่ใช่,,DOC-BUD-2566,1.4ผลเบิกจ่ายปี 2566  final.pdf,7,2566-0230
2566,2567-02-29,29 กุมภาพันธ์ 2567,แผนงานยุทธศาสตร์,รายจ่ายเพื่อบริหารงาน,งบดำเนินงาน,ค่าใช้สอย,13,3. > 3.1.,7,รายการ,13. พัฒนาทักษะการปฏิบัติงานของผู้ตรวจสอบภายใน,106800.0,65700.0,41100.0,ใช่,ไม่ใช่,,DOC-BUD-2566,1.4ผลเบิกจ่ายปี 2566  final.pdf,7,2566-0231
2566,2567-02-29,29 กุมภาพันธ์ 2567,แผนงานยุทธศาสตร์,รายจ่ายเพื่อบริหารงาน,งบดำเนินงาน,ค่าใช้สอย,14,3. > 3.1.,7,รายการ,14. โครงการเสริมสร้างสมรรถนะเจ้าหน้าที่ตรวจสอบบัญชีค่าจ้าง,1123200.0,988590.0,4610.0,ใช่,ไม่ใช่,,DOC-BUD-2566,1.4ผลเบิกจ่ายปี 2566  final.pdf,7,2566-0232
2566,2567-02-29,29 กุมภาพันธ์ 2567,แผนงานยุทธศาสตร์,รายจ่ายเพื่อบริหารงาน,งบดำเนินงาน,ค่าใช้สอย,15,3. > 3.1.,7,รายการ,15. โครงการอบรมแนวปฏิบัติการขึ้นทะเบียนนายจ้าง และผู้ประกันตน ปี 2566,1456000.0,1016842.0,439158.0,ใช่,ไม่ใช่,,DOC-BUD-2566,1.4ผลเบิกจ่ายปี 2566  final.pdf,7,2566-0233
2566,2567-02-29,29 กุมภาพันธ์ 2567,แผนงานยุทธศาสตร์,รายจ่ายเพื่อบริหารงาน,งบดำเนินงาน,ค่าใช้สอย,16,3. > 3.1.,7,รายการ,16. โครงการอบรมเพิ่มประสิทธิภาพการติดตามเร่งรัดหนี้เงินสมทบ ปี 2566,1445400.0,1317850.0,127550.0,ใช่,ไม่ใช่,,DOC-BUD-2566,1.4ผลเบิกจ่ายปี 2566  final.pdf,7,2566-0234
2566,2567-02-29,29 กุมภาพันธ์ 2567,แผนงานยุทธศาสตร์,รายจ่ายเพื่อบริหารงาน,งบดำเนินงาน,ค่าใช้สอย,17,3. > 3.1.,7,รายการ,"17. โครงการขับเคลื่อนสำนักงานประกันสังคมสู่ความสำเร็จ ""SSO TRUST"" เพื่อการพัฒนาองค์กรอย่างยั่งยืน สำหรับบุคลากรสำนักงานประกันสังคม",13452000.0,11384947.0,1463886.0,ใช่,ไม่ใช่,,DOC-BUD-2566,1.4ผลเบิกจ่ายปี 2566  final.pdf,7,2566-0235
2566,2567-02-29,29 กุมภาพันธ์ 2567,แผนงานยุทธศาสตร์,รายจ่ายเพื่อบริหารงาน,งบดำเนินงาน,ค่าใช้สอย,18,3. > 3.1.,7,รายการ,"18. โครงการแลกเปลี่ยนเรียนรู้ประสบการณ์เพื่อขับเคลื่อนสำนักงาน ประกันสังคมสู่ความสำเร็จด้วย ""SSO TRUST""",774000.0,770380.0,3620.0,ใช่,ไม่ใช่,,DOC-BUD-2566,1.4ผลเบิกจ่ายปี 2566  final.pdf,7,2566-0236
2566,2567-02-29,29 กุมภาพันธ์ 2567,แผนงานยุทธศาสตร์,รายจ่ายเพื่อบริหารงาน,งบดำเนินงาน,ค่าใช้สอย,3.2,3.,6,รายการ,3.2 โครงการเสริมสร้างสมรรถนะบุคลากรของสำนักงานประกันสังคม,26436000.0,22548495.9,812097.88,ใช่,ไม่ใช่,,DOC-BUD-2566,1.4ผลเบิกจ่ายปี 2566  final.pdf,7,2566-0237
2566,2567-02-29,29 กุมภาพันธ์ 2567,แผนงานยุทธศาสตร์,รายจ่ายเพื่อบริหารงาน,งบดำเนินงาน,ค่าใช้สอย,3.3,3.,6,รายการ,3.3 การฝึกอบรมทักษะด้านภาษาต่างประเทศ,150000.0,132280.0,17720.0,ใช่,ไม่ใช่,,DOC-BUD-2566,1.4ผลเบิกจ่ายปี 2566  final.pdf,7,2566-0238
2566,2567-02-29,29 กุมภาพันธ์ 2567,แผนงานยุทธศาสตร์,รายจ่ายเพื่อบริหารงาน,งบดำเนินงาน,ค่าใช้สอย,3.3,3.,6,รายการ,3.3 การจัดการความรู้สำนักงานประกันสังคม,1591000.0,1381527.0,204693.0,ใช่,ไม่ใช่,,DOC-BUD-2566,1.4ผลเบิกจ่ายปี 2566  final.pdf,7,2566-0239
2566,2567-02-29,29 กุมภาพันธ์ 2567,แผนงานยุทธศาสตร์,รายจ่ายเพื่อบริหารงาน,งบดำเนินงาน,ค่าใช้สอย,4,,5,รายการ,4. ค่าใช้จ่ายในการจัดประชุม อบรมให้ความรู้งานประกันสังคม,9720000.0,9364957.14,259067.72,ไม่ใช่,ไม่ใช่,,DOC-BUD-2566,1.4ผลเบิกจ่ายปี 2566  final.pdf,7,2566-0240
2566,2567-02-29,29 กุมภาพันธ์ 2567,แผนงานยุทธศาสตร์,รายจ่ายเพื่อบริหารงาน,งบดำเนินงาน,ค่าใช้สอย,,4.,6,รายละเอียดของแถวบน,- ค่าจัดประชุมชี้แจงให้ความรู้งานประกันสังคม,9720000.0,9364957.14,259067.72,ใช่,ใช่,,DOC-BUD-2566,1.4ผลเบิกจ่ายปี 2566  final.pdf,7,2566-0241
2566,2567-02-29,29 กุมภาพันธ์ 2567,แผนงานยุทธศาสตร์,รายจ่ายเพื่อบริหารงาน,งบดำเนินงาน,ค่าใช้สอย,5,,5,รายการ,5. ค่าใช้จ่ายต่าง ๆ เพื่อเผยแพร่ความรู้เกี่ยวกับการประกันสังคม,122600000.0,115558126.0,3381074.0,ไม่ใช่,ไม่ใช่,,DOC-BUD-2566,1.4ผลเบิกจ่ายปี 2566  final.pdf,7,2566-0242
2566,2567-02-29,29 กุมภาพันธ์ 2567,แผนงานยุทธศาสตร์,รายจ่ายเพื่อบริหารงาน,งบดำเนินงาน,ค่าใช้สอย,1,5.,6,รายการ,1. จ้างจัดนิทรรศการวัรแงงานแห่งชาติ,1500000.0,1100000.0,23120.0,ใช่,ไม่ใช่,,DOC-BUD-2566,1.4ผลเบิกจ่ายปี 2566  final.pdf,7,2566-0243
2566,2567-02-29,29 กุมภาพันธ์ 2567,แผนงานยุทธศาสตร์,รายจ่ายเพื่อบริหารงาน,งบดำเนินงาน,ค่าใช้สอย,2,5.,6,รายการ,2. ผลิตและออกอากาศสื่อโทรทัศน์,24000000.0,19384690.0,2910910.0,ใช่,ไม่ใช่,,DOC-BUD-2566,1.4ผลเบิกจ่ายปี 2566  final.pdf,7,2566-0244
2566,2567-02-29,29 กุมภาพันธ์ 2567,แผนงานยุทธศาสตร์,รายจ่ายเพื่อบริหารงาน,งบดำเนินงาน,ค่าใช้สอย,3,5.,6,รายการ,3. ผลิตและออกอากาศสื่อวิทยุ,3000000.0,2930000.0,,ใช่,ไม่ใช่,คงเหลือ,DOC-BUD-2566,1.4ผลเบิกจ่ายปี 2566  final.pdf,7,2566-0245
2566,2567-02-29,29 กุมภาพันธ์ 2567,แผนงานยุทธศาสตร์,รายจ่ายเพื่อบริหารงาน,งบดำเนินงาน,ค่าใช้สอย,4,5.,6,รายการ,4. ผลิตและประชาสัมพันธ์ทางสื่อสิ่งพิมพ์,4800000.0,3190000.0,220000.0,ใช่,ไม่ใช่,,DOC-BUD-2566,1.4ผลเบิกจ่ายปี 2566  final.pdf,8,2566-0246
2566,2567-02-29,29 กุมภาพันธ์ 2567,แผนงานยุทธศาสตร์,รายจ่ายเพื่อบริหารงาน,งบดำเนินงาน,ค่าใช้สอย,5,5.,6,รายการ,5. ผลิตและเผยแพร่ทางสื่อออนไลน์ (เว็บไซต์) หรือสื่อสังคมออนไลน์ (โซเซียลมีเดีย),7500000.0,7220480.0,200000.0,ใช่,ไม่ใช่,,DOC-BUD-2566,1.4ผลเบิกจ่ายปี 2566  final.pdf,8,2566-0247
2566,2567-02-29,29 กุมภาพันธ์ 2567,แผนงานยุทธศาสตร์,รายจ่ายเพื่อบริหารงาน,งบดำเนินงาน,ค่าใช้สอย,6,5.,6,รายการ,6. ผลิตสื่อประชาสัมพันธ์เพื่อเผยแพร่ประชาสัมพันธ์ ส่งแรงงานกลับบ้าน,500000.0,496480.0,3520.0,ใช่,ไม่ใช่,,DOC-BUD-2566,1.4ผลเบิกจ่ายปี 2566  final.pdf,8,2566-0248
2566,2567-02-29,29 กุมภาพันธ์ 2567,แผนงานยุทธศาสตร์,รายจ่ายเพื่อบริหารงาน,งบดำเนินงาน,ค่าใช้สอย,7,5.,6,รายการ,7. ผลิตสื่อประชาสัมพันธ์เพื่อเผยแพร่ประชาสัมพันธ์,3000000.0,2987000.0,13000.0,ใช่,ไม่ใช่,,DOC-BUD-2566,1.4ผลเบิกจ่ายปี 2566  final.pdf,8,2566-0249
2566,2567-02-29,29 กุมภาพันธ์ 2567,แผนงานยุทธศาสตร์,รายจ่ายเพื่อบริหารงาน,งบดำเนินงาน,ค่าใช้สอย,8,5.,6,รายการ,8. ผลิตวัสดุประชาสัมพันธ์วันแรงงานแห่งชาติ,3800000.0,3800000.0,,ใช่,ไม่ใช่,คงเหลือ,DOC-BUD-2566,1.4ผลเบิกจ่ายปี 2566  final.pdf,8,2566-0250
2566,2567-02-29,29 กุมภาพันธ์ 2567,แผนงานยุทธศาสตร์,รายจ่ายเพื่อบริหารงาน,งบดำเนินงาน,ค่าใช้สอย,9,5.,6,รายการ,9. ตรวจตัดข่าว ผ่านสื่อสิ่งพิมพ์ และสื่อออนไลน์,500000.0,499476.0,524.0,ใช่,ไม่ใช่,,DOC-BUD-2566,1.4ผลเบิกจ่ายปี 2566  final.pdf,8,2566-0251
2566,2567-02-29,29 กุมภาพันธ์ 2567,แผนงานยุทธศาสตร์,รายจ่ายเพื่อบริหารงาน,งบดำเนินงาน,ค่าใช้สอย,10,5.,6,รายการ,10. จ้างพิมพ์แผ่นพับประชาสัมพันธ์งานประกันสังคม,4000000.0,3988000.0,,ใช่,ไม่ใช่,คงเหลือ,DOC-BUD-2566,1.4ผลเบิกจ่ายปี 2566  final.pdf,8,2566-0252
2566,2567-02-29,29 กุมภาพันธ์ 2567,แผนงานยุทธศาสตร์,รายจ่ายเพื่อบริหารงาน,งบดำเนินงาน,ค่าใช้สอย,11,5.,6,รายการ,11. จ้างพิมพ์ปฏิทินประกันสังคม ประจำปี 2567,55000000.0,54977000.0,,ใช่,ไม่ใช่,คงเหลือ,DOC-BUD-2566,1.4ผลเบิกจ่ายปี 2566  final.pdf,8,2566-0253
2566,2567-02-29,29 กุมภาพันธ์ 2567,แผนงานยุทธศาสตร์,รายจ่ายเพื่อบริหารงาน,งบดำเนินงาน,ค่าใช้สอย,12,5.,6,รายการ,12. จ้างพิมพ์วารสารประกันสังคม,15000000.0,14985000.0,10000.0,ใช่,ไม่ใช่,,DOC-BUD-2566,1.4ผลเบิกจ่ายปี 2566  final.pdf,8,2566-0254
2566,2567-02-29,29 กุมภาพันธ์ 2567,แผนงานยุทธศาสตร์,รายจ่ายเพื่อบริหารงาน,งบดำเนินงาน,ค่าใช้สอย,6,,5,รายการ,6. การจัดส่งข้าราชการและพนักงานสำนักงานประกันสังคมเข้ารับ การอบรมด้านวิชาการที่หน่วยงานภายนอกเป็นผู้จัด,17805000.0,16757355.0,338904.0,ใช่,ไม่ใช่,,DOC-BUD-2566,1.4ผลเบิกจ่ายปี 2566  final.pdf,8,2566-0255
2566,2567-02-29,29 กุมภาพันธ์ 2567,แผนงานยุทธศาสตร์,รายจ่ายเพื่อบริหารงาน,งบดำเนินงาน,ค่าใช้สอย,7,,5,รายการ,7. โครงการอบรมเชิงปฏิบัติการแก่นายจ้างเพื่อจัดทำข้อมูลและจ่ายเงินสมทบ กองทุนประกันสงคมผ่านระบบอิเล็กทรอนิกส์ (e-Payment),2020000.0,1774961.37,181373.5,ใช่,ไม่ใช่,,DOC-BUD-2566,1.4ผลเบิกจ่ายปี 2566  final.pdf,8,2566-0256
2566,2567-02-29,29 กุมภาพันธ์ 2567,แผนงานยุทธศาสตร์,รายจ่ายเพื่อบริหารงาน,งบดำเนินงาน,ค่าใช้สอย,8,,5,รายการ,8. โครงการให้ความรู้ด้านการประกันสังคมแก่แรงงานต่างด้าว,355000.0,323900.0,31100.0,ใช่,ไม่ใช่,,DOC-BUD-2566,1.4ผลเบิกจ่ายปี 2566  final.pdf,8,2566-0257
2566,2567-02-29,29 กุมภาพันธ์ 2567,แผนงานยุทธศาสตร์,รายจ่ายเพื่อบริหารงาน,งบดำเนินงาน,ค่าใช้สอย,9,,5,รายการ,9. โครงการตรวจสอบสถานประกอบการเพื่อป้องกันการแสวงประโยชน์ จากการใช้แรงงานและกองทุน,377000.0,262944.0,86606.0,ใช่,ไม่ใช่,,DOC-BUD-2566,1.4ผลเบิกจ่ายปี 2566  final.pdf,8,2566-0258
2566,2567-02-29,29 กุมภาพันธ์ 2567,แผนงานยุทธศาสตร์,รายจ่ายเพื่อบริหารงาน,งบดำเนินงาน,ค่าใช้สอย,10,,5,รายการ,10. โครงการเพิ่มประสิทธิภาพพนักงานเจ้าหน้าที่เพื่อเป็นชุดเฉพาะกิจตรวจสถานประกอบการ และติดตามเร่งรัดหนี้,1908400.0,1849334.81,59065.19,ใช่,ไม่ใช่,,DOC-BUD-2566,1.4ผลเบิกจ่ายปี 2566  final.pdf,8,2566-0259
2566,2567-02-29,29 กุมภาพันธ์ 2567,แผนงานยุทธศาสตร์,รายจ่ายเพื่อบริหารงาน,งบดำเนินงาน,ค่าใช้สอย,11,,5,รายการ,11. โครงการ สปส.มอบสุข,3756000.0,3750000.0,6000.0,ใช่,ไม่ใช่,,DOC-BUD-2566,1.4ผลเบิกจ่ายปี 2566  final.pdf,8,2566-0260
2566,2567-02-29,29 กุมภาพันธ์ 2567,แผนงานยุทธศาสตร์,รายจ่ายเพื่อบริหารงาน,งบดำเนินงาน,ค่าใช้สอย,12,,5,รายการ,12. โครงการจัดนิทรรศการและแถลงข่าวงานประกันสังคม,2000000.0,1995000.0,5000.0,ใช่,ไม่ใช่,,DOC-BUD-2566,1.4ผลเบิกจ่ายปี 2566  final.pdf,8,2566-0261
2566,2567-02-29,29 กุมภาพันธ์ 2567,แผนงานยุทธศาสตร์,รายจ่ายเพื่อบริหารงาน,งบดำเนินงาน,ค่าใช้สอย,13,,5,รายการ,13. โครงการจัดทำคลิปวีดีโอ ชุดความรู้งานประกันสังคม (ชัวร์แล้วแชร์เลย),700000.0,320000.0,,ใช่,ไม่ใช่,คงเหลือ,DOC-BUD-2566,1.4ผลเบิกจ่ายปี 2566  final.pdf,8,2566-0262
2566,2567-02-29,29 กุมภาพันธ์ 2567,แผนงานยุทธศาสตร์,รายจ่ายเพื่อบริหารงาน,งบดำเนินงาน,ค่าใช้สอย,14,,5,รายการ,14. โครงการประกวดคลิปสั้นประกันสังคม,245800.0,245800.0,,ใช่,ไม่ใช่,คงเหลือ,DOC-BUD-2566,1.4ผลเบิกจ่ายปี 2566  final.pdf,8,2566-0263
2566,2567-02-29,29 กุมภาพันธ์ 2567,แผนงานยุทธศาสตร์,รายจ่ายเพื่อบริหารงาน,งบดำเนินงาน,ค่าใช้สอย,15,,5,รายการ,15. โครงการออกหน่วยเคลื่อนที่บริการเบ็ดเสร็จ Service Delivery Unit,4968000.0,3858404.0,1081391.0,ใช่,ไม่ใช่,,DOC-BUD-2566,1.4ผลเบิกจ่ายปี 2566  final.pdf,8,2566-0264
2566,2567-02-29,29 กุมภาพันธ์ 2567,แผนงานยุทธศาสตร์,รายจ่ายเพื่อบริหารงาน,งบดำเนินงาน,ค่าใช้สอย,16,,5,รายการ,16. โครงการพัฒนาศักยภาพแกนนำเครือข่ายประกันสังคม,5335200.0,5113825.2,214214.8,ใช่,ไม่ใช่,,DOC-BUD-2566,1.4ผลเบิกจ่ายปี 2566  final.pdf,8,2566-0265
2566,2567-02-29,29 กุมภาพันธ์ 2567,แผนงานยุทธศาสตร์,รายจ่ายเพื่อบริหารงาน,งบดำเนินงาน,ค่าใช้สอย,17,,5,รายการ,17. โครงการประกันสังคมทั่วไทยสู่แรงงานภาคอิสระ,875000.0,777643.0,97357.0,ใช่,ไม่ใช่,,DOC-BUD-2566,1.4ผลเบิกจ่ายปี 2566  final.pdf,8,2566-0266
2566,2567-02-29,29 กุมภาพันธ์ 2567,แผนงานยุทธศาสตร์,รายจ่ายเพื่อบริหารงาน,งบดำเนินงาน,ค่าใช้สอย,18,,5,รายการ,18. โครงการพัฒนาคุณภาพการบริหารจัดการภาครัฐของสำนักงานประกันสังคม ตามเกณฑ์คุณภาพการบริหารจัดการภาครัฐ (PMQA),528400.0,463672.0,,ใช่,ไม่ใช่,คงเหลือ,DOC-BUD-2566,1.4ผลเบิกจ่ายปี 2566  final.pdf,8,2566-0267
2566,2567-02-29,29 กุมภาพันธ์ 2567,แผนงานยุทธศาสตร์,รายจ่ายเพื่อบริหารงาน,งบดำเนินงาน,ค่าใช้สอย,19,,5,รายการ,19. โครงการทบทวน บทบาท ภารกิจและรูปแบบการดำเนินงานของสำนักงานประกันสังคม,206000.0,204100.0,1900.0,ใช่,ไม่ใช่,,DOC-BUD-2566,1.4ผลเบิกจ่ายปี 2566  final.pdf,8,2566-0268
2566,2567-02-29,29 กุมภาพันธ์ 2567,แผนงานยุทธศาสตร์,รายจ่ายเพื่อบริหารงาน,งบดำเนินงาน,ค่าใช้สอย,20,,5,รายการ,20. โครงการขับเคลื่อนการยกระดับการให้บริการสู่มาตรฐานศูนย์ราชการสะดวก (Government Easy Contact Center : GECC),745000.0,744800.0,200.0,ใช่,ไม่ใช่,,DOC-BUD-2566,1.4ผลเบิกจ่ายปี 2566  final.pdf,8,2566-0269
2566,2567-02-29,29 กุมภาพันธ์ 2567,แผนงานยุทธศาสตร์,รายจ่ายเพื่อบริหารงาน,งบดำเนินงาน,ค่าใช้สอย,21,,5,รายการ,21. โครงการยกระดับผลงานการบริการภาครัฐ และการบริหารราชการแบบมีส่วนร่วม ตามแนวทางรางวัลเลิศรัฐ,650000.0,650000.0,,ใช่,ไม่ใช่,คงเหลือ,DOC-BUD-2566,1.4ผลเบิกจ่ายปี 2566  final.pdf,8,2566-0270
2566,2567-02-29,29 กุมภาพันธ์ 2567,แผนงานยุทธศาสตร์,รายจ่ายเพื่อบริหารงาน,งบดำเนินงาน,ค่าใช้สอย,22,,5,รายการ,22. โครงการมอบโล่ประกาศเกียรติคุณสถานประกอบการ,450000.0,390000.0,60000.0,ใช่,ไม่ใช่,,DOC-BUD-2566,1.4ผลเบิกจ่ายปี 2566  final.pdf,8,2566-0271
2566,2567-02-29,29 กุมภาพันธ์ 2567,แผนงานยุทธศาสตร์,รายจ่ายเพื่อบริหารงาน,งบดำเนินงาน,ค่าใช้สอย,23,,5,รายการ,23. โครงการประกาศเกียรติคุณผู้ทำคุณประโยชน์ต่อสำนักงานประกันสังคม,90000.0,58500.0,31500.0,ใช่,ไม่ใช่,,DOC-BUD-2566,1.4ผลเบิกจ่ายปี 2566  final.pdf,8,2566-0272
2566,2567-02-29,29 กุมภาพันธ์ 2567,แผนงานยุทธศาสตร์,รายจ่ายเพื่อบริหารงาน,งบดำเนินงาน,ค่าใช้สอย,24,,5,รายการ,24. โครงการบริจาคโลหิตสำนักงานประกันสังคม,31200.0,29400.0,1800.0,ใช่,ไม่ใช่,,DOC-BUD-2566,1.4ผลเบิกจ่ายปี 2566  final.pdf,8,2566-0273
2566,2567-02-29,29 กุมภาพันธ์ 2567,แผนงานยุทธศาสตร์,รายจ่ายเพื่อบริหารงาน,งบดำเนินงาน,ค่าใช้สอย,25,,5,รายการ,25. โครงการฝึกอบรมเชิงปฏิบัติการซักซ้อมแผนการป้องกันและระงับอัคคีภัย,2813300.0,2428392.35,384907.65,ใช่,ไม่ใช่,,DOC-BUD-2566,1.4ผลเบิกจ่ายปี 2566  final.pdf,8,2566-0274
2566,2567-02-29,29 กุมภาพันธ์ 2567,แผนงานยุทธศาสตร์,รายจ่ายเพื่อบริหารงาน,งบดำเนินงาน,ค่าใช้สอย,26,,5,รายการ,26. ค่าจ้างล่ามภาษาต่างประเทศ,720000.0,683172.0,36828.0,ใช่,ไม่ใช่,,DOC-BUD-2566,1.4ผลเบิกจ่ายปี 2566  final.pdf,8,2566-0275
2566,2567-02-29,29 กุมภาพันธ์ 2567,แผนงานยุทธศาสตร์,รายจ่ายเพื่อบริหารงาน,งบดำเนินงาน,ค่าใช้สอย,27,,5,รายการ,27. โครงการชุดฟอร์มเจ้าหน้าที่สำนักงานประกันสังคม,35000000.0,35000000.0,,ใช่,ไม่ใช่,คงเหลือ,DOC-BUD-2566,1.4ผลเบิกจ่ายปี 2566  final.pdf,8,2566-0276
2566,2567-02-29,29 กุมภาพันธ์ 2567,แผนงานยุทธศาสตร์,รายจ่ายเพื่อบริหารงาน,งบดำเนินงาน,ค่าใช้สอย,28,,5,รายการ,28. โครงการแรงงานสัญจร สปส.,,,315800.0,ใช่,ไม่ใช่,จัดสรร; รวมเบิกจ่ายและผูกพัน,DOC-BUD-2566,1.4ผลเบิกจ่ายปี 2566  final.pdf,8,2566-0277
2566,2567-02-29,29 กุมภาพันธ์ 2567,แผนงานยุทธศาสตร์,รายจ่ายเพื่อบริหารงาน,งบดำเนินงาน,ค่าใช้สอย,29,,5,รายการ,29. โครงการบริการส่งข้อความสั้นทางโทรศัพท์มือถือ short Message Service (SMS) (มค. - มีค.66),,793952.04,169947.96,ใช่,ไม่ใช่,จัดสรร,DOC-BUD-2566,1.4ผลเบิกจ่ายปี 2566  final.pdf,8,2566-0278
2566,2567-02-29,29 กุมภาพันธ์ 2567,แผนงานยุทธศาสตร์,รายจ่ายเพื่อบริหารงาน,งบดำเนินงาน,ค่าใช้สอย,30,,5,รายการ,30. โครงการบริการส่งข้อความสั้นทางโทรศัพท์มือถือ short Message Service (SMS),,266653.59,90346.41,ใช่,ไม่ใช่,จัดสรร,DOC-BUD-2566,1.4ผลเบิกจ่ายปี 2566  final.pdf,8,2566-0279
2566,2567-02-29,29 กุมภาพันธ์ 2567,แผนงานยุทธศาสตร์,รายจ่ายเพื่อบริหารงาน,งบดำเนินงาน,ค่าใช้สอย,31,,5,รายการ,"31. โครงการประกาศเกียรติคุณเครือข่าย ""บวร"" ดีเด่น",,383400.0,158400.0,ใช่,ไม่ใช่,จัดสรร,DOC-BUD-2566,1.4ผลเบิกจ่ายปี 2566  final.pdf,8,2566-0280
2566,2567-02-29,29 กุมภาพันธ์ 2567,แผนงานยุทธศาสตร์,รายจ่ายเพื่อบริหารงาน,งบดำเนินงาน,ค่าใช้สอย,32,,5,รายการ,32. โครงการผลิตหนังสือที่ระลึกครบรอบ 33 ปี สปส.,,2985300.0,14700.0,ใช่,ไม่ใช่,จัดสรร,DOC-BUD-2566,1.4ผลเบิกจ่ายปี 2566  final.pdf,8,2566-0281
2566,2567-02-29,29 กุมภาพันธ์ 2567,แผนงานยุทธศาสตร์,รายจ่ายเพื่อบริหารงาน,งบดำเนินงาน,ค่าใช้สอย,33,,5,รายการ,33. โครงการผลิตสื่อประชาสัมพันธ์ประเภทสมุดบันทึกสำนักงานประกันสังคม,,479360.0,,ใช่,ไม่ใช่,จัดสรร; คงเหลือ,DOC-BUD-2566,1.4ผลเบิกจ่ายปี 2566  final.pdf,8,2566-0282
2566,2567-02-29,29 กุมภาพันธ์ 2567,แผนงานยุทธศาสตร์,รายจ่ายเพื่อบริหารงาน,งบดำเนินงาน,ค่าใช้สอย,34,,5,รายการ,34. โครงการพัฒนาศักยภาพนักประชาสัมพันธ์ของสำนักงานประกันสังคม,,775620.0,42980.0,ใช่,ไม่ใช่,จัดสรร,DOC-BUD-2566,1.4ผลเบิกจ่ายปี 2566  final.pdf,8,2566-0283
2566,2567-02-29,29 กุมภาพันธ์ 2567,แผนงานยุทธศาสตร์,รายจ่ายเพื่อบริหารงาน,งบดำเนินงาน,ค่าใช้สอย,35,,5,รายการ,35. โครงการพนักงานเฉพาะกิจผู้ช่วยงานติดตามเร่งรัดหนี้เงินสมทบ,,713500.0,786500.0,ใช่,ไม่ใช่,จัดสรร,DOC-BUD-2566,1.4ผลเบิกจ่ายปี 2566  final.pdf,8,2566-0284
2566,2567-02-29,29 กุมภาพันธ์ 2567,แผนงานยุทธศาสตร์,รายจ่ายเพื่อบริหารงาน,งบดำเนินงาน,ค่าใช้สอย,36,,5,รายการ,36. โครงการเผยแพร่ประชาสัมพันธ์ประกันสังคมมาตรา 40 สู่เครือข่ายประกันสังคม,,3306011.0,82989.0,ใช่,ไม่ใช่,จัดสรร,DOC-BUD-2566,1.4ผลเบิกจ่ายปี 2566  final.pdf,9,2566-0285
2566,2567-02-29,29 กุมภาพันธ์ 2567,แผนงานยุทธศาสตร์,รายจ่ายเพื่อบริหารงาน,งบดำเนินงาน,ค่าใช้สอย,37,,5,รายการ,37. โครงการตรวจสุชภาพพนักงานประกันสังคม,,1905030.0,994970.0,ใช่,ไม่ใช่,จัดสรร,DOC-BUD-2566,1.4ผลเบิกจ่ายปี 2566  final.pdf,9,2566-0286
2566,2567-02-29,29 กุมภาพันธ์ 2567,แผนงานยุทธศาสตร์,รายจ่ายเพื่อบริหารงาน,งบดำเนินงาน,ค่าใช้สอย,38,,5,รายการ,38. โครงการงานประชุมวิชาการประกันสังคมภูมิภาค,,957378.0,178122.0,ใช่,ไม่ใช่,จัดสรร,DOC-BUD-2566,1.4ผลเบิกจ่ายปี 2566  final.pdf,9,2566-0287
2566,2567-02-29,29 กุมภาพันธ์ 2567,แผนงานยุทธศาสตร์,รายจ่ายเพื่อบริหารงาน,งบดำเนินงาน,ค่าใช้สอย,39,,5,รายการ,39. โครงการผลิตสื่อประชาสัมพันธ์เพื่อเผยแพร่ประชาสัมพันธ์งานประกันสังคม ประเภทน้ำดื่ม,,5995000.0,,ใช่,ไม่ใช่,จัดสรร; คงเหลือ,DOC-BUD-2566,1.4ผลเบิกจ่ายปี 2566  final.pdf,9,2566-0288
2566,2567-02-29,29 กุมภาพันธ์ 2567,แผนงานยุทธศาสตร์,รายจ่ายเพื่อบริหารงาน,งบดำเนินงาน,ค่าใช้สอย,40,,5,รายการ,40. โครงการผลิตคลิปวีดีโอ Motion Graphic และภาพ Info Graphic สิทธิประโยชน์ประกันสังคมและของขวัญปีใหม่ 2567,,490000.0,,ใช่,ไม่ใช่,จัดสรร; คงเหลือ,DOC-BUD-2566,1.4ผลเบิกจ่ายปี 2566  final.pdf,9,2566-0289
2566,2567-02-29,29 กุมภาพันธ์ 2567,แผนงานยุทธศาสตร์,รายจ่ายเพื่อบริหารงาน,งบดำเนินงาน,ค่าใช้สอย,41,,5,รายการ,41. โครงการผลิตสื่อประชาสัมพันธ์ ประเภทน้ำมันนวดสมุนไพร,,490000.0,,ใช่,ไม่ใช่,จัดสรร; คงเหลือ,DOC-BUD-2566,1.4ผลเบิกจ่ายปี 2566  final.pdf,9,2566-0290
2566,2567-02-29,29 กุมภาพันธ์ 2567,แผนงานยุทธศาสตร์,รายจ่ายเพื่อบริหารงาน,งบดำเนินงาน,ค่าใช้สอย,42,,5,รายการ,42. รายการชดใช้ความเสียหายจากการละเมิด,,,30000.0,ใช่,ไม่ใช่,จัดสรร; รวมเบิกจ่ายและผูกพัน,DOC-BUD-2566,1.4ผลเบิกจ่ายปี 2566  final.pdf,9,2566-0291
2566,2567-02-29,29 กุมภาพันธ์ 2567,แผนงานยุทธศาสตร์,รายจ่ายเพื่อบริหารงาน,งบดำเนินงาน,ค่าวัสดุ,,,4,หมวดค่าใช้จ่าย,- ค่าวัสดุ,22029500.0,21956797.47,71402.53,ไม่ใช่,ใช่,,DOC-BUD-2566,1.4ผลเบิกจ่ายปี 2566  final.pdf,9,2566-0292
2566,2567-02-29,29 กุมภาพันธ์ 2567,แผนงานยุทธศาสตร์,รายจ่ายเพื่อบริหารงาน,งบดำเนินงาน,ค่าวัสดุ,,,5,รายละเอียดของแถวบน,- โครงการประกันสังคมเยี่ยมผู้ประกันตนเจ็บป่วยในสถานพยาบาลและผู้ทุพพลภาพ และผู้ป่วยหลังภาวะวิกฤต (Intermediate Care),22029500.0,21956797.47,71402.53,ใช่,ใช่,,DOC-BUD-2566,1.4ผลเบิกจ่ายปี 2566  final.pdf,9,2566-0293
2566,2567-02-29,29 กุมภาพันธ์ 2567,แผนงานยุทธศาสตร์,รายจ่ายเพื่อบริหารงาน,งบดำเนินงาน,ค่าสาธารณูปโภค,,,4,หมวดค่าใช้จ่าย,- ค่าสาธารณูปโภค,470492800.0,407742214.84,25146986.0,ไม่ใช่,ใช่,,DOC-BUD-2566,1.4ผลเบิกจ่ายปี 2566  final.pdf,9,2566-0294
2566,2567-02-29,29 กุมภาพันธ์ 2567,แผนงานยุทธศาสตร์,รายจ่ายเพื่อบริหารงาน,งบดำเนินงาน,ค่าสาธารณูปโภค,,,5,รายละเอียดของแถวบน,- ค่าธรรมเนียมการโอนเงินผ่านธนาคาร/หน่วยบริการ,470492800.0,407742214.84,25146986.0,ไม่ใช่,ใช่,,DOC-BUD-2566,1.4ผลเบิกจ่ายปี 2566  final.pdf,9,2566-0295
2566,2567-02-29,29 กุมภาพันธ์ 2567,แผนงานยุทธศาสตร์,รายจ่ายเพื่อบริหารงาน,งบดำเนินงาน,ค่าสาธารณูปโภค,1,,6,รายการ,1. ค่าธรรมเนียมการโอนเงินผ่านธนาคาร,10990400.0,10044703.87,746372.13,ใช่,ไม่ใช่,,DOC-BUD-2566,1.4ผลเบิกจ่ายปี 2566  final.pdf,9,2566-0296
2566,2567-02-29,29 กุมภาพันธ์ 2567,แผนงานยุทธศาสตร์,รายจ่ายเพื่อบริหารงาน,งบดำเนินงาน,ค่าสาธารณูปโภค,2,,6,รายการ,2. ค่าธรรมเนียมรับเงินสมทบกองทุนประกันสังคมผ่านธนาคาร/หน่วยบริการ,397578100.0,361580845.97,16244893.87,ใช่,ไม่ใช่,,DOC-BUD-2566,1.4ผลเบิกจ่ายปี 2566  final.pdf,9,2566-0297
2566,2567-02-29,29 กุมภาพันธ์ 2567,แผนงานยุทธศาสตร์,รายจ่ายเพื่อบริหารงาน,งบดำเนินงาน,ค่าสาธารณูปโภค,3,,6,รายการ,3. ค่าธรรมเนียมจ่ายประโยชน์ทดแทน,61924300.0,36116665.0,8155720.0,ใช่,ไม่ใช่,,DOC-BUD-2566,1.4ผลเบิกจ่ายปี 2566  final.pdf,9,2566-0298
2566,2567-02-29,29 กุมภาพันธ์ 2567,แผนงานยุทธศาสตร์,รายจ่ายเพื่อบริหารงาน,งบลงทุน,,,,3,หมวดงบรายจ่าย,งบลงทุน,497197400.0,492075000.0,5453361.0,ไม่ใช่,ใช่,,DOC-BUD-2566,1.4ผลเบิกจ่ายปี 2566  final.pdf,9,2566-0299
2566,2567-02-29,29 กุมภาพันธ์ 2567,แผนงานยุทธศาสตร์,รายจ่ายเพื่อบริหารงาน,งบลงทุน,ค่าพัฒนา/ปรับปรุงระบบงาน,,,4,หัวข้อย่อย,ค่าพัฒนา/ปรับปรุงระบบงาน,497197400.0,492075000.0,5453361.0,ไม่ใช่,ใช่,,DOC-BUD-2566,1.4ผลเบิกจ่ายปี 2566  final.pdf,9,2566-0300
2566,2567-02-29,29 กุมภาพันธ์ 2567,แผนงานยุทธศาสตร์,รายจ่ายเพื่อบริหารงาน,งบลงทุน,ค่าพัฒนา/ปรับปรุงระบบงาน,1,,5,รายการ,1. โครงการจัดซื้อครุภัณฑ์คอมพิวเตอร์ ประจำปี 2566,20879900.0,19870000.0,109844.0,ใช่,ไม่ใช่,,DOC-BUD-2566,1.4ผลเบิกจ่ายปี 2566  final.pdf,9,2566-0301
2566,2567-02-29,29 กุมภาพันธ์ 2567,แผนงานยุทธศาสตร์,รายจ่ายเพื่อบริหารงาน,งบลงทุน,ค่าพัฒนา/ปรับปรุงระบบงาน,2,,5,รายการ,2. โครงการจัดหาระบบปรับอากาศแบบควบคุมอุณหภูมิและความชื้นอัตโนมัติ (Precision Air Conditioning System) พร้อมติดตั้งใช้งานทดแทนอุปกรณ์ชุดเดิม,20130000.0,20064000.0,66000.0,ใช่,ไม่ใช่,,DOC-BUD-2566,1.4ผลเบิกจ่ายปี 2566  final.pdf,9,2566-0302
2566,2567-02-29,29 กุมภาพันธ์ 2567,แผนงานยุทธศาสตร์,รายจ่ายเพื่อบริหารงาน,งบลงทุน,ค่าพัฒนา/ปรับปรุงระบบงาน,3,,5,รายการ,3. โครงการจัดหาเครื่องคอมพิวเตอร์แม่ข่ายเพื่อทดแทนและรองรับระบบสารสนเทศเพิ่มเติม,158500000.0,158280000.0,220000.0,ใช่,ไม่ใช่,,DOC-BUD-2566,1.4ผลเบิกจ่ายปี 2566  final.pdf,9,2566-0303
2566,2567-02-29,29 กุมภาพันธ์ 2567,แผนงานยุทธศาสตร์,รายจ่ายเพื่อบริหารงาน,งบลงทุน,ค่าพัฒนา/ปรับปรุงระบบงาน,4,,5,รายการ,4. โครงการจัดหาอุปกรณ์สำหรับเพิ่มประสิทธิภาพในการใช้งานและบริหารจัดการผู้ใช้งาน ระบบเครือข่ายอินเทอร์เน็ตและอุปกรณ์ป้องกันการบุกรุกจดหมายอิเล็กทรอนิกส์ เพื่อทดแทนอุปกรณ์เดิม,93600000.0,89800000.0,3800000.0,ใช่,ไม่ใช่,,DOC-BUD-2566,1.4ผลเบิกจ่ายปี 2566  final.pdf,9,2566-0304
2566,2567-02-29,29 กุมภาพันธ์ 2567,แผนงานยุทธศาสตร์,รายจ่ายเพื่อบริหารงาน,งบลงทุน,ค่าพัฒนา/ปรับปรุงระบบงาน,5,,5,รายการ,5. โครงการจัดซื้อครุภัณฑ์โปรแกรมคอมพิวเตอร์สำหรับพัฒนาแบบจำลองการคาดการณ์ ภาวะเศรษฐกิจโลก (Global Economic Model),171000.0,171000.0,,ใช่,ไม่ใช่,คงเหลือ,DOC-BUD-2566,1.4ผลเบิกจ่ายปี 2566  final.pdf,9,2566-0305
2566,2567-02-29,29 กุมภาพันธ์ 2567,แผนงานยุทธศาสตร์,รายจ่ายเพื่อบริหารงาน,งบลงทุน,ค่าพัฒนา/ปรับปรุงระบบงาน,6,,5,รายการ,6. โครงการจัดหาระบบบริหารจัดการด้านความปลอดภัยฐานข้อมูลของสำนักงานประกันสังคม,135000000.0,134400000.0,531017.0,ใช่,ไม่ใช่,,DOC-BUD-2566,1.4ผลเบิกจ่ายปี 2566  final.pdf,9,2566-0306
2566,2567-02-29,29 กุมภาพันธ์ 2567,แผนงานยุทธศาสตร์,รายจ่ายเพื่อบริหารงาน,งบลงทุน,ค่าพัฒนา/ปรับปรุงระบบงาน,7,,5,รายการ,7. โครงการจัดหาระบบการจัดการแอปพลิเคชั่นและแพลตฟอร์มแบบอัตโนมัติ,68916500.0,68200000.0,716500.0,ใช่,ไม่ใช่,,DOC-BUD-2566,1.4ผลเบิกจ่ายปี 2566  final.pdf,9,2566-0307
2566,2567-02-29,29 กุมภาพันธ์ 2567,แผนงานยุทธศาสตร์,รายจ่ายเพื่อบริหารงาน,งบลงทุน,ค่าพัฒนา/ปรับปรุงระบบงาน,8,,5,รายการ,8. โครงการพัฒนาระบบลงทะเบียนเลือกตั้งผู้แทนฝ่ายนายจ้างและผู้แทนฝ่ายผู้ประกันตน,,1290000.0,10000.0,ใช่,ไม่ใช่,จัดสรร,DOC-BUD-2566,1.4ผลเบิกจ่ายปี 2566  final.pdf,9,2566-0308
2566,2567-02-29,29 กุมภาพันธ์ 2567,แผนงานยุทธศาสตร์,รายจ่ายเพื่อบริหารงาน,งบเงินอุดหนุน,,,,3,หมวดงบรายจ่าย,งบเงินอุดหนุน,34000000.0,31596778.08,2403221.92,ไม่ใช่,ใช่,,DOC-BUD-2566,1.4ผลเบิกจ่ายปี 2566  final.pdf,9,2566-0309
2566,2567-02-29,29 กุมภาพันธ์ 2567,แผนงานยุทธศาสตร์,รายจ่ายเพื่อบริหารงาน,งบเงินอุดหนุน,,,,4,รายการ,- โครงการส่งเสริมการมีส่วนร่วม เผยแพร่ ประชาสัมพันธ์งานประกันสังคมสู่ผู้ประกันตน,34000000.0,31596778.08,2403221.92,ใช่,ไม่ใช่,,DOC-BUD-2566,1.4ผลเบิกจ่ายปี 2566  final.pdf,9,2566-0310
2566,2567-02-29,29 กุมภาพันธ์ 2567,แผนงานยุทธศาสตร์,รายจ่ายเพื่อบริหารงาน,งบรายจ่ายอื่น,,,,3,หมวดงบรายจ่าย,งบรายจ่ายอื่น,304709930.0,153581594.71,151128335.29,ไม่ใช่,ใช่,,DOC-BUD-2566,1.4ผลเบิกจ่ายปี 2566  final.pdf,9,2566-0311
2566,2567-02-29,29 กุมภาพันธ์ 2567,แผนงานยุทธศาสตร์,รายจ่ายเพื่อบริหารงาน,งบรายจ่ายอื่น,,1,,4,รายการ,1. โครงการสถานพยาบาลในดวงใจ,2445000.0,2056098.0,388902.0,ใช่,ไม่ใช่,,DOC-BUD-2566,1.4ผลเบิกจ่ายปี 2566  final.pdf,9,2566-0312
2566,2567-02-29,29 กุมภาพันธ์ 2567,แผนงานยุทธศาสตร์,รายจ่ายเพื่อบริหารงาน,งบรายจ่ายอื่น,,2,,4,รายการ,2. โครงการสำรวจความพึงพอใจสำนักงานประกันสังคม,5300000.0,5080000.0,220000.0,ใช่,ไม่ใช่,,DOC-BUD-2566,1.4ผลเบิกจ่ายปี 2566  final.pdf,9,2566-0313
2566,2567-02-29,29 กุมภาพันธ์ 2567,แผนงานยุทธศาสตร์,รายจ่ายเพื่อบริหารงาน,งบรายจ่ายอื่น,,3,,4,รายการ,3. ทุนอุดหนุนการศึกษาบุคลากรสำนักงานประกันสังคม,2000000.0,1998800.0,1200.0,ใช่,ไม่ใช่,,DOC-BUD-2566,1.4ผลเบิกจ่ายปี 2566  final.pdf,9,2566-0314
2566,2567-02-29,29 กุมภาพันธ์ 2567,แผนงานยุทธศาสตร์,รายจ่ายเพื่อบริหารงาน,งบรายจ่ายอื่น,,4,,4,รายการ,4. โครงการจ้างพัฒนาหลักสูตร e-learning ของสำนักงานประกันสังคม,1600000.0,1360000.0,240000.0,ใช่,ไม่ใช่,,DOC-BUD-2566,1.4ผลเบิกจ่ายปี 2566  final.pdf,9,2566-0315
2566,2567-02-29,29 กุมภาพันธ์ 2567,แผนงานยุทธศาสตร์,รายจ่ายเพื่อบริหารงาน,งบรายจ่ายอื่น,,5,,4,รายการ,5. โครงการเสริมสร้างธรรมาภิบาลป้องกันและลดความเสี่ยงในการเกิดทุจริตและประพฤติมิชอบ,343400.0,7600.0,335800.0,ใช่,ไม่ใช่,,DOC-BUD-2566,1.4ผลเบิกจ่ายปี 2566  final.pdf,9,2566-0316
2566,2567-02-29,29 กุมภาพันธ์ 2567,แผนงานยุทธศาสตร์,รายจ่ายเพื่อบริหารงาน,งบรายจ่ายอื่น,,6,,4,รายการ,6. โครงการการอำนวยการเลือกตั้งผู้แทนฝ่ายนายจ้างและผู้แทนฝ่ายผู้ประกันตน เป็นกรรมการในคณะกรรมการประกันสังคม,207000000.0,57057566.71,149942433.29,ใช่,ไม่ใช่,,DOC-BUD-2566,1.4ผลเบิกจ่ายปี 2566  final.pdf,9,2566-0317
2566,2567-02-29,29 กุมภาพันธ์ 2567,แผนงานยุทธศาสตร์,รายจ่ายเพื่อบริหารงาน,งบรายจ่ายอื่น,,7,,4,รายการ,7. เงินค่าปรับที่จ่ายคืนให้แก่ผู้ขายหรือผู้รับจ้าง,86021530.0,86021530.0,,ใช่,ไม่ใช่,คงเหลือ,DOC-BUD-2566,1.4ผลเบิกจ่ายปี 2566  final.pdf,9,2566-0318
2567,2567-10-31,31 ตุลาคม 2567,,,,,,,0,ยอดรวมทั้งสิ้น,รวมทั้งสิ้น,5303083050.0,4180805791.99,1122277258.01,ไม่ใช่,ใช่,,DOC-BUD-2567,1.5ผลเบิกจ่ายปี 2567 - final.pdf,1,2567-0001
2567,2567-10-31,31 ตุลาคม 2567,แผนงานบุคลากรภาครัฐ,,,,,,1,แผนงาน,แผนงานบุคลากรภาครัฐ,1739264500.0,1249910733.0,489389497.0,ไม่ใช่,ใช่,,DOC-BUD-2567,1.5ผลเบิกจ่ายปี 2567 - final.pdf,1,2567-0002
2567,2567-10-31,31 ตุลาคม 2567,แผนงานบุคลากรภาครัฐ,,งบบุคลากร,,,,3,หมวดงบรายจ่าย,งบบุคลากร,1562252500.0,1213934371.43,348318128.57,ไม่ใช่,ใช่,,DOC-BUD-2567,1.5ผลเบิกจ่ายปี 2567 - final.pdf,1,2567-0003
2567,2567-10-31,31 ตุลาคม 2567,แผนงานบุคลากรภาครัฐ,,งบบุคลากร,,1,,4,รายการ,1. ค่าใช้จ่ายในการจ้างพนักงานประกันสังคม,1540000000.0,1198733921.41,341266078.59,ใช่,ไม่ใช่,,DOC-BUD-2567,1.5ผลเบิกจ่ายปี 2567 - final.pdf,1,2567-0004
2567,2567-10-31,31 ตุลาคม 2567,แผนงานบุคลากรภาครัฐ,,งบบุคลากร,,2,,4,รายการ,2. เงินเพิ่มการครองชีพชั่วคราว,6974000.0,5748669.6,1225330.4,ใช่,ไม่ใช่,,DOC-BUD-2567,1.5ผลเบิกจ่ายปี 2567 - final.pdf,1,2567-0005
2567,2567-10-31,31 ตุลาคม 2567,แผนงานบุคลากรภาครัฐ,,งบบุคลากร,,3,,4,รายการ,3. ค่าตอบแทนสำหรับผู้บริหารระดับชำนาญการพิเศษ,554400.0,462000.0,92400.0,ใช่,ไม่ใช่,,DOC-BUD-2567,1.5ผลเบิกจ่ายปี 2567 - final.pdf,1,2567-0006
2567,2567-10-31,31 ตุลาคม 2567,แผนงานบุคลากรภาครัฐ,,งบบุคลากร,,4,,4,รายการ,4. ค่าตอบแทนสำหรับข้าราชการระดับชำนาญการ/ชำนาญการพิเศษ ซึ่งปฏิบัติ หน้าที่ในฐานะหัวหน้าสำนักงานประกันสังคมจังหวัดสาขา,2100000.0,1276763.97,823236.03,ใช่,ไม่ใช่,,DOC-BUD-2567,1.5ผลเบิกจ่ายปี 2567 - final.pdf,1,2567-0007
2567,2567-10-31,31 ตุลาคม 2567,แผนงานบุคลากรภาครัฐ,,งบบุคลากร,,5,,4,รายการ,5. ค่าตอบแทนวิชาชีพเฉพาะด้านการลงทุนสำหรับข้าราชการ,10560000.0,6835806.45,3724193.55,ใช่,ไม่ใช่,,DOC-BUD-2567,1.5ผลเบิกจ่ายปี 2567 - final.pdf,1,2567-0008
2567,2567-10-31,31 ตุลาคม 2567,แผนงานบุคลากรภาครัฐ,,งบบุคลากร,,6,,4,รายการ,6. ค่าตอบแทนวิชาชีพเฉพาะด้านคณิตศาสตร์ประกันภัยสำหรับข้าราชการ,960000.0,522000.0,438000.0,ใช่,ไม่ใช่,,DOC-BUD-2567,1.5ผลเบิกจ่ายปี 2567 - final.pdf,1,2567-0009
2567,2567-10-31,31 ตุลาคม 2567,แผนงานบุคลากรภาครัฐ,,งบบุคลากร,,7,,4,รายการ,7. เงินค่าตอบแทนพิเศษ (กรณีค่าจ้างถึงขั้นสูง),1104100.0,355210.0,748890.0,ใช่,ไม่ใช่,,DOC-BUD-2567,1.5ผลเบิกจ่ายปี 2567 - final.pdf,1,2567-0010
2567,2567-10-31,31 ตุลาคม 2567,แผนงานบุคลากรภาครัฐ,,งบดำเนินงาน,,,,3,หมวดงบรายจ่าย,งบดำเนินงาน,176412000.0,35491561.57,140777398.43,ไม่ใช่,ใช่,,DOC-BUD-2567,1.5ผลเบิกจ่ายปี 2567 - final.pdf,1,2567-0011
2567,2567-10-31,31 ตุลาคม 2567,แผนงานบุคลากรภาครัฐ,,งบดำเนินงาน,ค่าตอบแทน,,,4,หมวดค่าใช้จ่าย,- ค่าตอบแทน,134648400.0,2368456.57,132279943.43,ไม่ใช่,ใช่,,DOC-BUD-2567,1.5ผลเบิกจ่ายปี 2567 - final.pdf,1,2567-0012
2567,2567-10-31,31 ตุลาคม 2567,แผนงานบุคลากรภาครัฐ,,งบดำเนินงาน,ค่าตอบแทน,1,,5,รายการ,1. ค่าตอบแทนพิเศษรายเดือนให้แก่เจ้าหน้าที่ผู้ปฏิบัติงานในพื้นที่จังหวัด ชายแดนภาคใต้,2886000.0,2350456.57,535543.43,ใช่,ไม่ใช่,,DOC-BUD-2567,1.5ผลเบิกจ่ายปี 2567 - final.pdf,1,2567-0013
2567,2567-10-31,31 ตุลาคม 2567,แผนงานบุคลากรภาครัฐ,,งบดำเนินงาน,ค่าตอบแทน,2,,5,รายการ,2. เงินเพิ่มสำหรับตำแหน่งที่มีเหตุพิเศษของผู้ปฏิบัติงานด้านการสาธารณสุข (พ.ต.ส.),96000.0,18000.0,78000.0,ใช่,ไม่ใช่,,DOC-BUD-2567,1.5ผลเบิกจ่ายปี 2567 - final.pdf,1,2567-0014
2567,2567-10-31,31 ตุลาคม 2567,แผนงานบุคลากรภาครัฐ,,งบดำเนินงาน,ค่าตอบแทน,3,,5,รายการ,3. ค่าตอบแทนประจำปี,131666400.0,,131666400.0,ใช่,ไม่ใช่,รวมเบิกจ่ายและผูกพัน,DOC-BUD-2567,1.5ผลเบิกจ่ายปี 2567 - final.pdf,1,2567-0015
2567,2567-10-31,31 ตุลาคม 2567,แผนงานบุคลากรภาครัฐ,,งบดำเนินงาน,ค่าใช้สอย,,,4,หมวดค่าใช้จ่าย,- ค่าใช้สอย,41763600.0,33123105.0,8497455.0,ไม่ใช่,ใช่,,DOC-BUD-2567,1.5ผลเบิกจ่ายปี 2567 - final.pdf,1,2567-0016
2567,2567-10-31,31 ตุลาคม 2567,แผนงานบุคลากรภาครัฐ,,งบดำเนินงาน,ค่าใช้สอย,1,,5,รายการ,1. เงินสมทบกองทุนประกันสังคม,40590200.0,32242805.0,8275395.0,ใช่,ไม่ใช่,,DOC-BUD-2567,1.5ผลเบิกจ่ายปี 2567 - final.pdf,1,2567-0017
2567,2567-10-31,31 ตุลาคม 2567,แผนงานบุคลากรภาครัฐ,,งบดำเนินงาน,ค่าใช้สอย,2,,5,รายการ,2. เงินสมทบกองทุนเงินทดแทน,1114000.0,820900.0,222060.0,ใช่,ไม่ใช่,,DOC-BUD-2567,1.5ผลเบิกจ่ายปี 2567 - final.pdf,1,2567-0018
2567,2567-10-31,31 ตุลาคม 2567,แผนงานบุคลากรภาครัฐ,,งบดำเนินงาน,ค่าใช้สอย,3,,5,รายการ,3. เงินประกันภัยแก่ข้าราชการ ลูกจ้างประจำ และพนักงานสำนักงาน ประกันสังคมที่ปฏิบัติงานประจำในพื้นที่ 3 จังหวัดชายแดนภาคใต้,59400.0,59400.0,,ใช่,ไม่ใช่,คงเหลือ,DOC-BUD-2567,1.5ผลเบิกจ่ายปี 2567 - final.pdf,1,2567-0019
2567,2567-10-31,31 ตุลาคม 2567,แผนงานบุคลากรภาครัฐ,,งบรายจ่ายอื่น,,,,3,หมวดงบรายจ่าย,งบรายจ่ายอื่น,600000.0,484800.0,293970.0,ไม่ใช่,ใช่,,DOC-BUD-2567,1.5ผลเบิกจ่ายปี 2567 - final.pdf,1,2567-0020
2567,2567-10-31,31 ตุลาคม 2567,แผนงานบุคลากรภาครัฐ,,งบรายจ่ายอื่น,,,,4,รายการ,- เงินช่วยเหลือในกรณีที่พนักงานถึงแก่ความตาย,600000.0,484800.0,293970.0,ใช่,ไม่ใช่,,DOC-BUD-2567,1.5ผลเบิกจ่ายปี 2567 - final.pdf,1,2567-0021
2567,2567-10-31,31 ตุลาคม 2567,แผนงานพื้นฐาน,,,,,,1,แผนงาน,แผนงานพื้นฐาน,1276025400.0,948492793.03,333022412.47,ไม่ใช่,ใช่,,DOC-BUD-2567,1.5ผลเบิกจ่ายปี 2567 - final.pdf,1,2567-0022
2567,2567-10-31,31 ตุลาคม 2567,แผนงานพื้นฐาน,รายจ่ายเพื่อบริหารงานประจำ,,,,,2,กลุ่มรายจ่าย,รายจ่ายเพื่อบริหารงานประจำ,1276025400.0,948492793.03,333022412.47,ไม่ใช่,ใช่,,DOC-BUD-2567,1.5ผลเบิกจ่ายปี 2567 - final.pdf,1,2567-0023
2567,2567-10-31,31 ตุลาคม 2567,แผนงานพื้นฐาน,รายจ่ายเพื่อบริหารงานประจำ,งบดำเนินงาน,,,,3,หมวดงบรายจ่าย,งบดำเนินงาน,1031906600.0,870507538.99,161005294.51,ไม่ใช่,ใช่,,DOC-BUD-2567,1.5ผลเบิกจ่ายปี 2567 - final.pdf,1,2567-0024
2567,2567-10-31,31 ตุลาคม 2567,แผนงานพื้นฐาน,รายจ่ายเพื่อบริหารงานประจำ,งบดำเนินงาน,ค่าตอบแทน,,,4,หมวดค่าใช้จ่าย,- ค่าตอบแทน,152748000.0,104539832.88,47428810.35,ไม่ใช่,ใช่,,DOC-BUD-2567,1.5ผลเบิกจ่ายปี 2567 - final.pdf,1,2567-0025
2567,2567-10-31,31 ตุลาคม 2567,แผนงานพื้นฐาน,รายจ่ายเพื่อบริหารงานประจำ,งบดำเนินงาน,ค่าตอบแทน,1,,5,รายการ,1. ค่าตอบแทนการปฏิบัติงานนอกเวลาราชการ,107614600.0,78583980.0,29313030.0,ใช่,ไม่ใช่,,DOC-BUD-2567,1.5ผลเบิกจ่ายปี 2567 - final.pdf,1,2567-0026
2567,2567-10-31,31 ตุลาคม 2567,แผนงานพื้นฐาน,รายจ่ายเพื่อบริหารงานประจำ,งบดำเนินงาน,ค่าตอบแทน,2,,5,รายการ,2. ค่าเบี้ยประชุมคณะกรรมการ/อนุกรรมการ/คณะทำงาน,33569400.0,20911775.0,12024601.23,ใช่,ไม่ใช่,,DOC-BUD-2567,1.5ผลเบิกจ่ายปี 2567 - final.pdf,1,2567-0027
2567,2567-10-31,31 ตุลาคม 2567,แผนงานพื้นฐาน,รายจ่ายเพื่อบริหารงานประจำ,งบดำเนินงาน,ค่าตอบแทน,3,,5,รายการ,3. ค่าใช้จ่ายในการเดินทางมาประชุมของคณะกรรมการ ที่ปรึกษา และคณะอนุกรรมการ,8496000.0,3881000.0,4092257.0,ใช่,ไม่ใช่,,DOC-BUD-2567,1.5ผลเบิกจ่ายปี 2567 - final.pdf,1,2567-0028
2567,2567-10-31,31 ตุลาคม 2567,แผนงานพื้นฐาน,รายจ่ายเพื่อบริหารงานประจำ,งบดำเนินงาน,ค่าตอบแทน,4,,5,รายการ,4. ค่าตอบแทนคณะกรรมการตรวจรับพัสดุในงานจ้างก่อสร้างและผู้ควบคุมงาน ก่อสร้างที่มีคำสั่งแต่งตั้งจากทางราชการ,1519600.0,360300.0,1330300.0,ใช่,ไม่ใช่,,DOC-BUD-2567,1.5ผลเบิกจ่ายปี 2567 - final.pdf,1,2567-0029
2567,2567-10-31,31 ตุลาคม 2567,แผนงานพื้นฐาน,รายจ่ายเพื่อบริหารงานประจำ,งบดำเนินงาน,ค่าตอบแทน,5,,5,รายการ,5. ค่าตอบแทนกรรมการผู้อ่านผลงานทางวิชาการ,391000.0,208400.0,182600.0,ใช่,ไม่ใช่,,DOC-BUD-2567,1.5ผลเบิกจ่ายปี 2567 - final.pdf,2,2567-0030
2567,2567-10-31,31 ตุลาคม 2567,แผนงานพื้นฐาน,รายจ่ายเพื่อบริหารงานประจำ,งบดำเนินงาน,ค่าตอบแทน,6,,5,รายการ,6. เงินสมนาคุณกรรมการสอบสวนทางวินัย,32000.0,3650.0,28350.0,ใช่,ไม่ใช่,,DOC-BUD-2567,1.5ผลเบิกจ่ายปี 2567 - final.pdf,2,2567-0031
2567,2567-10-31,31 ตุลาคม 2567,แผนงานพื้นฐาน,รายจ่ายเพื่อบริหารงานประจำ,งบดำเนินงาน,ค่าตอบแทน,7,,5,รายการ,7. ค่าตอบแทนกรรมการออกข้อสอบและสอบสัมภาษณ์,585400.0,71087.88,314312.12,ใช่,ไม่ใช่,,DOC-BUD-2567,1.5ผลเบิกจ่ายปี 2567 - final.pdf,2,2567-0032
2567,2567-10-31,31 ตุลาคม 2567,แผนงานพื้นฐาน,รายจ่ายเพื่อบริหารงานประจำ,งบดำเนินงาน,ค่าตอบแทน,8,,5,รายการ,8. ค่าตอบแทนเจ้าหน้าที่ดำเนินการสอบ,153000.0,80100.0,72900.0,ใช่,ไม่ใช่,,DOC-BUD-2567,1.5ผลเบิกจ่ายปี 2567 - final.pdf,2,2567-0033
2567,2567-10-31,31 ตุลาคม 2567,แผนงานพื้นฐาน,รายจ่ายเพื่อบริหารงานประจำ,งบดำเนินงาน,ค่าตอบแทน,9,,5,รายการ,9. ค่าตอบแทนแพทย์ผู้เชี่ยวชาญกรณีที่ให้คำปรึกษาและให้ความเห็น เป็นลายลักษณ์อักษรแก่สำนักงานประกันสังคม คณะกรรมการการแพทย์ และคณะอนุกรรมการในคณะกรรมการการแพทย์,200000.0,323000.0,,ใช่,ไม่ใช่,คงเหลือ,DOC-BUD-2567,1.5ผลเบิกจ่ายปี 2567 - final.pdf,2,2567-0034
2567,2567-10-31,31 ตุลาคม 2567,แผนงานพื้นฐาน,รายจ่ายเพื่อบริหารงานประจำ,งบดำเนินงาน,ค่าตอบแทน,10,,5,รายการ,10. ค่าตอบแทนจ้าหน้าที่ตำรวจรักษาความปลอดภัยในการนำเงินสดฝากธนาคาร,48000.0,35600.0,12400.0,ใช่,ไม่ใช่,,DOC-BUD-2567,1.5ผลเบิกจ่ายปี 2567 - final.pdf,2,2567-0035
2567,2567-10-31,31 ตุลาคม 2567,แผนงานพื้นฐาน,รายจ่ายเพื่อบริหารงานประจำ,งบดำเนินงาน,ค่าตอบแทน,11,,5,รายการ,11. ค่าจ้างแปลเอกสารจากภาษาต่างประเทศเป็นภาษาไทย และจากภาษาไทย เป็นภาษาต่างประเทศ,69000.0,44940.0,24060.0,ใช่,ไม่ใช่,,DOC-BUD-2567,1.5ผลเบิกจ่ายปี 2567 - final.pdf,2,2567-0036
2567,2567-10-31,31 ตุลาคม 2567,แผนงานพื้นฐาน,รายจ่ายเพื่อบริหารงานประจำ,งบดำเนินงาน,ค่าตอบแทน,12,,5,รายการ,12. ค่าตอบแทนล่ามในการแปลภาษาท้องถิ่น ภาษต่างประเทศ หรือภาษามือ,70000.0,36000.0,34000.0,ใช่,ไม่ใช่,,DOC-BUD-2567,1.5ผลเบิกจ่ายปี 2567 - final.pdf,2,2567-0037
2567,2567-10-31,31 ตุลาคม 2567,แผนงานพื้นฐาน,รายจ่ายเพื่อบริหารงานประจำ,งบดำเนินงาน,ค่าใช้สอย,,,4,หมวดค่าใช้จ่าย,- ค่าใช้สอย,456976600.0,401897942.38,54664109.32,ไม่ใช่,ใช่,,DOC-BUD-2567,1.5ผลเบิกจ่ายปี 2567 - final.pdf,2,2567-0038
2567,2567-10-31,31 ตุลาคม 2567,แผนงานพื้นฐาน,รายจ่ายเพื่อบริหารงานประจำ,งบดำเนินงาน,ค่าใช้สอย,1,,5,รายการ,1. ค่าเบี้ยเลี้ยง ที่พัก พาหนะ และอื่น ๆ,40500000.0,30731454.9,9547379.61,ใช่,ไม่ใช่,,DOC-BUD-2567,1.5ผลเบิกจ่ายปี 2567 - final.pdf,2,2567-0039
2567,2567-10-31,31 ตุลาคม 2567,แผนงานพื้นฐาน,รายจ่ายเพื่อบริหารงานประจำ,งบดำเนินงาน,ค่าใช้สอย,2,,5,รายการ,2. ค่าผ่านทางด่วนพิเศษ,491700.0,364635.0,137675.0,ใช่,ไม่ใช่,,DOC-BUD-2567,1.5ผลเบิกจ่ายปี 2567 - final.pdf,2,2567-0040
2567,2567-10-31,31 ตุลาคม 2567,แผนงานพื้นฐาน,รายจ่ายเพื่อบริหารงานประจำ,งบดำเนินงาน,ค่าใช้สอย,3,,5,รายการ,3. ค่าใช้จ่ายในการจัดประชุม อบรม สัมมนาและค่าอาหารว่าง,11201900.0,7089212.0,3687937.0,ไม่ใช่,ไม่ใช่,,DOC-BUD-2567,1.5ผลเบิกจ่ายปี 2567 - final.pdf,2,2567-0041
2567,2567-10-31,31 ตุลาคม 2567,แผนงานพื้นฐาน,รายจ่ายเพื่อบริหารงานประจำ,งบดำเนินงาน,ค่าใช้สอย,,3.,6,รายละเอียดของแถวบน,- ค่ารับรองและพิธีการ,11201900.0,7089212.0,3687937.0,ใช่,ใช่,,DOC-BUD-2567,1.5ผลเบิกจ่ายปี 2567 - final.pdf,2,2567-0042
2567,2567-10-31,31 ตุลาคม 2567,แผนงานพื้นฐาน,รายจ่ายเพื่อบริหารงานประจำ,งบดำเนินงาน,ค่าใช้สอย,4,,5,รายการ,4. ค่าซ่อมแซมบำรุงรักษาทรัพย์สิน,16699000.0,11319235.19,5548895.99,ใช่,ไม่ใช่,,DOC-BUD-2567,1.5ผลเบิกจ่ายปี 2567 - final.pdf,2,2567-0043
2567,2567-10-31,31 ตุลาคม 2567,แผนงานพื้นฐาน,รายจ่ายเพื่อบริหารงานประจำ,งบดำเนินงาน,ค่าใช้สอย,5,,5,รายการ,5. ค่าซ่อมแซมบำรุงรักษายานพาหนะ,12430700.0,8632014.35,3820511.41,ใช่,ไม่ใช่,,DOC-BUD-2567,1.5ผลเบิกจ่ายปี 2567 - final.pdf,2,2567-0044
2567,2567-10-31,31 ตุลาคม 2567,แผนงานพื้นฐาน,รายจ่ายเพื่อบริหารงานประจำ,งบดำเนินงาน,ค่าใช้สอย,6,,5,รายการ,6. ค่าจ้างเหมาบริการต่าง ๆ,12862600.0,10309353.07,2748664.42,ใช่,ไม่ใช่,,DOC-BUD-2567,1.5ผลเบิกจ่ายปี 2567 - final.pdf,2,2567-0045
2567,2567-10-31,31 ตุลาคม 2567,แผนงานพื้นฐาน,รายจ่ายเพื่อบริหารงานประจำ,งบดำเนินงาน,ค่าใช้สอย,7,,5,รายการ,7. ค่าจ้างเหมากำจัดปลวก มด แมลง และหนู,2754200.0,2466214.79,291030.21,ใช่,ไม่ใช่,,DOC-BUD-2567,1.5ผลเบิกจ่ายปี 2567 - final.pdf,2,2567-0046
2567,2567-10-31,31 ตุลาคม 2567,แผนงานพื้นฐาน,รายจ่ายเพื่อบริหารงานประจำ,งบดำเนินงาน,ค่าใช้สอย,8,,5,รายการ,8. ค่าจ้างบริการรักษาความปลอดภัยอาคารสำนักงานประกันสังคม,98550000.0,97860447.0,662937.03,ใช่,ไม่ใช่,,DOC-BUD-2567,1.5ผลเบิกจ่ายปี 2567 - final.pdf,2,2567-0047
2567,2567-10-31,31 ตุลาคม 2567,แผนงานพื้นฐาน,รายจ่ายเพื่อบริหารงานประจำ,งบดำเนินงาน,ค่าใช้สอย,9,,5,รายการ,9. ค่าจ้างทำความสะอาดอาคารสำนักงานประกันสังคม,62562800.0,59536600.85,2890170.12,ใช่,ไม่ใช่,,DOC-BUD-2567,1.5ผลเบิกจ่ายปี 2567 - final.pdf,2,2567-0048
2567,2567-10-31,31 ตุลาคม 2567,แผนงานพื้นฐาน,รายจ่ายเพื่อบริหารงานประจำ,งบดำเนินงาน,ค่าใช้สอย,10,,5,รายการ,10. ค่าจ้างเหมาบริการดูแลรักษาสวนหย่อม สนามหญ้า และต้นไม้,6968100.0,6816682.33,110757.67,ใช่,ไม่ใช่,,DOC-BUD-2567,1.5ผลเบิกจ่ายปี 2567 - final.pdf,2,2567-0049
2567,2567-10-31,31 ตุลาคม 2567,แผนงานพื้นฐาน,รายจ่ายเพื่อบริหารงานประจำ,งบดำเนินงาน,ค่าใช้สอย,11,,5,รายการ,11. ค่าจ้างเหมาพนักงานขับรถยนต์,26596800.0,23411609.37,3035300.63,ใช่,ไม่ใช่,,DOC-BUD-2567,1.5ผลเบิกจ่ายปี 2567 - final.pdf,2,2567-0050
2567,2567-10-31,31 ตุลาคม 2567,แผนงานพื้นฐาน,รายจ่ายเพื่อบริหารงานประจำ,งบดำเนินงาน,ค่าใช้สอย,12,,5,รายการ,12. ค่าขนย้ายและติดตั้งครุภัณฑ์และทรัพย์สินต่าง ๆ,92000.0,85821.96,397350.0,ใช่,ไม่ใช่,,DOC-BUD-2567,1.5ผลเบิกจ่ายปี 2567 - final.pdf,2,2567-0051
2567,2567-10-31,31 ตุลาคม 2567,แผนงานพื้นฐาน,รายจ่ายเพื่อบริหารงานประจำ,งบดำเนินงาน,ค่าใช้สอย,13,,5,รายการ,"13. ค่าเช่าอาคารพาณิชย์เป็นที่ทำการสำนักงานประกันสังคมกทม.พื้นที่, สำนักงานประกันสังคมจังหวัดและป็นอาคารเก็บเอกสาร",61854000.0,61233598.28,620401.72,ใช่,ไม่ใช่,,DOC-BUD-2567,1.5ผลเบิกจ่ายปี 2567 - final.pdf,2,2567-0052
2567,2567-10-31,31 ตุลาคม 2567,แผนงานพื้นฐาน,รายจ่ายเพื่อบริหารงานประจำ,งบดำเนินงาน,ค่าใช้สอย,14,,5,รายการ,14. ค่าเช่าที่ดิน,123600.0,108574.0,15026.0,ใช่,ไม่ใช่,,DOC-BUD-2567,1.5ผลเบิกจ่ายปี 2567 - final.pdf,2,2567-0053
2567,2567-10-31,31 ตุลาคม 2567,แผนงานพื้นฐาน,รายจ่ายเพื่อบริหารงานประจำ,งบดำเนินงาน,ค่าใช้สอย,15,,5,รายการ,15. ค่าซอมแซมปรับปรุงอาคารหรือสิ่งก่อสร้าง,5927000.0,5710694.49,405267.31,ใช่,ไม่ใช่,,DOC-BUD-2567,1.5ผลเบิกจ่ายปี 2567 - final.pdf,2,2567-0054
2567,2567-10-31,31 ตุลาคม 2567,แผนงานพื้นฐาน,รายจ่ายเพื่อบริหารงานประจำ,งบดำเนินงาน,ค่าใช้สอย,16,,5,รายการ,16. ค่าประกันภัยรถยนต์ราชการ,2405100.0,1604137.73,800962.27,ใช่,ไม่ใช่,,DOC-BUD-2567,1.5ผลเบิกจ่ายปี 2567 - final.pdf,2,2567-0055
2567,2567-10-31,31 ตุลาคม 2567,แผนงานพื้นฐาน,รายจ่ายเพื่อบริหารงานประจำ,งบดำเนินงาน,ค่าใช้สอย,17,,5,รายการ,17. ค่าเช่าเครื่องถ่ายเอกสาร,7714200.0,6106770.17,2015179.83,ใช่,ไม่ใช่,,DOC-BUD-2567,1.5ผลเบิกจ่ายปี 2567 - final.pdf,2,2567-0056
2567,2567-10-31,31 ตุลาคม 2567,แผนงานพื้นฐาน,รายจ่ายเพื่อบริหารงานประจำ,งบดำเนินงาน,ค่าใช้สอย,18,,5,รายการ,18. หนังสือ วารสาร หนังสือพิมพ์,201200.0,135919.8,65280.2,ใช่,ไม่ใช่,,DOC-BUD-2567,1.5ผลเบิกจ่ายปี 2567 - final.pdf,2,2567-0057
2567,2567-10-31,31 ตุลาคม 2567,แผนงานพื้นฐาน,รายจ่ายเพื่อบริหารงานประจำ,งบดำเนินงาน,ค่าใช้สอย,19,,5,รายการ,19. ค่าจ้างทำของที่ระลึก,2740000.0,2083706.0,656294.0,ใช่,ไม่ใช่,,DOC-BUD-2567,1.5ผลเบิกจ่ายปี 2567 - final.pdf,2,2567-0058
2567,2567-10-31,31 ตุลาคม 2567,แผนงานพื้นฐาน,รายจ่ายเพื่อบริหารงานประจำ,งบดำเนินงาน,ค่าใช้สอย,20,,5,รายการ,20. ค่าตกแต่งสถานที่และค่าใช้จ่ายในการจัดงานต่าง ๆ,1055000.0,844384.09,695615.91,ใช่,ไม่ใช่,,DOC-BUD-2567,1.5ผลเบิกจ่ายปี 2567 - final.pdf,2,2567-0059
2567,2567-10-31,31 ตุลาคม 2567,แผนงานพื้นฐาน,รายจ่ายเพื่อบริหารงานประจำ,งบดำเนินงาน,ค่าใช้สอย,21,,5,รายการ,21. ค่าใช้จ่ายในการลี้ยงรับรองบุคคลหรือรับรองชาวต่างประเทศ,50000.0,97100.0,,ใช่,ไม่ใช่,คงเหลือ,DOC-BUD-2567,1.5ผลเบิกจ่ายปี 2567 - final.pdf,2,2567-0060
2567,2567-10-31,31 ตุลาคม 2567,แผนงานพื้นฐาน,รายจ่ายเพื่อบริหารงานประจำ,งบดำเนินงาน,ค่าใช้สอย,22,,5,รายการ,22. ค่าใช้จ่ายในการจัดทำข้อสอบ,4341000.0,603672.0,1737328.0,ใช่,ไม่ใช่,,DOC-BUD-2567,1.5ผลเบิกจ่ายปี 2567 - final.pdf,2,2567-0061
2567,2567-10-31,31 ตุลาคม 2567,แผนงานพื้นฐาน,รายจ่ายเพื่อบริหารงานประจำ,งบดำเนินงาน,ค่าใช้สอย,23,,5,รายการ,23. ค่าใช้จ่ายในการจ้างบันทึกข้อมูลเงินสมทบ,5250000.0,2865995.22,2367504.78,ใช่,ไม่ใช่,,DOC-BUD-2567,1.5ผลเบิกจ่ายปี 2567 - final.pdf,2,2567-0062
2567,2567-10-31,31 ตุลาคม 2567,แผนงานพื้นฐาน,รายจ่ายเพื่อบริหารงานประจำ,งบดำเนินงาน,ค่าใช้สอย,24,,5,รายการ,24. ค่าธรรมเนียมอื่น ๆ,81200.0,24450.0,56750.0,ใช่,ไม่ใช่,,DOC-BUD-2567,1.5ผลเบิกจ่ายปี 2567 - final.pdf,2,2567-0063
2567,2567-10-31,31 ตุลาคม 2567,แผนงานพื้นฐาน,รายจ่ายเพื่อบริหารงานประจำ,งบดำเนินงาน,ค่าใช้สอย,25,,5,รายการ,25. ค่าธรรมเนียมกรณีขอรับเงินธนาณัติเป็นแคชเชียร์เช็ค สปส.กทม.พื้นที่/จังหวัด/สาขา,47700.0,28583.47,39716.94,ใช่,ไม่ใช่,,DOC-BUD-2567,1.5ผลเบิกจ่ายปี 2567 - final.pdf,2,2567-0064
2567,2567-10-31,31 ตุลาคม 2567,แผนงานพื้นฐาน,รายจ่ายเพื่อบริหารงานประจำ,งบดำเนินงาน,ค่าใช้สอย,26,,5,รายการ,26. ค่าธรรมเนียมซื้อสมุดเช็ค และอื่น ๆ,1316500.0,995650.3,358470.07,ใช่,ไม่ใช่,,DOC-BUD-2567,1.5ผลเบิกจ่ายปี 2567 - final.pdf,2,2567-0065
2567,2567-10-31,31 ตุลาคม 2567,แผนงานพื้นฐาน,รายจ่ายเพื่อบริหารงานประจำ,งบดำเนินงาน,ค่าใช้สอย,27,,5,รายการ,27. ค่าธรรมเนียมบริการรับ - ส่งเงินของ KTBGS,8411200.0,5873227.0,2499652.22,ใช่,ไม่ใช่,,DOC-BUD-2567,1.5ผลเบิกจ่ายปี 2567 - final.pdf,2,2567-0066
2567,2567-10-31,31 ตุลาคม 2567,แผนงานพื้นฐาน,รายจ่ายเพื่อบริหารงานประจำ,งบดำเนินงาน,ค่าใช้สอย,28,,5,รายการ,28. ค่าธรรมเนียมการให้บริการรับสมัครขึ้นทะเบียนผู้ประกันตนตามมาตรา 40,5000.0,400.0,4600.0,ใช่,ไม่ใช่,,DOC-BUD-2567,1.5ผลเบิกจ่ายปี 2567 - final.pdf,2,2567-0067
2567,2567-10-31,31 ตุลาคม 2567,แผนงานพื้นฐาน,รายจ่ายเพื่อบริหารงานประจำ,งบดำเนินงาน,ค่าใช้สอย,29,,5,รายการ,29. ค่าธรรมเนียมสำนักงานการตรวจเงินแผ่นดิน เพื่อการตรวจสอบบัญชีกองทุนประกันสังคม,1200000.0,1920000.0,,ใช่,ไม่ใช่,คงเหลือ,DOC-BUD-2567,1.5ผลเบิกจ่ายปี 2567 - final.pdf,2,2567-0068
2567,2567-10-31,31 ตุลาคม 2567,แผนงานพื้นฐาน,รายจ่ายเพื่อบริหารงานประจำ,งบดำเนินงาน,ค่าใช้สอย,30,,5,รายการ,30. ค่าธรรมเนียมทางกฎหมาย,349000.0,66180.0,223970.0,ใช่,ไม่ใช่,,DOC-BUD-2567,1.5ผลเบิกจ่ายปี 2567 - final.pdf,2,2567-0069
2567,2567-10-31,31 ตุลาคม 2567,แผนงานพื้นฐาน,รายจ่ายเพื่อบริหารงานประจำ,งบดำเนินงาน,ค่าใช้สอย,31,,5,รายการ,31. ค่าป่วยการแก่พยานศาล,30000.0,8000.0,22000.0,ใช่,ไม่ใช่,,DOC-BUD-2567,1.5ผลเบิกจ่ายปี 2567 - final.pdf,2,2567-0070
2567,2567-10-31,31 ตุลาคม 2567,แผนงานพื้นฐาน,รายจ่ายเพื่อบริหารงานประจำ,งบดำเนินงาน,ค่าใช้สอย,32,,5,รายการ,32. ค่าสมัครสมาชิกด้านการลงทุน,62165100.0,52963619.02,9201480.98,ใช่,ไม่ใช่,,DOC-BUD-2567,1.5ผลเบิกจ่ายปี 2567 - final.pdf,2,2567-0071
2567,2567-10-31,31 ตุลาคม 2567,แผนงานพื้นฐาน,รายจ่ายเพื่อบริหารงานประจำ,งบดำเนินงาน,ค่าวัสดุ,,,4,หมวดค่าใช้จ่าย,- ค่าวัสดุ,143801700.0,125791828.65,18000300.92,ไม่ใช่,ใช่,,DOC-BUD-2567,1.5ผลเบิกจ่ายปี 2567 - final.pdf,2,2567-0072
2567,2567-10-31,31 ตุลาคม 2567,แผนงานพื้นฐาน,รายจ่ายเพื่อบริหารงานประจำ,งบดำเนินงาน,ค่าวัสดุ,1,,5,รายการ,1. วัสดุสำนักงาน,39404000.0,33805072.24,4189544.47,ใช่,ไม่ใช่,,DOC-BUD-2567,1.5ผลเบิกจ่ายปี 2567 - final.pdf,3,2567-0073
2567,2567-10-31,31 ตุลาคม 2567,แผนงานพื้นฐาน,รายจ่ายเพื่อบริหารงานประจำ,งบดำเนินงาน,ค่าวัสดุ,2,,5,รายการ,2. วัสดุคอมพิวเตอร์,61355500.0,63235200.37,818527.11,ใช่,ไม่ใช่,,DOC-BUD-2567,1.5ผลเบิกจ่ายปี 2567 - final.pdf,3,2567-0074
2567,2567-10-31,31 ตุลาคม 2567,แผนงานพื้นฐาน,รายจ่ายเพื่อบริหารงานประจำ,งบดำเนินงาน,ค่าวัสดุ,3,,5,รายการ,3. วัสดุส่วนกลาง,4500000.0,4327494.97,172505.03,ใช่,ไม่ใช่,,DOC-BUD-2567,1.5ผลเบิกจ่ายปี 2567 - final.pdf,3,2567-0075
2567,2567-10-31,31 ตุลาคม 2567,แผนงานพื้นฐาน,รายจ่ายเพื่อบริหารงานประจำ,งบดำเนินงาน,ค่าวัสดุ,4,,5,รายการ,4. วัสดุแบบพิมพ์,6190700.0,4395326.0,1765038.0,ใช่,ไม่ใช่,,DOC-BUD-2567,1.5ผลเบิกจ่ายปี 2567 - final.pdf,3,2567-0076
2567,2567-10-31,31 ตุลาคม 2567,แผนงานพื้นฐาน,รายจ่ายเพื่อบริหารงานประจำ,งบดำเนินงาน,ค่าวัสดุ,5,,5,รายการ,5. ค่าหนังสืออิเล็กทรอนิกส์ (e-Book),50000.0,49341.0,659.0,ใช่,ไม่ใช่,,DOC-BUD-2567,1.5ผลเบิกจ่ายปี 2567 - final.pdf,3,2567-0077
2567,2567-10-31,31 ตุลาคม 2567,แผนงานพื้นฐาน,รายจ่ายเพื่อบริหารงานประจำ,งบดำเนินงาน,ค่าวัสดุ,6,,5,รายการ,6. วัสดุโฆษณาและเผยแพร่,1200000.0,1189979.1,10020.9,ใช่,ไม่ใช่,,DOC-BUD-2567,1.5ผลเบิกจ่ายปี 2567 - final.pdf,3,2567-0078
2567,2567-10-31,31 ตุลาคม 2567,แผนงานพื้นฐาน,รายจ่ายเพื่อบริหารงานประจำ,งบดำเนินงาน,ค่าวัสดุ,7,,5,รายการ,7. วัสดุงานบ้านงานครัว,410000.0,410124.97,46554.17,ใช่,ไม่ใช่,,DOC-BUD-2567,1.5ผลเบิกจ่ายปี 2567 - final.pdf,3,2567-0079
2567,2567-10-31,31 ตุลาคม 2567,แผนงานพื้นฐาน,รายจ่ายเพื่อบริหารงานประจำ,งบดำเนินงาน,ค่าวัสดุ,8,,5,รายการ,8. วัสดุเกษตร,151000.0,76596.05,74403.95,ใช่,ไม่ใช่,,DOC-BUD-2567,1.5ผลเบิกจ่ายปี 2567 - final.pdf,3,2567-0080
2567,2567-10-31,31 ตุลาคม 2567,แผนงานพื้นฐาน,รายจ่ายเพื่อบริหารงานประจำ,งบดำเนินงาน,ค่าวัสดุ,9,,5,รายการ,9. วัสดุช่างและไฟฟ้า,753000.0,780245.65,117487.74,ใช่,ไม่ใช่,,DOC-BUD-2567,1.5ผลเบิกจ่ายปี 2567 - final.pdf,3,2567-0081
2567,2567-10-31,31 ตุลาคม 2567,แผนงานพื้นฐาน,รายจ่ายเพื่อบริหารงานประจำ,งบดำเนินงาน,ค่าวัสดุ,10,,5,รายการ,10. วัสดุก่อสร้าง,300000.0,299995.0,5.0,ใช่,ไม่ใช่,,DOC-BUD-2567,1.5ผลเบิกจ่ายปี 2567 - final.pdf,3,2567-0082
2567,2567-10-31,31 ตุลาคม 2567,แผนงานพื้นฐาน,รายจ่ายเพื่อบริหารงานประจำ,งบดำเนินงาน,ค่าวัสดุ,11,,5,รายการ,11. วัสดุน้ำมันเชื้อเพลิงและหล่อลื่น,29487500.0,17222453.3,10805555.55,ใช่,ไม่ใช่,,DOC-BUD-2567,1.5ผลเบิกจ่ายปี 2567 - final.pdf,3,2567-0083
2567,2567-10-31,31 ตุลาคม 2567,แผนงานพื้นฐาน,รายจ่ายเพื่อบริหารงานประจำ,งบดำเนินงาน,ค่าสาธารณูปโภค,,,4,หมวดค่าใช้จ่าย,- ค่าสาธารณูปโภค,278380300.0,238277935.08,40912073.92,ไม่ใช่,ใช่,,DOC-BUD-2567,1.5ผลเบิกจ่ายปี 2567 - final.pdf,3,2567-0084
2567,2567-10-31,31 ตุลาคม 2567,แผนงานพื้นฐาน,รายจ่ายเพื่อบริหารงานประจำ,งบดำเนินงาน,ค่าสาธารณูปโภค,1,,5,รายการ,1. ค่าไฟฟ้า,95048500.0,79752031.04,15263623.3,ใช่,ไม่ใช่,,DOC-BUD-2567,1.5ผลเบิกจ่ายปี 2567 - final.pdf,3,2567-0085
2567,2567-10-31,31 ตุลาคม 2567,แผนงานพื้นฐาน,รายจ่ายเพื่อบริหารงานประจำ,งบดำเนินงาน,ค่าสาธารณูปโภค,2,,5,รายการ,2. ค่าน้ำประปา,4180600.0,2736704.51,1433895.49,ใช่,ไม่ใช่,,DOC-BUD-2567,1.5ผลเบิกจ่ายปี 2567 - final.pdf,3,2567-0086
2567,2567-10-31,31 ตุลาคม 2567,แผนงานพื้นฐาน,รายจ่ายเพื่อบริหารงานประจำ,งบดำเนินงาน,ค่าสาธารณูปโภค,3,,5,รายการ,3. ค่าโทรศัพท์,16092800.0,10316365.23,5734084.43,ใช่,ไม่ใช่,,DOC-BUD-2567,1.5ผลเบิกจ่ายปี 2567 - final.pdf,3,2567-0087
2567,2567-10-31,31 ตุลาคม 2567,แผนงานพื้นฐาน,รายจ่ายเพื่อบริหารงานประจำ,งบดำเนินงาน,ค่าสาธารณูปโภค,4,,5,รายการ,4. ค่าไปรษณีย์ภัณฑ์,72032000.0,55132172.34,17794732.66,ใช่,ไม่ใช่,,DOC-BUD-2567,1.5ผลเบิกจ่ายปี 2567 - final.pdf,3,2567-0088
2567,2567-10-31,31 ตุลาคม 2567,แผนงานพื้นฐาน,รายจ่ายเพื่อบริหารงานประจำ,งบดำเนินงาน,ค่าสาธารณูปโภค,5,,5,รายการ,5. ค่าบริการสื่อสารและโทรคมนาคม,1690400.0,1104776.96,585623.04,ใช่,ไม่ใช่,,DOC-BUD-2567,1.5ผลเบิกจ่ายปี 2567 - final.pdf,3,2567-0089
2567,2567-10-31,31 ตุลาคม 2567,แผนงานพื้นฐาน,รายจ่ายเพื่อบริหารงานประจำ,งบดำเนินงาน,ค่าสาธารณูปโภค,6,,5,รายการ,6. ค่าธรรมเนียมจ่ายคืนเงินสมทบกองทุนประกันสังคมทั่วประเทศผ่านธนาคาร,336000.0,235885.0,100115.0,ใช่,ไม่ใช่,,DOC-BUD-2567,1.5ผลเบิกจ่ายปี 2567 - final.pdf,3,2567-0090
2567,2567-10-31,31 ตุลาคม 2567,แผนงานพื้นฐาน,รายจ่ายเพื่อบริหารงานประจำ,งบดำเนินงาน,ค่าสาธารณูปโภค,7,,5,รายการ,7. โครงการจ้างหน่วยงานบริการดูแลและเก็บรักษาหลักทรัพย์ (Custodian),89000000.0,89000000.0,,ใช่,ไม่ใช่,คงเหลือ,DOC-BUD-2567,1.5ผลเบิกจ่ายปี 2567 - final.pdf,3,2567-0091
2567,2567-10-31,31 ตุลาคม 2567,แผนงานพื้นฐาน,รายจ่ายเพื่อบริหารงานประจำ,งบลงทุน,,,,3,หมวดงบรายจ่าย,งบลงทุน,171785400.0,41359713.44,135935466.56,ไม่ใช่,ใช่,,DOC-BUD-2567,1.5ผลเบิกจ่ายปี 2567 - final.pdf,3,2567-0092
2567,2567-10-31,31 ตุลาคม 2567,แผนงานพื้นฐาน,รายจ่ายเพื่อบริหารงานประจำ,งบลงทุน,,1,,4,รายการ,1. ครุภัณฑ์,171785400.0,41359713.44,135935466.56,ใช่,ไม่ใช่,,DOC-BUD-2567,1.5ผลเบิกจ่ายปี 2567 - final.pdf,3,2567-0093
2567,2567-10-31,31 ตุลาคม 2567,แผนงานพื้นฐาน,รายจ่ายเพื่อบริหารงานประจำ,งบเงินอุดหนุน,,,,3,หมวดงบรายจ่าย,งบเงินอุดหนุน,3300000.0,3154463.36,145536.64,ไม่ใช่,ใช่,,DOC-BUD-2567,1.5ผลเบิกจ่ายปี 2567 - final.pdf,3,2567-0094
2567,2567-10-31,31 ตุลาคม 2567,แผนงานพื้นฐาน,รายจ่ายเพื่อบริหารงานประจำ,งบเงินอุดหนุน,,1,,4,รายการ,1. ค่าใช้จ่ายสนับสนุนการจัดงานวันแรงงานแห่งชาติให้กับศูนย์ประสานงานวันแรงงานแห่งชาติ,1000000.0,1000000.0,,ใช่,ไม่ใช่,คงเหลือ,DOC-BUD-2567,1.5ผลเบิกจ่ายปี 2567 - final.pdf,3,2567-0095
2567,2567-10-31,31 ตุลาคม 2567,แผนงานพื้นฐาน,รายจ่ายเพื่อบริหารงานประจำ,งบเงินอุดหนุน,,2,,4,รายการ,2. ค่าสมาชิกสมาคมการประกันสังคมระหว่างประเทศ (ISSA),2300000.0,2154463.36,145536.64,ใช่,ไม่ใช่,,DOC-BUD-2567,1.5ผลเบิกจ่ายปี 2567 - final.pdf,3,2567-0096
2567,2567-10-31,31 ตุลาคม 2567,แผนงานพื้นฐาน,รายจ่ายเพื่อบริหารงานประจำ,งบรายจ่ายอื่น,,,,3,หมวดงบรายจ่าย,งบรายจ่ายอื่น,69033400.0,33471077.24,35936114.76,ไม่ใช่,ใช่,,DOC-BUD-2567,1.5ผลเบิกจ่ายปี 2567 - final.pdf,3,2567-0097
2567,2567-10-31,31 ตุลาคม 2567,แผนงานพื้นฐาน,รายจ่ายเพื่อบริหารงานประจำ,งบรายจ่ายอื่น,,1,,4,รายการ,1. ค่าใช้จ่ายในการหารือแลกเปลี่ยนนโยบายและประสบการณ์ด้านการประกันสังคม และการบริหารการลงทุน ของคณะกรรมการ คณะอนุกรรมการ ผู้บริหาร เจ้าหน้าที่ และผู้ที่เกี่ยวข้อง ณ ต่างประเทศ,41965700.0,18126082.0,23839618.0,ใช่,ไม่ใช่,,DOC-BUD-2567,1.5ผลเบิกจ่ายปี 2567 - final.pdf,3,2567-0098
2567,2567-10-31,31 ตุลาคม 2567,แผนงานพื้นฐาน,รายจ่ายเพื่อบริหารงานประจำ,งบรายจ่ายอื่น,,2,,4,รายการ,2. ค่าใช้จ่ายในการประชุม สัมมนา ฝึกอบรม และเจรจาธุรกิจของข้าราชการ เจ้าหน้าที่และผู้ที่เกี่ยวข้อง ณ ต่างประเทศ,11961300.0,2634905.02,9326394.98,ใช่,ไม่ใช่,,DOC-BUD-2567,1.5ผลเบิกจ่ายปี 2567 - final.pdf,3,2567-0099
2567,2567-10-31,31 ตุลาคม 2567,แผนงานพื้นฐาน,รายจ่ายเพื่อบริหารงานประจำ,งบรายจ่ายอื่น,,3,,4,รายการ,3. ค่าใช้จ่ายในการเดินทางไปราชการต่างประเทศเพื่อแลกเปลี่ยนเรียนรู้ประสบการณ์ ด้านการประกันสังคมของข้าราชการ เจ้าหน้าที่และผู้ที่เกี่ยวข้อง ณ ต่างประเทศ,608000.0,834565.34,147226.66,ใช่,ไม่ใช่,,DOC-BUD-2567,1.5ผลเบิกจ่ายปี 2567 - final.pdf,3,2567-0100
2567,2567-10-31,31 ตุลาคม 2567,แผนงานพื้นฐาน,รายจ่ายเพื่อบริหารงานประจำ,งบรายจ่ายอื่น,,4,,4,รายการ,4. ค่าใช้จ่ายในการประชุม สัมมนา หรือฝึกอบรม ของข้าราชการเจ้าหน้าที่ และผู้ที่เกี่ยวข้องณ ต่างประเทศ,10442000.0,9595524.88,846475.12,ใช่,ไม่ใช่,,DOC-BUD-2567,1.5ผลเบิกจ่ายปี 2567 - final.pdf,3,2567-0101
2567,2567-10-31,31 ตุลาคม 2567,แผนงานพื้นฐาน,รายจ่ายเพื่อบริหารงานประจำ,งบรายจ่ายอื่น,,5,,4,รายการ,5. ค่าใช้จ่ายในการตรวจนิเทศสำนักงานแรงงานไทยในต่างประเทศของข้าราชการ เจ้าหน้าที่ และผู้ที่เกี่ยวข้อง ณ ต่างประเทศ,1496400.0,,1496400.0,ใช่,ไม่ใช่,รวมเบิกจ่ายและผูกพัน,DOC-BUD-2567,1.5ผลเบิกจ่ายปี 2567 - final.pdf,3,2567-0102
2567,2567-10-31,31 ตุลาคม 2567,แผนงานพื้นฐาน,รายจ่ายเพื่อบริหารงานประจำ,งบรายจ่ายอื่น,,6,,4,รายการ,6. ค่าจ้างผู้เชี่ยวชาญด้านระบบความมั่นคงปลอดภัยระบบสารสนเทศ,2560000.0,2280000.0,280000.0,ใช่,ไม่ใช่,,DOC-BUD-2567,1.5ผลเบิกจ่ายปี 2567 - final.pdf,3,2567-0103
2567,2567-10-31,31 ตุลาคม 2567,แผนงานยุทธศาสตร์,,,,,,1,แผนงาน,แผนงานยุทธศาสตร์,2287793150.0,1982402265.96,299865348.54,ไม่ใช่,ใช่,,DOC-BUD-2567,1.5ผลเบิกจ่ายปี 2567 - final.pdf,3,2567-0104
2567,2567-10-31,31 ตุลาคม 2567,แผนงานยุทธศาสตร์,โครงการต่อเนื่อง,,,,,2,กลุ่มรายจ่าย,โครงการต่อเนื่อง,848748030.0,826934557.77,21439680.23,ไม่ใช่,ใช่,,DOC-BUD-2567,1.5ผลเบิกจ่ายปี 2567 - final.pdf,3,2567-0105
2567,2567-10-31,31 ตุลาคม 2567,แผนงานยุทธศาสตร์,โครงการต่อเนื่อง,งบดำเนินงาน,,,,3,หมวดงบรายจ่าย,งบดำเนินงาน,370643210.0,369972337.77,670872.23,ไม่ใช่,ใช่,,DOC-BUD-2567,1.5ผลเบิกจ่ายปี 2567 - final.pdf,3,2567-0106
2567,2567-10-31,31 ตุลาคม 2567,แผนงานยุทธศาสตร์,โครงการต่อเนื่อง,งบดำเนินงาน,ค่าใช้สอย,,,4,หมวดค่าใช้จ่าย,- ค่าใช้สอย,241994960.0,241994960.0,,ไม่ใช่,ใช่,คงเหลือ,DOC-BUD-2567,1.5ผลเบิกจ่ายปี 2567 - final.pdf,3,2567-0107
2567,2567-10-31,31 ตุลาคม 2567,แผนงานยุทธศาสตร์,โครงการต่อเนื่อง,งบดำเนินงาน,ค่าใช้สอย,1,,5,รายการ,1. โครงการบริการส่งข้อความสั้นทางโทรศัพท์มือถือ short Message Service (SMS),1887000.0,1887000.0,,ใช่,ไม่ใช่,คงเหลือ,DOC-BUD-2567,1.5ผลเบิกจ่ายปี 2567 - final.pdf,3,2567-0108
2567,2567-10-31,31 ตุลาคม 2567,แผนงานยุทธศาสตร์,โครงการต่อเนื่อง,งบดำเนินงาน,ค่าใช้สอย,2,,5,รายการ,2. โครงการบริการข้อมูลประกันสังคม Contact Center 1506 สู่เป้าหมายรายบุคคล,56457700.0,56457700.0,,ใช่,ไม่ใช่,คงเหลือ,DOC-BUD-2567,1.5ผลเบิกจ่ายปี 2567 - final.pdf,3,2567-0109
2567,2567-10-31,31 ตุลาคม 2567,แผนงานยุทธศาสตร์,โครงการต่อเนื่อง,งบดำเนินงาน,ค่าใช้สอย,3,,5,รายการ,3. โครงการบริการข้อมูลประกันสังคม Contact Center 1506 และ Social Media,93333100.0,93333100.0,,ใช่,ไม่ใช่,คงเหลือ,DOC-BUD-2567,1.5ผลเบิกจ่ายปี 2567 - final.pdf,3,2567-0110
2567,2567-10-31,31 ตุลาคม 2567,แผนงานยุทธศาสตร์,โครงการต่อเนื่อง,งบดำเนินงาน,ค่าใช้สอย,4,,5,รายการ,4. โครงการบริหารสื่อออนไลน์และการสื่อสาร เพื่อส่งเสริมภาพลักษณ์สำนักงานประกันสังคม ระยะที่ 2,18317160.0,18317160.0,,ใช่,ไม่ใช่,คงเหลือ,DOC-BUD-2567,1.5ผลเบิกจ่ายปี 2567 - final.pdf,4,2567-0111
2567,2567-10-31,31 ตุลาคม 2567,แผนงานยุทธศาสตร์,โครงการต่อเนื่อง,งบดำเนินงาน,ค่าใช้สอย,5,,5,รายการ,5. โครงการเช่าใช้ระบบประมวลผล (CPU) บนเครื่องคอมพิวเตอร์เมนเฟรม เพื่อรองรับการให้บริการระบบกองทุนประกันสังคม,72000000.0,72000000.0,,ใช่,ไม่ใช่,คงเหลือ,DOC-BUD-2567,1.5ผลเบิกจ่ายปี 2567 - final.pdf,4,2567-0112
2567,2567-10-31,31 ตุลาคม 2567,แผนงานยุทธศาสตร์,โครงการต่อเนื่อง,งบดำเนินงาน,ค่าสาธารณูปโภค,,,4,หมวดค่าใช้จ่าย,- ค่าสาธารณูปโภค,128648250.0,127977377.77,670872.23,ไม่ใช่,ใช่,,DOC-BUD-2567,1.5ผลเบิกจ่ายปี 2567 - final.pdf,4,2567-0113
2567,2567-10-31,31 ตุลาคม 2567,แผนงานยุทธศาสตร์,โครงการต่อเนื่อง,งบดำเนินงาน,ค่าสาธารณูปโภค,,,5,รายการ,- โครงการเช่าใช้ระบบเครือข่ายสื่อสารข้อมูลเพื่อบริการงานประกันสังคม (สัญญาเดิม),74850000.0,74416393.94,433606.06,ใช่,ไม่ใช่,,DOC-BUD-2567,1.5ผลเบิกจ่ายปี 2567 - final.pdf,4,2567-0114
2567,2567-10-31,31 ตุลาคม 2567,แผนงานยุทธศาสตร์,โครงการต่อเนื่อง,งบดำเนินงาน,ค่าสาธารณูปโภค,,,5,รายการ,- โครงการเช่าใช้ระบบเครือข่ายสื่อสารข้อมูลเพื่อบริการงานประกันสังคม (สัญญาใหม่),53798250.0,53560983.83,237266.17,ใช่,ไม่ใช่,,DOC-BUD-2567,1.5ผลเบิกจ่ายปี 2567 - final.pdf,4,2567-0115
2567,2567-10-31,31 ตุลาคม 2567,แผนงานยุทธศาสตร์,โครงการต่อเนื่อง,งบลงทุน,,,,3,หมวดงบรายจ่าย,งบลงทุน,426671370.0,416621470.0,10049900.0,ไม่ใช่,ใช่,,DOC-BUD-2567,1.5ผลเบิกจ่ายปี 2567 - final.pdf,4,2567-0116
2567,2567-10-31,31 ตุลาคม 2567,แผนงานยุทธศาสตร์,โครงการต่อเนื่อง,งบลงทุน,,1,,4,รายการ,1. โครงการจัดซื้อระบบดับเพลิงอัตโนมัติแบบหมอกน้ำ (Water Mist) จำนวน 1 ระบบ พร้อมติดตั้งใช้งาน,39343700.0,39343700.0,,ใช่,ไม่ใช่,คงเหลือ,DOC-BUD-2567,1.5ผลเบิกจ่ายปี 2567 - final.pdf,4,2567-0117
2567,2567-10-31,31 ตุลาคม 2567,แผนงานยุทธศาสตร์,โครงการต่อเนื่อง,งบลงทุน,,2,,4,รายการ,2. โครงการจัดหาตู้ไฟฟ้าหลักประจำอาคาร พร้อมจัดหาเครื่องกำเนิดไฟฟ้าอัตโนมัติ สำนักงานประกันสังคม,46515300.0,46515300.0,,ใช่,ไม่ใช่,คงเหลือ,DOC-BUD-2567,1.5ผลเบิกจ่ายปี 2567 - final.pdf,4,2567-0118
2567,2567-10-31,31 ตุลาคม 2567,แผนงานยุทธศาสตร์,โครงการต่อเนื่อง,งบลงทุน,รายการที่ดิน/อาคาร/สิ่งก่อสร้าง,,,4,หมวดค่าใช้จ่าย,รายการที่ดิน/อาคาร/สิ่งก่อสร้าง,68713050.0,58663150.0,10049900.0,ไม่ใช่,ใช่,,DOC-BUD-2567,1.5ผลเบิกจ่ายปี 2567 - final.pdf,4,2567-0119
2567,2567-10-31,31 ตุลาคม 2567,แผนงานยุทธศาสตร์,โครงการต่อเนื่อง,งบลงทุน,รายการที่ดิน/อาคาร/สิ่งก่อสร้าง,1,,5,รายการ,1. ค่าก่อสร้างอาคารสำนักงานประกันสังคมจังหวัดปทุมธานี สาขาคลองหลวง,27022450.0,27022450.0,,ใช่,ไม่ใช่,คงเหลือ,DOC-BUD-2567,1.5ผลเบิกจ่ายปี 2567 - final.pdf,4,2567-0120
2567,2567-10-31,31 ตุลาคม 2567,แผนงานยุทธศาสตร์,โครงการต่อเนื่อง,งบลงทุน,รายการที่ดิน/อาคาร/สิ่งก่อสร้าง,2,,5,รายการ,2. ค่าก่อสร้างอาคารสำนักงานประกันสังคมจังหวัดบุรีรัมย์ สาขานางรอง,14107300.0,14107300.0,,ใช่,ไม่ใช่,คงเหลือ,DOC-BUD-2567,1.5ผลเบิกจ่ายปี 2567 - final.pdf,4,2567-0121
2567,2567-10-31,31 ตุลาคม 2567,แผนงานยุทธศาสตร์,โครงการต่อเนื่อง,งบลงทุน,รายการที่ดิน/อาคาร/สิ่งก่อสร้าง,3,,5,รายการ,3. โครงการตกแต่งภายในอาคารสำนักงานประกันสังคมจังหวัดชลบุรี สาขาศรีราชา,8997000.0,,8997000.0,ใช่,ไม่ใช่,รวมเบิกจ่ายและผูกพัน,DOC-BUD-2567,1.5ผลเบิกจ่ายปี 2567 - final.pdf,4,2567-0122
2567,2567-10-31,31 ตุลาคม 2567,แผนงานยุทธศาสตร์,โครงการต่อเนื่อง,งบลงทุน,รายการที่ดิน/อาคาร/สิ่งก่อสร้าง,4,,5,รายการ,4. โครงการตกแต่งภายในอาคารสำนักงานประกันสังคมจังหวัดระยอง สาขาปลวกแดง,18586300.0,17533400.0,1052900.0,ใช่,ไม่ใช่,,DOC-BUD-2567,1.5ผลเบิกจ่ายปี 2567 - final.pdf,4,2567-0123
2567,2567-10-31,31 ตุลาคม 2567,แผนงานยุทธศาสตร์,โครงการต่อเนื่อง,งบลงทุน,ค่าพัฒนา/ปรับปรุงระบบสารสนเทศ,,,4,หมวดค่าใช้จ่าย,ค่าพัฒนา/ปรับปรุงระบบสารสนเทศ,272099320.0,272099320.0,,ไม่ใช่,ใช่,คงเหลือ,DOC-BUD-2567,1.5ผลเบิกจ่ายปี 2567 - final.pdf,4,2567-0124
2567,2567-10-31,31 ตุลาคม 2567,แผนงานยุทธศาสตร์,โครงการต่อเนื่อง,งบลงทุน,ค่าพัฒนา/ปรับปรุงระบบสารสนเทศ,1,,5,รายการ,1. โครงการพัฒนาระบบสารสนเทศเพื่อการบริหารจัดการองค์กร,59970000.0,59970000.0,,ใช่,ไม่ใช่,คงเหลือ,DOC-BUD-2567,1.5ผลเบิกจ่ายปี 2567 - final.pdf,4,2567-0125
2567,2567-10-31,31 ตุลาคม 2567,แผนงานยุทธศาสตร์,โครงการต่อเนื่อง,งบลงทุน,ค่าพัฒนา/ปรับปรุงระบบสารสนเทศ,2,,5,รายการ,2. โครงการจัดตั้งศูนย์กลางเฝ้าระวังและรับมือภัยคุกคามความปลอดภัยคอมพิวเตอร์ (SSO Security Operation Center),7125000.0,7125000.0,,ใช่,ไม่ใช่,คงเหลือ,DOC-BUD-2567,1.5ผลเบิกจ่ายปี 2567 - final.pdf,4,2567-0126
2567,2567-10-31,31 ตุลาคม 2567,แผนงานยุทธศาสตร์,โครงการต่อเนื่อง,งบลงทุน,ค่าพัฒนา/ปรับปรุงระบบสารสนเทศ,3,,5,รายการ,3. โครงการพัฒนาระบบการจัดการข้อมูลเพื่อให้สอดคล้องกับพระราชบัญญัติคุ้มครองข้อมูล ส่วนบุคคล พ.ศ. 2562,7480000.0,7480000.0,,ใช่,ไม่ใช่,คงเหลือ,DOC-BUD-2567,1.5ผลเบิกจ่ายปี 2567 - final.pdf,4,2567-0127
2567,2567-10-31,31 ตุลาคม 2567,แผนงานยุทธศาสตร์,โครงการต่อเนื่อง,งบลงทุน,ค่าพัฒนา/ปรับปรุงระบบสารสนเทศ,4,,5,รายการ,4. โครงการพัฒนาระบบการให้บริการทางการแพทย์,76172000.0,76172000.0,,ใช่,ไม่ใช่,คงเหลือ,DOC-BUD-2567,1.5ผลเบิกจ่ายปี 2567 - final.pdf,4,2567-0128
2567,2567-10-31,31 ตุลาคม 2567,แผนงานยุทธศาสตร์,โครงการต่อเนื่อง,งบลงทุน,ค่าพัฒนา/ปรับปรุงระบบสารสนเทศ,5,,5,รายการ,5. โครงการพัฒนาระบบเทคโนโลยีสารสนเทศสำหรับสนับสนุนการพัฒนาบุคลากรแบบครบวงจร (HRD),29714700.0,29714700.0,,ใช่,ไม่ใช่,คงเหลือ,DOC-BUD-2567,1.5ผลเบิกจ่ายปี 2567 - final.pdf,4,2567-0129
2567,2567-10-31,31 ตุลาคม 2567,แผนงานยุทธศาสตร์,โครงการต่อเนื่อง,งบลงทุน,ค่าพัฒนา/ปรับปรุงระบบสารสนเทศ,6,,5,รายการ,6. โครงการพัฒนาการให้บริการระบบสารสนเทศเพื่อการบูรณาการงานกองทุน,91637620.0,91637620.0,,ใช่,ไม่ใช่,คงเหลือ,DOC-BUD-2567,1.5ผลเบิกจ่ายปี 2567 - final.pdf,4,2567-0130
2567,2567-10-31,31 ตุลาคม 2567,แผนงานยุทธศาสตร์,โครงการต่อเนื่อง,งบรายจ่ายอื่น,,,,3,หมวดงบรายจ่าย,งบรายจ่ายอื่น,51433450.0,40340750.0,10718908.0,ไม่ใช่,ใช่,,DOC-BUD-2567,1.5ผลเบิกจ่ายปี 2567 - final.pdf,4,2567-0131
2567,2567-10-31,31 ตุลาคม 2567,แผนงานยุทธศาสตร์,โครงการต่อเนื่อง,งบรายจ่ายอื่น,,1,,4,รายการ,1. โครงการดำเนินการจัดทำมาตรฐานห้อง Data Center สู่ระบบ ISO 27001,454750.0,454750.0,,ใช่,ไม่ใช่,คงเหลือ,DOC-BUD-2567,1.5ผลเบิกจ่ายปี 2567 - final.pdf,4,2567-0132
2567,2567-10-31,31 ตุลาคม 2567,แผนงานยุทธศาสตร์,โครงการต่อเนื่อง,งบรายจ่ายอื่น,,2,,4,รายการ,2. โครงการจัดจ้างที่ปรึกษาทางวิชาการเพื่อการวิเคราะห์และวิจัยสำหรับการออกแบบนโยบาย ของสำนักงานประกันสังคม,2580000.0,1814000.0,766000.0,ใช่,ไม่ใช่,,DOC-BUD-2567,1.5ผลเบิกจ่ายปี 2567 - final.pdf,4,2567-0133
2567,2567-10-31,31 ตุลาคม 2567,แผนงานยุทธศาสตร์,โครงการต่อเนื่อง,งบรายจ่ายอื่น,,3,,4,รายการ,3. โครงการจ้างที่ปรึกษาจัดทำสัดส่วนการลงทุนเชิงยุทธศาสตร์ (Strategic Asset Allocation) กองทุนประกันสังคม,8132000.0,,8132000.0,ใช่,ไม่ใช่,รวมเบิกจ่ายและผูกพัน,DOC-BUD-2567,1.5ผลเบิกจ่ายปี 2567 - final.pdf,4,2567-0134
2567,2567-10-31,31 ตุลาคม 2567,แผนงานยุทธศาสตร์,โครงการต่อเนื่อง,งบรายจ่ายอื่น,,4,,4,รายการ,4. โครงการจ้างที่ปรึกษาวิเคราะห์การปรับเปลี่ยนระบบโปรแกรมบริหารการลงทุน,9750000.0,7750000.0,1626208.0,ใช่,ไม่ใช่,,DOC-BUD-2567,1.5ผลเบิกจ่ายปี 2567 - final.pdf,4,2567-0135
2567,2567-10-31,31 ตุลาคม 2567,แผนงานยุทธศาสตร์,โครงการต่อเนื่อง,งบรายจ่ายอื่น,,5,,4,รายการ,5. โครงการตรวจสอบข้อมูฃการใช้บริการทางการแพทย์ กรณีโรคที่มีค่าใช้จ่ายสูง และกรณีโรคที่มีภาระเสี่ยง ประจำปี 2566 - 2567,19140000.0,19140000.0,,ใช่,ไม่ใช่,คงเหลือ,DOC-BUD-2567,1.5ผลเบิกจ่ายปี 2567 - final.pdf,4,2567-0136
2567,2567-10-31,31 ตุลาคม 2567,แผนงานยุทธศาสตร์,โครงการต่อเนื่อง,งบรายจ่ายอื่น,,6,,4,รายการ,6. โครงการตรวจประเมินการให้บริการทางการแพทย์ของสถานพยาบาลหลัก ที่ให้บริการแก่ผู้ประกันตน ประจำปี 2566 - 2567,3828000.0,3828000.0,,ใช่,ไม่ใช่,คงเหลือ,DOC-BUD-2567,1.5ผลเบิกจ่ายปี 2567 - final.pdf,4,2567-0137
2567,2567-10-31,31 ตุลาคม 2567,แผนงานยุทธศาสตร์,โครงการต่อเนื่อง,งบรายจ่ายอื่น,,7,,4,รายการ,7. โครงการจ้างที่ปรึกษาเภสัชกรรมเพื่อกำกับคุณภาพการใช้ยาของสถานพยาบาล และกำกับตรวจสอบการจ่ายชดเชยยาบัญชีหลักแห่งชาติ จ(2) และยาต้านไวรัสเอดส์,1056000.0,1056000.0,,ใช่,ไม่ใช่,คงเหลือ,DOC-BUD-2567,1.5ผลเบิกจ่ายปี 2567 - final.pdf,4,2567-0138
2567,2567-10-31,31 ตุลาคม 2567,แผนงานยุทธศาสตร์,โครงการต่อเนื่อง,งบรายจ่ายอื่น,,8,,4,รายการ,8. โครงการจ้างที่ปรึกษาด้านเทคโนโลยีสารสนเทศและการสื่อสาร (มีค.65 - กพ.67),778000.0,778000.0,,ใช่,ไม่ใช่,คงเหลือ,DOC-BUD-2567,1.5ผลเบิกจ่ายปี 2567 - final.pdf,4,2567-0139
2567,2567-10-31,31 ตุลาคม 2567,แผนงานยุทธศาสตร์,โครงการต่อเนื่อง,งบรายจ่ายอื่น,,9,,4,รายการ,9. โครงการจ้างที่ปรึกษาด้านเทคโนโลยีสารสนเทศและการสื่อสาร (มีค.66 - กพ.69),5536250.0,5520000.0,16250.0,ใช่,ไม่ใช่,,DOC-BUD-2567,1.5ผลเบิกจ่ายปี 2567 - final.pdf,4,2567-0140
2567,2567-10-31,31 ตุลาคม 2567,แผนงานยุทธศาสตร์,โครงการต่อเนื่อง,งบรายจ่ายอื่น,,10,,4,รายการ,10. โครงการประเมินผลสัมฤทธิ์พระราชบัญญัติประกันสังคม พ.ศ. 2533 และพระราชบัญญัติ เงินทดแทน พ.ศ. 2537 และกฎที่ออกโดยอาศัยอำนาจจากพระราชบัญญัติทั้งสองฉบับ,178450.0,,178450.0,ใช่,ไม่ใช่,รวมเบิกจ่ายและผูกพัน,DOC-BUD-2567,1.5ผลเบิกจ่ายปี 2567 - final.pdf,4,2567-0141
2567,2567-10-31,31 ตุลาคม 2567,แผนงานยุทธศาสตร์,รายจ่ายเพื่อบริหารงาน,,,,,2,กลุ่มรายจ่าย,รายจ่ายเพื่อบริหารงาน,1439045120.0,1155467708.19,278425668.31,ไม่ใช่,ใช่,,DOC-BUD-2567,1.5ผลเบิกจ่ายปี 2567 - final.pdf,5,2567-0142
2567,2567-10-31,31 ตุลาคม 2567,แผนงานยุทธศาสตร์,รายจ่ายเพื่อบริหารงาน,งบดำเนินงาน,,,,3,หมวดงบรายจ่าย,งบดำเนินงาน,1146987800.0,998980826.32,142159644.18,ไม่ใช่,ใช่,,DOC-BUD-2567,1.5ผลเบิกจ่ายปี 2567 - final.pdf,5,2567-0143
2567,2567-10-31,31 ตุลาคม 2567,แผนงานยุทธศาสตร์,รายจ่ายเพื่อบริหารงาน,งบดำเนินงาน,ค่าตอบแทน,,,4,หมวดค่าใช้จ่าย,- ค่าตอบแทน,579200.0,249847.0,324403.0,ไม่ใช่,ใช่,,DOC-BUD-2567,1.5ผลเบิกจ่ายปี 2567 - final.pdf,5,2567-0144
2567,2567-10-31,31 ตุลาคม 2567,แผนงานยุทธศาสตร์,รายจ่ายเพื่อบริหารงาน,งบดำเนินงาน,ค่าตอบแทน,,,5,รายละเอียดของแถวบน,- ค่าตอบแทนส่งเสริมสนับสนุนการปฏิบัติงานให้แก่เครือข่ายประกันสังคมตามมาตรา 40,579200.0,249847.0,324403.0,ใช่,ใช่,,DOC-BUD-2567,1.5ผลเบิกจ่ายปี 2567 - final.pdf,5,2567-0145
2567,2567-10-31,31 ตุลาคม 2567,แผนงานยุทธศาสตร์,รายจ่ายเพื่อบริหารงาน,งบดำเนินงาน,ค่าใช้สอย,,,4,หมวดค่าใช้จ่าย,- ค่าใช้สอย,698725300.0,669977647.83,53372902.67,ไม่ใช่,ใช่,,DOC-BUD-2567,1.5ผลเบิกจ่ายปี 2567 - final.pdf,5,2567-0146
2567,2567-10-31,31 ตุลาคม 2567,แผนงานยุทธศาสตร์,รายจ่ายเพื่อบริหารงาน,งบดำเนินงาน,ค่าใช้สอย,1,,5,รายการ,1. โครงการส่งเสริมการจ้างงานผู้สูงอายุเข้าทำงานกับสำนักงานประกันสังคม,60231600.0,50498791.9,9732808.1,ใช่,ไม่ใช่,,DOC-BUD-2567,1.5ผลเบิกจ่ายปี 2567 - final.pdf,5,2567-0147
2567,2567-10-31,31 ตุลาคม 2567,แผนงานยุทธศาสตร์,รายจ่ายเพื่อบริหารงาน,งบดำเนินงาน,ค่าใช้สอย,2,,5,รายการ,2. โครงการประชุมวิชาการประกันสังคม,970000.0,677486.06,292513.94,ใช่,ไม่ใช่,,DOC-BUD-2567,1.5ผลเบิกจ่ายปี 2567 - final.pdf,5,2567-0148
2567,2567-10-31,31 ตุลาคม 2567,แผนงานยุทธศาสตร์,รายจ่ายเพื่อบริหารงาน,งบดำเนินงาน,ค่าใช้สอย,3,,5,รายการ,3. ค่าใช้จ่ายในการจัดประชุม อบรม สัมมนาและค่าอาหารว่าง,48209300.0,41738949.33,4025063.67,ไม่ใช่,ไม่ใช่,,DOC-BUD-2567,1.5ผลเบิกจ่ายปี 2567 - final.pdf,5,2567-0149
2567,2567-10-31,31 ตุลาคม 2567,แผนงานยุทธศาสตร์,รายจ่ายเพื่อบริหารงาน,งบดำเนินงาน,ค่าใช้สอย,3.1,3.,6,รายการ,3.1 ค่าใช้จ่ายในการจัดฝึกอบรม สัมมนา และค่าอาหารว่าง,18746300.0,16091248.6,2655051.4,ไม่ใช่,ไม่ใช่,,DOC-BUD-2567,1.5ผลเบิกจ่ายปี 2567 - final.pdf,5,2567-0150
2567,2567-10-31,31 ตุลาคม 2567,แผนงานยุทธศาสตร์,รายจ่ายเพื่อบริหารงาน,งบดำเนินงาน,ค่าใช้สอย,1,3. > 3.1.,7,รายการ,1. โครงการอบรมข้าราชการบรรจุใหม่ของ สปส.,909000.0,777021.0,131979.0,ใช่,ไม่ใช่,,DOC-BUD-2567,1.5ผลเบิกจ่ายปี 2567 - final.pdf,5,2567-0151
2567,2567-10-31,31 ตุลาคม 2567,แผนงานยุทธศาสตร์,รายจ่ายเพื่อบริหารงาน,งบดำเนินงาน,ค่าใช้สอย,2,3. > 3.1.,7,รายการ,2. โครงการสัมมนาผู้บริหารสำนักงานประกันสังคม,4896000.0,3182080.0,1713920.0,ใช่,ไม่ใช่,,DOC-BUD-2567,1.5ผลเบิกจ่ายปี 2567 - final.pdf,5,2567-0152
2567,2567-10-31,31 ตุลาคม 2567,แผนงานยุทธศาสตร์,รายจ่ายเพื่อบริหารงาน,งบดำเนินงาน,ค่าใช้สอย,3,3. > 3.1.,7,รายการ,3. โครงการบุคลากรประกันสังคมบรรจุใหม่,989600.0,901255.6,88344.4,ใช่,ไม่ใช่,,DOC-BUD-2567,1.5ผลเบิกจ่ายปี 2567 - final.pdf,5,2567-0153
2567,2567-10-31,31 ตุลาคม 2567,แผนงานยุทธศาสตร์,รายจ่ายเพื่อบริหารงาน,งบดำเนินงาน,ค่าใช้สอย,4,3. > 3.1.,7,รายการ,4. โครงการพัฒนาทักษะภาษาต่างประเทศ,2500000.0,2220000.0,280000.0,ใช่,ไม่ใช่,,DOC-BUD-2567,1.5ผลเบิกจ่ายปี 2567 - final.pdf,5,2567-0154
2567,2567-10-31,31 ตุลาคม 2567,แผนงานยุทธศาสตร์,รายจ่ายเพื่อบริหารงาน,งบดำเนินงาน,ค่าใช้สอย,5,3. > 3.1.,7,รายการ,5. โครงการ Service Smart Smile (3S) พัฒนาศักยภาพเจ้าหน้าที่ผู้ปฏิบัติงาน ด้านบริการ,594400.0,503750.0,90650.0,ใช่,ไม่ใช่,,DOC-BUD-2567,1.5ผลเบิกจ่ายปี 2567 - final.pdf,5,2567-0155
2567,2567-10-31,31 ตุลาคม 2567,แผนงานยุทธศาสตร์,รายจ่ายเพื่อบริหารงาน,งบดำเนินงาน,ค่าใช้สอย,6,3. > 3.1.,7,รายการ,6. อบรมเสริมสร้างความรู้เกี่ยวกับการดำเนินการทางวินัยให้บุคลากรสำนักงาน ประกันสังคม,557000.0,533899.0,23101.0,ใช่,ไม่ใช่,,DOC-BUD-2567,1.5ผลเบิกจ่ายปี 2567 - final.pdf,5,2567-0156
2567,2567-10-31,31 ตุลาคม 2567,แผนงานยุทธศาสตร์,รายจ่ายเพื่อบริหารงาน,งบดำเนินงาน,ค่าใช้สอย,7,3. > 3.1.,7,รายการ,7. โครงการพัฒนาสมรรถนะบุคลากรด้านการบริหารงานงบประมาณ และแผนปฏิบัติราชการ,1455000.0,1442120.0,12880.0,ใช่,ไม่ใช่,,DOC-BUD-2567,1.5ผลเบิกจ่ายปี 2567 - final.pdf,5,2567-0157
2567,2567-10-31,31 ตุลาคม 2567,แผนงานยุทธศาสตร์,รายจ่ายเพื่อบริหารงาน,งบดำเนินงาน,ค่าใช้สอย,8,3. > 3.1.,7,รายการ,8. โครงการพัฒนาสมรรถนะผู้ปฏิบัติงานด้านกฎหมาย,1085600.0,1071540.0,14060.0,ใช่,ไม่ใช่,,DOC-BUD-2567,1.5ผลเบิกจ่ายปี 2567 - final.pdf,5,2567-0158
2567,2567-10-31,31 ตุลาคม 2567,แผนงานยุทธศาสตร์,รายจ่ายเพื่อบริหารงาน,งบดำเนินงาน,ค่าใช้สอย,9,3. > 3.1.,7,รายการ,9. โครงการอบรมเชิงปฏิบัติการเพื่อการเพิ่มประสิทธิภาพงานวินิจฉัยประโยชน์ทดแทน,809700.0,699305.0,110395.0,ใช่,ไม่ใช่,,DOC-BUD-2567,1.5ผลเบิกจ่ายปี 2567 - final.pdf,5,2567-0159
2567,2567-10-31,31 ตุลาคม 2567,แผนงานยุทธศาสตร์,รายจ่ายเพื่อบริหารงาน,งบดำเนินงาน,ค่าใช้สอย,10,3. > 3.1.,7,รายการ,10. โครงการประชุมเชิงปฏิบัติการบริหารจัดการความเสี่ยงด้านงานประโยชน์ทดแทน,368000.0,348650.0,19350.0,ใช่,ไม่ใช่,,DOC-BUD-2567,1.5ผลเบิกจ่ายปี 2567 - final.pdf,5,2567-0160
2567,2567-10-31,31 ตุลาคม 2567,แผนงานยุทธศาสตร์,รายจ่ายเพื่อบริหารงาน,งบดำเนินงาน,ค่าใช้สอย,11,3. > 3.1.,7,รายการ,11. โครงการอบรมเชิงปฏิบัติการงานการเงินและบัญชีกองทุน,641200.0,635260.0,5940.0,ใช่,ไม่ใช่,,DOC-BUD-2567,1.5ผลเบิกจ่ายปี 2567 - final.pdf,5,2567-0161
2567,2567-10-31,31 ตุลาคม 2567,แผนงานยุทธศาสตร์,รายจ่ายเพื่อบริหารงาน,งบดำเนินงาน,ค่าใช้สอย,12,3. > 3.1.,7,รายการ,12. พัฒนาทักษะการปฏิบัติงานของผู้ตรวจสอบภายใน,104100.0,73110.0,30990.0,ใช่,ไม่ใช่,,DOC-BUD-2567,1.5ผลเบิกจ่ายปี 2567 - final.pdf,5,2567-0162
2567,2567-10-31,31 ตุลาคม 2567,แผนงานยุทธศาสตร์,รายจ่ายเพื่อบริหารงาน,งบดำเนินงาน,ค่าใช้สอย,13,3. > 3.1.,7,รายการ,13. โครงการพัฒนาสมรรถนะบุคลากรด้านการบัญชี,555000.0,553678.0,1322.0,ใช่,ไม่ใช่,,DOC-BUD-2567,1.5ผลเบิกจ่ายปี 2567 - final.pdf,5,2567-0163
2567,2567-10-31,31 ตุลาคม 2567,แผนงานยุทธศาสตร์,รายจ่ายเพื่อบริหารงาน,งบดำเนินงาน,ค่าใช้สอย,14,3. > 3.1.,7,รายการ,14. โครงการพัฒนาสมรรถนะบุคลากรด้านการบริหารพัสดุ,2328500.0,2209070.0,119430.0,ใช่,ไม่ใช่,,DOC-BUD-2567,1.5ผลเบิกจ่ายปี 2567 - final.pdf,5,2567-0164
2567,2567-10-31,31 ตุลาคม 2567,แผนงานยุทธศาสตร์,รายจ่ายเพื่อบริหารงาน,งบดำเนินงาน,ค่าใช้สอย,15,3. > 3.1.,7,รายการ,15. โครงการอบรมเชิงปฏิบัติการเพื่อพัฒนาสมรรถนะเจ้าหน้าที่วินิจฉัย กองทุนประกันสังคม,953200.0,940510.0,12690.0,ใช่,ไม่ใช่,,DOC-BUD-2567,1.5ผลเบิกจ่ายปี 2567 - final.pdf,5,2567-0165
2567,2567-10-31,31 ตุลาคม 2567,แผนงานยุทธศาสตร์,รายจ่ายเพื่อบริหารงาน,งบดำเนินงาน,ค่าใช้สอย,3.2,3.,6,รายการ,3.2 โครงการเสริมสร้างสมรรถนะบุคลากรของสำนักงานประกันสังคม,26640000.0,23402019.9,777400.1,ใช่,ไม่ใช่,,DOC-BUD-2567,1.5ผลเบิกจ่ายปี 2567 - final.pdf,5,2567-0166
2567,2567-10-31,31 ตุลาคม 2567,แผนงานยุทธศาสตร์,รายจ่ายเพื่อบริหารงาน,งบดำเนินงาน,ค่าใช้สอย,3.3,3.,6,รายการ,3.3 การฝึกอบรมทักษะด้านภาษาต่างประเทศ,110400.0,110400.0,,ใช่,ไม่ใช่,คงเหลือ,DOC-BUD-2567,1.5ผลเบิกจ่ายปี 2567 - final.pdf,5,2567-0167
2567,2567-10-31,31 ตุลาคม 2567,แผนงานยุทธศาสตร์,รายจ่ายเพื่อบริหารงาน,งบดำเนินงาน,ค่าใช้สอย,3.3,3.,6,รายการ,3.3 การจัดการความรู้สำนักงานประกันสังคม,2712600.0,2135280.83,592612.17,ใช่,ไม่ใช่,,DOC-BUD-2567,1.5ผลเบิกจ่ายปี 2567 - final.pdf,5,2567-0168
2567,2567-10-31,31 ตุลาคม 2567,แผนงานยุทธศาสตร์,รายจ่ายเพื่อบริหารงาน,งบดำเนินงาน,ค่าใช้สอย,4,,5,รายการ,4. ค่าใช้จ่ายในการจัดประชุม อบรมให้ความรู้งานประกันสังคม,9180000.0,8767334.24,281761.76,ไม่ใช่,ไม่ใช่,,DOC-BUD-2567,1.5ผลเบิกจ่ายปี 2567 - final.pdf,5,2567-0169
2567,2567-10-31,31 ตุลาคม 2567,แผนงานยุทธศาสตร์,รายจ่ายเพื่อบริหารงาน,งบดำเนินงาน,ค่าใช้สอย,,4.,6,รายละเอียดของแถวบน,- ค่าจัดประชุมชี้แจงให้ความรู้งานประกันสังคม,9180000.0,8767334.24,281761.76,ใช่,ใช่,,DOC-BUD-2567,1.5ผลเบิกจ่ายปี 2567 - final.pdf,5,2567-0170
2567,2567-10-31,31 ตุลาคม 2567,แผนงานยุทธศาสตร์,รายจ่ายเพื่อบริหารงาน,งบดำเนินงาน,ค่าใช้สอย,5,,5,รายการ,5. ค่าใช้จ่ายต่าง ๆ เพื่อเผยแพร่ความรู้เกี่ยวกับการประกันสังคม,140550000.0,128778638.97,8814670.53,ไม่ใช่,ไม่ใช่,,DOC-BUD-2567,1.5ผลเบิกจ่ายปี 2567 - final.pdf,5,2567-0171
2567,2567-10-31,31 ตุลาคม 2567,แผนงานยุทธศาสตร์,รายจ่ายเพื่อบริหารงาน,งบดำเนินงาน,ค่าใช้สอย,1,5.,6,รายการ,1. จ้างจัดนิทรรศการวันแรงงานแห่งชาติ,1500000.0,1184300.0,315700.0,ใช่,ไม่ใช่,,DOC-BUD-2567,1.5ผลเบิกจ่ายปี 2567 - final.pdf,5,2567-0172
2567,2567-10-31,31 ตุลาคม 2567,แผนงานยุทธศาสตร์,รายจ่ายเพื่อบริหารงาน,งบดำเนินงาน,ค่าใช้สอย,2,5.,6,รายการ,2. ผลิตและออกอากาศสื่อโทรทัศน์,26000000.0,19258370.0,5171980.0,ใช่,ไม่ใช่,,DOC-BUD-2567,1.5ผลเบิกจ่ายปี 2567 - final.pdf,5,2567-0173
2567,2567-10-31,31 ตุลาคม 2567,แผนงานยุทธศาสตร์,รายจ่ายเพื่อบริหารงาน,งบดำเนินงาน,ค่าใช้สอย,3,5.,6,รายการ,3. ผลิตและออกอากาศสื่อวิทยุ,3000000.0,2420000.0,580000.0,ใช่,ไม่ใช่,,DOC-BUD-2567,1.5ผลเบิกจ่ายปี 2567 - final.pdf,5,2567-0174
2567,2567-10-31,31 ตุลาคม 2567,แผนงานยุทธศาสตร์,รายจ่ายเพื่อบริหารงาน,งบดำเนินงาน,ค่าใช้สอย,4,5.,6,รายการ,4. ผลิตและประชาสัมพันธ์ทางสื่อสิ่งพิมพ์,4800000.0,3400000.0,200000.0,ใช่,ไม่ใช่,,DOC-BUD-2567,1.5ผลเบิกจ่ายปี 2567 - final.pdf,5,2567-0175
2567,2567-10-31,31 ตุลาคม 2567,แผนงานยุทธศาสตร์,รายจ่ายเพื่อบริหารงาน,งบดำเนินงาน,ค่าใช้สอย,5,5.,6,รายการ,5. ผลิตและเผยแพร่ทางสื่อออนไลน์ (เว็บไซต์) หรือสื่อสังคมออนไลน์ (โซเซียลมีเดีย),7540000.0,7009690.0,353060.0,ใช่,ไม่ใช่,,DOC-BUD-2567,1.5ผลเบิกจ่ายปี 2567 - final.pdf,5,2567-0176
2567,2567-10-31,31 ตุลาคม 2567,แผนงานยุทธศาสตร์,รายจ่ายเพื่อบริหารงาน,งบดำเนินงาน,ค่าใช้สอย,6,5.,6,รายการ,6. ผลิตสื่อประชาสัมพันธ์เพื่อเผยแพร่ประชาสัมพันธ์ ส่งแรงงานกลับบ้าน,500000.0,495000.0,45380.0,ใช่,ไม่ใช่,,DOC-BUD-2567,1.5ผลเบิกจ่ายปี 2567 - final.pdf,5,2567-0177
2567,2567-10-31,31 ตุลาคม 2567,แผนงานยุทธศาสตร์,รายจ่ายเพื่อบริหารงาน,งบดำเนินงาน,ค่าใช้สอย,7,5.,6,รายการ,7. ผลิตสื่อประชาสัมพันธ์เพื่อเผยแพร่ประชาสัมพันธ์,3000000.0,2959620.0,,ใช่,ไม่ใช่,คงเหลือ,DOC-BUD-2567,1.5ผลเบิกจ่ายปี 2567 - final.pdf,5,2567-0178
2567,2567-10-31,31 ตุลาคม 2567,แผนงานยุทธศาสตร์,รายจ่ายเพื่อบริหารงาน,งบดำเนินงาน,ค่าใช้สอย,8,5.,6,รายการ,8. ผลิตวัสดุประชาสัมพันธ์วันแรงงานแห่งชาติ,4940000.0,4750000.0,190000.0,ใช่,ไม่ใช่,,DOC-BUD-2567,1.5ผลเบิกจ่ายปี 2567 - final.pdf,5,2567-0179
2567,2567-10-31,31 ตุลาคม 2567,แผนงานยุทธศาสตร์,รายจ่ายเพื่อบริหารงาน,งบดำเนินงาน,ค่าใช้สอย,9,5.,6,รายการ,9. ตรวจตัดข่าว ผ่านสื่อสิ่งพิมพ์ และสื่อออนไลน์,500000.0,499476.0,524.0,ใช่,ไม่ใช่,,DOC-BUD-2567,1.5ผลเบิกจ่ายปี 2567 - final.pdf,5,2567-0180
2567,2567-10-31,31 ตุลาคม 2567,แผนงานยุทธศาสตร์,รายจ่ายเพื่อบริหารงาน,งบดำเนินงาน,ค่าใช้สอย,10,5.,6,รายการ,10. จ้างพิมพ์แผ่นพับประชาสัมพันธ์งานประกันสังคม,4000000.0,3972000.0,28000.0,ใช่,ไม่ใช่,,DOC-BUD-2567,1.5ผลเบิกจ่ายปี 2567 - final.pdf,5,2567-0181
2567,2567-10-31,31 ตุลาคม 2567,แผนงานยุทธศาสตร์,รายจ่ายเพื่อบริหารงาน,งบดำเนินงาน,ค่าใช้สอย,11,5.,6,รายการ,11. จ้างพิมพ์ปฏิทินประกันสังคม ประจำปี 2568,55000000.0,54895900.0,104100.0,ใช่,ไม่ใช่,,DOC-BUD-2567,1.5ผลเบิกจ่ายปี 2567 - final.pdf,6,2567-0182
2567,2567-10-31,31 ตุลาคม 2567,แผนงานยุทธศาสตร์,รายจ่ายเพื่อบริหารงาน,งบดำเนินงาน,ค่าใช้สอย,12,5.,6,รายการ,12. จ้างพิมพ์วารสารประกันสังคม,15000000.0,14980500.0,19500.0,ใช่,ไม่ใช่,,DOC-BUD-2567,1.5ผลเบิกจ่ายปี 2567 - final.pdf,6,2567-0183
2567,2567-10-31,31 ตุลาคม 2567,แผนงานยุทธศาสตร์,รายจ่ายเพื่อบริหารงาน,งบดำเนินงาน,ค่าใช้สอย,13,5.,6,รายการ,13. ค่าใช้จ่ายต่าง ๆ เพื่อประชาสัมพันธ์เผยแพร่ข่าวสารงานประกันสังคม,14770000.0,12953782.97,1806426.53,ใช่,ไม่ใช่,,DOC-BUD-2567,1.5ผลเบิกจ่ายปี 2567 - final.pdf,6,2567-0184
2567,2567-10-31,31 ตุลาคม 2567,แผนงานยุทธศาสตร์,รายจ่ายเพื่อบริหารงาน,งบดำเนินงาน,ค่าใช้สอย,6,,5,รายการ,6. ค่าจ้างบริการบำรุงรักษาระบบคอมพิวเตอร์,385747200.0,367622911.96,17508088.04,ไม่ใช่,ไม่ใช่,,DOC-BUD-2567,1.5ผลเบิกจ่ายปี 2567 - final.pdf,6,2567-0185
2567,2567-10-31,31 ตุลาคม 2567,แผนงานยุทธศาสตร์,รายจ่ายเพื่อบริหารงาน,งบดำเนินงาน,ค่าใช้สอย,1,6.,6,รายการ,1. ค่าจ้างบำรุงรักษาระบบสารสนเทศการจ่ายประโยชน์ทดแทน กรณีชราภาพ,1075200.0,1075200.0,,ใช่,ไม่ใช่,คงเหลือ,DOC-BUD-2567,1.5ผลเบิกจ่ายปี 2567 - final.pdf,6,2567-0186
2567,2567-10-31,31 ตุลาคม 2567,แผนงานยุทธศาสตร์,รายจ่ายเพื่อบริหารงาน,งบดำเนินงาน,ค่าใช้สอย,2,6.,6,รายการ,2. ค่าจ้างบำรุงรักษาเครื่องคอมพิวเตอร์เมนเฟรมและอุปกรณ์ต่อพ่วง ศูนย์คอมพิวเตอร์หลัก และศูนย์คอมพิวเตอร์สำรอง,36532800.0,36532800.0,,ใช่,ไม่ใช่,คงเหลือ,DOC-BUD-2567,1.5ผลเบิกจ่ายปี 2567 - final.pdf,6,2567-0187
2567,2567-10-31,31 ตุลาคม 2567,แผนงานยุทธศาสตร์,รายจ่ายเพื่อบริหารงาน,งบดำเนินงาน,ค่าใช้สอย,3,6.,6,รายการ,3. ค่าจ้างบำรุงรักษาโปรแกรม Sapiens ObjectPool,1428000.0,1408806.2,19193.8,ใช่,ไม่ใช่,,DOC-BUD-2567,1.5ผลเบิกจ่ายปี 2567 - final.pdf,6,2567-0188
2567,2567-10-31,31 ตุลาคม 2567,แผนงานยุทธศาสตร์,รายจ่ายเพื่อบริหารงาน,งบดำเนินงาน,ค่าใช้สอย,4,6.,6,รายการ,4. ค่าจ้างบำรุงรักษาโปรแกรม ViewDirect For OS/390,1446000.0,1446000.0,,ใช่,ไม่ใช่,คงเหลือ,DOC-BUD-2567,1.5ผลเบิกจ่ายปี 2567 - final.pdf,6,2567-0189
2567,2567-10-31,31 ตุลาคม 2567,แผนงานยุทธศาสตร์,รายจ่ายเพื่อบริหารงาน,งบดำเนินงาน,ค่าใช้สอย,5,6.,6,รายการ,5. ค่าจ้างบำรุงรักษาระบบงานประกันสังคมบนเครื่องคอมพิวเตอร์เมนเฟรม,16200000.0,16200000.0,,ใช่,ไม่ใช่,คงเหลือ,DOC-BUD-2567,1.5ผลเบิกจ่ายปี 2567 - final.pdf,6,2567-0190
2567,2567-10-31,31 ตุลาคม 2567,แผนงานยุทธศาสตร์,รายจ่ายเพื่อบริหารงาน,งบดำเนินงาน,ค่าใช้สอย,6,6.,6,รายการ,6. ค่าจ้างบำรุงรักษาและปรับปรุงระบบงานสารสนเทศเพื่อการจัดการ,463200.0,463200.0,,ใช่,ไม่ใช่,คงเหลือ,DOC-BUD-2567,1.5ผลเบิกจ่ายปี 2567 - final.pdf,6,2567-0191
2567,2567-10-31,31 ตุลาคม 2567,แผนงานยุทธศาสตร์,รายจ่ายเพื่อบริหารงาน,งบดำเนินงาน,ค่าใช้สอย,7,6.,6,รายการ,7. ค่าจ้างบำรุงรักษาโปรแกรมบริหารการลงทุน,5779900.0,5779900.0,,ใช่,ไม่ใช่,คงเหลือ,DOC-BUD-2567,1.5ผลเบิกจ่ายปี 2567 - final.pdf,6,2567-0192
2567,2567-10-31,31 ตุลาคม 2567,แผนงานยุทธศาสตร์,รายจ่ายเพื่อบริหารงาน,งบดำเนินงาน,ค่าใช้สอย,8,6.,6,รายการ,8. ค่าจ้างบำรุงรักษาระบบแปลงรายงาน (Reports Conversion),456000.0,456000.0,,ใช่,ไม่ใช่,คงเหลือ,DOC-BUD-2567,1.5ผลเบิกจ่ายปี 2567 - final.pdf,6,2567-0193
2567,2567-10-31,31 ตุลาคม 2567,แผนงานยุทธศาสตร์,รายจ่ายเพื่อบริหารงาน,งบดำเนินงาน,ค่าใช้สอย,9,6.,6,รายการ,9. ค่าจ้างบำรุงรักษาโปรแกรม IBM Tivoli OmegaMon for CICS,894000.0,894000.0,,ใช่,ไม่ใช่,คงเหลือ,DOC-BUD-2567,1.5ผลเบิกจ่ายปี 2567 - final.pdf,6,2567-0194
2567,2567-10-31,31 ตุลาคม 2567,แผนงานยุทธศาสตร์,รายจ่ายเพื่อบริหารงาน,งบดำเนินงาน,ค่าใช้สอย,10,6.,6,รายการ,10. ค่าจ้างบำรุงรักษาและปรับปรุงระบบสารสนเทศงานประกันสังคมตามมาตรา 40,4483200.0,4374735.48,64264.52,ใช่,ไม่ใช่,,DOC-BUD-2567,1.5ผลเบิกจ่ายปี 2567 - final.pdf,6,2567-0195
2567,2567-10-31,31 ตุลาคม 2567,แผนงานยุทธศาสตร์,รายจ่ายเพื่อบริหารงาน,งบดำเนินงาน,ค่าใช้สอย,11,6.,6,รายการ,11. ค่าจ้างบำรุงรักษาและปรับปรุงระบบสารสนเทศงานประกันสังคม กรณีว่างงาน,690000.0,684435.48,5564.52,ใช่,ไม่ใช่,,DOC-BUD-2567,1.5ผลเบิกจ่ายปี 2567 - final.pdf,6,2567-0196
2567,2567-10-31,31 ตุลาคม 2567,แผนงานยุทธศาสตร์,รายจ่ายเพื่อบริหารงาน,งบดำเนินงาน,ค่าใช้สอย,12,6.,6,รายการ,12. ค่าจ้างบำรงุรักษาและปรับปรุงระบบบริการอิเล็กทรอนิกส์,5160000.0,3145664.52,1640335.48,ใช่,ไม่ใช่,,DOC-BUD-2567,1.5ผลเบิกจ่ายปี 2567 - final.pdf,6,2567-0197
2567,2567-10-31,31 ตุลาคม 2567,แผนงานยุทธศาสตร์,รายจ่ายเพื่อบริหารงาน,งบดำเนินงาน,ค่าใช้สอย,13,6.,6,รายการ,13. ค่าจ้างบำรุงรักษาระบบคอมพิวเตอร์พร้อมการรักษาความมั่นคงปลอดภัย ระดับคอมพิวเตอร์ลูกข่าย,37898100.0,37848000.0,50100.0,ใช่,ไม่ใช่,,DOC-BUD-2567,1.5ผลเบิกจ่ายปี 2567 - final.pdf,6,2567-0198
2567,2567-10-31,31 ตุลาคม 2567,แผนงานยุทธศาสตร์,รายจ่ายเพื่อบริหารงาน,งบดำเนินงาน,ค่าใช้สอย,14,6.,6,รายการ,14. ค่าจ้างบำรุงรักษาและปรับปรุงระบบฐานข้อมูลเพื่อการบริหารงานประกันสังคม ในรูปบบ e-Service,5400000.0,5225806.45,174193.55,ใช่,ไม่ใช่,,DOC-BUD-2567,1.5ผลเบิกจ่ายปี 2567 - final.pdf,6,2567-0199
2567,2567-10-31,31 ตุลาคม 2567,แผนงานยุทธศาสตร์,รายจ่ายเพื่อบริหารงาน,งบดำเนินงาน,ค่าใช้สอย,15,6.,6,รายการ,15. ค่าจ้างบำรุงรักษาและปรับปรุงระบบบริหารการจัดทำแผนปฏิบัติราชการ และงบประมาณ สำนักงานประกันสังคม,996000.0,994008.0,1992.0,ใช่,ไม่ใช่,,DOC-BUD-2567,1.5ผลเบิกจ่ายปี 2567 - final.pdf,6,2567-0200
2567,2567-10-31,31 ตุลาคม 2567,แผนงานยุทธศาสตร์,รายจ่ายเพื่อบริหารงาน,งบดำเนินงาน,ค่าใช้สอย,16,6.,6,รายการ,16. ค่าจ้างบำรุงรักษาและปรับปรุงระบบงานสนับสนุน,3216000.0,3216000.0,,ใช่,ไม่ใช่,คงเหลือ,DOC-BUD-2567,1.5ผลเบิกจ่ายปี 2567 - final.pdf,6,2567-0201
2567,2567-10-31,31 ตุลาคม 2567,แผนงานยุทธศาสตร์,รายจ่ายเพื่อบริหารงาน,งบดำเนินงาน,ค่าใช้สอย,17,6.,6,รายการ,17. ค่าจ้างบำรุงรักษาระบบการจ่ายค่าบริการทางการแพทย์เชื่อมโยงระบบ NCH (National Clearing House),1788000.0,1763967.7,24032.3,ใช่,ไม่ใช่,,DOC-BUD-2567,1.5ผลเบิกจ่ายปี 2567 - final.pdf,6,2567-0202
2567,2567-10-31,31 ตุลาคม 2567,แผนงานยุทธศาสตร์,รายจ่ายเพื่อบริหารงาน,งบดำเนินงาน,ค่าใช้สอย,18,6.,6,รายการ,18. ค่าจ้างบำรุงรักษาระบบการตรวจสอบเวชระเบียนอิเล็กทรอนิกส์,684000.0,674806.45,9193.55,ใช่,ไม่ใช่,,DOC-BUD-2567,1.5ผลเบิกจ่ายปี 2567 - final.pdf,6,2567-0203
2567,2567-10-31,31 ตุลาคม 2567,แผนงานยุทธศาสตร์,รายจ่ายเพื่อบริหารงาน,งบดำเนินงาน,ค่าใช้สอย,19,6.,6,รายการ,19. ค่าจ้างบำรุงรักษาและปรับปรุงระบบใบเสร็จรับเงินอิเล็กทรอนิกส์ (e-Receipt),1388000.0,1388000.0,,ใช่,ไม่ใช่,คงเหลือ,DOC-BUD-2567,1.5ผลเบิกจ่ายปี 2567 - final.pdf,6,2567-0204
2567,2567-10-31,31 ตุลาคม 2567,แผนงานยุทธศาสตร์,รายจ่ายเพื่อบริหารงาน,งบดำเนินงาน,ค่าใช้สอย,20,6.,6,รายการ,20. ค่าจ้างบำรุงรักษาเว็บไซต์สำนักงานประกันสังคม (www.sso.go.th),1236000.0,1202774.19,33225.81,ใช่,ไม่ใช่,,DOC-BUD-2567,1.5ผลเบิกจ่ายปี 2567 - final.pdf,6,2567-0205
2567,2567-10-31,31 ตุลาคม 2567,แผนงานยุทธศาสตร์,รายจ่ายเพื่อบริหารงาน,งบดำเนินงาน,ค่าใช้สอย,21,6.,6,รายการ,21. ค่าจ้างบำรุงรักษาอุปกรณ์สนับสนุนศูนย์คอมพิวเตอร์หลัก,3975200.0,3972000.0,3200.0,ใช่,ไม่ใช่,,DOC-BUD-2567,1.5ผลเบิกจ่ายปี 2567 - final.pdf,6,2567-0206
2567,2567-10-31,31 ตุลาคม 2567,แผนงานยุทธศาสตร์,รายจ่ายเพื่อบริหารงาน,งบดำเนินงาน,ค่าใช้สอย,22,6.,6,รายการ,22. ค่าจ้างบำรุงรักษาระบบสนับสนุนศูนย์คอมพิวเตอร์ (จังหวัดระยอง) พร้อมเชื่อมโยงเครือข่ายสัญญาณ เพื่อรับส่งข้อมูลระหว่างศูนย์คอมพิวเตอร์,83310000.0,82770172.86,539827.14,ใช่,ไม่ใช่,,DOC-BUD-2567,1.5ผลเบิกจ่ายปี 2567 - final.pdf,6,2567-0207
2567,2567-10-31,31 ตุลาคม 2567,แผนงานยุทธศาสตร์,รายจ่ายเพื่อบริหารงาน,งบดำเนินงาน,ค่าใช้สอย,23,6.,6,รายการ,23. ค่าจ้างบำรุงรักษาและปรับปรุงระบบข้อมูลการใช้บริการทางการแพทย์ของผู้ประกันตน,744000.0,731632.26,12367.74,ใช่,ไม่ใช่,,DOC-BUD-2567,1.5ผลเบิกจ่ายปี 2567 - final.pdf,6,2567-0208
2567,2567-10-31,31 ตุลาคม 2567,แผนงานยุทธศาสตร์,รายจ่ายเพื่อบริหารงาน,งบดำเนินงาน,ค่าใช้สอย,24,6.,6,รายการ,24. ค่าจ้างบำรุงรักษาและปรับปรุงระบบงานจ่ายสิทธิประโยชน์ทันตกรรม ในรูปแบบ Web Application,1432800.0,1410976.88,21823.12,ใช่,ไม่ใช่,,DOC-BUD-2567,1.5ผลเบิกจ่ายปี 2567 - final.pdf,6,2567-0209
2567,2567-10-31,31 ตุลาคม 2567,แผนงานยุทธศาสตร์,รายจ่ายเพื่อบริหารงาน,งบดำเนินงาน,ค่าใช้สอย,25,6.,6,รายการ,25. ค่าจ้างบำรุงรักษาระบบจ่ายประโยชน์ทดแทนค่าบริการทางการแพทย์ กรณีเจ็บป่วยฉุกเฉินวิกฤต (UCEP),504000.0,497225.81,6774.19,ใช่,ไม่ใช่,,DOC-BUD-2567,1.5ผลเบิกจ่ายปี 2567 - final.pdf,6,2567-0210
2567,2567-10-31,31 ตุลาคม 2567,แผนงานยุทธศาสตร์,รายจ่ายเพื่อบริหารงาน,งบดำเนินงาน,ค่าใช้สอย,26,6.,6,รายการ,26. ค่าจ้างบำรงุรักษาอุปกรณ์ป้องกันและตรวจจับการบุกรุก (Intrusion Prevention System),2595000.0,2586000.0,9000.0,ใช่,ไม่ใช่,,DOC-BUD-2567,1.5ผลเบิกจ่ายปี 2567 - final.pdf,6,2567-0211
2567,2567-10-31,31 ตุลาคม 2567,แผนงานยุทธศาสตร์,รายจ่ายเพื่อบริหารงาน,งบดำเนินงาน,ค่าใช้สอย,27,6.,6,รายการ,27. ค่าจ้างบำรุงรักษาอุปกรณ์เพิ่มประสิทธิภาพระบบการรักษาความปลอดภัย ในระบบสารสนเทศของสำนักงานประกันสังคม,1305000.0,1300800.0,4200.0,ใช่,ไม่ใช่,,DOC-BUD-2567,1.5ผลเบิกจ่ายปี 2567 - final.pdf,6,2567-0212
2567,2567-10-31,31 ตุลาคม 2567,แผนงานยุทธศาสตร์,รายจ่ายเพื่อบริหารงาน,งบดำเนินงาน,ค่าใช้สอย,28,6.,6,รายการ,28. ค่าจ้างบำรงุรักษาอุปกรณ์ระบบเครือข่ายสื่อสารภายใน (LAN),6876000.0,6854400.0,21600.0,ใช่,ไม่ใช่,,DOC-BUD-2567,1.5ผลเบิกจ่ายปี 2567 - final.pdf,6,2567-0213
2567,2567-10-31,31 ตุลาคม 2567,แผนงานยุทธศาสตร์,รายจ่ายเพื่อบริหารงาน,งบดำเนินงาน,ค่าใช้สอย,29,6.,6,รายการ,29. ค่าจ้างบำรุงรักษาระบบประชุมทางไกล (Video Conference),4860000.0,4848000.0,12000.0,ใช่,ไม่ใช่,,DOC-BUD-2567,1.5ผลเบิกจ่ายปี 2567 - final.pdf,6,2567-0214
2567,2567-10-31,31 ตุลาคม 2567,แผนงานยุทธศาสตร์,รายจ่ายเพื่อบริหารงาน,งบดำเนินงาน,ค่าใช้สอย,30,6.,6,รายการ,30. ค่าจ้างบำรุงรักษาระบบบริหารจัดการศูนย์คอมพิวเตอร์ (Data Center Infrastructure Management : DCIM),3516000.0,3516000.0,,ใช่,ไม่ใช่,คงเหลือ,DOC-BUD-2567,1.5ผลเบิกจ่ายปี 2567 - final.pdf,6,2567-0215
2567,2567-10-31,31 ตุลาคม 2567,แผนงานยุทธศาสตร์,รายจ่ายเพื่อบริหารงาน,งบดำเนินงาน,ค่าใช้สอย,31,6.,6,รายการ,31. ค่าบริการสิทธิ์การใช้งาน Power Bi Pro,185500.0,179118.0,6382.0,ใช่,ไม่ใช่,,DOC-BUD-2567,1.5ผลเบิกจ่ายปี 2567 - final.pdf,6,2567-0216
2567,2567-10-31,31 ตุลาคม 2567,แผนงานยุทธศาสตร์,รายจ่ายเพื่อบริหารงาน,งบดำเนินงาน,ค่าใช้สอย,32,6.,6,รายการ,32. ค่าจ้างบำรุงรักษาและปรับปรุงระบบการเบิกจ่ายประโยชน์ทดแทน ด้วยตนเองของผู้ประกันตนผ่านระบบอิเล็กทรอนิกส์ (e-Self Service) กองทุนประกันสังคม,8292000.0,8020051.61,73948.39,ใช่,ไม่ใช่,,DOC-BUD-2567,1.5ผลเบิกจ่ายปี 2567 - final.pdf,6,2567-0217
2567,2567-10-31,31 ตุลาคม 2567,แผนงานยุทธศาสตร์,รายจ่ายเพื่อบริหารงาน,งบดำเนินงาน,ค่าใช้สอย,33,6.,6,รายการ,33. ค่าจ้างบำรุงรักษาและปรับปรุงระบบสนับสนุนการให้บริการ (Queue),4130400.0,4009870.97,120529.03,ใช่,ไม่ใช่,,DOC-BUD-2567,1.5ผลเบิกจ่ายปี 2567 - final.pdf,7,2567-0218
2567,2567-10-31,31 ตุลาคม 2567,แผนงานยุทธศาสตร์,รายจ่ายเพื่อบริหารงาน,งบดำเนินงาน,ค่าใช้สอย,34,6.,6,รายการ,34. ค่าจ้างบำรุงรักษาและปรับปรุงระบบแพลตฟอร์มดิจิทัลกลางเชื่อมต่อ บริการประกันสังคมให้แก่ผู้ประกันตนอย่างเจาะจง,8121600.0,5907000.0,2214600.0,ใช่,ไม่ใช่,,DOC-BUD-2567,1.5ผลเบิกจ่ายปี 2567 - final.pdf,7,2567-0219
2567,2567-10-31,31 ตุลาคม 2567,แผนงานยุทธศาสตร์,รายจ่ายเพื่อบริหารงาน,งบดำเนินงาน,ค่าใช้สอย,35,6.,6,รายการ,35. ค่าจ้างบำรุงรักษาและปรับปรุงระบบสารสนเทศภูมิศาสตร์เพื่อการวิจัยและ กำหนดนโยบายของสำนักงานประกันสังคมพร้อมสิทธิ์การใช้งานซอฟต์แวร์,12249700.0,,12249700.0,ใช่,ไม่ใช่,รวมเบิกจ่ายและผูกพัน,DOC-BUD-2567,1.5ผลเบิกจ่ายปี 2567 - final.pdf,7,2567-0220
2567,2567-10-31,31 ตุลาคม 2567,แผนงานยุทธศาสตร์,รายจ่ายเพื่อบริหารงาน,งบดำเนินงาน,ค่าใช้สอย,36,6.,6,รายการ,36. ค่าจ้างบำรุงรักษาเครื่องคอมพิวเตอร์แม่ข่ายพร้อมอุปกรณ์,44365000.0,44304000.0,61000.0,ใช่,ไม่ใช่,,DOC-BUD-2567,1.5ผลเบิกจ่ายปี 2567 - final.pdf,7,2567-0221
2567,2567-10-31,31 ตุลาคม 2567,แผนงานยุทธศาสตร์,รายจ่ายเพื่อบริหารงาน,งบดำเนินงาน,ค่าใช้สอย,37,6.,6,รายการ,37. ค่าจ้างบำรุงรักษาระบบสนับสนุนศูนย์คอมพิวเตอร์ (Facility),4106400.0,4104000.0,2400.0,ใช่,ไม่ใช่,,DOC-BUD-2567,1.5ผลเบิกจ่ายปี 2567 - final.pdf,7,2567-0222
2567,2567-10-31,31 ตุลาคม 2567,แผนงานยุทธศาสตร์,รายจ่ายเพื่อบริหารงาน,งบดำเนินงาน,ค่าใช้สอย,38,6.,6,รายการ,38. ค่าจ้างบำรุงรักษาศูนย์กลางเฝ้าระวังและรับมือภัยคุกคามความปลอดภัย คอมพิวเตอร์ (SSO Security Operation Center),5646700.0,5550000.0,96700.0,ใช่,ไม่ใช่,,DOC-BUD-2567,1.5ผลเบิกจ่ายปี 2567 - final.pdf,7,2567-0223
2567,2567-10-31,31 ตุลาคม 2567,แผนงานยุทธศาสตร์,รายจ่ายเพื่อบริหารงาน,งบดำเนินงาน,ค่าใช้สอย,39,6.,6,รายการ,39. ค่าเช่าระบบปฏิบัติการ OS/390,55242000.0,55236000.0,6000.0,ใช่,ไม่ใช่,,DOC-BUD-2567,1.5ผลเบิกจ่ายปี 2567 - final.pdf,7,2567-0224
2567,2567-10-31,31 ตุลาคม 2567,แผนงานยุทธศาสตร์,รายจ่ายเพื่อบริหารงาน,งบดำเนินงาน,ค่าใช้สอย,40,6.,6,รายการ,40. ค่าเช่าโปรแกรมสำหรรับควบคุมงานประมวลผลแบบ Batch,5496000.0,5496000.0,,ใช่,ไม่ใช่,คงเหลือ,DOC-BUD-2567,1.5ผลเบิกจ่ายปี 2567 - final.pdf,7,2567-0225
2567,2567-10-31,31 ตุลาคม 2567,แผนงานยุทธศาสตร์,รายจ่ายเพื่อบริหารงาน,งบดำเนินงาน,ค่าใช้สอย,41,6.,6,รายการ,41. ค่าจ้างบำรุงรักษาระบบจัดเก็บและแปลงเอกสารหลักฐานงานประกันสังคม จากรูปแบบกระดาษให้เป็นข้อมูลอิเล็กทรอนิกส์ ตามมาตรฐานภายใต้กรอบของ กระทรวงดิจิทัลเพื่อเศรษฐกิจและสังคม (EDOC),1579500.0,1555559.1,23940.9,ใช่,ไม่ใช่,,DOC-BUD-2567,1.5ผลเบิกจ่ายปี 2567 - final.pdf,7,2567-0226
2567,2567-10-31,31 ตุลาคม 2567,แผนงานยุทธศาสตร์,รายจ่ายเพื่อบริหารงาน,งบดำเนินงาน,ค่าใช้สอย,7,,5,รายการ,7. การจัดส่งข้าราชการและพนักงานสำนักงานประกันสังคมเข้ารับ การอบรมด้านวิชาการที่หน่วยงานภายนอกเป็นผู้จัด,18035000.0,15461077.0,2573923.0,ใช่,ไม่ใช่,,DOC-BUD-2567,1.5ผลเบิกจ่ายปี 2567 - final.pdf,7,2567-0227
2567,2567-10-31,31 ตุลาคม 2567,แผนงานยุทธศาสตร์,รายจ่ายเพื่อบริหารงาน,งบดำเนินงาน,ค่าใช้สอย,8,,5,รายการ,8. ค่าตอบแทนเหมาจ่ายในการติดตามเร่งรัดหนี้นอกสถานที่,7040100.0,4108950.0,2931150.0,ใช่,ไม่ใช่,,DOC-BUD-2567,1.5ผลเบิกจ่ายปี 2567 - final.pdf,7,2567-0228
2567,2567-10-31,31 ตุลาคม 2567,แผนงานยุทธศาสตร์,รายจ่ายเพื่อบริหารงาน,งบดำเนินงาน,ค่าใช้สอย,9,,5,รายการ,9. โครงการอบรมเชิงปฏิบัติการแก่นายจ้างเพื่อจัดทำข้อมูลและจ่ายเงินสมทบ กองทุนประกันสงคมผ่านระบบอิเล็กทรอนิกส์ (e-Payment),1890000.0,1680823.96,194161.44,ใช่,ไม่ใช่,,DOC-BUD-2567,1.5ผลเบิกจ่ายปี 2567 - final.pdf,7,2567-0229
2567,2567-10-31,31 ตุลาคม 2567,แผนงานยุทธศาสตร์,รายจ่ายเพื่อบริหารงาน,งบดำเนินงาน,ค่าใช้สอย,10,,5,รายการ,10. โครงการให้ความรู้ด้านการประกันสังคมแก่แรงงานต่างด้าว,380000.0,352560.0,27440.0,ใช่,ไม่ใช่,,DOC-BUD-2567,1.5ผลเบิกจ่ายปี 2567 - final.pdf,7,2567-0230
2567,2567-10-31,31 ตุลาคม 2567,แผนงานยุทธศาสตร์,รายจ่ายเพื่อบริหารงาน,งบดำเนินงาน,ค่าใช้สอย,11,,5,รายการ,11. โครงการตรวจสอบสถานประกอบการเพื่อป้องกันการแสวงประโยชน์ จากการใช้แรงงานและกองทุน,352800.0,268774.0,84026.0,ใช่,ไม่ใช่,,DOC-BUD-2567,1.5ผลเบิกจ่ายปี 2567 - final.pdf,7,2567-0231
2567,2567-10-31,31 ตุลาคม 2567,แผนงานยุทธศาสตร์,รายจ่ายเพื่อบริหารงาน,งบดำเนินงาน,ค่าใช้สอย,12,,5,รายการ,12. โครงการ สปส.มอบสุข,4056000.0,3940000.0,116000.0,ใช่,ไม่ใช่,,DOC-BUD-2567,1.5ผลเบิกจ่ายปี 2567 - final.pdf,7,2567-0232
2567,2567-10-31,31 ตุลาคม 2567,แผนงานยุทธศาสตร์,รายจ่ายเพื่อบริหารงาน,งบดำเนินงาน,ค่าใช้สอย,13,,5,รายการ,13. โครงการจัดนิทรรศการและแถลงข่าวงานประกันสังคม,2000000.0,2895750.0,,ใช่,ไม่ใช่,คงเหลือ,DOC-BUD-2567,1.5ผลเบิกจ่ายปี 2567 - final.pdf,7,2567-0233
2567,2567-10-31,31 ตุลาคม 2567,แผนงานยุทธศาสตร์,รายจ่ายเพื่อบริหารงาน,งบดำเนินงาน,ค่าใช้สอย,14,,5,รายการ,14. โครงการจัดทำคลิปวีดีโอ ชุดความรู้งานประกันสังคม,500000.0,498500.0,1500.0,ใช่,ไม่ใช่,,DOC-BUD-2567,1.5ผลเบิกจ่ายปี 2567 - final.pdf,7,2567-0234
2567,2567-10-31,31 ตุลาคม 2567,แผนงานยุทธศาสตร์,รายจ่ายเพื่อบริหารงาน,งบดำเนินงาน,ค่าใช้สอย,15,,5,รายการ,15. โครงการประกวดคลิปสั้นประกันสังคม,250000.0,243100.0,6900.0,ใช่,ไม่ใช่,,DOC-BUD-2567,1.5ผลเบิกจ่ายปี 2567 - final.pdf,7,2567-0235
2567,2567-10-31,31 ตุลาคม 2567,แผนงานยุทธศาสตร์,รายจ่ายเพื่อบริหารงาน,งบดำเนินงาน,ค่าใช้สอย,16,,5,รายการ,16. โครงการพัฒนาศักยภาพนักประชาสัมพันธ์ของสำนักงานประกันสังคม,1105000.0,1063020.0,41980.0,ใช่,ไม่ใช่,,DOC-BUD-2567,1.5ผลเบิกจ่ายปี 2567 - final.pdf,7,2567-0236
2567,2567-10-31,31 ตุลาคม 2567,แผนงานยุทธศาสตร์,รายจ่ายเพื่อบริหารงาน,งบดำเนินงาน,ค่าใช้สอย,17,,5,รายการ,17. โครงการออกหน่วยเคลื่อนที่บริการเบ็ดเสร็จ Service Delivery Unit,2712000.0,1889627.0,826598.6,ใช่,ไม่ใช่,,DOC-BUD-2567,1.5ผลเบิกจ่ายปี 2567 - final.pdf,7,2567-0237
2567,2567-10-31,31 ตุลาคม 2567,แผนงานยุทธศาสตร์,รายจ่ายเพื่อบริหารงาน,งบดำเนินงาน,ค่าใช้สอย,18,,5,รายการ,18. โครงการพัฒนาศักยภาพแกนนำเครือข่ายประกันสังคม,5335200.0,5176813.0,167337.0,ใช่,ไม่ใช่,,DOC-BUD-2567,1.5ผลเบิกจ่ายปี 2567 - final.pdf,7,2567-0238
2567,2567-10-31,31 ตุลาคม 2567,แผนงานยุทธศาสตร์,รายจ่ายเพื่อบริหารงาน,งบดำเนินงาน,ค่าใช้สอย,19,,5,รายการ,19. โครงการประกันสังคมทั่วไทยสู่แรงงานภาคอิสระ,875000.0,870370.0,4630.0,ใช่,ไม่ใช่,,DOC-BUD-2567,1.5ผลเบิกจ่ายปี 2567 - final.pdf,7,2567-0239
2567,2567-10-31,31 ตุลาคม 2567,แผนงานยุทธศาสตร์,รายจ่ายเพื่อบริหารงาน,งบดำเนินงาน,ค่าใช้สอย,20,,5,รายการ,"20. โครงการประกาศเกียรติคุณเครือข่าย ""บวร"" ดีเด่น",515400.0,372550.0,142850.0,ใช่,ไม่ใช่,,DOC-BUD-2567,1.5ผลเบิกจ่ายปี 2567 - final.pdf,7,2567-0240
2567,2567-10-31,31 ตุลาคม 2567,แผนงานยุทธศาสตร์,รายจ่ายเพื่อบริหารงาน,งบดำเนินงาน,ค่าใช้สอย,21,,5,รายการ,21. โครงการเสริมสร้างจริยธรรมและการป้องกันการกระทำผิดวินัย,416300.0,403562.0,12738.0,ใช่,ไม่ใช่,,DOC-BUD-2567,1.5ผลเบิกจ่ายปี 2567 - final.pdf,7,2567-0241
2567,2567-10-31,31 ตุลาคม 2567,แผนงานยุทธศาสตร์,รายจ่ายเพื่อบริหารงาน,งบดำเนินงาน,ค่าใช้สอย,22,,5,รายการ,22. โครงการพัฒนาคุณภาพการบริหารจัดการภาครัฐของสำนักงานประกันสังคม ตามเกณฑ์คุณภาพการบริหารจัดการภาครัฐ (PMQA),528400.0,503620.0,24780.0,ใช่,ไม่ใช่,,DOC-BUD-2567,1.5ผลเบิกจ่ายปี 2567 - final.pdf,7,2567-0242
2567,2567-10-31,31 ตุลาคม 2567,แผนงานยุทธศาสตร์,รายจ่ายเพื่อบริหารงาน,งบดำเนินงาน,ค่าใช้สอย,23,,5,รายการ,23. โครงการทบทวน บทบาท ภารกิจและรูปแบบการดำเนินงานของสำนักงานประกันสังคม,206000.0,174960.0,31040.0,ใช่,ไม่ใช่,,DOC-BUD-2567,1.5ผลเบิกจ่ายปี 2567 - final.pdf,7,2567-0243
2567,2567-10-31,31 ตุลาคม 2567,แผนงานยุทธศาสตร์,รายจ่ายเพื่อบริหารงาน,งบดำเนินงาน,ค่าใช้สอย,24,,5,รายการ,24. โครงการขับเคลื่อนการยกระดับการให้บริการสู่มาตรฐานศูนย์ราชการสะดวก (Government Easy Contact Center : GECC),1102900.0,1098960.0,3940.0,ใช่,ไม่ใช่,,DOC-BUD-2567,1.5ผลเบิกจ่ายปี 2567 - final.pdf,7,2567-0244
2567,2567-10-31,31 ตุลาคม 2567,แผนงานยุทธศาสตร์,รายจ่ายเพื่อบริหารงาน,งบดำเนินงาน,ค่าใช้สอย,25,,5,รายการ,25. โครงการยกระดับผลงานการบริการภาครัฐ และการบริหารราชการแบบมีส่วนร่วม ตามแนวทางรางวัลเลิศรัฐ,919100.0,736930.0,182170.0,ใช่,ไม่ใช่,,DOC-BUD-2567,1.5ผลเบิกจ่ายปี 2567 - final.pdf,7,2567-0245
2567,2567-10-31,31 ตุลาคม 2567,แผนงานยุทธศาสตร์,รายจ่ายเพื่อบริหารงาน,งบดำเนินงาน,ค่าใช้สอย,26,,5,รายการ,26. โครงการมอบโล่ประกาศเกียรติคุณสถานประกอบการ,450000.0,,450000.0,ใช่,ไม่ใช่,รวมเบิกจ่ายและผูกพัน,DOC-BUD-2567,1.5ผลเบิกจ่ายปี 2567 - final.pdf,7,2567-0246
2567,2567-10-31,31 ตุลาคม 2567,แผนงานยุทธศาสตร์,รายจ่ายเพื่อบริหารงาน,งบดำเนินงาน,ค่าใช้สอย,27,,5,รายการ,27. โครงการประกาศเกียรติคุณผู้ทำคุณประโยชน์ต่อสำนักงานประกันสังคม,60000.0,67600.0,8900.0,ใช่,ไม่ใช่,,DOC-BUD-2567,1.5ผลเบิกจ่ายปี 2567 - final.pdf,7,2567-0247
2567,2567-10-31,31 ตุลาคม 2567,แผนงานยุทธศาสตร์,รายจ่ายเพื่อบริหารงาน,งบดำเนินงาน,ค่าใช้สอย,28,,5,รายการ,28. โครงการบริจาคโลหิตสำนักงานประกันสังคม,31200.0,29400.0,1800.0,ใช่,ไม่ใช่,,DOC-BUD-2567,1.5ผลเบิกจ่ายปี 2567 - final.pdf,7,2567-0248
2567,2567-10-31,31 ตุลาคม 2567,แผนงานยุทธศาสตร์,รายจ่ายเพื่อบริหารงาน,งบดำเนินงาน,ค่าใช้สอย,29,,5,รายการ,29. โครงการฝึกอบรมเชิงปฏิบัติการซักซ้อมแผนการป้องกันและระงับอัคคีภัย,100000.0,98652.75,1347.25,ใช่,ไม่ใช่,,DOC-BUD-2567,1.5ผลเบิกจ่ายปี 2567 - final.pdf,7,2567-0249
2567,2567-10-31,31 ตุลาคม 2567,แผนงานยุทธศาสตร์,รายจ่ายเพื่อบริหารงาน,งบดำเนินงาน,ค่าใช้สอย,30,,5,รายการ,30. ค่าจ้างล่ามภาษาต่างประเทศ,720000.0,386655.0,333345.0,ใช่,ไม่ใช่,,DOC-BUD-2567,1.5ผลเบิกจ่ายปี 2567 - final.pdf,7,2567-0250
2567,2567-10-31,31 ตุลาคม 2567,แผนงานยุทธศาสตร์,รายจ่ายเพื่อบริหารงาน,งบดำเนินงาน,ค่าใช้สอย,31,,5,รายการ,31. โครงการตรวจสุชภาพพนักงานประกันสังคม,4256800.0,1525700.0,2731100.0,ใช่,ไม่ใช่,,DOC-BUD-2567,1.5ผลเบิกจ่ายปี 2567 - final.pdf,7,2567-0251
2567,2567-10-31,31 ตุลาคม 2567,แผนงานยุทธศาสตร์,รายจ่ายเพื่อบริหารงาน,งบดำเนินงาน,ค่าใช้สอย,32,,5,รายการ,32. โครงการ SSO MARKET 2024,,14855300.0,144700.0,ใช่,ไม่ใช่,จัดสรร,DOC-BUD-2567,1.5ผลเบิกจ่ายปี 2567 - final.pdf,7,2567-0252
2567,2567-10-31,31 ตุลาคม 2567,แผนงานยุทธศาสตร์,รายจ่ายเพื่อบริหารงาน,งบดำเนินงาน,ค่าใช้สอย,33,,5,รายการ,"33. โครงการเผยแพร่ประชาสัมพันธ์ประกันสังคมสู่เครือข่าย ""บวร"" (บ้าน วัด โรงเรียน/โรงงาน)",,498000.0,,ใช่,ไม่ใช่,จัดสรร; คงเหลือ,DOC-BUD-2567,1.5ผลเบิกจ่ายปี 2567 - final.pdf,7,2567-0253
2567,2567-10-31,31 ตุลาคม 2567,แผนงานยุทธศาสตร์,รายจ่ายเพื่อบริหารงาน,งบดำเนินงาน,ค่าใช้สอย,34,,5,รายการ,34. โครงการจ้างหน่วยงานบริการดูแลและเก็บรักษาหลักทรัพย์ (Custodain),,5562920.66,0.34,ใช่,ไม่ใช่,จัดสรร,DOC-BUD-2567,1.5ผลเบิกจ่ายปี 2567 - final.pdf,7,2567-0254
2567,2567-10-31,31 ตุลาคม 2567,แผนงานยุทธศาสตร์,รายจ่ายเพื่อบริหารงาน,งบดำเนินงาน,ค่าใช้สอย,35,,5,รายการ,35. โครงการผลิตหนังสือที่ระลึกครบรอบ 34 ปี สำนักงานประกันสังคม,,2152500.0,97500.0,ใช่,ไม่ใช่,จัดสรร,DOC-BUD-2567,1.5ผลเบิกจ่ายปี 2567 - final.pdf,7,2567-0255
2567,2567-10-31,31 ตุลาคม 2567,แผนงานยุทธศาสตร์,รายจ่ายเพื่อบริหารงาน,งบดำเนินงาน,ค่าใช้สอย,36,,5,รายการ,36. โครงการจัดทำแผนกำลังคน 3 ปี (พ.ศ. 2568 - 2570) ขงอสำนักงานประกันสังคม,,3600000.0,,ใช่,ไม่ใช่,จัดสรร; คงเหลือ,DOC-BUD-2567,1.5ผลเบิกจ่ายปี 2567 - final.pdf,8,2567-0256
2567,2567-10-31,31 ตุลาคม 2567,แผนงานยุทธศาสตร์,รายจ่ายเพื่อบริหารงาน,งบดำเนินงาน,ค่าใช้สอย,37,,5,รายการ,"37. โครงการการประชุมเชิงปฏิบัติการ ""การพัฒนาคุณภาพการให้บริการสู่...องค์กร แห่งความเชื่อมั่นด้านการให้บริการประกันสังคมที่ทันสมัย""",,97660.0,14040.0,ใช่,ไม่ใช่,จัดสรร,DOC-BUD-2567,1.5ผลเบิกจ่ายปี 2567 - final.pdf,8,2567-0257
2567,2567-10-31,31 ตุลาคม 2567,แผนงานยุทธศาสตร์,รายจ่ายเพื่อบริหารงาน,งบดำเนินงาน,ค่าใช้สอย,38,,5,รายการ,38. โครงการสื่อสารสร้างการรับรู้ประชาสัมพันธ์งานประกันสังคม,,,1070600.0,ใช่,ไม่ใช่,จัดสรร; รวมเบิกจ่ายและผูกพัน,DOC-BUD-2567,1.5ผลเบิกจ่ายปี 2567 - final.pdf,8,2567-0258
2567,2567-10-31,31 ตุลาคม 2567,แผนงานยุทธศาสตร์,รายจ่ายเพื่อบริหารงาน,งบดำเนินงาน,ค่าใช้สอย,39,,5,รายการ,39. โครงการผลิตสื่อประชาสัมพันธ์สมุดบันทึกแบบฉีก สำนักงานประกันสังคม,,481500.0,,ใช่,ไม่ใช่,จัดสรร; คงเหลือ,DOC-BUD-2567,1.5ผลเบิกจ่ายปี 2567 - final.pdf,8,2567-0259
2567,2567-10-31,31 ตุลาคม 2567,แผนงานยุทธศาสตร์,รายจ่ายเพื่อบริหารงาน,งบดำเนินงาน,ค่าใช้สอย,40,,5,รายการ,40. โครงการครอบครัวประกันสังคมในสถานประกอบการ,,44200.0,,ใช่,ไม่ใช่,จัดสรร; คงเหลือ,DOC-BUD-2567,1.5ผลเบิกจ่ายปี 2567 - final.pdf,8,2567-0260
2567,2567-10-31,31 ตุลาคม 2567,แผนงานยุทธศาสตร์,รายจ่ายเพื่อบริหารงาน,งบดำเนินงาน,ค่าใช้สอย,41,,5,รายการ,41. โครงการประชุมรับฟังความคิดเห็นเพื่อสร้างความยั่งยืนให้กับกองทุนประกันสังคม,,753500.0,491500.0,ใช่,ไม่ใช่,จัดสรร,DOC-BUD-2567,1.5ผลเบิกจ่ายปี 2567 - final.pdf,8,2567-0261
2567,2567-10-31,31 ตุลาคม 2567,แผนงานยุทธศาสตร์,รายจ่ายเพื่อบริหารงาน,งบดำเนินงาน,ค่าวัสดุ,,,4,หมวดค่าใช้จ่าย,- ค่าวัสดุ,22668500.0,22665242.12,3257.88,ไม่ใช่,ใช่,,DOC-BUD-2567,1.5ผลเบิกจ่ายปี 2567 - final.pdf,8,2567-0262
2567,2567-10-31,31 ตุลาคม 2567,แผนงานยุทธศาสตร์,รายจ่ายเพื่อบริหารงาน,งบดำเนินงาน,ค่าวัสดุ,,,5,รายละเอียดของแถวบน,- โครงการประกันสังคมเยี่ยมผู้ประกันตนเจ็บป่วยในสถานพยาบาลและผู้ทุพพลภาพ และผู้ป่วยหลังภาวะวิกฤต (Intermediate Care),22668500.0,22665242.12,3257.88,ใช่,ใช่,,DOC-BUD-2567,1.5ผลเบิกจ่ายปี 2567 - final.pdf,8,2567-0263
2567,2567-10-31,31 ตุลาคม 2567,แผนงานยุทธศาสตร์,รายจ่ายเพื่อบริหารงาน,งบดำเนินงาน,ค่าสาธารณูปโภค,,,4,หมวดค่าใช้จ่าย,- ค่าสาธารณูปโภค,425014800.0,306088089.37,88459080.63,ไม่ใช่,ใช่,,DOC-BUD-2567,1.5ผลเบิกจ่ายปี 2567 - final.pdf,8,2567-0264
2567,2567-10-31,31 ตุลาคม 2567,แผนงานยุทธศาสตร์,รายจ่ายเพื่อบริหารงาน,งบดำเนินงาน,ค่าสาธารณูปโภค,,,5,รายละเอียดของแถวบน,- ค่าธรรมเนียมการโอนเงินผ่านธนาคาร/หน่วยบริการ,425014800.0,306088089.37,88459080.63,ไม่ใช่,ใช่,,DOC-BUD-2567,1.5ผลเบิกจ่ายปี 2567 - final.pdf,8,2567-0265
2567,2567-10-31,31 ตุลาคม 2567,แผนงานยุทธศาสตร์,รายจ่ายเพื่อบริหารงาน,งบดำเนินงาน,ค่าสาธารณูปโภค,1,,6,รายการ,1. ค่าธรรมเนียมการโอนเงินผ่านธนาคาร,8629500.0,5951904.37,2675377.63,ใช่,ไม่ใช่,,DOC-BUD-2567,1.5ผลเบิกจ่ายปี 2567 - final.pdf,8,2567-0266
2567,2567-10-31,31 ตุลาคม 2567,แผนงานยุทธศาสตร์,รายจ่ายเพื่อบริหารงาน,งบดำเนินงาน,ค่าสาธารณูปโภค,2,,6,รายการ,2. ค่าธรรมเนียมรับเงินสมทบกองทุนประกันสังคมผ่านธนาคาร/หน่วยบริการ,377197100.0,274848391.95,76215276.05,ใช่,ไม่ใช่,,DOC-BUD-2567,1.5ผลเบิกจ่ายปี 2567 - final.pdf,8,2567-0267
2567,2567-10-31,31 ตุลาคม 2567,แผนงานยุทธศาสตร์,รายจ่ายเพื่อบริหารงาน,งบดำเนินงาน,ค่าสาธารณูปโภค,3,,6,รายการ,3. ค่าธรรมเนียมจ่ายประโยชน์ทดแทน,39188200.0,25287793.05,9568426.95,ใช่,ไม่ใช่,,DOC-BUD-2567,1.5ผลเบิกจ่ายปี 2567 - final.pdf,8,2567-0268
2567,2567-10-31,31 ตุลาคม 2567,แผนงานยุทธศาสตร์,รายจ่ายเพื่อบริหารงาน,งบลงทุน,,,,3,หมวดงบรายจ่าย,งบลงทุน,145176500.0,31568940.17,114277559.83,ไม่ใช่,ใช่,,DOC-BUD-2567,1.5ผลเบิกจ่ายปี 2567 - final.pdf,8,2567-0269
2567,2567-10-31,31 ตุลาคม 2567,แผนงานยุทธศาสตร์,รายจ่ายเพื่อบริหารงาน,งบลงทุน,โครงการจัดซื้อจอแสดงผลระบบวีดีโอวอลล์ (Video Wall) พร้อมอุปกรณ์และ การติดตั้งภายในห้องประชุมอำพล สิงหโกวินท์ ชั้น 6 อาคารอำนวยการ สำนักงานประกันสังคม,,,4,หมวดค่าใช้จ่าย,- โครงการจัดซื้อจอแสดงผลระบบวีดีโอวอลล์ (Video Wall) พร้อมอุปกรณ์และ การติดตั้งภายในห้องประชุมอำพล สิงหโกวินท์ ชั้น 6 อาคารอำนวยการ สำนักงานประกันสังคม,1658500.0,,1658500.0,ใช่,ใช่,รวมเบิกจ่ายและผูกพัน,DOC-BUD-2567,1.5ผลเบิกจ่ายปี 2567 - final.pdf,8,2567-0270
2567,2567-10-31,31 ตุลาคม 2567,แผนงานยุทธศาสตร์,รายจ่ายเพื่อบริหารงาน,งบลงทุน,รายการที่ดิน/อาคาร/สิ่งก่อสร้าง,,,4,หมวดค่าใช้จ่าย,รายการที่ดิน/อาคาร/สิ่งก่อสร้าง,115737300.0,21672940.17,94734359.83,ไม่ใช่,ใช่,,DOC-BUD-2567,1.5ผลเบิกจ่ายปี 2567 - final.pdf,8,2567-0271
2567,2567-10-31,31 ตุลาคม 2567,แผนงานยุทธศาสตร์,รายจ่ายเพื่อบริหารงาน,งบลงทุน,รายการที่ดิน/อาคาร/สิ่งก่อสร้าง,1,,5,รายการ,1. รายจ่ายเพื่อดัดแปลง ต่อเติมหรือปรับปรุงสิ่งก่อสร้าง,3593400.0,1597940.17,2665459.83,ใช่,ไม่ใช่,,DOC-BUD-2567,1.5ผลเบิกจ่ายปี 2567 - final.pdf,8,2567-0272
2567,2567-10-31,31 ตุลาคม 2567,แผนงานยุทธศาสตร์,รายจ่ายเพื่อบริหารงาน,งบลงทุน,รายการที่ดิน/อาคาร/สิ่งก่อสร้าง,2,,5,รายการ,2. โครงการตกแต่งภายในอาคารและภูมิทัศน์สำนักงานประกันสังคม จังหวัดพระนครศรีอยุธยา สาขาอุทัย,22272000.0,19590000.0,2682000.0,ใช่,ไม่ใช่,,DOC-BUD-2567,1.5ผลเบิกจ่ายปี 2567 - final.pdf,8,2567-0273
2567,2567-10-31,31 ตุลาคม 2567,แผนงานยุทธศาสตร์,รายจ่ายเพื่อบริหารงาน,งบลงทุน,รายการที่ดิน/อาคาร/สิ่งก่อสร้าง,3,,5,รายการ,3. โครงการจัดซื้อที่ดินเพื่อก่อสร้างอาคารสำนักงานประกันสังคมจังหวัดชลบุรีแห่งใหม่,88000000.0,,88000000.0,ใช่,ไม่ใช่,รวมเบิกจ่ายและผูกพัน,DOC-BUD-2567,1.5ผลเบิกจ่ายปี 2567 - final.pdf,8,2567-0274
2567,2567-10-31,31 ตุลาคม 2567,แผนงานยุทธศาสตร์,รายจ่ายเพื่อบริหารงาน,งบลงทุน,รายการที่ดิน/อาคาร/สิ่งก่อสร้าง,4,,5,รายการ,4. โครงการก่อสร้างมุขหน้าอาคารสำนักงานประกันสังคมจังหวัดบุรีรัมย์,550000.0,485000.0,65000.0,ใช่,ไม่ใช่,,DOC-BUD-2567,1.5ผลเบิกจ่ายปี 2567 - final.pdf,8,2567-0275
2567,2567-10-31,31 ตุลาคม 2567,แผนงานยุทธศาสตร์,รายจ่ายเพื่อบริหารงาน,งบลงทุน,รายการที่ดิน/อาคาร/สิ่งก่อสร้าง,5,,5,รายการ,5. งานก่อสร้างรั้ว ค.ส.ล. งานทาสีรั้วเดิมและอาคารป้อมยามของสปส.กระบี่,374500.0,,374500.0,ใช่,ไม่ใช่,รวมเบิกจ่ายและผูกพัน,DOC-BUD-2567,1.5ผลเบิกจ่ายปี 2567 - final.pdf,8,2567-0276
2567,2567-10-31,31 ตุลาคม 2567,แผนงานยุทธศาสตร์,รายจ่ายเพื่อบริหารงาน,งบลงทุน,รายการที่ดิน/อาคาร/สิ่งก่อสร้าง,6,,5,รายการ,6. โครงการปรับปรุงซ่อมแซมดาดฟ้า อาคารอเนกประสงค์ สำนักงานประกันสังคม,947400.0,,947400.0,ใช่,ไม่ใช่,รวมเบิกจ่ายและผูกพัน,DOC-BUD-2567,1.5ผลเบิกจ่ายปี 2567 - final.pdf,8,2567-0277
2567,2567-10-31,31 ตุลาคม 2567,แผนงานยุทธศาสตร์,รายจ่ายเพื่อบริหารงาน,งบลงทุน,ค่าพัฒนา/ปรับปรุงระบบงาน,,,4,หมวดค่าใช้จ่าย,ค่าพัฒนา/ปรับปรุงระบบงาน,27780700.0,9896000.0,17884700.0,ไม่ใช่,ใช่,,DOC-BUD-2567,1.5ผลเบิกจ่ายปี 2567 - final.pdf,8,2567-0278
2567,2567-10-31,31 ตุลาคม 2567,แผนงานยุทธศาสตร์,รายจ่ายเพื่อบริหารงาน,งบลงทุน,ค่าพัฒนา/ปรับปรุงระบบงาน,1,,5,รายการ,1. โครงการจัดหาระบบสนับสนุนการให้บริการ (Queue) เพิ่มเติม,10406700.0,9896000.0,510700.0,ใช่,ไม่ใช่,,DOC-BUD-2567,1.5ผลเบิกจ่ายปี 2567 - final.pdf,8,2567-0279
2567,2567-10-31,31 ตุลาคม 2567,แผนงานยุทธศาสตร์,รายจ่ายเพื่อบริหารงาน,งบลงทุน,ค่าพัฒนา/ปรับปรุงระบบงาน,2,,5,รายการ,2. โครงการพัฒนาระบบการแบ่งปันข้อมูล (File Sharing),3424000.0,,3424000.0,ใช่,ไม่ใช่,รวมเบิกจ่ายและผูกพัน,DOC-BUD-2567,1.5ผลเบิกจ่ายปี 2567 - final.pdf,8,2567-0280
2567,2567-10-31,31 ตุลาคม 2567,แผนงานยุทธศาสตร์,รายจ่ายเพื่อบริหารงาน,งบลงทุน,ค่าพัฒนา/ปรับปรุงระบบงาน,3,,5,รายการ,3. โครงการจัดหาเครื่องสำรองไฟฟ้าอัตโนมัติ (UPS) พร้อมติดตั้งการใช้งาน,13950000.0,,13950000.0,ใช่,ไม่ใช่,รวมเบิกจ่ายและผูกพัน,DOC-BUD-2567,1.5ผลเบิกจ่ายปี 2567 - final.pdf,8,2567-0281
2567,2567-10-31,31 ตุลาคม 2567,แผนงานยุทธศาสตร์,รายจ่ายเพื่อบริหารงาน,งบเงินอุดหนุน,,,,3,หมวดงบรายจ่าย,งบเงินอุดหนุน,34000000.0,17326133.5,16673866.5,ไม่ใช่,ใช่,,DOC-BUD-2567,1.5ผลเบิกจ่ายปี 2567 - final.pdf,8,2567-0282
2567,2567-10-31,31 ตุลาคม 2567,แผนงานยุทธศาสตร์,รายจ่ายเพื่อบริหารงาน,งบเงินอุดหนุน,,,,4,รายการ,- โครงการส่งเสริมการมีส่วนร่วม เผยแพร่ ประชาสัมพันธ์งานประกันสังคมสู่ผู้ประกันตน,34000000.0,17326133.5,16673866.5,ใช่,ไม่ใช่,,DOC-BUD-2567,1.5ผลเบิกจ่ายปี 2567 - final.pdf,8,2567-0283
2567,2567-10-31,31 ตุลาคม 2567,แผนงานยุทธศาสตร์,รายจ่ายเพื่อบริหารงาน,งบรายจ่ายอื่น,,,,3,หมวดงบรายจ่าย,งบรายจ่ายอื่น,112880820.0,107591808.2,5314597.8,ไม่ใช่,ใช่,,DOC-BUD-2567,1.5ผลเบิกจ่ายปี 2567 - final.pdf,8,2567-0284
2567,2567-10-31,31 ตุลาคม 2567,แผนงานยุทธศาสตร์,รายจ่ายเพื่อบริหารงาน,งบรายจ่ายอื่น,,1,,4,รายการ,1. โครงการสำรวจความพึงพอใจสำนักงานประกันสังคม,5000000.0,4100000.0,900000.0,ใช่,ไม่ใช่,,DOC-BUD-2567,1.5ผลเบิกจ่ายปี 2567 - final.pdf,8,2567-0285
2567,2567-10-31,31 ตุลาคม 2567,แผนงานยุทธศาสตร์,รายจ่ายเพื่อบริหารงาน,งบรายจ่ายอื่น,,2,,4,รายการ,2. ทุนอุดหนุนการศึกษาบุคลากรสำนักงานประกันสังคม,4000000.0,16600.0,3983400.0,ใช่,ไม่ใช่,,DOC-BUD-2567,1.5ผลเบิกจ่ายปี 2567 - final.pdf,8,2567-0286
2567,2567-10-31,31 ตุลาคม 2567,แผนงานยุทธศาสตร์,รายจ่ายเพื่อบริหารงาน,งบรายจ่ายอื่น,,3,,4,รายการ,3. โครงการจ้างรับ/ส่งและประมวลผลระบบเบิกจ่ายค่าบริการทางการแพทย์ กรณีแพทย์ผู้เชี่ยวชาญพิเศษเฉพาะทาง,3600000.0,3600000.0,,ใช่,ไม่ใช่,คงเหลือ,DOC-BUD-2567,1.5ผลเบิกจ่ายปี 2567 - final.pdf,8,2567-0287
2567,2567-10-31,31 ตุลาคม 2567,แผนงานยุทธศาสตร์,รายจ่ายเพื่อบริหารงาน,งบรายจ่ายอื่น,,4,,4,รายการ,4. โครงการตววจสอบข้อมูลการเบิกจ่ายค่าบริการทางการแพทย์กรณีการรักษาพยาบาล โดยแพทย์ผู้เชี่ยวชาญพิเศษเฉพาะทาง และกรณีทุพพลภาพ,2862000.0,2820000.0,42000.0,ใช่,ไม่ใช่,,DOC-BUD-2567,1.5ผลเบิกจ่ายปี 2567 - final.pdf,8,2567-0288
2567,2567-10-31,31 ตุลาคม 2567,แผนงานยุทธศาสตร์,รายจ่ายเพื่อบริหารงาน,งบรายจ่ายอื่น,,5,,4,รายการ,5. โครงการจัดจ้างรับ/ส่งและประมวลผลข้อมูลการเบิกจ่ายค่าบริการทางการแพทย์ สำหรับการรักษาผู้ป่วยไตวายเรื้อรังระยะสุดท้าย กรณีบำบัดทดแทนไต,7400000.0,7400000.0,,ใช่,ไม่ใช่,คงเหลือ,DOC-BUD-2567,1.5ผลเบิกจ่ายปี 2567 - final.pdf,8,2567-0289
2567,2567-10-31,31 ตุลาคม 2567,แผนงานยุทธศาสตร์,รายจ่ายเพื่อบริหารงาน,งบรายจ่ายอื่น,,6,,4,รายการ,6. โครงการสถานพยาบาลในดวงใจ,2445000.0,2235613.0,209387.0,ใช่,ไม่ใช่,,DOC-BUD-2567,1.5ผลเบิกจ่ายปี 2567 - final.pdf,9,2567-0290
2567,2567-10-31,31 ตุลาคม 2567,แผนงานยุทธศาสตร์,รายจ่ายเพื่อบริหารงาน,งบรายจ่ายอื่น,,7,,4,รายการ,7. โครงการจ้างวิเคราะห์การจัดกลุ่มวินิจฉัยโรคร่วมและน้ำหนักสัมพัทธ์ของผู้ป่วยใน และวิเคราะห์ข้อมูลผู้ป่วยในที่มีค่าใช้จ่ายสูงเกินปกติ,13152200.0,13152200.0,,ใช่,ไม่ใช่,คงเหลือ,DOC-BUD-2567,1.5ผลเบิกจ่ายปี 2567 - final.pdf,9,2567-0291
2567,2567-10-31,31 ตุลาคม 2567,แผนงานยุทธศาสตร์,รายจ่ายเพื่อบริหารงาน,งบรายจ่ายอื่น,,8,,4,รายการ,8. โครงการจ้างรับ-ส่งข้อมูลการใช้บริการทางการแพทย์ของผู้ประกันตนประเภท ผู้ป่วยนอกและข้อมูลบัญชีผู้ป่วยโรคเรื้อรัง,20090000.0,20090000.0,,ใช่,ไม่ใช่,คงเหลือ,DOC-BUD-2567,1.5ผลเบิกจ่ายปี 2567 - final.pdf,9,2567-0292
2567,2567-10-31,31 ตุลาคม 2567,แผนงานยุทธศาสตร์,รายจ่ายเพื่อบริหารงาน,งบรายจ่ายอื่น,,9,,4,รายการ,9. โครงการจ้างรับ-ส่งและประมวลผลข้อมูลบริการทางการแพทย์ของผู้ประกันตน เพื่อการเบิกจ่ายค่าบริการทางการแพทย์กรณีค่าผ่าตัดเตรียมหลอดเลือด สำหรับการฟอกเลือดด้วยเครื่องไตเทียม,326500.0,326500.0,,ใช่,ไม่ใช่,คงเหลือ,DOC-BUD-2567,1.5ผลเบิกจ่ายปี 2567 - final.pdf,9,2567-0293
2567,2567-10-31,31 ตุลาคม 2567,แผนงานยุทธศาสตร์,รายจ่ายเพื่อบริหารงาน,งบรายจ่ายอื่น,,10,,4,รายการ,10. โครงการจัดจ้างรับ-ส่งและประมวลผลข้อมูลบริการทางการแพทย์แก่ผู้ประกันตน เพื่อการเบิกจ่ายค่าบริการทางการแพทย์กรณีปลูกถ่ายอวัยวะและกรณีค่ายาแฟคเตอร์,2190000.0,2190000.0,,ใช่,ไม่ใช่,คงเหลือ,DOC-BUD-2567,1.5ผลเบิกจ่ายปี 2567 - final.pdf,9,2567-0294
2567,2567-10-31,31 ตุลาคม 2567,แผนงานยุทธศาสตร์,รายจ่ายเพื่อบริหารงาน,งบรายจ่ายอื่น,,11,,4,รายการ,11. โครงการเสริมสร้างธรรมาภิบาลป้องกันและลดความเสี่ยงในการเกิดทุจริตและประพฤติมิชอบ,343400.0,332500.0,10900.0,ใช่,ไม่ใช่,,DOC-BUD-2567,1.5ผลเบิกจ่ายปี 2567 - final.pdf,9,2567-0295
2567,2567-10-31,31 ตุลาคม 2567,แผนงานยุทธศาสตร์,รายจ่ายเพื่อบริหารงาน,งบรายจ่ายอื่น,,12,,4,รายการ,12. โครงการพัฒนานักทรัพยากรบุคคล (HR Pro),454720.0,404810.0,49910.0,ใช่,ไม่ใช่,,DOC-BUD-2567,1.5ผลเบิกจ่ายปี 2567 - final.pdf,9,2567-0296
2567,2567-10-31,31 ตุลาคม 2567,แผนงานยุทธศาสตร์,รายจ่ายเพื่อบริหารงาน,งบรายจ่ายอื่น,,13,,4,รายการ,13. โครงการจ้างที่ปรึกษาด้านการบริหารทรัพยากรบุคคลของสำนักงานประกันสังคม,450000.0,450000.0,,ใช่,ไม่ใช่,คงเหลือ,DOC-BUD-2567,1.5ผลเบิกจ่ายปี 2567 - final.pdf,9,2567-0297
2567,2567-10-31,31 ตุลาคม 2567,แผนงานยุทธศาสตร์,รายจ่ายเพื่อบริหารงาน,งบรายจ่ายอื่น,,14,,4,รายการ,14. โครงการจ้างที่ปรึกษาด้านการพัฒนาและเสริมสร้างธรรมาภิบาลของสำนักงานประกันสังคม,450000.0,450000.0,,ใช่,ไม่ใช่,คงเหลือ,DOC-BUD-2567,1.5ผลเบิกจ่ายปี 2567 - final.pdf,9,2567-0298
2567,2567-10-31,31 ตุลาคม 2567,แผนงานยุทธศาสตร์,รายจ่ายเพื่อบริหารงาน,งบรายจ่ายอื่น,,15,,4,รายการ,15. โครงการจ้างที่ปรึกษาด้านการขับเคลื่อนการสร้างหลักประกันทางสังคมให้กับแรงงานนอกระบบ,450000.0,450000.0,,ใช่,ไม่ใช่,คงเหลือ,DOC-BUD-2567,1.5ผลเบิกจ่ายปี 2567 - final.pdf,9,2567-0299
2567,2567-10-31,31 ตุลาคม 2567,แผนงานยุทธศาสตร์,รายจ่ายเพื่อบริหารงาน,งบรายจ่ายอื่น,,16,,4,รายการ,16. โครงการบริหารจัดการศูนย์คอมพิวเตอร์,49667000.0,49548000.0,119000.0,ใช่,ไม่ใช่,,DOC-BUD-2567,1.5ผลเบิกจ่ายปี 2567 - final.pdf,9,2567-0300
2567,2567-10-31,31 ตุลาคม 2567,แผนงานยุทธศาสตร์,รายจ่ายเพื่อบริหารงาน,งบรายจ่ายอื่น,,17,,4,รายการ,17. เงินค่าปรับที่จ่ายคืนให้แก่ผู้ขายหรือผู้รับจ้าง,,25585.2,0.8,ใช่,ไม่ใช่,จัดสรร,DOC-BUD-2567,1.5ผลเบิกจ่ายปี 2567 - final.pdf,9,2567-0301
