รหัสกลาง,ชื่อมาตรฐาน,ชื่อรายการเดิมตามเอกสาร,ปีงบประมาณ,จำนวนปีที่พบ,ปีที่พบทั้งหมด,วิธีจับคู่,สถานะตรวจสอบการจับคู่,รหัสกลางที่อาจเป็นรายการเดียวกัน,ชื่อที่อาจเป็นรายการเดียวกัน,ค่าความคล้าย_ร้อยละ,ปีของรายการที่อาจเป็นรายการเดียวกัน,จัดสรร,รวมเบิกจ่ายและผูกพัน,รหัสแถวใน_budget_items,รหัสเอกสาร,ไฟล์ต้นทาง,หน้าอ้างอิง
ITM-0166,ค่าใช้จ่ายในการจ้างพนักงานสำนักงานประกันสังคม,1. ค่าใช้จ่ายในการจ้างพนักงานสำนักงานประกันสังคม,2563,1,2563,ชื่อตรงกันทุกตัวอักษรหลังปรับรูป,พบปีเดียว ยังไม่ยืนยันการจับคู่ข้ามปี,,,,,1306664060.0,1192602446.84,2563-0004,DOC-BUD-2563,1.1ผลเบิกจ่ายปี 2563- final.pdf,1
ITM-0232,เงินตอบแทนเพื่อช่วยเหลือการครองชีพชั่วคราว,2. เงินตอบแทนเพื่อช่วยเหลือการครองชีพชั่วคราว,2563,1,2563,ชื่อตรงกันทุกตัวอักษรหลังปรับรูป,พบปีเดียว ยังไม่ยืนยันการจับคู่ข้ามปี,,,,,12789400.0,7288452.37,2563-0005,DOC-BUD-2563,1.1ผลเบิกจ่ายปี 2563- final.pdf,1
ITM-0110,ค่าตอบแทนสำหรับผู้บริหารระดับชำนาญการพิเศษ,3. ค่าตอบแทนสำหรับผู้บริหารระดับชำนาญการพิเศษ,2563,5,2563 | 2564 | 2565 | 2566 | 2567,ชื่อตรงกันทุกตัวอักษรหลังปรับรูป,จับคู่อัตโนมัติด้วยชื่อตรงกัน,,,,,554400.0,501253.45,2563-0006,DOC-BUD-2563,1.1ผลเบิกจ่ายปี 2563- final.pdf,1
ITM-0109,ค่าตอบแทนสำหรับข้าราชการระดับชำนาญการ/ชำนาญการพิเศษ ซึ่งปฏิบัติ หน้าที่ในฐานะหัวหน้าสำนักงานประกันสังคมจังหวัดสาขา,4. ค่าตอบแทนสำหรับข้าราชการระดับชำนาญการ/ชำนาญการพิเศษ ซึ่งปฏิบัติ หน้าที่ในฐานะหัวหน้าสำนักงานประกันสังคมจังหวัดสาขา,2563,5,2563 | 2564 | 2565 | 2566 | 2567,ชื่อตรงกันทุกตัวอักษรหลังปรับรูป,จับคู่อัตโนมัติด้วยชื่อตรงกัน,,,,,2058000.0,1880223.97,2563-0007,DOC-BUD-2563,1.1ผลเบิกจ่ายปี 2563- final.pdf,1
ITM-0107,ค่าตอบแทนวิชาชีพเฉพาะด้านการลงทุนสำหรับข้าราชการ,5. ค่าตอบแทนวิชาชีพเฉพาะด้านการลงทุนสำหรับข้าราชการ,2563,5,2563 | 2564 | 2565 | 2566 | 2567,ชื่อตรงกันทุกตัวอักษรหลังปรับรูป,จับคู่อัตโนมัติด้วยชื่อตรงกัน,,,,,10560000.0,9150731.19,2563-0008,DOC-BUD-2563,1.1ผลเบิกจ่ายปี 2563- final.pdf,1
ITM-0108,ค่าตอบแทนวิชาชีพเฉพาะด้านคณิตศาสตร์ประกันภัยสำหรับข้าราชการ,6. ค่าตอบแทนวิชาชีพเฉพาะด้านคณิตศาสตร์ประกันภัยสำหรับข้าราชการ,2563,5,2563 | 2564 | 2565 | 2566 | 2567,ชื่อตรงกันทุกตัวอักษรหลังปรับรูป,จับคู่อัตโนมัติด้วยชื่อตรงกัน,,,,,1440000.0,251500.0,2563-0009,DOC-BUD-2563,1.1ผลเบิกจ่ายปี 2563- final.pdf,1
ITM-0103,ค่าตอบแทนพิเศษของพนักงานสำนักงานประกันสังคม ผู้ที่ได้รับค่าจ้างถึงขั้นสูง หรือใกล้ถึงขั้นสูงของอันดับหรือตำแหน่ง,7. ค่าตอบแทนพิเศษของพนักงานสำนักงานประกันสังคม ผู้ที่ได้รับค่าจ้างถึงขั้นสูง หรือใกล้ถึงขั้นสูงของอันดับหรือตำแหน่ง,2563,1,2563,ชื่อตรงกันทุกตัวอักษรหลังปรับรูป,พบปีเดียว ยังไม่ยืนยันการจับคู่ข้ามปี,,,,,2295320.0,2497222.8,2563-0010,DOC-BUD-2563,1.1ผลเบิกจ่ายปี 2563- final.pdf,1
ITM-0104,ค่าตอบแทนพิเศษรายเดือนให้แก่เจ้าหน้าที่ผู้ปฏิบัติงานในจังหวัด ชายแดนภาคใต้,1. ค่าตอบแทนพิเศษรายเดือนให้แก่เจ้าหน้าที่ผู้ปฏิบัติงานในจังหวัด ชายแดนภาคใต้,2563,1,2563,ชื่อตรงกันทุกตัวอักษรหลังปรับรูป,พบปีเดียวและมีรายการชื่อคล้ายกันในปีอื่น ต้องตรวจสอบด้วยคน,ITM-0105,ค่าตอบแทนพิเศษรายเดือนให้แก่เจ้าหน้าที่ผู้ปฏิบัติงานในพื้นที่จังหวัด ชายแดนภาคใต้,95.4,2564 | 2565 | 2566 | 2567,3120000.0,2825225.0,2563-0013,DOC-BUD-2563,1.1ผลเบิกจ่ายปี 2563- final.pdf,1
ITM-0111,ค่าตอบแทนเงินเพิ่มสำหรับตำแหน่งที่มีเหตุพิเศษของผู้ปฏิบัติงานด้านการ สาธารณสุขให้กับพนักงนประกันสังคมที่ปฏิบัติงาน ณ ศูนย์ฟื้นฟูสมรรถภาพคนงาน,2. ค่าตอบแทนเงินเพิ่มสำหรับตำแหน่งที่มีเหตุพิเศษของผู้ปฏิบัติงานด้านการ สาธารณสุขให้กับพนักงนประกันสังคมที่ปฏิบัติงาน ณ ศูนย์ฟื้นฟูสมรรถภาพคนงาน,2563,1,2563,ชื่อตรงกันทุกตัวอักษรหลังปรับรูป,พบปีเดียว ยังไม่ยืนยันการจับคู่ข้ามปี,,,,,108000.0,61000.0,2563-0014,DOC-BUD-2563,1.1ผลเบิกจ่ายปี 2563- final.pdf,1
ITM-0236,เงินสมทบกองทุนประกันสังคมในส่วนของนายจ้าง,1. เงินสมทบกองทุนประกันสังคมในส่วนของนายจ้าง,2563,1,2563,ชื่อตรงกันทุกตัวอักษรหลังปรับรูป,พบปีเดียว ยังไม่ยืนยันการจับคู่ข้ามปี,,,,,41942600.0,30673542.42,2563-0016,DOC-BUD-2563,1.1ผลเบิกจ่ายปี 2563- final.pdf,1
ITM-0238,เงินสมทบกองทุนเงินทดแทนในส่วนของนายจ้าง,2. เงินสมทบกองทุนเงินทดแทนในส่วนของนายจ้าง,2563,1,2563,ชื่อตรงกันทุกตัวอักษรหลังปรับรูป,พบปีเดียว ยังไม่ยืนยันการจับคู่ข้ามปี,,,,,2118820.0,1900034.0,2563-0017,DOC-BUD-2563,1.1ผลเบิกจ่ายปี 2563- final.pdf,1
ITM-0234,เงินประกันภัยแก่ข้าราชการ ลูกจ้างประจำ และพนักงานสำนักงาน ประกันสังคมที่ปฏิบัติงานประจำในพื้นที่ 4 จังหวัดชายแดนภาคใต้,3. เงินประกันภัยแก่ข้าราชการ ลูกจ้างประจำ และพนักงานสำนักงาน ประกันสังคมที่ปฏิบัติงานประจำในพื้นที่ 4 จังหวัดชายแดนภาคใต้,2563,1,2563,ชื่อตรงกันทุกตัวอักษรหลังปรับรูป,พบปีเดียวและมีรายการชื่อคล้ายกันในปีอื่น ต้องตรวจสอบด้วยคน,ITM-0233,เงินประกันภัยแก่ข้าราชการ ลูกจ้างประจำ และพนักงานสำนักงาน ประกันสังคมที่ปฏิบัติงานประจำในพื้นที่ 3 จังหวัดชายแดนภาคใต้,99.1,2564 | 2565 | 2566 | 2567,59400.0,57600.0,2563-0018,DOC-BUD-2563,1.1ผลเบิกจ่ายปี 2563- final.pdf,1
ITM-0231,- เงินช่วยเหลือในกรณีที่พนักงานถึงแก่ความตาย,- เงินช่วยเหลือในกรณีที่พนักงานถึงแก่ความตาย,2563,5,2563 | 2564 | 2565 | 2566 | 2567,ชื่อตรงกันทุกตัวอักษรหลังปรับรูป,จับคู่อัตโนมัติด้วยชื่อตรงกัน,,,,,600000.0,373980.0,2563-0020,DOC-BUD-2563,1.1ผลเบิกจ่ายปี 2563- final.pdf,1
ITM-0144,ค่าเช่ารถยนต์,1. ค่าเช่ารถยนต์,2563,4,2563 | 2564 | 2565 | 2566,ชื่อตรงกันทุกตัวอักษรหลังปรับรูป,จับคู่อัตโนมัติด้วยชื่อตรงกัน,,,,,1426000.0,1124412.73,2563-0025,DOC-BUD-2563,1.1ผลเบิกจ่ายปี 2563- final.pdf,1
ITM-0075,ค่าจ้างหน่วยงานดูแลและเก็บรักษาหลักทรัพย์ (Custodian),2. ค่าจ้างหน่วยงานดูแลและเก็บรักษาหลักทรัพย์ (Custodian),2563,1,2563,ชื่อตรงกันทุกตัวอักษรหลังปรับรูป,พบปีเดียว ยังไม่ยืนยันการจับคู่ข้ามปี,,,,,83903000.0,83903000.0,2563-0026,DOC-BUD-2563,1.1ผลเบิกจ่ายปี 2563- final.pdf,1
ITM-0186,งานก่อสร้างอาคารสำนักงานประกันสังคมจังหวัดบึงกาฬ,- งานก่อสร้างอาคารสำนักงานประกันสังคมจังหวัดบึงกาฬ,2563,2,2563 | 2564,ชื่อตรงกันทุกตัวอักษรหลังปรับรูป,จับคู่อัตโนมัติด้วยชื่อตรงกัน,,,,,15209800.0,10003620.0,2563-0030,DOC-BUD-2563,1.1ผลเบิกจ่ายปี 2563- final.pdf,2
ITM-0347,โครงการตรวจสอบข้อมูลการใช้บริการทางการแพทย์แบบบูรณาการของสถานพยาบาล ประกันสังคม(กรณีโรคที่มีค่าใช้จ่ายสูงและกรณีโรคที่มีภาระเสี่ยง),1. โครงการตรวจสอบข้อมูลการใช้บริการทางการแพทย์แบบบูรณาการของสถานพยาบาล ประกันสังคม(กรณีโรคที่มีค่าใช้จ่ายสูงและกรณีโรคที่มีภาระเสี่ยง),2563,2,2563 | 2564,ชื่อตรงกันทุกตัวอักษรหลังปรับรูป,จับคู่อัตโนมัติด้วยชื่อตรงกัน,,,,,11261800.0,10774886.0,2563-0032,DOC-BUD-2563,1.1ผลเบิกจ่ายปี 2563- final.pdf,2
ITM-0345,โครงการตรวจประเมินการให้บริการทางการแพทย์ของสถานพยาบาลหลัก ที่ให้บริการแก่ผู้ประกันตน ประจำปี 2566 - 2567,2. โครงการตรวจประเมินการให้บริการทางการแพทย์ของสถานพยาบาลหลัก ที่ให้บริการแก่ผู้ประกันตน ประจำปี 2561 - 2563,2563,5,2563 | 2564 | 2565 | 2566 | 2567,ชื่อตรงกันทุกตัวอักษรหลังปรับรูป,จับคู่อัตโนมัติด้วยชื่อตรงกัน,,,,,3519000.0,3062680.0,2563-0033,DOC-BUD-2563,1.1ผลเบิกจ่ายปี 2563- final.pdf,2
ITM-0441,โครงการพัฒนาระบบโครงข่ายระบบสื่อสัญญาณและระบบเทคโนโลยีสารสนเทศ เพื่องานประกันสังคม,3. โครงการพัฒนาระบบโครงข่ายระบบสื่อสัญญาณและระบบเทคโนโลยีสารสนเทศ เพื่องานประกันสังคม,2563,1,2563,ชื่อตรงกันทุกตัวอักษรหลังปรับรูป,พบปีเดียวและมีรายการชื่อคล้ายกันในปีอื่น ต้องตรวจสอบด้วยคน,ITM-0498,โครงการเช่าระบบโครงข่ายระบบสื่อสัญญาณาและระบบเทคโนโลยีสารสนเทศ เพื่องานประกันสังคม,95.1,2564,66000000.0,65943015.6,2563-0034,DOC-BUD-2563,1.1ผลเบิกจ่ายปี 2563- final.pdf,2
ITM-0020,ค่าจ้างที่ปรึกษาด้านเทคโนโลยีสารสนเทศและการสื่อสาร,4. ค่าจ้างที่ปรึกษาด้านเทคโนโลยีสารสนเทศและการสื่อสาร,2563,3,2563 | 2564 | 2565,ชื่อตรงกันทุกตัวอักษรหลังปรับรูป,จับคู่อัตโนมัติด้วยชื่อตรงกัน,,,,,4800000.0,4676400.0,2563-0035,DOC-BUD-2563,1.1ผลเบิกจ่ายปี 2563- final.pdf,2
ITM-0098,ค่าตอบแทนการปฏิบัติงานนอกเวลาราชการ,1. ค่าตอบแทนการปฏิบัติงานนอกเวลาราชการ,2563,5,2563 | 2564 | 2565 | 2566 | 2567,ชื่อตรงกันทุกตัวอักษรหลังปรับรูป,จับคู่อัตโนมัติด้วยชื่อตรงกัน,,,,,110400000.0,111021450.0,2563-0039,DOC-BUD-2563,1.1ผลเบิกจ่ายปี 2563- final.pdf,2
ITM-0151,ค่าเบี้ยประชุมคณะกรรมการ/อนุกรรมการ/คณะทำงาน,2. ค่าเบี้ยประชุมคณะกรรมการ//อนุกรรมการคณะทำงาน,2563,5,2563 | 2564 | 2565 | 2566 | 2567,ชื่อตรงกันทุกตัวอักษรหลังปรับรูป,จับคู่อัตโนมัติด้วยชื่อตรงกัน,,,,,31160100.0,23795475.0,2563-0040,DOC-BUD-2563,1.1ผลเบิกจ่ายปี 2563- final.pdf,2
ITM-0178,ค่าใช้จ่ายในการเดินทางมาประชุมของคณะกรรมการ ที่ปรึกษา และคณะอนุกรรมการ,3. ค่าใช้จ่ายในการเดินทางมาประชุมของคณะกรรมการ ที่ปรึกษา และคณะอนุกรรมการ,2563,5,2563 | 2564 | 2565 | 2566 | 2567,ชื่อตรงกันทุกตัวอักษรหลังปรับรูป,จับคู่อัตโนมัติด้วยชื่อตรงกัน,,,,,9566000.0,5093400.0,2563-0041,DOC-BUD-2563,1.1ผลเบิกจ่ายปี 2563- final.pdf,2
ITM-0099,ค่าตอบแทนคณะกรรมการตรวจการจ้างและผู้ควบคุมงาน ก่อสร้างที่มีคำสั่งแต่งตั้งจากทางราชการ,4. ค่าตอบแทนคณะกรรมการตรวจการจ้างและผู้ควบคุมงาน ก่อสร้างที่มีคำสั่งแต่งตั้งจากทางราชการ,2563,1,2563,ชื่อตรงกันทุกตัวอักษรหลังปรับรูป,พบปีเดียว ยังไม่ยืนยันการจับคู่ข้ามปี,,,,,1390250.0,431900.0,2563-0042,DOC-BUD-2563,1.1ผลเบิกจ่ายปี 2563- final.pdf,2
ITM-0096,ค่าตอบแทนกรรมการผู้อ่านผลงานทางวิชาการ,5. ค่าตอบแทนกรรมการผู้อ่านผลงานทางวิชาการ,2563,5,2563 | 2564 | 2565 | 2566 | 2567,ชื่อตรงกันทุกตัวอักษรหลังปรับรูป,จับคู่อัตโนมัติด้วยชื่อตรงกัน,,,,,295000.0,166600.0,2563-0043,DOC-BUD-2563,1.1ผลเบิกจ่ายปี 2563- final.pdf,2
ITM-0095,ค่าตอบแทนกรณีพิเศษให้กับพนักงานสำนักงานประกันสังคม,6. ค่าตอบแทนกรณีพิเศษให้กับพนักงานสำนักงานประกันสังคม,2563,1,2563,ชื่อตรงกันทุกตัวอักษรหลังปรับรูป,พบปีเดียว ยังไม่ยืนยันการจับคู่ข้ามปี,,,,,111045200.0,98256167.95,2563-0044,DOC-BUD-2563,1.1ผลเบิกจ่ายปี 2563- final.pdf,2
ITM-0239,เงินสมนาคุณกรรมการสอบสวนทางวินัย,7. เงินสมนาคุณกรรมการสอบสวนทางวินัย,2563,5,2563 | 2564 | 2565 | 2566 | 2567,ชื่อตรงกันทุกตัวอักษรหลังปรับรูป,จับคู่อัตโนมัติด้วยชื่อตรงกัน,,,,,32000.0,,2563-0045,DOC-BUD-2563,1.1ผลเบิกจ่ายปี 2563- final.pdf,2
ITM-0097,ค่าตอบแทนกรรมการออกข้อสอบและสอบสัมภาษณ์,8. ค่าตอบแทนกรรมการออกข้อสอบและสอบสัมภาษณ์,2563,5,2563 | 2564 | 2565 | 2566 | 2567,ชื่อตรงกันทุกตัวอักษรหลังปรับรูป,จับคู่อัตโนมัติด้วยชื่อตรงกัน,,,,,173600.0,133908.0,2563-0046,DOC-BUD-2563,1.1ผลเบิกจ่ายปี 2563- final.pdf,2
ITM-0112,ค่าตอบแทนเจ้าหน้าที่ดำเนินการสอบ,9. ค่าตอบแทนเจ้าหน้าที่ดำเนินการสอบ,2563,5,2563 | 2564 | 2565 | 2566 | 2567,ชื่อตรงกันทุกตัวอักษรหลังปรับรูป,จับคู่อัตโนมัติด้วยชื่อตรงกัน,,,,,90000.0,90000.0,2563-0047,DOC-BUD-2563,1.1ผลเบิกจ่ายปี 2563- final.pdf,2
ITM-0116,ค่าตอบแทนให้กับผู้อ่านผลงานวิจัย,10. ค่าตอบแทนให้กับผู้อ่านผลงานวิจัย,2563,1,2563,ชื่อตรงกันทุกตัวอักษรหลังปรับรูป,พบปีเดียว ยังไม่ยืนยันการจับคู่ข้ามปี,,,,,54000.0,46500.0,2563-0048,DOC-BUD-2563,1.1ผลเบิกจ่ายปี 2563- final.pdf,2
ITM-0115,ค่าตอบแทนแพทย์ผู้เชี่ยวชาญกรณีที่ให้คำปรึกษาและให้ความเห็น เป็นลายลักษณ์อักษรแก่สำนักงานประกันสังคม คณะกรรมการการแพทย์ และคณะอนุกรรมการในคณะกรรมการการแพทย์,11. ค่าตอบแทนแพทย์ผู้เชี่ยวชาญกรณีที่ให้คำปรึกษาและให้ความเห็น เป็นลายลักษณ์อักษรแก่สำนักงานประกันสังคม คณะกรรมการการแพทย์ และคณะอนุกรรมการในคณะกรรมการการแพทย์,2563,5,2563 | 2564 | 2565 | 2566 | 2567,ชื่อตรงกันทุกตัวอักษรหลังปรับรูป,จับคู่อัตโนมัติด้วยชื่อตรงกัน,,,,,500000.0,495000.0,2563-0049,DOC-BUD-2563,1.1ผลเบิกจ่ายปี 2563- final.pdf,2
ITM-0114,ค่าตอบแทนแก่ราชวิทยาลัยแพทย์สภา กรณีที่มีเรื่องหารือด้านการแพทย์,12. ค่าตอบแทนแก่ราชวิทยาลัยแพทย์สภา กรณีที่มีเรื่องหารือด้านการแพทย์,2563,1,2563,ชื่อตรงกันทุกตัวอักษรหลังปรับรูป,พบปีเดียว ยังไม่ยืนยันการจับคู่ข้ามปี,,,,,18000.0,,2563-0050,DOC-BUD-2563,1.1ผลเบิกจ่ายปี 2563- final.pdf,2
ITM-0101,ค่าตอบแทนจ้าหน้าที่ตำรวจรักษาความปลอดภัยในการนำเงินสดฝากธนาคาร,13. ค่าตอบแทนจ้าหน้าที่ตำรวจรักษาความปลอดภัยในการนำเงินสดฝากธนาคาร,2563,5,2563 | 2564 | 2565 | 2566 | 2567,ชื่อตรงกันทุกตัวอักษรหลังปรับรูป,จับคู่อัตโนมัติด้วยชื่อตรงกัน,,,,,96000.0,94200.0,2563-0051,DOC-BUD-2563,1.1ผลเบิกจ่ายปี 2563- final.pdf,2
ITM-0086,ค่าจ้างแปลเอกสารจากภาษาต่างประเทศเป็นภาษาไทย และจากภาษาไทย เป็นภาษาต่างประเทศ,14. ค่าจ้างแปลเอกสารจากภาษาต่างประเทศเป็นภาษาไทย และจากภาษาไทย เป็นภาษาต่างประเทศ,2563,5,2563 | 2564 | 2565 | 2566 | 2567,ชื่อตรงกันทุกตัวอักษรหลังปรับรูป,จับคู่อัตโนมัติด้วยชื่อตรงกัน,,,,,193500.0,,2563-0052,DOC-BUD-2563,1.1ผลเบิกจ่ายปี 2563- final.pdf,2
ITM-0106,ค่าตอบแทนล่ามในการแปลภาษาท้องถิ่น ภาษต่างประเทศ หรือภาษามือ,15. ค่าตอบแทนล่ามในการแปลภาษาท้องถิ่น ภาษต่างประเทศ หรือภาษามือ,2563,5,2563 | 2564 | 2565 | 2566 | 2567,ชื่อตรงกันทุกตัวอักษรหลังปรับรูป,จับคู่อัตโนมัติด้วยชื่อตรงกัน,,,,,100000.0,30602.0,2563-0053,DOC-BUD-2563,1.1ผลเบิกจ่ายปี 2563- final.pdf,2
ITM-0152,ค่าเบี้ยเลี้ยง ที่พัก พาหนะ และอื่น ๆ,1. ค่าเบี้ยเลี้ยง ที่พัก พาหนะ และอื่น ๆ,2563,5,2563 | 2564 | 2565 | 2566 | 2567,ชื่อตรงกันทุกตัวอักษรหลังปรับรูป,จับคู่อัตโนมัติด้วยชื่อตรงกัน,,,,,38080700.0,23484246.18,2563-0055,DOC-BUD-2563,1.1ผลเบิกจ่ายปี 2563- final.pdf,2
ITM-0138,ค่าผ่านทางด่วนพิเศษ,2. ค่าผ่านทางด่วนพิเศษ,2563,5,2563 | 2564 | 2565 | 2566 | 2567,ชื่อตรงกันทุกตัวอักษรหลังปรับรูป,จับคู่อัตโนมัติด้วยชื่อตรงกัน,,,,,736600.0,365464.0,2563-0056,DOC-BUD-2563,1.1ผลเบิกจ่ายปี 2563- final.pdf,2
ITM-0177,ค่าใช้จ่ายในการเดินทางภายในประเทศของผู้รับการอบรม,3. ค่าใช้จ่ายในการเดินทางภายในประเทศของผู้รับการอบรม,2563,4,2563 | 2564 | 2565 | 2566,ชื่อตรงกันทุกตัวอักษรหลังปรับรูป,จับคู่อัตโนมัติด้วยชื่อตรงกัน,,,,,19558000.0,12745297.25,2563-0057,DOC-BUD-2563,1.1ผลเบิกจ่ายปี 2563- final.pdf,2
ITM-0161,ค่าใช้จ่ายในการจัดประชุม อบรม สัมมนาและค่าอาหารว่าง,4. ค่าใช้จ่ายในการจัดประชุม อบรม สัมมนาและค่าอาหารว่าง,2563,5,2563 | 2564 | 2565 | 2566 | 2567,ชื่อตรงกันทุกตัวอักษรหลังปรับรูป,จับคู่อัตโนมัติด้วยชื่อตรงกัน,,,,,11582500.0,4576646.35,2563-0058,DOC-BUD-2563,1.1ผลเบิกจ่ายปี 2563- final.pdf,2
ITM-0091,ค่าซ่อมแซมบำรุงรักษาทรัพย์สิน,5. ค่าซ่อมแซมบำรุงรักษาทรัพย์สิน,2563,5,2563 | 2564 | 2565 | 2566 | 2567,ชื่อตรงกันทุกตัวอักษรหลังปรับรูป,จับคู่อัตโนมัติด้วยชื่อตรงกัน,,,,,18790300.0,14894471.26,2563-0060,DOC-BUD-2563,1.1ผลเบิกจ่ายปี 2563- final.pdf,2
ITM-0093,ค่าซ่อมแซมบำรุงรักษารถยนต์,6. ค่าซ่อมแซมบำรุงรักษารถยนต์,2563,4,2563 | 2564 | 2565 | 2566,ชื่อตรงกันทุกตัวอักษรหลังปรับรูป,จับคู่อัตโนมัติด้วยชื่อตรงกัน,,,,,12976800.0,8377380.01,2563-0061,DOC-BUD-2563,1.1ผลเบิกจ่ายปี 2563- final.pdf,2
ITM-0090,ค่าซอมแซมปรับปรุงอาคารหรือสิ่งก่อสร้าง,7. ค่าซอมแซมปรับปรุงอาคารหรือสิ่งก่อสร้าง,2563,5,2563 | 2564 | 2565 | 2566 | 2567,ชื่อตรงกันทุกตัวอักษรหลังปรับรูป,จับคู่อัตโนมัติด้วยชื่อตรงกัน,,,,,2177000.0,1928628.28,2563-0062,DOC-BUD-2563,1.1ผลเบิกจ่ายปี 2563- final.pdf,2
ITM-0081,ค่าจ้างเหมาบริการต่าง ๆ,8. ค่าจ้างเหมาบริการต่าง ๆ,2563,5,2563 | 2564 | 2565 | 2566 | 2567,ชื่อตรงกันทุกตัวอักษรหลังปรับรูป,จับคู่อัตโนมัติด้วยชื่อตรงกัน,,,,,9933000.0,8855144.21,2563-0063,DOC-BUD-2563,1.1ผลเบิกจ่ายปี 2563- final.pdf,2
ITM-0079,ค่าจ้างเหมากำจัดปลวก มด แมลง และหนู,9. ค่าจ้างเหมากำจัดปลวก มด แมลง และหนู,2563,5,2563 | 2564 | 2565 | 2566 | 2567,ชื่อตรงกันทุกตัวอักษรหลังปรับรูป,จับคู่อัตโนมัติด้วยชื่อตรงกัน,,,,,2993400.0,2461059.2,2563-0064,DOC-BUD-2563,1.1ผลเบิกจ่ายปี 2563- final.pdf,3
ITM-0084,ค่าจ้างเหมารักษาความปลอดภัยอาคารสำนักงานประกันสังคม,10. ค่าจ้างเหมารักษาความปลอดภัยอาคารสำนักงานประกันสังคม,2563,4,2563 | 2564 | 2565 | 2566,ชื่อตรงกันทุกตัวอักษรหลังปรับรูป,จับคู่อัตโนมัติด้วยชื่อตรงกัน,,,,,91436000.0,90186451.96,2563-0065,DOC-BUD-2563,1.1ผลเบิกจ่ายปี 2563- final.pdf,3
ITM-0085,ค่าจ้างเหมารักษาความสะอาดอาคารสำนักงานประกันสังคม,11. ค่าจ้างเหมารักษาความสะอาดอาคารสำนักงานประกันสังคม,2563,4,2563 | 2564 | 2565 | 2566,ชื่อตรงกันทุกตัวอักษรหลังปรับรูป,จับคู่อัตโนมัติด้วยชื่อตรงกัน,,,,,56331200.0,52400156.73,2563-0066,DOC-BUD-2563,1.1ผลเบิกจ่ายปี 2563- final.pdf,3
ITM-0082,ค่าจ้างเหมาบำรุงรักษาสวนหย่อม,12. ค่าจ้างเหมาบำรุงรักษาสวนหย่อม,2563,4,2563 | 2564 | 2565 | 2566,ชื่อตรงกันทุกตัวอักษรหลังปรับรูป,จับคู่อัตโนมัติด้วยชื่อตรงกัน,,,,,6451400.0,6122754.08,2563-0067,DOC-BUD-2563,1.1ผลเบิกจ่ายปี 2563- final.pdf,3
ITM-0083,ค่าจ้างเหมาพนักงานขับรถยนต์,13. ค่าจ้างเหมาพนักงานขับรถยนต์,2563,5,2563 | 2564 | 2565 | 2566 | 2567,ชื่อตรงกันทุกตัวอักษรหลังปรับรูป,จับคู่อัตโนมัติด้วยชื่อตรงกัน,,,,,9090000.0,8877957.74,2563-0068,DOC-BUD-2563,1.1ผลเบิกจ่ายปี 2563- final.pdf,3
ITM-0015,ค่าขนย้ายและติดตั้งครุภัณฑ์และทรัพย์สินต่าง ๆ,14. ค่าขนย้ายและติดตั้งครุภัณฑ์และทรัพย์สินต่าง ๆ,2563,5,2563 | 2564 | 2565 | 2566 | 2567,ชื่อตรงกันทุกตัวอักษรหลังปรับรูป,จับคู่อัตโนมัติด้วยชื่อตรงกัน,,,,,830000.0,432930.3,2563-0069,DOC-BUD-2563,1.1ผลเบิกจ่ายปี 2563- final.pdf,3
ITM-0148,"ค่าเช่าอาคารพาณิชย์เป็นที่ทำการสำนักงานประกันสังคมพื้นที่, และอาคารเก็บเอกสาร","15. ค่าเช่าอาคารพาณิชย์เป็นที่ทำการสำนักงานประกันสังคมพื้นที่, และอาคารเก็บเอกสาร",2563,4,2563 | 2564 | 2565 | 2566,ชื่อตรงกันทุกตัวอักษรหลังปรับรูป,จับคู่อัตโนมัติด้วยชื่อตรงกัน,,,,,58607100.0,57847646.72,2563-0070,DOC-BUD-2563,1.1ผลเบิกจ่ายปี 2563- final.pdf,3
ITM-0143,ค่าเช่าที่ดิน,16. ค่าเช่าที่ดิน,2563,5,2563 | 2564 | 2565 | 2566 | 2567,ชื่อตรงกันทุกตัวอักษรหลังปรับรูป,จับคู่อัตโนมัติด้วยชื่อตรงกัน,,,,,123600.0,123574.0,2563-0071,DOC-BUD-2563,1.1ผลเบิกจ่ายปี 2563- final.pdf,3
ITM-0136,ค่าประกันภัยรถยนต์ราชการ,17. ค่าประกันภัยรถยนต์ราชการ,2563,5,2563 | 2564 | 2565 | 2566 | 2567,ชื่อตรงกันทุกตัวอักษรหลังปรับรูป,จับคู่อัตโนมัติด้วยชื่อตรงกัน,,,,,1342700.0,939907.89,2563-0072,DOC-BUD-2563,1.1ผลเบิกจ่ายปี 2563- final.pdf,3
ITM-0017,ค่าจ้างตรวจและทดสอบสภาพรถยนต์ที่ติดตั้งอุปกรณ์ NGV,18. ค่าจ้างตรวจและทดสอบสภาพรถยนต์ที่ติดตั้งอุปกรณ์ NGV,2563,1,2563,ชื่อตรงกันทุกตัวอักษรหลังปรับรูป,พบปีเดียว ยังไม่ยืนยันการจับคู่ข้ามปี,,,,,500.0,,2563-0073,DOC-BUD-2563,1.1ผลเบิกจ่ายปี 2563- final.pdf,3
ITM-0149,ค่าเช่าเครื่องถ่ายเอกสาร,19. ค่าเช่าเครื่องถ่ายเอกสาร,2563,5,2563 | 2564 | 2565 | 2566 | 2567,ชื่อตรงกันทุกตัวอักษรหลังปรับรูป,จับคู่อัตโนมัติด้วยชื่อตรงกัน,,,,,8935900.0,7038557.92,2563-0074,DOC-BUD-2563,1.1ผลเบิกจ่ายปี 2563- final.pdf,3
ITM-0135,ค่าบำรุงรักษาระบบคอมพิวเตอร์,20. ค่าบำรุงรักษาระบบคอมพิวเตอร์,2563,4,2563 | 2564 | 2565 | 2566,ชื่อตรงกันทุกตัวอักษรหลังปรับรูป,จับคู่อัตโนมัติด้วยชื่อตรงกัน,,,,,451647800.0,448775677.2,2563-0075,DOC-BUD-2563,1.1ผลเบิกจ่ายปี 2563- final.pdf,3
ITM-0052,ค่าจ้างบำรุงรักษาเครื่องคอมพิวเตอร์เมนเฟรมและอุปกรณ์ต่อพ่วง ศูนย์คอมพิวเตอร์หลัก และศูนย์คอมพิวเตอร์สำรอง,1. ค่าจ้างบำรุงรักษาเครื่องคอมพิวเตอร์เมนเฟรมและอุปกรณ์ต่อพ่วง ศูนย์คอมพิวเตอร์หลัก และศูนย์คอมพิวเตอร์สำรอง,2563,5,2563 | 2564 | 2565 | 2566 | 2567,ชื่อตรงกันทุกตัวอักษรหลังปรับรูป,จับคู่อัตโนมัติด้วยชื่อตรงกัน,,,,,37086200.0,37059000.0,2563-0076,DOC-BUD-2563,1.1ผลเบิกจ่ายปี 2563- final.pdf,3
ITM-0070,ค่าจ้างบำรุงรักษาโปรแกรม Sapiens ObjectPool,2. ค่าจ้างบำรุงรักษาโปรแกรม Sapiens ObjectPool,2563,5,2563 | 2564 | 2565 | 2566 | 2567,ชื่อตรงกันทุกตัวอักษรหลังปรับรูป,จับคู่อัตโนมัติด้วยชื่อตรงกัน,,,,,1518000.0,1428000.0,2563-0077,DOC-BUD-2563,1.1ผลเบิกจ่ายปี 2563- final.pdf,3
ITM-0071,ค่าจ้างบำรุงรักษาโปรแกรม ViewDirect For OS/390,3. ค่าจ้างบำรุงรักษาโปรแกรม ViewDirect For OS/390,2563,5,2563 | 2564 | 2565 | 2566 | 2567,ชื่อตรงกันทุกตัวอักษรหลังปรับรูป,จับคู่อัตโนมัติด้วยชื่อตรงกัน,,,,,1452000.0,1446000.0,2563-0078,DOC-BUD-2563,1.1ผลเบิกจ่ายปี 2563- final.pdf,3
ITM-0034,ค่าจ้างบำรุงรักษาระบบงานประกันสังคมบนเครื่องคอมพิวเตอร์เมนเฟรม,4. ค่าจ้างบำรุงรักษาระบบงานประกันสังคมบนเครื่องคอมพิวเตอร์เมนเฟรม,2563,5,2563 | 2564 | 2565 | 2566 | 2567,ชื่อตรงกันทุกตัวอักษรหลังปรับรูป,จับคู่อัตโนมัติด้วยชื่อตรงกัน,,,,,16200000.0,16200000.0,2563-0079,DOC-BUD-2563,1.1ผลเบิกจ่ายปี 2563- final.pdf,3
ITM-0060,ค่าจ้างบำรุงรักษาและปรับปรุงระบบงานสารสนเทศเพื่อการจัดการ,5. ค่าจ้างบำรุงรักษาและปรับปรุงระบบงานสารสนเทศเพื่อการจัดการ,2563,5,2563 | 2564 | 2565 | 2566 | 2567,ชื่อตรงกันทุกตัวอักษรหลังปรับรูป,จับคู่อัตโนมัติด้วยชื่อตรงกัน,,,,,463300.0,463200.0,2563-0080,DOC-BUD-2563,1.1ผลเบิกจ่ายปี 2563- final.pdf,3
ITM-0043,ค่าจ้างบำรุงรักษาระบบสารสนเทศการจ่ายประโยชน์ทดแทน กรณีชราภาพ,6. ค่าจ้างบำรุงรักษาระบบสารสนเทศการจ่ายประโยชน์ทดแทน กรณีชราภาพ,2563,5,2563 | 2564 | 2565 | 2566 | 2567,ชื่อตรงกันทุกตัวอักษรหลังปรับรูป,จับคู่อัตโนมัติด้วยชื่อตรงกัน,,,,,1075800.0,1075200.0,2563-0081,DOC-BUD-2563,1.1ผลเบิกจ่ายปี 2563- final.pdf,3
ITM-0061,ค่าจ้างบำรุงรักษาและปรับปรุงระบบฐานข้อมูลเพื่อการบริหารงานประกันสังคม ในรูปบบ e-Service,7. ค่าจ้างบำรุงรักษาและปรับปรุงระบบฐานข้อมูลเพื่อการบริหารงานประกันสังคม ในรูปบบ e-Service,2563,5,2563 | 2564 | 2565 | 2566 | 2567,ชื่อตรงกันทุกตัวอักษรหลังปรับรูป,จับคู่อัตโนมัติด้วยชื่อตรงกัน,,,,,5400000.0,5400000.0,2563-0082,DOC-BUD-2563,1.1ผลเบิกจ่ายปี 2563- final.pdf,3
ITM-0072,ค่าจ้างบำรุงรักษาโปรแกรมบริหารการลงทุน,8. ค่าจ้างบำรุงรักษาโปรแกรมบริหารการลงทุน,2563,5,2563 | 2564 | 2565 | 2566 | 2567,ชื่อตรงกันทุกตัวอักษรหลังปรับรูป,จับคู่อัตโนมัติด้วยชื่อตรงกัน,,,,,5934000.0,5779920.0,2563-0083,DOC-BUD-2563,1.1ผลเบิกจ่ายปี 2563- final.pdf,3
ITM-0045,ค่าจ้างบำรุงรักษาระบบแปลงรายงาน (Reports Conversion),9. ค่าจ้างบำรุงรักษาระบบแปลงรายงาน (Reports Conversion),2563,5,2563 | 2564 | 2565 | 2566 | 2567,ชื่อตรงกันทุกตัวอักษรหลังปรับรูป,จับคู่อัตโนมัติด้วยชื่อตรงกัน,,,,,464900.0,456000.0,2563-0084,DOC-BUD-2563,1.1ผลเบิกจ่ายปี 2563- final.pdf,3
ITM-0044,ค่าจ้างบำรุงรักษาระบบเครือข่ายสื่อสารคอมพิวเตอร์ภายในสำนักงานประกันสังคม สำนักงานใหญ่ และสำนักงานประกันสังคมกรุงเทพมหานครพื้นที่ 3 (ดินแดง),"10. ค่าจ้างบำรุงรักษาระบบเครือข่ายสื่อสารคอมพิวเตอร์ภายในสำนักงานประกันสังคม สำนักงานใหญ่ และสำนักงานประกันสังคมกรุงเทพมหานครพื้นที่ 3 ()
ดินแดง",2563,2,2563 | 2564,ชื่อตรงกันทุกตัวอักษรหลังปรับรูป,จับคู่อัตโนมัติด้วยชื่อตรงกัน,,,,,4460000.0,4440000.0,2563-0085,DOC-BUD-2563,1.1ผลเบิกจ่ายปี 2563- final.pdf,3
ITM-0048,ค่าจ้างบำรุงรักษาอุปกรณ์ระบบประชุม สัมมนา ฝึกอบรมงานประกันสังคม สำหรับนายจ้างและผู้ประกันตนแบบทางไกล,11. ค่าจ้างบำรุงรักษาอุปกรณ์ระบบประชุม สัมมนา ฝึกอบรมงานประกันสังคม สำหรับนายจ้างและผู้ประกันตนแบบทางไกล,2563,2,2563 | 2564,ชื่อตรงกันทุกตัวอักษรหลังปรับรูป,จับคู่อัตโนมัติด้วยชื่อตรงกัน,,,,,6096000.0,6090000.0,2563-0086,DOC-BUD-2563,1.1ผลเบิกจ่ายปี 2563- final.pdf,3
ITM-0057,ค่าจ้างบำรุงรักษาและปรับปรุงระบบงานกองทุน,12. ค่าจ้างบำรุงรักษาและปรับปรุงระบบงานกองทุน,2563,2,2563 | 2564,ชื่อตรงกันทุกตัวอักษรหลังปรับรูป,จับคู่อัตโนมัติด้วยชื่อตรงกัน,,,,,12684000.0,12674000.0,2563-0087,DOC-BUD-2563,1.1ผลเบิกจ่ายปี 2563- final.pdf,3
ITM-0069,ค่าจ้างบำรุงรักษาโปรแกรม IBM Tivoli OmegaMon for CICS,13. ค่าจ้างบำรุงรักษาโปรแกรม IBM Tivoli OmegaMon for CICS,2563,5,2563 | 2564 | 2565 | 2566 | 2567,ชื่อตรงกันทุกตัวอักษรหลังปรับรูป,จับคู่อัตโนมัติด้วยชื่อตรงกัน,,,,,900000.0,894000.0,2563-0088,DOC-BUD-2563,1.1ผลเบิกจ่ายปี 2563- final.pdf,3
ITM-0065,ค่าจ้างบำรุงรักษาและปรับปรุงระบบสารสนเทศงานประกันสังคมตามมาตรา 40,14. ค่าจ้างบำรุงรักษาและปรับปรุงระบบสารสนเทศงานประกันสังคมตามมาตรา 40,2563,5,2563 | 2564 | 2565 | 2566 | 2567,ชื่อตรงกันทุกตัวอักษรหลังปรับรูป,จับคู่อัตโนมัติด้วยชื่อตรงกัน,,,,,4690900.0,4485000.0,2563-0089,DOC-BUD-2563,1.1ผลเบิกจ่ายปี 2563- final.pdf,3
ITM-0064,ค่าจ้างบำรุงรักษาและปรับปรุงระบบสารสนเทศงานประกันสังคม กรณีว่างงาน,15. ค่าจ้างบำรุงรักษาและปรับปรุงระบบสารสนเทศงานประกันสังคม กรณีว่างงาน,2563,5,2563 | 2564 | 2565 | 2566 | 2567,ชื่อตรงกันทุกตัวอักษรหลังปรับรูป,จับคู่อัตโนมัติด้วยชื่อตรงกัน,,,,,1400000.0,696000.0,2563-0090,DOC-BUD-2563,1.1ผลเบิกจ่ายปี 2563- final.pdf,3
ITM-0027,ค่าจ้างบำรงุรักษาและปรับปรุงระบบบริการอิเล็กทรอนิกส์,16. ค่าจ้างบำรงุรักษาและปรับปรุงระบบบริการอิเล็กทรอนิกส์,2563,5,2563 | 2564 | 2565 | 2566 | 2567,ชื่อตรงกันทุกตัวอักษรหลังปรับรูป,จับคู่อัตโนมัติด้วยชื่อตรงกัน,,,,,4128000.0,4128000.0,2563-0091,DOC-BUD-2563,1.1ผลเบิกจ่ายปี 2563- final.pdf,3
ITM-0030,ค่าจ้างบำรุงรักษาระบบคอมพิวเตอร์พร้อมการรักษาความมั่นคงปลดดภัย ระดับคอมพิวเตอร์ลูกข่าย,17. ค่าจ้างบำรุงรักษาระบบคอมพิวเตอร์พร้อมการรักษาความมั่นคงปลดดภัย ระดับคอมพิวเตอร์ลูกข่าย,2563,3,2563 | 2564 | 2565,ชื่อตรงกันทุกตัวอักษรหลังปรับรูป,ชื่อตรงกันข้ามปี และยังมีรายการชื่อคล้ายกันให้ตรวจเพิ่ม,ITM-0031,ค่าจ้างบำรุงรักษาระบบคอมพิวเตอร์พร้อมการรักษาความมั่นคงปลอดภัย ระดับคอมพิวเตอร์ลูกข่าย,98.8,2566 | 2567,52322000.0,52320000.0,2563-0092,DOC-BUD-2563,1.1ผลเบิกจ่ายปี 2563- final.pdf,3
ITM-0032,ค่าจ้างบำรุงรักษาระบบคอมพิวเตอร์และบริหารศูนย์คอมพิวเตอร์ (Cloud),18. ค่าจ้างบำรุงรักษาระบบคอมพิวเตอร์และบริหารศูนย์คอมพิวเตอร์ (Cloud),2563,4,2563 | 2564 | 2565 | 2566,ชื่อตรงกันทุกตัวอักษรหลังปรับรูป,จับคู่อัตโนมัติด้วยชื่อตรงกัน,,,,,136495800.0,136483800.0,2563-0093,DOC-BUD-2563,1.1ผลเบิกจ่ายปี 2563- final.pdf,3
ITM-0040,ค่าจ้างบำรุงรักษาระบบรักษาความปลอดภัยในการรับส่งข้อมูล แบบ Web service,19. ค่าจ้างบำรุงรักษาระบบรักษาความปลอดภัยในการรับส่งข้อมูล แบบ Web service,2563,2,2563 | 2564,ชื่อตรงกันทุกตัวอักษรหลังปรับรูป,จับคู่อัตโนมัติด้วยชื่อตรงกัน,,,,,1044000.0,1030800.0,2563-0094,DOC-BUD-2563,1.1ผลเบิกจ่ายปี 2563- final.pdf,3
ITM-0062,ค่าจ้างบำรุงรักษาและปรับปรุงระบบบริหารการจัดทำแผนปฏิบัติราชการ และงบประมาณ สำนักงานประกันสังคม,20. ค่าจ้างบำรุงรักษาและปรับปรุงระบบบริหารการจัดทำแผนปฏิบัติราชการ และงบประมาณ สำนักงานประกันสังคม,2563,5,2563 | 2564 | 2565 | 2566 | 2567,ชื่อตรงกันทุกตัวอักษรหลังปรับรูป,จับคู่อัตโนมัติด้วยชื่อตรงกัน,,,,,1080000.0,1080000.0,2563-0095,DOC-BUD-2563,1.1ผลเบิกจ่ายปี 2563- final.pdf,3
ITM-0059,ค่าจ้างบำรุงรักษาและปรับปรุงระบบงานสนับสนุน,21. ค่าจ้างบำรุงรักษาและปรับปรุงระบบงานสนับสนุน,2563,5,2563 | 2564 | 2565 | 2566 | 2567,ชื่อตรงกันทุกตัวอักษรหลังปรับรูป,จับคู่อัตโนมัติด้วยชื่อตรงกัน,,,,,2820000.0,2802000.0,2563-0096,DOC-BUD-2563,1.1ผลเบิกจ่ายปี 2563- final.pdf,3
ITM-0028,ค่าจ้างบำรุงรักษาระบบการจ่ายค่าบริการทางการแพทย์เชื่อมโยงระบบ NCH (National Clearing House),22. ค่าจ้างบำรุงรักษาระบบการจ่ายค่าบริการทางการแพทย์เชื่อมโยงระบบ NCH (National Clearing House),2563,5,2563 | 2564 | 2565 | 2566 | 2567,ชื่อตรงกันทุกตัวอักษรหลังปรับรูป,จับคู่อัตโนมัติด้วยชื่อตรงกัน,,,,,1788000.0,1788000.0,2563-0097,DOC-BUD-2563,1.1ผลเบิกจ่ายปี 2563- final.pdf,3
ITM-0047,ค่าจ้างบำรุงรักษาอุปกรณ์จัดเก็บ Log File ระบบเครือข่าย,23. ค่าจ้างบำรุงรักษาอุปกรณ์จัดเก็บ Log File ระบบเครือข่าย,2563,2,2563 | 2564,ชื่อตรงกันทุกตัวอักษรหลังปรับรูป,จับคู่อัตโนมัติด้วยชื่อตรงกัน,,,,,460100.0,460057.2,2563-0098,DOC-BUD-2563,1.1ผลเบิกจ่ายปี 2563- final.pdf,3
ITM-0029,ค่าจ้างบำรุงรักษาระบบการตรวจสอบเวชระเบียนอิเล็กทรอนิกส์,24. ค่าจ้างบำรุงรักษาระบบการตรวจสอบเวชระเบียนอิเล็กทรอนิกส์,2563,5,2563 | 2564 | 2565 | 2566 | 2567,ชื่อตรงกันทุกตัวอักษรหลังปรับรูป,จับคู่อัตโนมัติด้วยชื่อตรงกัน,,,,,684800.0,606100.0,2563-0099,DOC-BUD-2563,1.1ผลเบิกจ่ายปี 2563- final.pdf,3
ITM-0068,ค่าจ้างบำรุงรักษาและปรับปรุงระบบใบเสร็จรับเงินอิเล็กทรอนิกส์ (e-Receipt),25. ค่าจ้างบำรุงรักษาและปรับปรุงระบบใบเสร็จรับเงินอิเล็กทรอนิกส์ (e-Receipt),2563,5,2563 | 2564 | 2565 | 2566 | 2567,ชื่อตรงกันทุกตัวอักษรหลังปรับรูป,จับคู่อัตโนมัติด้วยชื่อตรงกัน,,,,,701000.0,696000.0,2563-0100,DOC-BUD-2563,1.1ผลเบิกจ่ายปี 2563- final.pdf,3
ITM-0054,ค่าจ้างบำรุงรักษาเว็บไซต์สำนักงานประกันสังคม (www.sso.go.th),26. ค่าจ้างบำรุงรักษาเว็บไซต์สำนักงานประกันสังคม (www.sso.go.th),2563,5,2563 | 2564 | 2565 | 2566 | 2567,ชื่อตรงกันทุกตัวอักษรหลังปรับรูป,จับคู่อัตโนมัติด้วยชื่อตรงกัน,,,,,1269900.0,1236000.0,2563-0101,DOC-BUD-2563,1.1ผลเบิกจ่ายปี 2563- final.pdf,3
ITM-0049,ค่าจ้างบำรุงรักษาอุปกรณ์สนับสนุนศูนย์คอมพิวเตอร์หลัก,27. ค่าจ้างบำรุงรักษาอุปกรณ์สนับสนุนศูนย์คอมพิวเตอร์หลัก,2563,5,2563 | 2564 | 2565 | 2566 | 2567,ชื่อตรงกันทุกตัวอักษรหลังปรับรูป,จับคู่อัตโนมัติด้วยชื่อตรงกัน,,,,,6163500.0,5900100.0,2563-0102,DOC-BUD-2563,1.1ผลเบิกจ่ายปี 2563- final.pdf,3
ITM-0042,ค่าจ้างบำรุงรักษาระบบสนับสนุนศูนย์คอมพิวเตอร์ (จังหวัดระยอง) พร้อมเชื่อมโยงเครือข่ายสัญญาณ เพื่อรับส่งข้อมูลระหว่างศูนย์คอมพิวเตอร์,28. ค่าจ้างบำรุงรักษาระบบสนับสนุนศูนย์คอมพิวเตอร์ (จังหวัดระยอง) พร้อมเชื่อมโยงเครือข่ายสัญญาณ เพื่อรับส่งข้อมูลระหว่างศูนย์คอมพิวเตอร์,2563,5,2563 | 2564 | 2565 | 2566 | 2567,ชื่อตรงกันทุกตัวอักษรหลังปรับรูป,จับคู่อัตโนมัติด้วยชื่อตรงกัน,,,,,78760800.0,78504000.0,2563-0103,DOC-BUD-2563,1.1ผลเบิกจ่ายปี 2563- final.pdf,4
ITM-0056,ค่าจ้างบำรุงรักษาและปรับปรุงระบบข้อมูลการใช้บริการทางการแพทย์ของผู้ประกันตน,29. ค่าจ้างบำรุงรักษาและปรับปรุงระบบข้อมูลการใช้บริการทางการแพทย์ ของผู้ประกันตน,2563,5,2563 | 2564 | 2565 | 2566 | 2567,ชื่อตรงกันทุกตัวอักษรหลังปรับรูป,จับคู่อัตโนมัติด้วยชื่อตรงกัน,,,,,780000.0,190500.0,2563-0104,DOC-BUD-2563,1.1ผลเบิกจ่ายปี 2563- final.pdf,4
ITM-0050,ค่าจ้างบำรุงรักษาอุปกรณ์สำหรับเพิ่มประสิทธิภาพในการใช้งาน และบริหารจัดการผู้ใช้งานระบบเครือข่ายอินเทอร์เน็ต,30. ค่าจ้างบำรุงรักษาอุปกรณ์สำหรับเพิ่มประสิทธิภาพในการใช้งาน และบริหารจัดการผู้ใช้งานระบบเครือข่ายอินเทอร์เน็ต,2563,4,2563 | 2564 | 2565 | 2566,ชื่อตรงกันทุกตัวอักษรหลังปรับรูป,จับคู่อัตโนมัติด้วยชื่อตรงกัน,,,,,866000.0,852000.0,2563-0105,DOC-BUD-2563,1.1ผลเบิกจ่ายปี 2563- final.pdf,4
ITM-0145,ค่าเช่าระบบปฏิบัติการ OS/390,31. ค่าเช่าระบบปฏิบัติการ OS/390,2563,5,2563 | 2564 | 2565 | 2566 | 2567,ชื่อตรงกันทุกตัวอักษรหลังปรับรูป,จับคู่อัตโนมัติด้วยชื่อตรงกัน,,,,,55308000.0,55248000.0,2563-0106,DOC-BUD-2563,1.1ผลเบิกจ่ายปี 2563- final.pdf,4
ITM-0150,ค่าเช่าโปรแกรมสำหรรับควบคุมงานประมวลผลแบบ Batch,32. ค่าเช่าโปรแกรมสำหรรับควบคุมงานประมวลผลแบบ Batch,2563,5,2563 | 2564 | 2565 | 2566 | 2567,ชื่อตรงกันทุกตัวอักษรหลังปรับรูป,จับคู่อัตโนมัติด้วยชื่อตรงกัน,,,,,5530800.0,5496000.0,2563-0107,DOC-BUD-2563,1.1ผลเบิกจ่ายปี 2563- final.pdf,4
ITM-0035,ค่าจ้างบำรุงรักษาระบบจัดเก็บและแปลงเอกสารหลักฐานงานประกันสังคม จากรูปแบบกระดาษให้เป็นข้อมูลอิเล็กทรอนิกส์ ตามมาตรฐานภายใต้กรอบของ กระทรวงดิจิทัลเพื่อเศรษฐกิจและสังคม (EDOC),33. ค่าจ้างบำรุงรักษาระบบจัดเก็บและแปลงเอกสารหลักฐานงานประกันสังคม จากรูปแบบกระดาษให้เป็นข้อมูลอิเล็กทรอนิกส์ ตามมาตรฐานภายใต้กรอบ ของกระทรวงดิจิทัลเพื่อเศรษฐกิจและสังคม (EDOC),2563,5,2563 | 2564 | 2565 | 2566 | 2567,ชื่อตรงกันทุกตัวอักษรหลังปรับรูป,จับคู่อัตโนมัติด้วยชื่อตรงกัน,,,,,1620000.0,1368000.0,2563-0108,DOC-BUD-2563,1.1ผลเบิกจ่ายปี 2563- final.pdf,4
ITM-0155,ค่าใช้จ่ายต่าง ๆ เพื่อเผยแพร่ความรู้เกี่ยวกับการประกันสังคม,21. ค่าใช้จ่ายต่าง ๆ เพื่อเผยแพร่ความรู้เกี่ยวกับการประกันสังคม,2563,5,2563 | 2564 | 2565 | 2566 | 2567,ชื่อตรงกันทุกตัวอักษรหลังปรับรูป,จับคู่อัตโนมัติด้วยชื่อตรงกัน,,,,,15420000.0,14215526.77,2563-0109,DOC-BUD-2563,1.1ผลเบิกจ่ายปี 2563- final.pdf,4
ITM-0173,ค่าใช้จ่ายในการลี้ยงรับรองบุคคลหรือรับรองชาวต่างประเทศ,22. ค่าใช้จ่ายในการลี้ยงรับรองบุคคลหรือรับรองชาวต่างประเทศ,2563,5,2563 | 2564 | 2565 | 2566 | 2567,ชื่อตรงกันทุกตัวอักษรหลังปรับรูป,จับคู่อัตโนมัติด้วยชื่อตรงกัน,,,,,200000.0,11300.0,2563-0111,DOC-BUD-2563,1.1ผลเบิกจ่ายปี 2563- final.pdf,4
ITM-0131,ค่าธรรมเนียมอื่น ๆ,23. ค่าธรรมเนียมอื่น ๆ,2563,5,2563 | 2564 | 2565 | 2566 | 2567,ชื่อตรงกันทุกตัวอักษรหลังปรับรูป,จับคู่อัตโนมัติด้วยชื่อตรงกัน,,,,,1865000.0,1431222.72,2563-0112,DOC-BUD-2563,1.1ผลเบิกจ่ายปี 2563- final.pdf,4
ITM-0127,ค่าธรรมเนียมบริการรับ - ส่งเงินของ KGS,24. ค่าธรรมเนียมบริการรับ - ส่งเงินของ KGS,2563,4,2563 | 2564 | 2565 | 2566,ชื่อตรงกันทุกตัวอักษรหลังปรับรูป,ชื่อตรงกันข้ามปี และยังมีรายการชื่อคล้ายกันให้ตรวจเพิ่ม,ITM-0128,ค่าธรรมเนียมบริการรับ - ส่งเงินของ KTBGS,97.1,2567,9000000.0,7897986.0,2563-0113,DOC-BUD-2563,1.1ผลเบิกจ่ายปี 2563- final.pdf,4
ITM-0119,ค่าธรรมเนียมการต่อใบอนุญาตมีซึ่งยุทธภัณฑ์ รถหุ้มเกราะป้องกันกระสุนฯ,25. ค่าธรรมเนียมการต่อใบอนุญาตมีซึ่งยุทธภัณฑ์ รถหุ้มเกราะป้องกันกระสุนฯ,2563,4,2563 | 2564 | 2565 | 2566,ชื่อตรงกันทุกตัวอักษรหลังปรับรูป,จับคู่อัตโนมัติด้วยชื่อตรงกัน,,,,,5000.0,5000.0,2563-0114,DOC-BUD-2563,1.1ผลเบิกจ่ายปี 2563- final.pdf,4
ITM-0126,ค่าธรรมเนียมทางกฎหมาย,26. ค่าธรรมเนียมทางกฎหมาย,2563,5,2563 | 2564 | 2565 | 2566 | 2567,ชื่อตรงกันทุกตัวอักษรหลังปรับรูป,จับคู่อัตโนมัติด้วยชื่อตรงกัน,,,,,1434000.0,543065.16,2563-0115,DOC-BUD-2563,1.1ผลเบิกจ่ายปี 2563- final.pdf,4
ITM-0159,ค่าใช้จ่ายในการจัดทำข้อสอบ,27. ค่าใช้จ่ายในการจัดทำข้อสอบ,2563,5,2563 | 2564 | 2565 | 2566 | 2567,ชื่อตรงกันทุกตัวอักษรหลังปรับรูป,จับคู่อัตโนมัติด้วยชื่อตรงกัน,,,,,128300.0,95000.0,2563-0116,DOC-BUD-2563,1.1ผลเบิกจ่ายปี 2563- final.pdf,4
ITM-0146,ค่าเช่าสถานที่สอบคัดเลือกข้าราชการและพนักงาน,28. ค่าเช่าสถานที่สอบคัดเลือกข้าราชการและพนักงาน,2563,4,2563 | 2564 | 2565 | 2566,ชื่อตรงกันทุกตัวอักษรหลังปรับรูป,จับคู่อัตโนมัติด้วยชื่อตรงกัน,,,,,505200.0,400000.0,2563-0117,DOC-BUD-2563,1.1ผลเบิกจ่ายปี 2563- final.pdf,4
ITM-0169,ค่าใช้จ่ายในการบำรุงของสมาคม ASSA และค่าใช้จ่ายอื่น ๆ ที่เกี่ยวข้อง,29. ค่าใช้จ่ายในการบำรุงของสมาคม ASSA และค่าใช้จ่ายอื่น ๆ ที่เกี่ยวข้อง,2563,4,2563 | 2564 | 2565 | 2566,ชื่อตรงกันทุกตัวอักษรหลังปรับรูป,จับคู่อัตโนมัติด้วยชื่อตรงกัน,,,,,10000.0,8120.33,2563-0118,DOC-BUD-2563,1.1ผลเบิกจ่ายปี 2563- final.pdf,4
ITM-0137,ค่าป่วยการแก่พยานศาล,30. ค่าป่วยการแก่พยานศาล,2563,5,2563 | 2564 | 2565 | 2566 | 2567,ชื่อตรงกันทุกตัวอักษรหลังปรับรูป,จับคู่อัตโนมัติด้วยชื่อตรงกัน,,,,,50000.0,5000.0,2563-0119,DOC-BUD-2563,1.1ผลเบิกจ่ายปี 2563- final.pdf,4
ITM-0130,ค่าธรรมเนียมสำนักงานการตรวจเงินแผ่นดิน เพื่อการตรวจสอบบัญชีกองทุนประกันสังคม,31. ค่าธรรมเนียมสำนักงานการตรวจเงินแผ่นดิน เพื่อการตรวจสอบบัญชีกองทุนประกันสังคม,2563,5,2563 | 2564 | 2565 | 2566 | 2567,ชื่อตรงกันทุกตัวอักษรหลังปรับรูป,จับคู่อัตโนมัติด้วยชื่อตรงกัน,,,,,1200000.0,1200000.0,2563-0120,DOC-BUD-2563,1.1ผลเบิกจ่ายปี 2563- final.pdf,4
ITM-0164,ค่าใช้จ่ายในการจ้างบันทึกข้อมูลเงินสมทบ,32. ค่าใช้จ่ายในการจ้างบันทึกข้อมูลเงินสมทบ,2563,5,2563 | 2564 | 2565 | 2566 | 2567,ชื่อตรงกันทุกตัวอักษรหลังปรับรูป,จับคู่อัตโนมัติด้วยชื่อตรงกัน,,,,,13420000.0,13135205.0,2563-0121,DOC-BUD-2563,1.1ผลเบิกจ่ายปี 2563- final.pdf,4
ITM-0113,ค่าตอบแทนเหมาจ่ายในการติดตามเร่งรัดหนี้นอกสถานที่,33. ค่าตอบแทนเหมาจ่ายในการติดตามเร่งรัดหนี้นอกสถานที่,2563,5,2563 | 2564 | 2565 | 2566 | 2567,ชื่อตรงกันทุกตัวอักษรหลังปรับรูป,จับคู่อัตโนมัติด้วยชื่อตรงกัน,,,,,8705000.0,4413997.0,2563-0122,DOC-BUD-2563,1.1ผลเบิกจ่ายปี 2563- final.pdf,4
ITM-0018,ค่าจ้างทำของที่ระลึก,34. ค่าจ้างทำของที่ระลึก,2563,5,2563 | 2564 | 2565 | 2566 | 2567,ชื่อตรงกันทุกตัวอักษรหลังปรับรูป,จับคู่อัตโนมัติด้วยชื่อตรงกัน,,,,,2010000.0,1826875.0,2563-0123,DOC-BUD-2563,1.1ผลเบิกจ่ายปี 2563- final.pdf,4
ITM-0094,ค่าตกแต่งสถานที่และค่าใช้จ่ายในการจัดงานต่าง ๆ,35. ค่าตกแต่งสถานที่และค่าใช้จ่ายในการจัดงานต่าง ๆ,2563,5,2563 | 2564 | 2565 | 2566 | 2567,ชื่อตรงกันทุกตัวอักษรหลังปรับรูป,จับคู่อัตโนมัติด้วยชื่อตรงกัน,,,,,1000000.0,1707120.0,2563-0124,DOC-BUD-2563,1.1ผลเบิกจ่ายปี 2563- final.pdf,4
ITM-0139,ค่าสมัครสมาชิกด้านการลงทุน,36. ค่าสมัครสมาชิกด้านการลงทุน,2563,5,2563 | 2564 | 2565 | 2566 | 2567,ชื่อตรงกันทุกตัวอักษรหลังปรับรูป,จับคู่อัตโนมัติด้วยชื่อตรงกัน,,,,,26904200.0,23519136.68,2563-0125,DOC-BUD-2563,1.1ผลเบิกจ่ายปี 2563- final.pdf,4
ITM-0089,ค่าชดใช้ค่าเสียหาย,37. ค่าชดใช้ค่าเสียหาย,2563,2,2563 | 2565,ชื่อตรงกันทุกตัวอักษรหลังปรับรูป,จับคู่อัตโนมัติด้วยชื่อตรงกัน,,,,,,242100.0,2563-0126,DOC-BUD-2563,1.1ผลเบิกจ่ายปี 2563- final.pdf,4
ITM-0220,วัสดุสำนักงาน,1. วัสดุสำนักงาน,2563,5,2563 | 2564 | 2565 | 2566 | 2567,ชื่อตรงกันทุกตัวอักษรหลังปรับรูป,จับคู่อัตโนมัติด้วยชื่อตรงกัน,,,,,42527900.0,41524489.91,2563-0128,DOC-BUD-2563,1.1ผลเบิกจ่ายปี 2563- final.pdf,4
ITM-0216,วัสดุคอมพิวเตอร์,2. วัสดุคอมพิวเตอร์,2563,5,2563 | 2564 | 2565 | 2566 | 2567,ชื่อตรงกันทุกตัวอักษรหลังปรับรูป,จับคู่อัตโนมัติด้วยชื่อตรงกัน,,,,,60883200.0,57299549.87,2563-0129,DOC-BUD-2563,1.1ผลเบิกจ่ายปี 2563- final.pdf,4
ITM-0221,วัสดุส่วนกลาง,3. วัสดุส่วนกลาง,2563,5,2563 | 2564 | 2565 | 2566 | 2567,ชื่อตรงกันทุกตัวอักษรหลังปรับรูป,จับคู่อัตโนมัติด้วยชื่อตรงกัน,,,,,5800000.0,4896155.8,2563-0130,DOC-BUD-2563,1.1ผลเบิกจ่ายปี 2563- final.pdf,4
ITM-0223,วัสดุแบบพิมพ์,4. วัสดุแบบพิมพ์,2563,5,2563 | 2564 | 2565 | 2566 | 2567,ชื่อตรงกันทุกตัวอักษรหลังปรับรูป,จับคู่อัตโนมัติด้วยชื่อตรงกัน,,,,,12449300.0,6837496.97,2563-0131,DOC-BUD-2563,1.1ผลเบิกจ่ายปี 2563- final.pdf,4
ITM-0226,หนังสือ วารสาร หนังสือพิมพ์,5. หนังสือ วารสาร หนังสือพิมพ์,2563,5,2563 | 2564 | 2565 | 2566 | 2567,ชื่อตรงกันทุกตัวอักษรหลังปรับรูป,จับคู่อัตโนมัติด้วยชื่อตรงกัน,,,,,342600.0,257755.67,2563-0132,DOC-BUD-2563,1.1ผลเบิกจ่ายปี 2563- final.pdf,4
ITM-0142,ค่าหนังสืออิเล็กทรอนิกส์ (e-Book),6. ค่าหนังสืออิเล็กทรอนิกส์ (e-Book),2563,5,2563 | 2564 | 2565 | 2566 | 2567,ชื่อตรงกันทุกตัวอักษรหลังปรับรูป,จับคู่อัตโนมัติด้วยชื่อตรงกัน,,,,,150000.0,147755.0,2563-0133,DOC-BUD-2563,1.1ผลเบิกจ่ายปี 2563- final.pdf,4
ITM-0224,วัสดุโฆษณาและเผยแพร่,7. วัสดุโฆษณาและเผยแพร่,2563,5,2563 | 2564 | 2565 | 2566 | 2567,ชื่อตรงกันทุกตัวอักษรหลังปรับรูป,จับคู่อัตโนมัติด้วยชื่อตรงกัน,,,,,1000000.0,1404118.2,2563-0134,DOC-BUD-2563,1.1ผลเบิกจ่ายปี 2563- final.pdf,4
ITM-0217,วัสดุงานบ้านงานครัว,8. วัสดุงานบ้านงานครัว,2563,5,2563 | 2564 | 2565 | 2566 | 2567,ชื่อตรงกันทุกตัวอักษรหลังปรับรูป,จับคู่อัตโนมัติด้วยชื่อตรงกัน,,,,,235000.0,201835.31,2563-0135,DOC-BUD-2563,1.1ผลเบิกจ่ายปี 2563- final.pdf,4
ITM-0222,วัสดุเกษตร,9. วัสดุเกษตร,2563,5,2563 | 2564 | 2565 | 2566 | 2567,ชื่อตรงกันทุกตัวอักษรหลังปรับรูป,จับคู่อัตโนมัติด้วยชื่อตรงกัน,,,,,35000.0,33501.0,2563-0136,DOC-BUD-2563,1.1ผลเบิกจ่ายปี 2563- final.pdf,4
ITM-0218,วัสดุช่างและไฟฟ้า,10. วัสดุช่างและไฟฟ้า,2563,5,2563 | 2564 | 2565 | 2566 | 2567,ชื่อตรงกันทุกตัวอักษรหลังปรับรูป,จับคู่อัตโนมัติด้วยชื่อตรงกัน,,,,,620000.0,567037.86,2563-0137,DOC-BUD-2563,1.1ผลเบิกจ่ายปี 2563- final.pdf,4
ITM-0219,วัสดุน้ำมันเชื้อเพลิงและหล่อลื่น,11. วัสดุน้ำมันเชื้อเพลิงและหล่อลื่น,2563,5,2563 | 2564 | 2565 | 2566 | 2567,ชื่อตรงกันทุกตัวอักษรหลังปรับรูป,จับคู่อัตโนมัติด้วยชื่อตรงกัน,,,,,31719500.0,23039400.55,2563-0138,DOC-BUD-2563,1.1ผลเบิกจ่ายปี 2563- final.pdf,4
ITM-0183,ค่าไฟฟ้า,1. ค่าไฟฟ้า,2563,5,2563 | 2564 | 2565 | 2566 | 2567,ชื่อตรงกันทุกตัวอักษรหลังปรับรูป,จับคู่อัตโนมัติด้วยชื่อตรงกัน,,,,,95538000.0,80695651.17,2563-0140,DOC-BUD-2563,1.1ผลเบิกจ่ายปี 2563- final.pdf,4
ITM-0132,ค่าน้ำประปา,2. ค่าน้ำประปา,2563,5,2563 | 2564 | 2565 | 2566 | 2567,ชื่อตรงกันทุกตัวอักษรหลังปรับรูป,จับคู่อัตโนมัติด้วยชื่อตรงกัน,,,,,5031200.0,3778070.8,2563-0141,DOC-BUD-2563,1.1ผลเบิกจ่ายปี 2563- final.pdf,4
ITM-0153,ค่าโทรศัพท์,3. ค่าโทรศัพท์,2563,5,2563 | 2564 | 2565 | 2566 | 2567,ชื่อตรงกันทุกตัวอักษรหลังปรับรูป,จับคู่อัตโนมัติด้วยชื่อตรงกัน,,,,,19432200.0,15120815.19,2563-0142,DOC-BUD-2563,1.1ผลเบิกจ่ายปี 2563- final.pdf,5
ITM-0182,ค่าไปรษณีย์ภัณฑ์,4. ค่าไปรษณีย์ภัณฑ์,2563,5,2563 | 2564 | 2565 | 2566 | 2567,ชื่อตรงกันทุกตัวอักษรหลังปรับรูป,จับคู่อัตโนมัติด้วยชื่อตรงกัน,,,,,80516900.0,71084215.64,2563-0143,DOC-BUD-2563,1.1ผลเบิกจ่ายปี 2563- final.pdf,5
ITM-0134,ค่าบริการสื่อสารและโทรคมนาคม,5. ค่าบริการสื่อสารและโทรคมนาคม,2563,5,2563 | 2564 | 2565 | 2566 | 2567,ชื่อตรงกันทุกตัวอักษรหลังปรับรูป,จับคู่อัตโนมัติด้วยชื่อตรงกัน,,,,,1687100.0,1173131.1,2563-0144,DOC-BUD-2563,1.1ผลเบิกจ่ายปี 2563- final.pdf,5
ITM-0123,ค่าธรรมเนียมจ่ายคืนเงินสมทบกองทุนประกันสังคมทั่วประเทศผ่านธนาคาร,6. ค่าธรรมเนียมจ่ายคืนเงินสมทบกองทุนประกันสังคมทั่วประเทศผ่านธนาคาร,2563,5,2563 | 2564 | 2565 | 2566 | 2567,ชื่อตรงกันทุกตัวอักษรหลังปรับรูป,จับคู่อัตโนมัติด้วยชื่อตรงกัน,,,,,350000.0,349470.0,2563-0145,DOC-BUD-2563,1.1ผลเบิกจ่ายปี 2563- final.pdf,5
ITM-0009,ครุภัณฑ์,1. ครุภัณฑ์,2563,5,2563 | 2564 | 2565 | 2566 | 2567,ชื่อตรงกันทุกตัวอักษรหลังปรับรูป,จับคู่อัตโนมัติด้วยชื่อตรงกัน,,,,,49390600.0,46933364.16,2563-0147,DOC-BUD-2563,1.1ผลเบิกจ่ายปี 2563- final.pdf,5
ITM-0276,โครงการจัดซื้อครุภัณฑ์คอมพิวเตอร์ ประจำปี 2566,2. โครงการจัดซื้อครุภัณฑ์คอมพิวเตอร์ ประจำปี 2563,2563,2,2563 | 2566,ชื่อตรงกันทุกตัวอักษรหลังปรับรูป,จับคู่อัตโนมัติด้วยชื่อตรงกัน,,,,,3225500.0,3031970.0,2563-0148,DOC-BUD-2563,1.1ผลเบิกจ่ายปี 2563- final.pdf,5
ITM-0504,โครงการเปลี่ยนเครื่องกำเนิดไฟฟ้าฉุกเฉิน อาคารศูนย์คอมพิวเตอร์,3. โครงการเปลี่ยนเครื่องกำเนิดไฟฟ้าฉุกเฉิน อาคารศูนย์คอมพิวเตอร์,2563,1,2563,ชื่อตรงกันทุกตัวอักษรหลังปรับรูป,พบปีเดียว ยังไม่ยืนยันการจับคู่ข้ามปี,,,,,31030000.0,30816000.0,2563-0149,DOC-BUD-2563,1.1ผลเบิกจ่ายปี 2563- final.pdf,5
ITM-0214,รายจ่ายเพื่อดัดแปลง ต่อเติมหรือปรับปรุงสิ่งก่อสร้าง,1. รายจ่ายเพื่อดัดแปลง ต่อเติมหรือปรับปรุงสิ่งก่อสร้าง,2563,4,2563 | 2565 | 2566 | 2567,ชื่อตรงกันทุกตัวอักษรหลังปรับรูป,จับคู่อัตโนมัติด้วยชื่อตรงกัน,,,,,8682000.0,4686830.0,2563-0151,DOC-BUD-2563,1.1ผลเบิกจ่ายปี 2563- final.pdf,5
ITM-0010,ค่าก่อสร้างอาคาร,2. ค่าก่อสร้างอาคาร,2563,1,2563,ชื่อตรงกันทุกตัวอักษรหลังปรับรูป,พบปีเดียว ยังไม่ยืนยันการจับคู่ข้ามปี,,,,,1017000.0,,2563-0152,DOC-BUD-2563,1.1ผลเบิกจ่ายปี 2563- final.pdf,5
ITM-0076,ค่าจ้างออกแบบ,3. ค่าจ้างออกแบบ,2563,1,2563,ชื่อตรงกันทุกตัวอักษรหลังปรับรูป,พบปีเดียว ยังไม่ยืนยันการจับคู่ข้ามปี,,,,,3250000.0,,2563-0153,DOC-BUD-2563,1.1ผลเบิกจ่ายปี 2563- final.pdf,5
ITM-0335,โครงการจ้างออกแบบปรับปรุงตกแต่งภายใน ชั้น 6 ชั้น 10 อาคารวิทุร แสงสิงแก้ว,4. โครงการจ้างออกแบบปรับปรุงตกแต่งภายใน ชั้น 6 ชั้น 10 อาคารวิทุร แสงสิงแก้ว,2563,1,2563,ชื่อตรงกันทุกตัวอักษรหลังปรับรูป,พบปีเดียว ยังไม่ยืนยันการจับคู่ข้ามปี,,,,,,,2563-0154,DOC-BUD-2563,1.1ผลเบิกจ่ายปี 2563- final.pdf,5
ITM-0156,ค่าใช้จ่ายสนับสนุนการจัดงานวันแรงงานแห่งชาติให้กับศูนย์ประสานงานวันแรงงานแห่งชาติ,1. ค่าใช้จ่ายสนับสนุนการจัดงานวันแรงงานแห่งชาติให้กับศูนย์ประสานงาน วันแรงงานแห่งชาติ,2563,5,2563 | 2564 | 2565 | 2566 | 2567,ชื่อตรงกันทุกตัวอักษรหลังปรับรูป,จับคู่อัตโนมัติด้วยชื่อตรงกัน,,,,,1000000.0,,2563-0156,DOC-BUD-2563,1.1ผลเบิกจ่ายปี 2563- final.pdf,5
ITM-0141,ค่าสมาชิกสมาคมการประกันสังคมระหว่างประเทศ (ISSA),2. ค่าสมาชิกสมาคมการประกันสังคมระหว่างประเทศ (ISSA),2563,5,2563 | 2564 | 2565 | 2566 | 2567,ชื่อตรงกันทุกตัวอักษรหลังปรับรูป,จับคู่อัตโนมัติด้วยชื่อตรงกัน,,,,,1980000.0,1736120.96,2563-0157,DOC-BUD-2563,1.1ผลเบิกจ่ายปี 2563- final.pdf,5
ITM-0240,เงินอุดหนุนการออกกำลังกายและสันทนาการของข้าราชการและเจ้าหน้าที่,1. เงินอุดหนุนการออกกำลังกายและสันทนาการของข้าราชการและเจ้าหน้าที่,2563,3,2563 | 2564 | 2565,ชื่อตรงกันทุกตัวอักษรหลังปรับรูป,จับคู่อัตโนมัติด้วยชื่อตรงกัน,,,,,115600.0,33067.0,2563-0159,DOC-BUD-2563,1.1ผลเบิกจ่ายปี 2563- final.pdf,5
ITM-0157,ค่าใช้จ่ายสนับสนุนการเข้าร่วมประชุมหรือฝึกอบรมของเจ้าหน้าที่และผู้ที่เกี่ยวข้อง ณ ต่างประเทศ,2. ค่าใช้จ่ายสนับสนุนการเข้าร่วมประชุมหรือฝึกอบรมของเจ้าหน้าที่และผู้ที่เกี่ยวข้อง ณ ต่างประเทศ,2563,1,2563,ชื่อตรงกันทุกตัวอักษรหลังปรับรูป,พบปีเดียวและมีรายการชื่อคล้ายกันในปีอื่น ต้องตรวจสอบด้วยคน,ITM-0158,ค่าใช้จ่ายสนับสนุนการเข้าร่วมประชุมหรือฝึกอบรมของเจ้าหน้าที่และผู้ที่เกี่ยวข้อง ในต่างประเทศ,98.3,2565,5595000.0,378282.0,2563-0160,DOC-BUD-2563,1.1ผลเบิกจ่ายปี 2563- final.pdf,5
ITM-0174,ค่าใช้จ่ายในการหารือ แลกเปลี่ยนนโยบายและประสบการณ์ด้านการประกันสังคม ของคณะกรรมการ คณะอนุกรรมการ เจ้าหน้าที่และผู้ที่เกี่ยวข้อง,3. ค่าใช้จ่ายในการหารือ แลกเปลี่ยนนโยบายและประสบการณ์ด้านการประกันสังคม ของคณะกรรมการ คณะอนุกรรมการ เจ้าหน้าที่และผู้ที่เกี่ยวข้อง,2563,1,2563,ชื่อตรงกันทุกตัวอักษรหลังปรับรูป,พบปีเดียวและมีรายการชื่อคล้ายกันในปีอื่น ต้องตรวจสอบด้วยคน,ITM-0175,ค่าใช้จ่ายในการหารือ แลกเปลี่ยนนโยบายและประสบการณ์ด้านการประกันสังคม ของคณะกรรมการ อนุกรรมการ เจ้าหน้าที่และผู้ที่เกี่ยวข้อง ณ ต่างประเทศ,94.5,2565,20000000.0,,2563-0161,DOC-BUD-2563,1.1ผลเบิกจ่ายปี 2563- final.pdf,5
ITM-0168,ค่าใช้จ่ายในการตรวจนิเทศสำนักงานแรงงานไทยในต่างประเทศของข้าราชการ เจ้าหน้าที่ และผู้ที่เกี่ยวข้อง ณ ต่างประเทศ,4. ค่าใช้จ่ายในการตรวจนิเทศสำนักงานแรงงานไทยในต่างประเทศของข้าราชการ เจ้าหน้าที่ และผู้ที่เกี่ยวข้อง ณ ต่างประเทศ,2563,3,2563 | 2566 | 2567,ชื่อตรงกันทุกตัวอักษรหลังปรับรูป,จับคู่อัตโนมัติด้วยชื่อตรงกัน,,,,,1305000.0,,2563-0162,DOC-BUD-2563,1.1ผลเบิกจ่ายปี 2563- final.pdf,5
ITM-0171,ค่าใช้จ่ายในการประชุม สัมมนา ฝึกอบรม และเจรจาธุรกิจของข้าราชการ เจ้าหน้าที่และผู้ที่เกี่ยวข้อง ณ ต่างประเทศ,5. ค่าใช้จ่ายในการประชุม สัมมนา ฝึกอบรม และเจรจาธุรกิจของข้าราชการ เจ้าหน้าที่ และผู้ที่เกี่ยวข้อง ณ ต่างประเทศ,2563,3,2563 | 2566 | 2567,ชื่อตรงกันทุกตัวอักษรหลังปรับรูป,ชื่อตรงกันข้ามปี และยังมีรายการชื่อคล้ายกันให้ตรวจเพิ่ม,ITM-0170,ค่าใช้จ่ายในการประชุม สัมมนา ฝึกอบรมและเจรจาธุรกิจของข้าราชการ เจ้าหน้าที่ และผู้ที่เกี่ยวข้อง,94.2,2565,5468600.0,81560.3,2563-0163,DOC-BUD-2563,1.1ผลเบิกจ่ายปี 2563- final.pdf,5
ITM-0073,ค่าจ้างผู้เชี่ยวชาญด้านระบบความมั่นคงปลอดภัยระบบสารสนเทศ,6. ค่าจ้างผู้เชี่ยวชาญด้านระบบความมั่นคงปลอดภัยระบบสารสนเทศ,2563,5,2563 | 2564 | 2565 | 2566 | 2567,ชื่อตรงกันทุกตัวอักษรหลังปรับรูป,จับคู่อัตโนมัติด้วยชื่อตรงกัน,,,,,2069100.0,1800000.0,2563-0164,DOC-BUD-2563,1.1ผลเบิกจ่ายปี 2563- final.pdf,5
ITM-0021,ค่าจ้างที่ปรึกษาทางการแพทย์และที่ปรึกษาทางการพยาบาล,7. ค่าจ้างที่ปรึกษาทางการแพทย์และที่ปรึกษาทางการพยาบาล,2563,1,2563,ชื่อตรงกันทุกตัวอักษรหลังปรับรูป,พบปีเดียวและมีรายการชื่อคล้ายกันในปีอื่น ต้องตรวจสอบด้วยคน,ITM-0322,โครงการจ้างที่ปรึกษาทางการแพทย์ และที่ปรึกษาทางการพยาบาล,94.3,2565,1500000.0,1500000.0,2563-0165,DOC-BUD-2563,1.1ผลเบิกจ่ายปี 2563- final.pdf,5
ITM-0022,ค่าจ้างที่ปรึกษาระบบเบิกจ่ายประโยชน์ทดแทนทางอิเล็กทรอนิกส์,8. ค่าจ้างที่ปรึกษาระบบเบิกจ่ายประโยชน์ทดแทนทางอิเล็กทรอนิกส์,2563,1,2563,ชื่อตรงกันทุกตัวอักษรหลังปรับรูป,พบปีเดียว ยังไม่ยืนยันการจับคู่ข้ามปี,,,,,240000.0,240000.0,2563-0166,DOC-BUD-2563,1.1ผลเบิกจ่ายปี 2563- final.pdf,5
ITM-0330,โครงการจ้างรับ/ส่งและประมวลผลระบบเบิกจ่ายค่าบริการทางการแพทย์ กรณีแพทย์ผู้เชี่ยวชาญพิเศษเฉพาะทาง,9. โครงการจ้างรับ/ส่งและประมวลผลระบบเบิกจ่ายค่าบริการทางการแพทย์ กรณีแพทย์ผู้เชี่ยวชาญพิเศษเฉพาะทาง,2563,5,2563 | 2564 | 2565 | 2566 | 2567,ชื่อตรงกันทุกตัวอักษรหลังปรับรูป,จับคู่อัตโนมัติด้วยชื่อตรงกัน,,,,,4440000.0,4440000.0,2563-0167,DOC-BUD-2563,1.1ผลเบิกจ่ายปี 2563- final.pdf,5
ITM-0273,โครงการจัดจ้างรับ/ส่งและประมวลผลข้อมูลการเบิกจ่ายค่าบริการทางการแพทย์ สำหรับการรักษาผู้ป่วยไตวายเรื้อรังระยะสุดท้าย กรณีบำบัดทดแทนไต,10. โครงการจัดจ้างรับ/ส่งและประมวลผลข้อมูลการเบิกจ่ายค่าบริการทางการแพทย์ สำหรับการรักษาผู้ป่วยไตวายเรื้อรังระยะสุดท้าย กรณีบำบัดทดแทนไต,2563,5,2563 | 2564 | 2565 | 2566 | 2567,ชื่อตรงกันทุกตัวอักษรหลังปรับรูป,จับคู่อัตโนมัติด้วยชื่อตรงกัน,,,,,6450000.0,6450000.0,2563-0168,DOC-BUD-2563,1.1ผลเบิกจ่ายปี 2563- final.pdf,5
ITM-0331,โครงการจ้างวิเคราะห์การจัดกลุ่มวินิจฉัยโรคร่วมและน้ำหนักสัมพัทธ์ของผู้ป่วยใน และวิเคราะห์ข้อมูลผู้ป่วยในที่มีค่าใช้จ่ายสูงเกินปกติ,11. โครงการจ้างวิเคราะห์การจัดกลุ่มวินิจฉัยโรคร่วมและน้ำหนักสัมพัทธ์ของผู้ป่วยใน และวิเคราะห์ข้อมูลผู้ป่วยในที่มีค่าใช้จ่ายสูงเกินปกติ,2563,5,2563 | 2564 | 2565 | 2566 | 2567,ชื่อตรงกันทุกตัวอักษรหลังปรับรูป,จับคู่อัตโนมัติด้วยชื่อตรงกัน,,,,,10217600.0,10217600.0,2563-0169,DOC-BUD-2563,1.1ผลเบิกจ่ายปี 2563- final.pdf,5
ITM-0327,โครงการจ้างรับ-ส่งข้อมูลการใช้บริการทางการแพทย์ของผู้ประกันตนประเภท ผู้ป่วยนอกและข้อมูลบัญชีผู้ป่วยโรคเรื้อรัง,12. โครงการจ้างรับ-ส่งข้อมูลการใช้บริการทางการแพทย์ของผู้ประกันตนประเภท ผู้ป่วยนอกและข้อมูลบัญชีผู้ป่วยโรคเรื้อรัง,2563,5,2563 | 2564 | 2565 | 2566 | 2567,ชื่อตรงกันทุกตัวอักษรหลังปรับรูป,จับคู่อัตโนมัติด้วยชื่อตรงกัน,,,,,17000000.0,17000000.0,2563-0170,DOC-BUD-2563,1.1ผลเบิกจ่ายปี 2563- final.pdf,5
ITM-0325,โครงการจ้างที่ปรึกษาเภสัชกรรมเพื่อกำกับคุณภาพการใช้ยาของสถานพยาบาล และกำกับตรวจสอบการจ่ายชดเชยยาบัญชีหลักแห่งชาติ จ(2) และยาต้านไวรัสเอดส์,13. โครงการจ้างที่ปรึกษาเภสัชกรรมเพื่อกำกับคุณภาพการใช้ยาของสถานพยาบาล และกำกับตรวจสอบการจ่ายชดเชยยาบัญชีหลักแห่งชาติ จ(2) และยาต้านไวรัสเอดส์,2563,5,2563 | 2564 | 2565 | 2566 | 2567,ชื่อตรงกันทุกตัวอักษรหลังปรับรูป,จับคู่อัตโนมัติด้วยชื่อตรงกัน,,,,,1673400.0,1192297.84,2563-0171,DOC-BUD-2563,1.1ผลเบิกจ่ายปี 2563- final.pdf,5
ITM-0328,โครงการจ้างรับ-ส่งแลประมวลผลข้อมูลบริการทางการแพทย์ กรณีการให้ยาแฟคเตอร์ แก่ผู้ป่วยกลุ่มโรคเลือดออกง่าย (ฮีโมฟีเลีย),14. โครงการจ้างรับ-ส่งแลประมวลผลข้อมูลบริการทางการแพทย์ กรณีการให้ยาแฟคเตอร์ แก่ผู้ป่วยกลุ่มโรคเลือดออกง่าย (ฮีโมฟีเลีย),2563,1,2563,ชื่อตรงกันทุกตัวอักษรหลังปรับรูป,พบปีเดียว ยังไม่ยืนยันการจับคู่ข้ามปี,,,,,399000.0,399000.0,2563-0172,DOC-BUD-2563,1.1ผลเบิกจ่ายปี 2563- final.pdf,5
ITM-0272,โครงการจัดจ้างรับ-ส่งประมวผลข้อมูลระบบการเบิกจ่ายค่าบริการทางการแพทย์ กรณีค่าสารเมทาโดน,15. โครงการจัดจ้างรับ-ส่งประมวผลข้อมูลระบบการเบิกจ่ายค่าบริการทางการแพทย์ กรณีค่าสารเมทาโดน,2563,1,2563,ชื่อตรงกันทุกตัวอักษรหลังปรับรูป,พบปีเดียว ยังไม่ยืนยันการจับคู่ข้ามปี,,,,,2880000.0,,2563-0173,DOC-BUD-2563,1.1ผลเบิกจ่ายปี 2563- final.pdf,6
ITM-0315,โครงการจ้างที่ปรึกษาด้านการบริหารทรัพยากรบุคคลของสำนักงานประกันสังคม,16. โครงการจ้างที่ปรึกษาด้านการบริหารทรัพยากรบุคคลของสำนักงานประกันสังคม,2563,5,2563 | 2564 | 2565 | 2566 | 2567,ชื่อตรงกันทุกตัวอักษรหลังปรับรูป,จับคู่อัตโนมัติด้วยชื่อตรงกัน,,,,,450000.0,450000.0,2563-0174,DOC-BUD-2563,1.1ผลเบิกจ่ายปี 2563- final.pdf,6
ITM-0317,โครงการจ้างที่ปรึกษาด้านการพัฒนาและเสริมสร้างธรรมาภิบาลของสำนักงานประกันสังคม,17. โครงการจ้างที่ปรึกษาด้านการพัฒนาและเสริมสร้างธรรมาภิบาลของสำนักงานประกันสังคม,2563,5,2563 | 2564 | 2565 | 2566 | 2567,ชื่อตรงกันทุกตัวอักษรหลังปรับรูป,จับคู่อัตโนมัติด้วยชื่อตรงกัน,,,,,450000.0,450000.0,2563-0175,DOC-BUD-2563,1.1ผลเบิกจ่ายปี 2563- final.pdf,6
ITM-0181,- ค่าใช้สอย,- ค่าใช้สอย,2563,4,2563 | 2564 | 2565 | 2566,ชื่อตรงกันทุกตัวอักษรหลังปรับรูป,จับคู่อัตโนมัติด้วยชื่อตรงกัน,,,,,158471600.0,129948308.14,2563-0179,DOC-BUD-2563,1.1ผลเบิกจ่ายปี 2563- final.pdf,6
ITM-0367,โครงการบริหารสื่อออนไลน์และการสื่อสาร เพื่อส่งเสริมภาพลักษณ์สำนักงานประกันสังคม,1. โครงการบริหารสื่อออนไลน์และการสื่อสารเพื่อส่งเสริมภาพลักษณ์สำนักงานประกันสังคม,2563,3,2563 | 2565 | 2566,ชื่อตรงกันทุกตัวอักษรหลังปรับรูป,จับคู่อัตโนมัติด้วยชื่อตรงกัน,,,,,25320000.0,,2563-0180,DOC-BUD-2563,1.1ผลเบิกจ่ายปี 2563- final.pdf,6
ITM-0357,โครงการบริการข้อมูลประกันสังคม Contact Center 1506 สู่เป้าหมายรายบุคคล,2. โครงการบริการข้อมูลประกันสังคม Contact Center 1506 สู่เป้าหมายรายบุคคล,2563,5,2563 | 2564 | 2565 | 2566 | 2567,ชื่อตรงกันทุกตัวอักษรหลังปรับรูป,จับคู่อัตโนมัติด้วยชื่อตรงกัน,,,,,6520100.0,,2563-0181,DOC-BUD-2563,1.1ผลเบิกจ่ายปี 2563- final.pdf,6
ITM-0359,โครงการบริการส่งข้อความสั้นทางโทรศัพท์มือถือ Short Message Service (SMS),3. โครงการบริการส่งข้อความสั้นทางโทรศัพท์มือถือ Short Message Service (SMS),2563,2,2563 | 2564,ชื่อตรงกันทุกตัวอักษรหลังปรับรูป,ชื่อตรงกันข้ามปี และยังมีรายการชื่อคล้ายกันให้ตรวจเพิ่ม,ITM-0360,โครงการบริการส่งข้อความสั้นทางโทรศัพท์มือถือ short Message Service (SMS),98.5,2566 | 2567,4507500.0,1825257.36,2563-0182,DOC-BUD-2563,1.1ผลเบิกจ่ายปี 2563- final.pdf,6
ITM-0497,โครงการเช่าบริการศูนย์บริการข้อมูลประกันสังคม Contact Center 1506,4. โครงการเช่าบริการศูนย์บริการข้อมูลประกันสังคม Contact Center 1506,2563,2,2563 | 2564,ชื่อตรงกันทุกตัวอักษรหลังปรับรูป,จับคู่อัตโนมัติด้วยชื่อตรงกัน,,,,,122124000.0,128123050.78,2563-0183,DOC-BUD-2563,1.1ผลเบิกจ่ายปี 2563- final.pdf,6
ITM-0516,โครงการเพิ่มประสิทธิภาพในงานด้านคณิตศาสตร์ประกันภัย,- โครงการเพิ่มประสิทธิภาพในงานด้านคณิตศาสตร์ประกันภัย,2563,3,2563 | 2564 | 2565,ชื่อตรงกันทุกตัวอักษรหลังปรับรูป,จับคู่อัตโนมัติด้วยชื่อตรงกัน,,,,,9827000.0,9947460.0,2563-0185,DOC-BUD-2563,1.1ผลเบิกจ่ายปี 2563- final.pdf,6
ITM-0480,โครงการส่งเสริมการจ้างงานผู้สูงอายุเข้าทำงานกับสำนักงานประกันสังคม,1. โครงการส่งเสริมการจ้างงานผู้สูงอายุเข้าทำงานกับสำนักงานประกันสังคม,2563,5,2563 | 2564 | 2565 | 2566 | 2567,ชื่อตรงกันทุกตัวอักษรหลังปรับรูป,จับคู่อัตโนมัติด้วยชื่อตรงกัน,,,,,28155600.0,25792263.3,2563-0191,DOC-BUD-2563,1.1ผลเบิกจ่ายปี 2563- final.pdf,6
ITM-0483,โครงการส่งเสริมสุขภาพป้องกันโรคเชิงรุก,2. โครงการส่งเสริมสุขภาพป้องกันโรคเชิงรุก,2563,3,2563 | 2564 | 2565,ชื่อตรงกันทุกตัวอักษรหลังปรับรูป,จับคู่อัตโนมัติด้วยชื่อตรงกัน,,,,,5960000.0,5412312.88,2563-0192,DOC-BUD-2563,1.1ผลเบิกจ่ายปี 2563- final.pdf,6
ITM-0380,โครงการประชุมชี้แจงสถานพยาบาลและเจ้าหน้าที่ประกันสังคมเกี่ยวกับข้อมูล การใช้บริการทางการแพทย์ของผู้ประกันตนและการตรวจสอบข้อมูล,3. โครงการประชุมชี้แจงสถานพยาบาลและเจ้าหน้าที่ประกันสังคมเกี่ยวกับข้อมูล การใช้บริการทางการแพทย์ของผู้ประกันตนและการตรวจสอบข้อมูล,2563,1,2563,ชื่อตรงกันทุกตัวอักษรหลังปรับรูป,พบปีเดียว ยังไม่ยืนยันการจับคู่ข้ามปี,,,,,558800.0,111800.0,2563-0193,DOC-BUD-2563,1.1ผลเบิกจ่ายปี 2563- final.pdf,6
ITM-0160,ค่าใช้จ่ายในการจัดประชุมวิชาการประกันสังคม ปี 2563,4. ค่าใช้จ่ายในการจัดประชุมวิชาการประกันสังคม ปี 2563,2563,1,2563,ชื่อตรงกันทุกตัวอักษรหลังปรับรูป,พบปีเดียว ยังไม่ยืนยันการจับคู่ข้ามปี,,,,,969600.0,852962.0,2563-0194,DOC-BUD-2563,1.1ผลเบิกจ่ายปี 2563- final.pdf,6
ITM-0161,ค่าใช้จ่ายในการจัดประชุม อบรม สัมมนาและค่าอาหารว่าง,5. ค่าใช้จ่ายในการจัดประชุม อบรม สัมมนาและค่าอาหารว่าง,2563,5,2563 | 2564 | 2565 | 2566 | 2567,ชื่อตรงกันทุกตัวอักษรหลังปรับรูป,จับคู่อัตโนมัติด้วยชื่อตรงกัน,,,,,69687400.0,53391484.1,2563-0195,DOC-BUD-2563,1.1ผลเบิกจ่ายปี 2563- final.pdf,6
ITM-0163,ค่าใช้จ่ายในการจัดฝึกอบรม สัมมนา และค่าอาหารว่าง,5.1 ค่าใช้จ่ายในการจัดฝึกอบรม สัมมนา และค่าอาหารว่าง,2563,5,2563 | 2564 | 2565 | 2566 | 2567,ชื่อตรงกันทุกตัวอักษรหลังปรับรูป,จับคู่อัตโนมัติด้วยชื่อตรงกัน,,,,,41189300.0,29756110.8,2563-0196,DOC-BUD-2563,1.1ผลเบิกจ่ายปี 2563- final.pdf,6
ITM-0486,โครงการอบรมข้าราชการบรรจุใหม่ของ สปส.,1. โครงการอบรมข้าราชการบรรจุใหม่ของ สปส.,2563,5,2563 | 2564 | 2565 | 2566 | 2567,ชื่อตรงกันทุกตัวอักษรหลังปรับรูป,จับคู่อัตโนมัติด้วยชื่อตรงกัน,,,,,3084000.0,1706147.5,2563-0197,DOC-BUD-2563,1.1ผลเบิกจ่ายปี 2563- final.pdf,6
ITM-0449,โครงการพัฒนาสมรรถนะข้าราชการรัดบปฏิบัติการ,2. โครงการพัฒนาสมรรถนะข้าราชการรัดบปฏิบัติการ,2563,2,2563 | 2564,ชื่อตรงกันทุกตัวอักษรหลังปรับรูป,จับคู่อัตโนมัติด้วยชื่อตรงกัน,,,,,850000.0,840000.0,2563-0198,DOC-BUD-2563,1.1ผลเบิกจ่ายปี 2563- final.pdf,6
ITM-0430,โครงการพัฒนาทักษะเพื่อเพิ่มความเชี่ยวชาญในสายงาน เพื่อสร้างความเป็นมืออาชีพ,3. โครงการพัฒนาทักษะเพื่อเพิ่มความเชี่ยวชาญในสายงาน เพื่อสร้างความเป็นมืออาชีพ,2563,1,2563,ชื่อตรงกันทุกตัวอักษรหลังปรับรูป,พบปีเดียว ยังไม่ยืนยันการจับคู่ข้ามปี,,,,,850000.0,840000.0,2563-0199,DOC-BUD-2563,1.1ผลเบิกจ่ายปี 2563- final.pdf,6
ITM-0355,โครงการนักบริหารประกันสังคม ระดับต้น,4. โครงการนักบริหารประกันสังคม ระดับต้น,2563,2,2563 | 2564,ชื่อตรงกันทุกตัวอักษรหลังปรับรูป,จับคู่อัตโนมัติด้วยชื่อตรงกัน,,,,,2360000.0,2268000.0,2563-0200,DOC-BUD-2563,1.1ผลเบิกจ่ายปี 2563- final.pdf,6
ITM-0353,โครงการนักบริหารประกันสังคม ระดับกลาง,5. โครงการนักบริหารประกันสังคม ระดับกลาง,2563,2,2563 | 2564,ชื่อตรงกันทุกตัวอักษรหลังปรับรูป,จับคู่อัตโนมัติด้วยชื่อตรงกัน,,,,,3000000.0,2875000.0,2563-0201,DOC-BUD-2563,1.1ผลเบิกจ่ายปี 2563- final.pdf,7
ITM-0446,โครงการพัฒนาศักยภาพผู้นำ ระดับชำนาญการพิเศษ The Leadership Dynamic Program,6. โครงการพัฒนาศักยภาพผู้นำ ระดับชำนาญการพิเศษ The Leadership Dynamic Program,2563,2,2563 | 2564,ชื่อตรงกันทุกตัวอักษรหลังปรับรูป,จับคู่อัตโนมัติด้วยชื่อตรงกัน,,,,,1750000.0,960000.0,2563-0202,DOC-BUD-2563,1.1ผลเบิกจ่ายปี 2563- final.pdf,7
ITM-0474,โครงการสัมมนาผู้บริหารสำนักงานประกันสังคม,7. โครงการสัมมนาผู้บริหารสำนักงานประกันสังคม,2563,5,2563 | 2564 | 2565 | 2566 | 2567,ชื่อตรงกันทุกตัวอักษรหลังปรับรูป,จับคู่อัตโนมัติด้วยชื่อตรงกัน,,,,,3174000.0,1113142.0,2563-0203,DOC-BUD-2563,1.1ผลเบิกจ่ายปี 2563- final.pdf,7
ITM-0356,โครงการนักปฏิบัติการประกันสังคมต้นแบบ Social Security Model Officers,8. โครงการนักปฏิบัติการประกันสังคมต้นแบบ Social Security Model Officers,2563,3,2563 | 2564 | 2565,ชื่อตรงกันทุกตัวอักษรหลังปรับรูป,จับคู่อัตโนมัติด้วยชื่อตรงกัน,,,,,3311000.0,894200.0,2563-0204,DOC-BUD-2563,1.1ผลเบิกจ่ายปี 2563- final.pdf,7
ITM-0369,โครงการบุคลากรประกันสังคมต้นแบบ,9. โครงการบุคลากรประกันสังคมต้นแบบ,2563,3,2563 | 2564 | 2565,ชื่อตรงกันทุกตัวอักษรหลังปรับรูป,จับคู่อัตโนมัติด้วยชื่อตรงกัน,,,,,3311000.0,1162980.0,2563-0205,DOC-BUD-2563,1.1ผลเบิกจ่ายปี 2563- final.pdf,7
ITM-0421,โครงการพนักงานประกันสังคมบรรจุใหม่,10. โครงการพนักงานประกันสังคมบรรจุใหม่,2563,1,2563,ชื่อตรงกันทุกตัวอักษรหลังปรับรูป,พบปีเดียว ยังไม่ยืนยันการจับคู่ข้ามปี,,,,,618000.0,456279.5,2563-0206,DOC-BUD-2563,1.1ผลเบิกจ่ายปี 2563- final.pdf,7
ITM-0503,โครงการเตรียมพร้อมก่อนเกษียณพนักงานกองทุนประกันสังคม,11. โครงการเตรียมพร้อมก่อนเกษียณพนักงานกองทุนประกันสังคม,2563,1,2563,ชื่อตรงกันทุกตัวอักษรหลังปรับรูป,พบปีเดียว ยังไม่ยืนยันการจับคู่ข้ามปี,,,,,445200.0,239060.0,2563-0207,DOC-BUD-2563,1.1ผลเบิกจ่ายปี 2563- final.pdf,7
ITM-0428,โครงการพัฒนาทักษะภาษาต่างประเทศ,12. โครงการพัฒนาทักษะภาษาต่างประเทศ,2563,5,2563 | 2564 | 2565 | 2566 | 2567,ชื่อตรงกันทุกตัวอักษรหลังปรับรูป,จับคู่อัตโนมัติด้วยชื่อตรงกัน,,,,,2500000.0,2478800.0,2563-0208,DOC-BUD-2563,1.1ผลเบิกจ่ายปี 2563- final.pdf,7
ITM-0517,โครงการเพิ่มสมรรถนะบุคลากรประกันสังคม และสร้างความผูกพันในองค์กร,13. โครงการเพิ่มสมรรถนะบุคลากรประกันสังคม และสร้างความผูกพันในองค์กร,2563,2,2563 | 2564,ชื่อตรงกันทุกตัวอักษรหลังปรับรูป,จับคู่อัตโนมัติด้วยชื่อตรงกัน,,,,,4710000.0,4704000.0,2563-0209,DOC-BUD-2563,1.1ผลเบิกจ่ายปี 2563- final.pdf,7
ITM-0250,โครงการ Service Mind : การพัฒนาศักยภาพเจ้าหน้าที่ผู้ปฏิบัติงานด้านบริการ,14. โครงการ Service Mind : การพัฒนาศักยภาพเจ้าหน้าที่ผู้ปฏิบัติงานด้านบริการ,2563,2,2563 | 2564,ชื่อตรงกันทุกตัวอักษรหลังปรับรูป,จับคู่อัตโนมัติด้วยชื่อตรงกัน,,,,,691000.0,457790.0,2563-0210,DOC-BUD-2563,1.1ผลเบิกจ่ายปี 2563- final.pdf,7
ITM-0416,โครงการฝึกอบรมหลักสูตร การเพิ่มทักษะและศัยภาพการตรวจสอบภายใน,15. โครงการฝึกอบรมหลักสูตร การเพิ่มทักษะและศัยภาพการตรวจสอบภายใน,2563,1,2563,ชื่อตรงกันทุกตัวอักษรหลังปรับรูป,พบปีเดียว ยังไม่ยืนยันการจับคู่ข้ามปี,,,,,121300.0,85440.0,2563-0211,DOC-BUD-2563,1.1ผลเบิกจ่ายปี 2563- final.pdf,7
ITM-0340,โครงการดำเนินการทางวินัยสำหรับเจ้าหน้าที่สำนักงานประกันสังคม พ.ศ. 2565,16. โครงการดำเนินการทางวินัยสำหรับเจ้าหน้าที่สำนักงานประกันสังคม,2563,2,2563 | 2565,ชื่อตรงกันทุกตัวอักษรหลังปรับรูป,ชื่อตรงกันข้ามปี และยังมีรายการชื่อคล้ายกันให้ตรวจเพิ่ม,ITM-0003,การดำเนินการทางวินัยสำหรับเจ้าหน้าที่สำนักงานประกันสังคม พ.ศ. 2564,96.6,2564,662000.0,501500.0,2563-0212,DOC-BUD-2563,1.1ผลเบิกจ่ายปี 2563- final.pdf,7
ITM-0482,โครงการส่งเสริมงานบริการด้าน HR ที่มีประสิทธิภาพ,17. โครงการส่งเสริมงานบริการด้าน HR ที่มีประสิทธิภาพ,2563,1,2563,ชื่อตรงกันทุกตัวอักษรหลังปรับรูป,พบปีเดียว ยังไม่ยืนยันการจับคู่ข้ามปี,,,,,819100.0,479680.0,2563-0213,DOC-BUD-2563,1.1ผลเบิกจ่ายปี 2563- final.pdf,7
ITM-0365,โครงการบริหารจัดการขั้นตอนการอุทธรณ์ตามพระราชบัญญัติประกันสังคม พ.ศ. 2533,18. โครงการบริหารจัดการขั้นตอนการอุทธรณ์ตามพระราชบัญญัติประกันสังคม พ.ศ. 2533,2563,1,2563,ชื่อตรงกันทุกตัวอักษรหลังปรับรูป,พบปีเดียว ยังไม่ยืนยันการจับคู่ข้ามปี,,,,,584800.0,499200.0,2563-0214,DOC-BUD-2563,1.1ผลเบิกจ่ายปี 2563- final.pdf,7
ITM-0417,"โครงการฝึกอบรมหลักสูตร ""แนวทางการพัฒนาบริการภาครัฐ""","19. โครงการฝึกอบรมหลักสูตร ""แนวทางการพัฒนาบริการภาครัฐ""",2563,2,2563 | 2564,ชื่อตรงกันทุกตัวอักษรหลังปรับรูป,จับคู่อัตโนมัติด้วยชื่อตรงกัน,,,,,62000.0,61000.0,2563-0215,DOC-BUD-2563,1.1ผลเบิกจ่ายปี 2563- final.pdf,7
ITM-0453,โครงการพัฒนาสมรรถนะบุคลากรด้านการเงินและการบัญชี,20. โครงการพัฒนาสมรรถนะบุคลากรด้านการเงินและการบัญชี,2563,1,2563,ชื่อตรงกันทุกตัวอักษรหลังปรับรูป,พบปีเดียว ยังไม่ยืนยันการจับคู่ข้ามปี,,,,,1181800.0,896472.0,2563-0216,DOC-BUD-2563,1.1ผลเบิกจ่ายปี 2563- final.pdf,7
ITM-0489,โครงการอบรมเชิงปฏิบัติการเพื่อการเพิ่มประสิทธิภาพงานวินิจฉัยประโยชน์ทดแทน,21. โครงการอบรมเชิงปฏิบัติการเพื่อการเพิ่มประสิทธิภาพงานวินิจฉัยประโยชน์ทดแทน,2563,4,2563 | 2565 | 2566 | 2567,ชื่อตรงกันทุกตัวอักษรหลังปรับรูป,ชื่อตรงกันข้ามปี และยังมีรายการชื่อคล้ายกันให้ตรวจเพิ่ม,ITM-0227,อบรมเชิงปฏิบัติการเพื่อการเพิ่มประสิทธิภาพงานวินิจฉัยประโยชน์ทดแทน,95.0,2564,973800.0,901110.0,2563-0217,DOC-BUD-2563,1.1ผลเบิกจ่ายปี 2563- final.pdf,7
ITM-0384,โครงการประชุมเชิงปฏิบัติการบริหารจัดการความเสี่ยงด้านงานประโยชน์ทดแทน,22. โครงการประชุมเชิงปฏิบัติการบริหารจัดการความเสี่ยงด้านงานประโยชน์ทดแทน,2563,4,2563 | 2565 | 2566 | 2567,ชื่อตรงกันทุกตัวอักษรหลังปรับรูป,ชื่อตรงกันข้ามปี และยังมีรายการชื่อคล้ายกันให้ตรวจเพิ่ม,ITM-0200,ประชุมเชิงปฏิบัติการบริหารจัดการความเสี่ยงด้านงานประโยชน์ทดแทน,94.7,2564,240000.0,,2563-0218,DOC-BUD-2563,1.1ผลเบิกจ่ายปี 2563- final.pdf,7
ITM-0420,โครงการฝึกอบรมเชิงปฏิบัติการติดตามผลการตรวจสอบสถานประกอบการ ผ่านระบบสารสนเทศ,23. โครงการฝึกอบรมเชิงปฏิบัติการติดตามผลการตรวจสอบสถานประกอบการ ผ่านระบบสารสนเทศ,2563,1,2563,ชื่อตรงกันทุกตัวอักษรหลังปรับรูป,พบปีเดียว ยังไม่ยืนยันการจับคู่ข้ามปี,,,,,331600.0,279120.8,2563-0219,DOC-BUD-2563,1.1ผลเบิกจ่ายปี 2563- final.pdf,7
ITM-0454,โครงการพัฒนาสมรรถนะบุคลากรด้านเทคโนโลยีสารสนเทศและความมั่นคง ปลอดภัยด้านสารสนเทศ,24. โครงการพัฒนาสมรรถนะบุคลากรด้านเทคโนโลยีสารสนเทศและความมั่นคง ปลอดภัยด้านสารสนเทศ,2563,2,2563 | 2564,ชื่อตรงกันทุกตัวอักษรหลังปรับรูป,จับคู่อัตโนมัติด้วยชื่อตรงกัน,,,,,507000.0,363440.0,2563-0220,DOC-BUD-2563,1.1ผลเบิกจ่ายปี 2563- final.pdf,7
ITM-0450,โครงการพัฒนาสมรรถนะบุคลากรด้านการบริหารงานงบประมาณ และแผนปฏิบัติราชการ,25. โครงการพัฒนาสมรรถนะบุคลากรด้านการบริหารงานงบประมาณ และแผนปฏิบัติราชการ,2563,5,2563 | 2564 | 2565 | 2566 | 2567,ชื่อตรงกันทุกตัวอักษรหลังปรับรูป,จับคู่อัตโนมัติด้วยชื่อตรงกัน,,,,,1421700.0,1250680.0,2563-0221,DOC-BUD-2563,1.1ผลเบิกจ่ายปี 2563- final.pdf,7
ITM-0388,โครงการปรับกระบวนงานการจัดทำแฟ้มนายจ้างอิเล็กทรอนิกส์และอบรม เชิงปฏิบัติการแก่เจ้าหน้าที่ผู้ปฏิบัติงานเพื่อจัดทำแฟ้มนายจ้างอิเล็กทรอนิกส์,26. โครงการปรับกระบวนงานการจัดทำแฟ้มนายจ้างอิเล็กทรอนิกส์และอบรม เชิงปฏิบัติการแก่เจ้าหน้าที่ผู้ปฏิบัติงานเพื่อจัดทำแฟ้มนายจ้างอิเล็กทรอนิกส์,2563,1,2563,ชื่อตรงกันทุกตัวอักษรหลังปรับรูป,พบปีเดียว ยังไม่ยืนยันการจับคู่ข้ามปี,,,,,738000.0,689080.0,2563-0222,DOC-BUD-2563,1.1ผลเบิกจ่ายปี 2563- final.pdf,7
ITM-0445,โครงการพัฒนาศักยภาพบุคคลต้นแบบเพื่อเพิ่มประสิทธิภาพในการปฏิบัติงาน ประกันสังคมมาตรา 40 สู่ความเป็นเลิศ (Smart Stars M 40),27. โครงการพัฒนาศักยภาพบุคคลต้นแบบเพื่อเพิ่มประสิทธิภาพในการปฏิบัติงาน ประกันสังคมมาตรา 40 สู่ความเป็นเลิศ (Smart Stars M 40),2563,1,2563,ชื่อตรงกันทุกตัวอักษรหลังปรับรูป,พบปีเดียว ยังไม่ยืนยันการจับคู่ข้ามปี,,,,,489600.0,353464.0,2563-0223,DOC-BUD-2563,1.1ผลเบิกจ่ายปี 2563- final.pdf,7
ITM-0429,โครงการพัฒนาทักษะเจ้าหน้าที่ติดตามเร่งรัดหนี้ ตามโครงการลดหนี้ใหม่ใส่ใจหนี้เก่า,28. โครงการพัฒนาทักษะเจ้าหน้าที่ติดตามเร่งรัดหนี้ ตามโครงการลดหนี้ใหม่ใส่ใจหนี้เก่า,2563,1,2563,ชื่อตรงกันทุกตัวอักษรหลังปรับรูป,พบปีเดียว ยังไม่ยืนยันการจับคู่ข้ามปี,,,,,2402400.0,2400525.0,2563-0224,DOC-BUD-2563,1.1ผลเบิกจ่ายปี 2563- final.pdf,7
ITM-0520,โครงการเสริมสร้างสมรรถนะบุคลากรของสำนักงานประกันสังคม,5.2 โครงการเสริมสร้างสมรรถนะบุคลากรของสำนักงานประกันสังคม,2563,5,2563 | 2564 | 2565 | 2566 | 2567,ชื่อตรงกันทุกตัวอักษรหลังปรับรูป,จับคู่อัตโนมัติด้วยชื่อตรงกัน,,,,,25136000.0,21323760.8,2563-0225,DOC-BUD-2563,1.1ผลเบิกจ่ายปี 2563- final.pdf,7
ITM-0005,การฝึกอบรมทักษะด้านภาษาต่างประเทศเพื่อการปฏิบัติงาน,5.3 การฝึกอบรมทักษะด้านภาษาต่างประเทศเพื่อการปฏิบัติงาน,2563,3,2563 | 2564 | 2565,ชื่อตรงกันทุกตัวอักษรหลังปรับรูป,จับคู่อัตโนมัติด้วยชื่อตรงกัน,,,,,1179000.0,933614.0,2563-0226,DOC-BUD-2563,1.1ผลเบิกจ่ายปี 2563- final.pdf,7
ITM-0001,การจัดการความรู้สำนักงานประกันสังคม,5.3 การจัดการความรู้สำนักงานประกันสังคม,2563,5,2563 | 2564 | 2565 | 2566 | 2567,ชื่อตรงกันทุกตัวอักษรหลังปรับรูป,จับคู่อัตโนมัติด้วยชื่อตรงกัน,,,,,2183100.0,1377998.5,2563-0227,DOC-BUD-2563,1.1ผลเบิกจ่ายปี 2563- final.pdf,7
ITM-0162,ค่าใช้จ่ายในการจัดประชุม อบรมให้ความรู้งานประกันสังคม,6. ค่าใช้จ่ายในการจัดประชุม อบรมให้ความรู้งานประกันสังคม,2563,5,2563 | 2564 | 2565 | 2566 | 2567,ชื่อตรงกันทุกตัวอักษรหลังปรับรูป,จับคู่อัตโนมัติด้วยชื่อตรงกัน,,,,,10580000.0,10011606.83,2563-0228,DOC-BUD-2563,1.1ผลเบิกจ่ายปี 2563- final.pdf,7
ITM-0155,ค่าใช้จ่ายต่าง ๆ เพื่อเผยแพร่ความรู้เกี่ยวกับการประกันสังคม,7. ค่าใช้จ่ายต่าง ๆ เพื่อเผยแพร่ความรู้เกี่ยวกับการประกันสังคม,2563,5,2563 | 2564 | 2565 | 2566 | 2567,ชื่อตรงกันทุกตัวอักษรหลังปรับรูป,จับคู่อัตโนมัติด้วยชื่อตรงกัน,,,,,154800000.0,140823531.0,2563-0230,DOC-BUD-2563,1.1ผลเบิกจ่ายปี 2563- final.pdf,7
ITM-0192,จัดนิทรรศการวัรแงงานแห่งชาติ,1. จัดนิทรรศการวัรแงงานแห่งชาติ,2563,3,2563 | 2564 | 2565,ชื่อตรงกันทุกตัวอักษรหลังปรับรูป,ชื่อตรงกันข้ามปี และยังมีรายการชื่อคล้ายกันให้ตรวจเพิ่ม,ITM-0194,จ้างจัดนิทรรศการวัรแงงานแห่งชาติ,93.3,2566,1500000.0,,2563-0231,DOC-BUD-2563,1.1ผลเบิกจ่ายปี 2563- final.pdf,7
ITM-0207,ผลิตและออกอากาศสื่อโทรทัศน์,2. ผลิตและออกอากาศสื่อโทรทัศน์,2563,5,2563 | 2564 | 2565 | 2566 | 2567,ชื่อตรงกันทุกตัวอักษรหลังปรับรูป,จับคู่อัตโนมัติด้วยชื่อตรงกัน,,,,,35000000.0,30747413.0,2563-0232,DOC-BUD-2563,1.1ผลเบิกจ่ายปี 2563- final.pdf,7
ITM-0206,ผลิตและออกอากาศสื่อวิทยุ,3. ผลิตและออกอากาศสื่อวิทยุ,2563,5,2563 | 2564 | 2565 | 2566 | 2567,ชื่อตรงกันทุกตัวอักษรหลังปรับรูป,จับคู่อัตโนมัติด้วยชื่อตรงกัน,,,,,3500000.0,3167550.0,2563-0233,DOC-BUD-2563,1.1ผลเบิกจ่ายปี 2563- final.pdf,7
ITM-0205,ผลิตและประชาสัมพันธ์ทางสื่อสิ่งพิมพ์,4. ผลิตและประชาสัมพันธ์ทางสื่อสิ่งพิมพ์,2563,5,2563 | 2564 | 2565 | 2566 | 2567,ชื่อตรงกันทุกตัวอักษรหลังปรับรูป,จับคู่อัตโนมัติด้วยชื่อตรงกัน,,,,,8000000.0,6476500.0,2563-0234,DOC-BUD-2563,1.1ผลเบิกจ่ายปี 2563- final.pdf,7
ITM-0208,ผลิตและเผยแพร่ทางสื่อออนไลน์ () หรือสื่อสังคมออนไลน์ เว็บไซต์ (โซเซียลมีเดีย),5. ผลิตและเผยแพร่ทางสื่อออนไลน์ () หรือสื่อสังคมออนไลน์ เว็บไซต์ (โซเซียลมีเดีย),2563,1,2563,ชื่อตรงกันทุกตัวอักษรหลังปรับรูป,พบปีเดียว ยังไม่ยืนยันการจับคู่ข้ามปี,,,,,10000000.0,9356020.0,2563-0235,DOC-BUD-2563,1.1ผลเบิกจ่ายปี 2563- final.pdf,7
ITM-0210,ผลิตและเผยแพร่ประชาสัมพันธ์ป้าย Light Box,6. ผลิตและเผยแพร่ประชาสัมพันธ์ป้าย Light Box,2563,1,2563,ชื่อตรงกันทุกตัวอักษรหลังปรับรูป,พบปีเดียว ยังไม่ยืนยันการจับคู่ข้ามปี,,,,,3000000.0,,2563-0236,DOC-BUD-2563,1.1ผลเบิกจ่ายปี 2563- final.pdf,7
ITM-0204,ผลิตสื่อประชาสัมพันธ์เพื่อเผยแพร่ประชาสัมพันธ์ ส่งแรงงานกลับบ้าน,7. ผลิตสื่อประชาสัมพันธ์เพื่อเผยแพร่ประชาสัมพันธ์ ส่งแรงงานกลับบ้าน,2563,5,2563 | 2564 | 2565 | 2566 | 2567,ชื่อตรงกันทุกตัวอักษรหลังปรับรูป,จับคู่อัตโนมัติด้วยชื่อตรงกัน,,,,,500000.0,497000.0,2563-0237,DOC-BUD-2563,1.1ผลเบิกจ่ายปี 2563- final.pdf,7
ITM-0243,เผยแพร่ประชาสัมพันธ์สื่อ Digital billboard,8. เผยแพร่ประชาสัมพันธ์สื่อ Digital billboard,2563,1,2563,ชื่อตรงกันทุกตัวอักษรหลังปรับรูป,พบปีเดียว ยังไม่ยืนยันการจับคู่ข้ามปี,,,,,2000000.0,,2563-0238,DOC-BUD-2563,1.1ผลเบิกจ่ายปี 2563- final.pdf,7
ITM-0244,แผ่นพับประชาสัมพันธ์งานประกันสังคม,9. แผ่นพับประชาสัมพันธ์งานประกันสังคม,2563,3,2563 | 2564 | 2565,ชื่อตรงกันทุกตัวอักษรหลังปรับรูป,จับคู่อัตโนมัติด้วยชื่อตรงกัน,,,,,5000000.0,4980000.0,2563-0239,DOC-BUD-2563,1.1ผลเบิกจ่ายปี 2563- final.pdf,8
ITM-0203,ผลิตสื่อประชาสัมพันธ์เพื่อเผยแพร่ประชาสัมพันธ์ ประเภทของรางวัล,10. ผลิตสื่อประชาสัมพันธ์เพื่อเผยแพร่ประชาสัมพันธ์ ประเภทของรางวัล,2563,1,2563,ชื่อตรงกันทุกตัวอักษรหลังปรับรูป,พบปีเดียว ยังไม่ยืนยันการจับคู่ข้ามปี,,,,,3000000.0,3000000.0,2563-0240,DOC-BUD-2563,1.1ผลเบิกจ่ายปี 2563- final.pdf,8
ITM-0198,ตรวจตัดข่าว ผ่านสื่อสิ่งพิมพ์ และสื่อออนไลน์,11. ตรวจตัดข่าว ผ่านสื่อสิ่งพิมพ์ และสื่อออนไลน์,2563,5,2563 | 2564 | 2565 | 2566 | 2567,ชื่อตรงกันทุกตัวอักษรหลังปรับรูป,จับคู่อัตโนมัติด้วยชื่อตรงกัน,,,,,500000.0,499048.0,2563-0241,DOC-BUD-2563,1.1ผลเบิกจ่ายปี 2563- final.pdf,8
ITM-0190,จัดทำปฏิทินประกันสังคม ประจำปี 2566,12. จัดทำปฏิทินประกันสังคม ประจำปี 2564,2563,3,2563 | 2564 | 2565,ชื่อตรงกันทุกตัวอักษรหลังปรับรูป,จับคู่อัตโนมัติด้วยชื่อตรงกัน,,,,,55000000.0,54310000.0,2563-0242,DOC-BUD-2563,1.1ผลเบิกจ่ายปี 2563- final.pdf,8
ITM-0225,วารสารประกันสังคม ปี 2563,13. วารสารประกันสังคม ปี 2563,2563,1,2563,ชื่อตรงกันทุกตัวอักษรหลังปรับรูป,พบปีเดียว ยังไม่ยืนยันการจับคู่ข้ามปี,,,,,24000000.0,24000000.0,2563-0243,DOC-BUD-2563,1.1ผลเบิกจ่ายปี 2563- final.pdf,8
ITM-0201,ผลิตวัสดุประชาสัมพันธ์วันแรงงานแห่งชาติ,14. ผลิตวัสดุประชาสัมพันธ์วันแรงงานแห่งชาติ ปี 2563,2563,5,2563 | 2564 | 2565 | 2566 | 2567,ชื่อตรงกันทุกตัวอักษรหลังปรับรูป,จับคู่อัตโนมัติด้วยชื่อตรงกัน,,,,,3800000.0,3790000.0,2563-0244,DOC-BUD-2563,1.1ผลเบิกจ่ายปี 2563- final.pdf,8
ITM-0002,การจัดส่งข้าราชการและพนักงานสำนักงานประกันสังคมเข้ารับ การอบรมด้านวิชาการที่หน่วยงานภายนอกเป็นผู้จัด,8. การจัดส่งข้าราชการและพนักงานสำนักงานประกันสังคมเข้ารับ การอบรมด้านวิชาการที่หน่วยงานภายนอกเป็นผู้จัด,2563,5,2563 | 2564 | 2565 | 2566 | 2567,ชื่อตรงกันทุกตัวอักษรหลังปรับรูป,จับคู่อัตโนมัติด้วยชื่อตรงกัน,,,,,5839000.0,2524488.0,2563-0245,DOC-BUD-2563,1.1ผลเบิกจ่ายปี 2563- final.pdf,8
ITM-0008,การอบรมเชิงปฏิบัติการแก่นายจ้างเพื่อจัดทำข้อมูลและจ่ายเงินสมทบ กองทุนประกันสงคมผ่านระบบอิเล็กทรอนิกส์ (e-Payment),9. การอบรมเชิงปฏิบัติการแก่นายจ้างเพื่อจัดทำข้อมูลและจ่ายเงินสมทบ กองทุนประกันสงคมผ่านระบบอิเล็กทรอนิกส์ (e-Payment),2563,2,2563 | 2564,ชื่อตรงกันทุกตัวอักษรหลังปรับรูป,ชื่อตรงกันข้ามปี และยังมีรายการชื่อคล้ายกันให้ตรวจเพิ่ม,ITM-0491,โครงการอบรมเชิงปฏิบัติการแก่นายจ้างเพื่อจัดทำข้อมูลและจ่ายเงินสมทบ กองทุนประกันสงคมผ่านระบบอิเล็กทรอนิกส์ (e-Payment),98.2,2565 | 2566 | 2567,3470000.0,2879569.08,2563-0246,DOC-BUD-2563,1.1ผลเบิกจ่ายปี 2563- final.pdf,8
ITM-0528,โครงการให้ความรู้ด้านการประกันสังคมแก่แรงงานต่างด้าว (Mini Office),10. โครงการให้ความรู้ด้านการประกันสังคมแก่แรงงานต่างด้าว (Mini Office),2563,1,2563,ชื่อตรงกันทุกตัวอักษรหลังปรับรูป,พบปีเดียว ยังไม่ยืนยันการจับคู่ข้ามปี,,,,,600000.0,498735.45,2563-0247,DOC-BUD-2563,1.1ผลเบิกจ่ายปี 2563- final.pdf,8
ITM-0475,โครงการสำนักงานบัญชีคุณภาพกับงานประกันสังคม,11. โครงการสำนักงานบัญชีคุณภาพกับงานประกันสังคม,2563,1,2563,ชื่อตรงกันทุกตัวอักษรหลังปรับรูป,พบปีเดียว ยังไม่ยืนยันการจับคู่ข้ามปี,,,,,175000.0,136438.0,2563-0248,DOC-BUD-2563,1.1ผลเบิกจ่ายปี 2563- final.pdf,8
ITM-0348,โครงการตรวจสอบสถานประกอบการเพื่อป้องกันการแสวงประโยชน์ จากการใช้แรงงานและกองทุน,12. โครงการตรวจสอบสถานประกอบการเพื่อป้องกันการแสวงประโยชน์ จากการใช้แรงงานและกองทุน,2563,5,2563 | 2564 | 2565 | 2566 | 2567,ชื่อตรงกันทุกตัวอักษรหลังปรับรูป,จับคู่อัตโนมัติด้วยชื่อตรงกัน,,,,,376700.0,309973.0,2563-0249,DOC-BUD-2563,1.1ผลเบิกจ่ายปี 2563- final.pdf,8
ITM-0507,โครงการเผยแพร่ประชาสัมพันธ์ความรู้เรื่องการประกันสังคมสู่สถานศึกษา,13. โครงการเผยแพร่ประชาสัมพันธ์ความรู้เรื่องการประกันสังคมสู่สถานศึกษา,2563,2,2563 | 2564,ชื่อตรงกันทุกตัวอักษรหลังปรับรูป,จับคู่อัตโนมัติด้วยชื่อตรงกัน,,,,,3290000.0,2973725.78,2563-0250,DOC-BUD-2563,1.1ผลเบิกจ่ายปี 2563- final.pdf,8
ITM-0470,โครงการ สปส.มอบสุข,14. โครงการ สปส.มอบสุข,2563,5,2563 | 2564 | 2565 | 2566 | 2567,ชื่อตรงกันทุกตัวอักษรหลังปรับรูป,จับคู่อัตโนมัติด้วยชื่อตรงกัน,,,,,3400000.0,3270000.0,2563-0251,DOC-BUD-2563,1.1ผลเบิกจ่ายปี 2563- final.pdf,8
ITM-0478,โครงการสื่อสารสร้างการรับรู้งานประกันสังคม,15. โครงการสื่อสารสร้างการรับรู้งานประกันสังคม,2563,1,2563,ชื่อตรงกันทุกตัวอักษรหลังปรับรูป,พบปีเดียว ยังไม่ยืนยันการจับคู่ข้ามปี,,,,,4000000.0,880560.0,2563-0252,DOC-BUD-2563,1.1ผลเบิกจ่ายปี 2563- final.pdf,8
ITM-0378,โครงการประชาสัมพันธ์องค์กรผ่านกิจกรรม CSR,16. โครงการประชาสัมพันธ์องค์กรผ่านกิจกรรม CSR,2563,1,2563,ชื่อตรงกันทุกตัวอักษรหลังปรับรูป,พบปีเดียว ยังไม่ยืนยันการจับคู่ข้ามปี,,,,,150000.0,,2563-0253,DOC-BUD-2563,1.1ผลเบิกจ่ายปี 2563- final.pdf,8
ITM-0293,โครงการจัดนิทรรศการและแถลงข่าวงานประกันสังคม,17. โครงการจัดนิทรรศการและแถลงข่าวงานประกันสังคม,2563,5,2563 | 2564 | 2565 | 2566 | 2567,ชื่อตรงกันทุกตัวอักษรหลังปรับรูป,จับคู่อัตโนมัติด้วยชื่อตรงกัน,,,,,2000000.0,2300160.0,2563-0254,DOC-BUD-2563,1.1ผลเบิกจ่ายปี 2563- final.pdf,8
ITM-0496,โครงการออกหน่วยเคลื่อนที่บริการเบ็ดเสร็จ Service Delivery Unit,18. โครงการออกหน่วยเคลื่อนที่บริการเบ็ดเสร็จ Service Delivery Unit,2563,5,2563 | 2564 | 2565 | 2566 | 2567,ชื่อตรงกันทุกตัวอักษรหลังปรับรูป,จับคู่อัตโนมัติด้วยชื่อตรงกัน,,,,,8008600.0,3191288.0,2563-0255,DOC-BUD-2563,1.1ผลเบิกจ่ายปี 2563- final.pdf,8
ITM-0245,โครงการ 1 ตำบล 1 หมู่บ้าน ประกันสังคมทั่วไทย,19. โครงการ 1 ตำบล 1 หมู่บ้าน ประกันสังคมทั่วไทย,2563,2,2563 | 2564,ชื่อตรงกันทุกตัวอักษรหลังปรับรูป,จับคู่อัตโนมัติด้วยชื่อตรงกัน,,,,,505500.0,429520.0,2563-0256,DOC-BUD-2563,1.1ผลเบิกจ่ายปี 2563- final.pdf,8
ITM-0448,โครงการพัฒนาศักยภาพแกนนำเครือข่ายประกันสังคม,20. โครงการพัฒนาศักยภาพแกนนำเครือข่ายประกันสังคม,2563,5,2563 | 2564 | 2565 | 2566 | 2567,ชื่อตรงกันทุกตัวอักษรหลังปรับรูป,จับคู่อัตโนมัติด้วยชื่อตรงกัน,,,,,3088500.0,2828244.95,2563-0257,DOC-BUD-2563,1.1ผลเบิกจ่ายปี 2563- final.pdf,8
ITM-0373,โครงการประกันสังคมทั่วไทยสู่แรงงานภาคอิสระ,21. โครงการประกันสังคมทั่วไทยสู่แรงงานภาคอิสระ,2563,5,2563 | 2564 | 2565 | 2566 | 2567,ชื่อตรงกันทุกตัวอักษรหลังปรับรูป,จับคู่อัตโนมัติด้วยชื่อตรงกัน,,,,,2227900.0,992845.0,2563-0258,DOC-BUD-2563,1.1ผลเบิกจ่ายปี 2563- final.pdf,8
ITM-0465,โครงการศึกษาวิเคราะห์ทบทวนบทบาทภารกิจและรูปแบบการให้บริการ ของสำนักงานประกันสังคมจังหวัดสาขา,22. โครงการศึกษาวิเคราะห์ทบทวนบทบาทภารกิจและรูปแบบการให้บริการ ของสำนักงานประกันสังคมจังหวัดสาขา,2563,1,2563,ชื่อตรงกันทุกตัวอักษรหลังปรับรูป,พบปีเดียว ยังไม่ยืนยันการจับคู่ข้ามปี,,,,,104800.0,102875.0,2563-0259,DOC-BUD-2563,1.1ผลเบิกจ่ายปี 2563- final.pdf,8
ITM-0426,"โครงการพัฒนาคุณภาพการบริหารจัดการของสำนักงานประกันสังคม ""ก้าวสู่ระบบ ราชการ 4.0 อย่างงยั่งยืน ตามเกณฑ์คุณภาพการบริหารจัดการภาครัฐ (PMQA 4.0)","23. โครงการพัฒนาคุณภาพการบริหารจัดการของสำนักงานประกันสังคม ""ก้าวสู่ระบบ ราชการ 4.0 อย่างงยั่งยืน ตามเกณฑ์คุณภาพการบริหารจัดการภาครัฐ (PMQA 4.0)",2563,1,2563,ชื่อตรงกันทุกตัวอักษรหลังปรับรูป,พบปีเดียว ยังไม่ยืนยันการจับคู่ข้ามปี,,,,,585700.0,535255.0,2563-0260,DOC-BUD-2563,1.1ผลเบิกจ่ายปี 2563- final.pdf,8
ITM-0352,โครงการทบทวนโครงสร้างองค์กรและรูปแบบการดำเนินงานให้ทันสมัยรองรับ การเปลี่ยนแปลง พร้อมก้าวสู่ระบบราชการ 4.0,24. โครงการทบทวนโครงสร้างองค์กรและรูปแบบการดำเนินงานให้ทันสมัยรองรับ การเปลี่ยนแปลง พร้อมก้าวสู่ระบบราชการ 4.0,2563,2,2563 | 2564,ชื่อตรงกันทุกตัวอักษรหลังปรับรูป,จับคู่อัตโนมัติด้วยชื่อตรงกัน,,,,,42700.0,27250.0,2563-0261,DOC-BUD-2563,1.1ผลเบิกจ่ายปี 2563- final.pdf,8
ITM-0265,โครงการขับเคลื่อนให้เกิดการสร้างวัฒนธรรมองค์กร,25. โครงการขับเคลื่อนให้เกิดการสร้างวัฒนธรรมองค์กร,2563,2,2563 | 2564,ชื่อตรงกันทุกตัวอักษรหลังปรับรูป,จับคู่อัตโนมัติด้วยชื่อตรงกัน,,,,,59900.0,59900.0,2563-0262,DOC-BUD-2563,1.1ผลเบิกจ่ายปี 2563- final.pdf,8
ITM-0461,โครงการรับฟังความคิดเห็นการปรับปรุงแก้ไขกฎหมาย พระราชบัญญัติประกันสังคม พระราชบัญญัติเงินทดแทน กฎ ระเบียบ ประกาศ เพื่อรองรับความเปลี่ยนแปลง,26. โครงการรับฟังความคิดเห็นการปรับปรุงแก้ไขกฎหมาย พระราชบัญญัติประกันสังคม พระราชบัญญัติเงินทดแทน กฎ ระเบียบ ประกาศ เพื่อรองรับความเปลี่ยนแปลง,2563,1,2563,ชื่อตรงกันทุกตัวอักษรหลังปรับรูป,พบปีเดียว ยังไม่ยืนยันการจับคู่ข้ามปี,,,,,353600.0,,2563-0263,DOC-BUD-2563,1.1ผลเบิกจ่ายปี 2563- final.pdf,8
ITM-0364,โครงการบริจาคโลหิต เนื่องในโอกาสครบรอบ 30 ปี ประกันสังคม,27. โครงการบริจาคโลหิต เนื่องในโอกาสครบรอบ 30 ปี ประกันสังคม,2563,1,2563,ชื่อตรงกันทุกตัวอักษรหลังปรับรูป,พบปีเดียว ยังไม่ยืนยันการจับคู่ข้ามปี,,,,,31200.0,31200.0,2563-0264,DOC-BUD-2563,1.1ผลเบิกจ่ายปี 2563- final.pdf,8
ITM-0376,โครงการประกาศเกียรติคุณผู้ทำคุณประโยชน์ต่อสำนักงานประกันสังคม,28. โครงการประกาศเกียรติคุณผู้ทำคุณประโยชน์ต่อสำนักงานประกันสังคม ปี 2563,2563,5,2563 | 2564 | 2565 | 2566 | 2567,ชื่อตรงกันทุกตัวอักษรหลังปรับรูป,จับคู่อัตโนมัติด้วยชื่อตรงกัน,,,,,90000.0,74151.0,2563-0265,DOC-BUD-2563,1.1ผลเบิกจ่ายปี 2563- final.pdf,8
ITM-0487,"โครงการอบรม สัมมนา ""การเสริมสร้างการทำงานเป็นทีมเพื่อเพิ่มประสิทธิภาพ การทำงานร่วมกัน ประจำปี 2563""","29. โครงการอบรม สัมมนา ""การเสริมสร้างการทำงานเป็นทีมเพื่อเพิ่มประสิทธิภาพ การทำงานร่วมกัน ประจำปี 2563""",2563,1,2563,ชื่อตรงกันทุกตัวอักษรหลังปรับรูป,พบปีเดียว ยังไม่ยืนยันการจับคู่ข้ามปี,,,,,147600.0,93214.0,2563-0266,DOC-BUD-2563,1.1ผลเบิกจ่ายปี 2563- final.pdf,8
ITM-0473,โครงการสัมมนานายจ้าง ลูกจ้าง เจ้าหน้าที่สถานพยาบาล และเจ้าหน้าที่ประกันสังคม,30. โครงการสัมมนานายจ้าง ลูกจ้าง เจ้าหน้าที่สถานพยาบาล และเจ้าหน้าที่ประกันสังคม,2563,1,2563,ชื่อตรงกันทุกตัวอักษรหลังปรับรูป,พบปีเดียว ยังไม่ยืนยันการจับคู่ข้ามปี,,,,,3067600.0,1582294.0,2563-0267,DOC-BUD-2563,1.1ผลเบิกจ่ายปี 2563- final.pdf,8
ITM-0484,โครงการส่งเสริมสุขภาพและป้องกันโรคเชิงรุกในสถานประกอบการสู่นิคมอุตสาหกรรม ขนาดใหญ่,31. โครงการส่งเสริมสุขภาพและป้องกันโรคเชิงรุกในสถานประกอบการสู่นิคมอุตสาหกรรม ขนาดใหญ่,2563,1,2563,ชื่อตรงกันทุกตัวอักษรหลังปรับรูป,พบปีเดียว ยังไม่ยืนยันการจับคู่ข้ามปี,,,,,302200.0,146402.0,2563-0268,DOC-BUD-2563,1.1ผลเบิกจ่ายปี 2563- final.pdf,8
ITM-0457,โครงการมอบโล่ประกาศเกียรติคุณสถานประกอบการ,32. โครงการมอบโล่ประกาศเกียรติคุณสถานประกอบการ,2563,5,2563 | 2564 | 2565 | 2566 | 2567,ชื่อตรงกันทุกตัวอักษรหลังปรับรูป,จับคู่อัตโนมัติด้วยชื่อตรงกัน,,,,,405000.0,360000.0,2563-0269,DOC-BUD-2563,1.1ผลเบิกจ่ายปี 2563- final.pdf,8
ITM-0419,โครงการฝึกอบรมเชิงปฏิบัติการซักซ้อมแผนการป้องกันและระงับอัคคีภัย,33. โครงการฝึกอบรมเชิงปฏิบัติการซักซ้อมแผนการป้องกันและระงับอัคคีภัย,2563,5,2563 | 2564 | 2565 | 2566 | 2567,ชื่อตรงกันทุกตัวอักษรหลังปรับรูป,จับคู่อัตโนมัติด้วยชื่อตรงกัน,,,,,100000.0,94934.5,2563-0270,DOC-BUD-2563,1.1ผลเบิกจ่ายปี 2563- final.pdf,8
ITM-0512,โครงการเพิ่มประสิทธิภาพงานประชาสัมพันธ์สร้างการรับรู้สู่ผู้ประกันตน,34. โครงการเพิ่มประสิทธิภาพงานประชาสัมพันธ์สร้างการรับรู้สู่ผู้ประกันตน,2563,1,2563,ชื่อตรงกันทุกตัวอักษรหลังปรับรูป,พบปีเดียว ยังไม่ยืนยันการจับคู่ข้ามปี,,,,,25800.0,,2563-0271,DOC-BUD-2563,1.1ผลเบิกจ่ายปี 2563- final.pdf,8
ITM-0374,"โครงการประกันสังคมรณรงค์ส่งเสริมสุขภาพและปัองกันโรคให้กับผู้ประกันตน ในสถานประกอบการ ""ต้านภัย ห่างไกลโรคโควิด 19""","35. โครงการประกันสังคมรณรงค์ส่งเสริมสุขภาพและปัองกันโรคให้กับผู้ประกันตน ในสถานประกอบการ ""ต้านภัย ห่างไกลโรคโควิด 19""",2563,1,2563,ชื่อตรงกันทุกตัวอักษรหลังปรับรูป,พบปีเดียว ยังไม่ยืนยันการจับคู่ข้ามปี,,,,,,,2563-0272,DOC-BUD-2563,1.1ผลเบิกจ่ายปี 2563- final.pdf,8
ITM-0213,รายการผลิตสื่อประชาสัมพันธ์เพื่อผลิตน้ำดื่มบรรจุขวด,36. รายการผลิตสื่อประชาสัมพันธ์เพื่อผลิตน้ำดื่มบรรจุขวด,2563,1,2563,ชื่อตรงกันทุกตัวอักษรหลังปรับรูป,พบปีเดียว ยังไม่ยืนยันการจับคู่ข้ามปี,,,,,,495000.0,2563-0273,DOC-BUD-2563,1.1ผลเบิกจ่ายปี 2563- final.pdf,8
ITM-0311,โครงการจ้างงานเร่งด่วนเพื่อช่วยงานประกันสังคมเนื่องจากเหตุสุดวิสัย อันเกิดจากการระบาดของโรคติดต่ออันตรายตามกฎหมายว่าด้วยโรคติดต่อ .พศ. 2563,37. โครงการจ้างงานเร่งด่วนเพื่อช่วยงานประกันสังคมเนื่องจากเหตุสุดวิสัย อันเกิดจากการระบาดของโรคติดต่ออันตรายตามกฎหมายว่าด้วยโรคติดต่อ .พศ. 2563,2563,1,2563,ชื่อตรงกันทุกตัวอักษรหลังปรับรูป,พบปีเดียว ยังไม่ยืนยันการจับคู่ข้ามปี,,,,,,24056413.66,2563-0274,DOC-BUD-2563,1.1ผลเบิกจ่ายปี 2563- final.pdf,8
ITM-0247,โครงการ Healthy Thailand เพื่อผู้ประกันตน,38. โครงการ Healthy Thailand เพื่อผู้ประกันตน,2563,1,2563,ชื่อตรงกันทุกตัวอักษรหลังปรับรูป,พบปีเดียว ยังไม่ยืนยันการจับคู่ข้ามปี,,,,,,113000.0,2563-0275,DOC-BUD-2563,1.1ผลเบิกจ่ายปี 2563- final.pdf,9
ITM-0246,โครงการ Healthy Thailand ผู้ประกันตนตระหนักรู้ สุขภาวะที่ดี สู่ฐานวิถีชีวิตใหม่,38. โครงการ Healthy Thailand ผู้ประกันตนตระหนักรู้ สุขภาวะที่ดี สู่ฐานวิถีชีวิตใหม่,2563,1,2563,ชื่อตรงกันทุกตัวอักษรหลังปรับรูป,พบปีเดียว ยังไม่ยืนยันการจับคู่ข้ามปี,,,,,,492866.0,2563-0276,DOC-BUD-2563,1.1ผลเบิกจ่ายปี 2563- final.pdf,9
ITM-0418,"โครงการฝึกอบรมเชิงปฏิบัติการ ""การนำข้อมูลทางบัญชีเงินนอกงบประมาณเข้าระบบ GFMIS ด้วยงบทดลอง แบบ บช05""","39. โครงการฝึกอบรมเชิงปฏิบัติการ ""การนำข้อมูลทางบัญชีเงินนอกงบประมาณเข้าระบบ GFMIS ด้วยงบทดลอง แบบ บช05""",2563,1,2563,ชื่อตรงกันทุกตัวอักษรหลังปรับรูป,พบปีเดียว ยังไม่ยืนยันการจับคู่ข้ามปี,,,,,,315456.66,2563-0277,DOC-BUD-2563,1.1ผลเบิกจ่ายปี 2563- final.pdf,9
ITM-0336,"โครงการ ""ชีวิตเปี่ยมสุข ไร้ทุกข์หลังเกษียณ""","40. โครงการ ""ชีวิตเปี่ยมสุข ไร้ทุกข์หลังเกษียณ""",2563,1,2563,ชื่อตรงกันทุกตัวอักษรหลังปรับรูป,พบปีเดียว ยังไม่ยืนยันการจับคู่ข้ามปี,,,,,,244058.0,2563-0278,DOC-BUD-2563,1.1ผลเบิกจ่ายปี 2563- final.pdf,9
ITM-0508,โครงการเผยแพร่ประชาสัมพันธ์ประกันสังคมมาตรา 40 @ สทุทรสาคร,41. โครงการเผยแพร่ประชาสัมพันธ์ประกันสังคมมาตรา 40 @ สทุทรสาคร,2563,1,2563,ชื่อตรงกันทุกตัวอักษรหลังปรับรูป,พบปีเดียว ยังไม่ยืนยันการจับคู่ข้ามปี,,,,,,494875.0,2563-0279,DOC-BUD-2563,1.1ผลเบิกจ่ายปี 2563- final.pdf,9
ITM-0354,โครงการนักบริหารประกันสังคมระดับกลาง หลักสูตรการเรียนรู้เชิงประจักษ์ ด้านการพัฒนาภาวะผู้นำในยุคดิจิตอล,42. โครงการนักบริหารประกันสังคมระดับกลาง หลักสูตรการเรียนรู้เชิงประจักษ์ ด้านการพัฒนาภาวะผู้นำในยุคดิจิตอล,2563,1,2563,ชื่อตรงกันทุกตัวอักษรหลังปรับรูป,พบปีเดียว ยังไม่ยืนยันการจับคู่ข้ามปี,,,,,,1200000.0,2563-0280,DOC-BUD-2563,1.1ผลเบิกจ่ายปี 2563- final.pdf,9
ITM-0402,โครงการผลิตสื่อประชาสัมพันธ์ (หน้ากากอนามัย),43. โครงการผลิตสื่อประชาสัมพันธ์ (หน้ากากอนามัย),2563,1,2563,ชื่อตรงกันทุกตัวอักษรหลังปรับรูป,พบปีเดียว ยังไม่ยืนยันการจับคู่ข้ามปี,,,,,,3000000.0,2563-0281,DOC-BUD-2563,1.1ผลเบิกจ่ายปี 2563- final.pdf,9
ITM-0379,โครงการประชุมชี้แจงการจ่ายเงินค่าบริการทางการแพทย์และการตรวจสอบข้อมูล การใช้บริการทางการแพทย์ของสถานพยาบาลประกันสังคมทั้งภาครัฐบาลและ ภาคเอกชน,44. โครงการประชุมชี้แจงการจ่ายเงินค่าบริการทางการแพทย์และการตรวจสอบข้อมูล การใช้บริการทางการแพทย์ของสถานพยาบาลประกันสังคมทั้งภาครัฐบาลและ ภาคเอกชน,2563,1,2563,ชื่อตรงกันทุกตัวอักษรหลังปรับรูป,พบปีเดียว ยังไม่ยืนยันการจับคู่ข้ามปี,,,,,,241398.0,2563-0282,DOC-BUD-2563,1.1ผลเบิกจ่ายปี 2563- final.pdf,9
ITM-0385,"โครงการประชุมเชิงปฏิบัติการบริหารจัดการความเสี่ยงด้านงานประโยชน์ทดแทน กรณีว่างงานเนื่องจากมีเหตุสุดวิสัยอันเกิดจากการระบาดของโรคติดเชื้อไวรัสโคโรน่า 2019 46. โครงการผลิตสื่อประชาสัมพันธ์ () - 8,000,000.00 - 
โปสเตอร์","45. โครงการประชุมเชิงปฏิบัติการบริหารจัดการความเสี่ยงด้านงานประโยชน์ทดแทน กรณีว่างงานเนื่องจากมีเหตุสุดวิสัยอันเกิดจากการระบาดของโรคติดเชื้อไวรัสโคโรน่า 2019 46. โครงการผลิตสื่อประชาสัมพันธ์ () - 8,000,000.00 - 
โปสเตอร์",2563,1,2563,ชื่อตรงกันทุกตัวอักษรหลังปรับรูป,พบปีเดียว ยังไม่ยืนยันการจับคู่ข้ามปี,,,,,,187000.0,2563-0283,DOC-BUD-2563,1.1ผลเบิกจ่ายปี 2563- final.pdf,9
ITM-0460,โครงการรณรงค์เผยแพร่ประชาสัมพันธ์สร้างการร้บรู้งานประกันสังคม มาตรา 40,47. โครงการรณรงค์เผยแพร่ประชาสัมพันธ์สร้างการร้บรู้งานประกันสังคม มาตรา 40,2563,1,2563,ชื่อตรงกันทุกตัวอักษรหลังปรับรูป,พบปีเดียว ยังไม่ยืนยันการจับคู่ข้ามปี,,,,,,402000.0,2563-0284,DOC-BUD-2563,1.1ผลเบิกจ่ายปี 2563- final.pdf,9
ITM-0529,โปรแกรมระบบทะเบียนทรัพย์สิน,48. โปรแกรมระบบทะเบียนทรัพย์สิน,2563,1,2563,ชื่อตรงกันทุกตัวอักษรหลังปรับรูป,พบปีเดียว ยังไม่ยืนยันการจับคู่ข้ามปี,,,,,,29900.0,2563-0285,DOC-BUD-2563,1.1ผลเบิกจ่ายปี 2563- final.pdf,9
ITM-0120,ค่าธรรมเนียมการโอนเงิน,1. ค่าธรรมเนียมการโอนเงิน,2563,3,2563 | 2564 | 2565,ชื่อตรงกันทุกตัวอักษรหลังปรับรูป,จับคู่อัตโนมัติด้วยชื่อตรงกัน,,,,,19000000.0,12689694.19,2563-0290,DOC-BUD-2563,1.1ผลเบิกจ่ายปี 2563- final.pdf,9
ITM-0129,ค่าธรรมเนียมรับเงินสมทบกองทุนประกันสังคมผ่านธนาคาร/หน่วยบริการ,2. ค่าธรรมเนียมรับเงินสมทบกองทุนประกันสังคมผ่านธนาคาร/หน่วยบริการ,2563,5,2563 | 2564 | 2565 | 2566 | 2567,ชื่อตรงกันทุกตัวอักษรหลังปรับรูป,จับคู่อัตโนมัติด้วยชื่อตรงกัน,,,,,339136200.0,299676311.7,2563-0291,DOC-BUD-2563,1.1ผลเบิกจ่ายปี 2563- final.pdf,9
ITM-0124,ค่าธรรมเนียมจ่ายประโยชน์ทดแทน,3. ค่าธรรมเนียมจ่ายประโยชน์ทดแทน,2563,5,2563 | 2564 | 2565 | 2566 | 2567,ชื่อตรงกันทุกตัวอักษรหลังปรับรูป,จับคู่อัตโนมัติด้วยชื่อตรงกัน,,,,,102037700.0,92895358.0,2563-0292,DOC-BUD-2563,1.1ผลเบิกจ่ายปี 2563- final.pdf,9
ITM-0435,โครงการพัฒนาระบบงานจ่ายสิทธิประโยชน์ทันตกรรมในรูปแบบ Web Application,1. โครงการพัฒนาระบบงานจ่ายสิทธิประโยชน์ทันตกรรมในรูปแบบ Web Application,2563,1,2563,ชื่อตรงกันทุกตัวอักษรหลังปรับรูป,พบปีเดียว ยังไม่ยืนยันการจับคู่ข้ามปี,,,,,12012000.0,,2563-0295,DOC-BUD-2563,1.1ผลเบิกจ่ายปี 2563- final.pdf,9
ITM-0296,โครงการจัดหาระบบกล้องโทรทัศน์วงจรปิดแบบเชื่อมโยง (CCTV),2. โครงการจัดหาระบบกล้องโทรทัศน์วงจรปิดแบบเชื่อมโยง (CCTV),2563,2,2563 | 2565,ชื่อตรงกันทุกตัวอักษรหลังปรับรูป,จับคู่อัตโนมัติด้วยชื่อตรงกัน,,,,,49590282.0,49541000.0,2563-0296,DOC-BUD-2563,1.1ผลเบิกจ่ายปี 2563- final.pdf,9
ITM-0271,โครงการจัดจ้างพัฒนาระบบสารสนเทศด้านการลงทุน,3. โครงการจัดจ้างพัฒนาระบบสารสนเทศด้านการลงทุน,2563,1,2563,ชื่อตรงกันทุกตัวอักษรหลังปรับรูป,พบปีเดียว ยังไม่ยืนยันการจับคู่ข้ามปี,,,,,6000000.0,4173000.0,2563-0297,DOC-BUD-2563,1.1ผลเบิกจ่ายปี 2563- final.pdf,9
ITM-0438,โครงการพัฒนาระบบสารสนเทศงานประกันสังคม กรณ๊การระบาดของโรคติดเชื้อ ไวรัสโคโรนา 2019 หรือโรคโควิด 19,4. โครงการพัฒนาระบบสารสนเทศงานประกันสังคม กรณ๊การระบาดของโรคติดเชื้อ ไวรัสโคโรนา 2019 หรือโรคโควิด 19,2563,1,2563,ชื่อตรงกันทุกตัวอักษรหลังปรับรูป,พบปีเดียว ยังไม่ยืนยันการจับคู่ข้ามปี,,,,,,1750000.0,2563-0298,DOC-BUD-2563,1.1ผลเบิกจ่ายปี 2563- final.pdf,9
ITM-0481,- โครงการส่งเสริมการมีส่วนร่วม เผยแพร่ ประชาสัมพันธ์งานประกันสังคมสู่ผู้ประกันตน,- โครงการส่งเสริมการมีส่วนร่วม เผยแพร่ ประชาสัมพันธ์งานประกันสังคมสู่ผู้ประกันตน,2563,5,2563 | 2564 | 2565 | 2566 | 2567,ชื่อตรงกันทุกตัวอักษรหลังปรับรูป,จับคู่อัตโนมัติด้วยชื่อตรงกัน,,,,,34000000.0,26638818.3,2563-0300,DOC-BUD-2563,1.1ผลเบิกจ่ายปี 2563- final.pdf,9
ITM-0312,โครงการจ้างที่ปรึกษากฎหมายด้านการลงทุน,1. โครงการจ้างที่ปรึกษากฎหมายด้านการลงทุน,2563,1,2563,ชื่อตรงกันทุกตัวอักษรหลังปรับรูป,พบปีเดียว ยังไม่ยืนยันการจับคู่ข้ามปี,,,,,1000000.0,,2563-0302,DOC-BUD-2563,1.1ผลเบิกจ่ายปี 2563- final.pdf,9
ITM-0466,โครงการสถานพยาบาลในดวงใจ,1. โครงการสถานพยาบาลในดวงใจ,2563,5,2563 | 2564 | 2565 | 2566 | 2567,ชื่อตรงกันทุกตัวอักษรหลังปรับรูป,จับคู่อัตโนมัติด้วยชื่อตรงกัน,,,,,2482300.0,2205229.0,2563-0303,DOC-BUD-2563,1.1ผลเบิกจ่ายปี 2563- final.pdf,9
ITM-0477,โครงการสำรวจความพึงพอใจสำนักงานประกันสังคม,3. โครงการสำรวจความพึงพอใจสำนักงานประกันสังคม ปี 2563,2563,5,2563 | 2564 | 2565 | 2566 | 2567,ชื่อตรงกันทุกตัวอักษรหลังปรับรูป,จับคู่อัตโนมัติด้วยชื่อตรงกัน,,,,,4000000.0,3750000.0,2563-0304,DOC-BUD-2563,1.1ผลเบิกจ่ายปี 2563- final.pdf,9
ITM-0199,ทุนอุดหนุนการศึกษาบุคลากรสำนักงานประกันสังคม,4. ทุนอุดหนุนการศึกษาบุคลากรสำนักงานประกันสังคม,2563,5,2563 | 2564 | 2565 | 2566 | 2567,ชื่อตรงกันทุกตัวอักษรหลังปรับรูป,จับคู่อัตโนมัติด้วยชื่อตรงกัน,,,,,4000000.0,1376090.0,2563-0305,DOC-BUD-2563,1.1ผลเบิกจ่ายปี 2563- final.pdf,9
ITM-0326,โครงการจ้างพัฒนาหลักสูตร e-learning ของสำนักงานประกันสังคม,5. โครงการจ้างพัฒนาหลักสูตร e-learning ของสำนักงานประกันสังคม,2563,4,2563 | 2564 | 2565 | 2566,ชื่อตรงกันทุกตัวอักษรหลังปรับรูป,จับคู่อัตโนมัติด้วยชื่อตรงกัน,,,,,1600000.0,1530000.0,2563-0306,DOC-BUD-2563,1.1ผลเบิกจ่ายปี 2563- final.pdf,9
ITM-0324,โครงการจ้างที่ปรึกษาออกแบบ Enterprise Architecture (EA) ของสำนักงานประกันสังคม,6. โครงการจ้างที่ปรึกษาออกแบบ Enterprise Architecture (EA) ของสำนักงานประกันสังคม,2563,1,2563,ชื่อตรงกันทุกตัวอักษรหลังปรับรูป,พบปีเดียว ยังไม่ยืนยันการจับคู่ข้ามปี,,,,,10000000.0,9800000.0,2563-0307,DOC-BUD-2563,1.1ผลเบิกจ่ายปี 2563- final.pdf,10
ITM-0519,โครงการเสริมสร้างธรรมาภิบาลป้องกันและลดความเสี่ยงในการเกิดทุจริตและประพฤติมิชอบ,7. โครงการเสริมสร้างธรรมาภิบาลป้องกันและลดความเสี่ยงในการเกิดทุจริต และประพฤติมิชอบ,2563,5,2563 | 2564 | 2565 | 2566 | 2567,ชื่อตรงกันทุกตัวอักษรหลังปรับรูป,จับคู่อัตโนมัติด้วยชื่อตรงกัน,,,,,131900.0,123330.0,2563-0308,DOC-BUD-2563,1.1ผลเบิกจ่ายปี 2563- final.pdf,10
ITM-0515,โครงการเพิ่มประสิทธิภาพในการบริการประกันสังคมแก่ลูกจ้างผู้ประกันตนขาวเมียนมา (จ้างล่ามภาษาเมียนมา),8. โครงการเพิ่มประสิทธิภาพในการบริการประกันสังคมแก่ลูกจ้างผู้ประกันตนขาวเมียนมา (จ้างล่ามภาษาเมียนมา),2563,1,2563,ชื่อตรงกันทุกตัวอักษรหลังปรับรูป,พบปีเดียว ยังไม่ยืนยันการจับคู่ข้ามปี,,,,,180000.0,178425.0,2563-0309,DOC-BUD-2563,1.1ผลเบิกจ่ายปี 2563- final.pdf,10
ITM-0471,โครงการสร้างการรับรู้แก่ผู้ประกันตนชาวเมียนมา (จ้างล่ามภาษาเมียนมา),9. โครงการสร้างการรับรู้แก่ผู้ประกันตนชาวเมียนมา (จ้างล่ามภาษาเมียนมา),2563,1,2563,ชื่อตรงกันทุกตัวอักษรหลังปรับรูป,พบปีเดียว ยังไม่ยืนยันการจับคู่ข้ามปี,,,,,180000.0,224500.0,2563-0310,DOC-BUD-2563,1.1ผลเบิกจ่ายปี 2563- final.pdf,10
ITM-0270,โครงการจัดจ้างที่ปรึกษาวิเคราะห์การปรับเปลี่ยนระบบโปรแกรมบริหารการลงทุน,10. โครงการจัดจ้างที่ปรึกษาวิเคราะห์การปรับเปลี่ยนระบบโปรแกรมบริหารการลงทุน,2563,1,2563,ชื่อตรงกันทุกตัวอักษรหลังปรับรูป,พบปีเดียวและมีรายการชื่อคล้ายกันในปีอื่น ต้องตรวจสอบด้วยคน,ITM-0323,โครงการจ้างที่ปรึกษาวิเคราะห์การปรับเปลี่ยนระบบโปรแกรมบริหารการลงทุน,97.8,2565 | 2566 | 2567,15000000.0,,2563-0311,DOC-BUD-2563,1.1ผลเบิกจ่ายปี 2563- final.pdf,10
ITM-0165,ค่าใช้จ่ายในการจ้างพนักงานประกันสังคม,1. ค่าใช้จ่ายในการจ้างพนักงานประกันสังคม,2564,4,2564 | 2565 | 2566 | 2567,ชื่อตรงกันทุกตัวอักษรหลังปรับรูป,จับคู่อัตโนมัติด้วยชื่อตรงกัน,,,,,1370131000.0,1232742541.31,2564-0004,DOC-BUD-2564,1.2ผลเบิกจ่ายปี 2564 - final.pdf,1
ITM-0241,เงินเพิ่มการครองชีพชั่วคราว,2. เงินเพิ่มการครองชีพชั่วคราว,2564,4,2564 | 2565 | 2566 | 2567,ชื่อตรงกันทุกตัวอักษรหลังปรับรูป,จับคู่อัตโนมัติด้วยชื่อตรงกัน,,,,,8423400.0,6021958.88,2564-0005,DOC-BUD-2564,1.2ผลเบิกจ่ายปี 2564 - final.pdf,1
ITM-0110,ค่าตอบแทนสำหรับผู้บริหารระดับชำนาญการพิเศษ,3. ค่าตอบแทนสำหรับผู้บริหารระดับชำนาญการพิเศษ,2564,5,2563 | 2564 | 2565 | 2566 | 2567,ชื่อตรงกันทุกตัวอักษรหลังปรับรูป,จับคู่อัตโนมัติด้วยชื่อตรงกัน,,,,,554400.0,466719.36,2564-0006,DOC-BUD-2564,1.2ผลเบิกจ่ายปี 2564 - final.pdf,1
ITM-0109,ค่าตอบแทนสำหรับข้าราชการระดับชำนาญการ/ชำนาญการพิเศษ ซึ่งปฏิบัติ หน้าที่ในฐานะหัวหน้าสำนักงานประกันสังคมจังหวัดสาขา,4. ค่าตอบแทนสำหรับข้าราชการระดับชำนาญการ/ชำนาญการพิเศษ ซึ่งปฏิบัติ หน้าที่ในฐานะหัวหน้าสำนักงานประกันสังคมจังหวัดสาขา,2564,5,2563 | 2564 | 2565 | 2566 | 2567,ชื่อตรงกันทุกตัวอักษรหลังปรับรูป,จับคู่อัตโนมัติด้วยชื่อตรงกัน,,,,,2058000.0,1766032.9,2564-0007,DOC-BUD-2564,1.2ผลเบิกจ่ายปี 2564 - final.pdf,1
ITM-0107,ค่าตอบแทนวิชาชีพเฉพาะด้านการลงทุนสำหรับข้าราชการ,5. ค่าตอบแทนวิชาชีพเฉพาะด้านการลงทุนสำหรับข้าราชการ,2564,5,2563 | 2564 | 2565 | 2566 | 2567,ชื่อตรงกันทุกตัวอักษรหลังปรับรูป,จับคู่อัตโนมัติด้วยชื่อตรงกัน,,,,,10560000.0,9143870.97,2564-0008,DOC-BUD-2564,1.2ผลเบิกจ่ายปี 2564 - final.pdf,1
ITM-0108,ค่าตอบแทนวิชาชีพเฉพาะด้านคณิตศาสตร์ประกันภัยสำหรับข้าราชการ,6. ค่าตอบแทนวิชาชีพเฉพาะด้านคณิตศาสตร์ประกันภัยสำหรับข้าราชการ,2564,5,2563 | 2564 | 2565 | 2566 | 2567,ชื่อตรงกันทุกตัวอักษรหลังปรับรูป,จับคู่อัตโนมัติด้วยชื่อตรงกัน,,,,,1440000.0,348499.97,2564-0009,DOC-BUD-2564,1.2ผลเบิกจ่ายปี 2564 - final.pdf,1
ITM-0229,เงินค่าตอบแทนพิเศษ (กรณีค่าจ้างถึงขั้นสูง),7. เงินค่าตอบแทนพิเศษ (กรณีค่าจ้างถึงขั้นสูง),2564,4,2564 | 2565 | 2566 | 2567,ชื่อตรงกันทุกตัวอักษรหลังปรับรูป,จับคู่อัตโนมัติด้วยชื่อตรงกัน,,,,,626800.0,479462.91,2564-0010,DOC-BUD-2564,1.2ผลเบิกจ่ายปี 2564 - final.pdf,1
ITM-0105,ค่าตอบแทนพิเศษรายเดือนให้แก่เจ้าหน้าที่ผู้ปฏิบัติงานในพื้นที่จังหวัด ชายแดนภาคใต้,1. ค่าตอบแทนพิเศษรายเดือนให้แก่เจ้าหน้าที่ผู้ปฏิบัติงานในพื้นที่จังหวัด ชายแดนภาคใต้,2564,4,2564 | 2565 | 2566 | 2567,ชื่อตรงกันทุกตัวอักษรหลังปรับรูป,ชื่อตรงกันข้ามปี และยังมีรายการชื่อคล้ายกันให้ตรวจเพิ่ม,ITM-0104,ค่าตอบแทนพิเศษรายเดือนให้แก่เจ้าหน้าที่ผู้ปฏิบัติงานในจังหวัด ชายแดนภาคใต้,95.4,2563,2940000.0,2828129.1,2564-0013,DOC-BUD-2564,1.2ผลเบิกจ่ายปี 2564 - final.pdf,1
ITM-0242,เงินเพิ่มสำหรับตำแหน่งที่มีเหตุพิเศษของผู้ปฏิบัติงานด้านการสาธารณสุข (พ.ต.ส.),2. เงินเพิ่มสำหรับตำแหน่งที่มีเหตุพิเศษของผู้ปฏิบัติงานด้านการสาธารณสุข (พ.ต.ส.),2564,4,2564 | 2565 | 2566 | 2567,ชื่อตรงกันทุกตัวอักษรหลังปรับรูป,จับคู่อัตโนมัติด้วยชื่อตรงกัน,,,,,108000.0,60000.0,2564-0014,DOC-BUD-2564,1.2ผลเบิกจ่ายปี 2564 - final.pdf,1
ITM-0235,เงินสมทบกองทุนประกันสังคม,1. เงินสมทบกองทุนประกันสังคม,2564,4,2564 | 2565 | 2566 | 2567,ชื่อตรงกันทุกตัวอักษรหลังปรับรูป,จับคู่อัตโนมัติด้วยชื่อตรงกัน,,,,,40293700.0,24638453.0,2564-0016,DOC-BUD-2564,1.2ผลเบิกจ่ายปี 2564 - final.pdf,1
ITM-0237,เงินสมทบกองทุนเงินทดแทน,2. เงินสมทบกองทุนเงินทดแทน,2564,4,2564 | 2565 | 2566 | 2567,ชื่อตรงกันทุกตัวอักษรหลังปรับรูป,จับคู่อัตโนมัติด้วยชื่อตรงกัน,,,,,1986000.0,1986000.0,2564-0017,DOC-BUD-2564,1.2ผลเบิกจ่ายปี 2564 - final.pdf,1
ITM-0233,เงินประกันภัยแก่ข้าราชการ ลูกจ้างประจำ และพนักงานสำนักงาน ประกันสังคมที่ปฏิบัติงานประจำในพื้นที่ 3 จังหวัดชายแดนภาคใต้,3. เงินประกันภัยแก่ข้าราชการ ลูกจ้างประจำ และพนักงานสำนักงาน ประกันสังคมที่ปฏิบัติงานประจำในพื้นที่ 3 จังหวัดชายแดนภาคใต้,2564,4,2564 | 2565 | 2566 | 2567,ชื่อตรงกันทุกตัวอักษรหลังปรับรูป,ชื่อตรงกันข้ามปี และยังมีรายการชื่อคล้ายกันให้ตรวจเพิ่ม,ITM-0234,เงินประกันภัยแก่ข้าราชการ ลูกจ้างประจำ และพนักงานสำนักงาน ประกันสังคมที่ปฏิบัติงานประจำในพื้นที่ 4 จังหวัดชายแดนภาคใต้,99.1,2563,59400.0,57150.0,2564-0018,DOC-BUD-2564,1.2ผลเบิกจ่ายปี 2564 - final.pdf,1
ITM-0231,- เงินช่วยเหลือในกรณีที่พนักงานถึงแก่ความตาย,- เงินช่วยเหลือในกรณีที่พนักงานถึงแก่ความตาย,2564,5,2563 | 2564 | 2565 | 2566 | 2567,ชื่อตรงกันทุกตัวอักษรหลังปรับรูป,จับคู่อัตโนมัติด้วยชื่อตรงกัน,,,,,600000.0,331770.0,2564-0020,DOC-BUD-2564,1.2ผลเบิกจ่ายปี 2564 - final.pdf,1
ITM-0144,ค่าเช่ารถยนต์,1. ค่าเช่ารถยนต์,2564,4,2563 | 2564 | 2565 | 2566,ชื่อตรงกันทุกตัวอักษรหลังปรับรูป,จับคู่อัตโนมัติด้วยชื่อตรงกัน,,,,,514800.0,445523.0,2564-0025,DOC-BUD-2564,1.2ผลเบิกจ่ายปี 2564 - final.pdf,1
ITM-0334,โครงการจ้างหน่วยงานบริการดูแลและเก็บรักษาหลักทรัพย์ (Custodian) ผู้ให้บริการรายเดิม,2. โครงการจ้างหน่วยงานบริการดูแลและเก็บรักษาหลักทรัพย์ (Custodian) ผู้ให้บริการรายเดิม,2564,1,2564,ชื่อตรงกันทุกตัวอักษรหลังปรับรูป,พบปีเดียว ยังไม่ยืนยันการจับคู่ข้ามปี,,,,,18000000.0,14159993.69,2564-0026,DOC-BUD-2564,1.2ผลเบิกจ่ายปี 2564 - final.pdf,1
ITM-0333,โครงการจ้างหน่วยงานบริการดูแลและเก็บรักษาหลักทรัพย์ (Custodian),2. โครงการจ้างหน่วยงานบริการดูแลและเก็บรักษาหลักทรัพย์ (Custodian),2564,4,2564 | 2565 | 2566 | 2567,ชื่อตรงกันทุกตัวอักษรหลังปรับรูป,จับคู่อัตโนมัติด้วยชื่อตรงกัน,,,,,66000000.0,66000000.0,2564-0027,DOC-BUD-2564,1.2ผลเบิกจ่ายปี 2564 - final.pdf,1
ITM-0186,งานก่อสร้างอาคารสำนักงานประกันสังคมจังหวัดบึงกาฬ,1. งานก่อสร้างอาคารสำนักงานประกันสังคมจังหวัดบึงกาฬ,2564,2,2563 | 2564,ชื่อตรงกันทุกตัวอักษรหลังปรับรูป,จับคู่อัตโนมัติด้วยชื่อตรงกัน,,,,,7437400.0,7437400.0,2564-0031,DOC-BUD-2564,1.2ผลเบิกจ่ายปี 2564 - final.pdf,1
ITM-0188,งานก่อสร้างอาคารสำนักงานประกันสังคมจังหวัดระยอง สาขาปลวกแดง,2. งานก่อสร้างอาคารสำนักงานประกันสังคมจังหวัดระยอง สาขาปลวกแดง,2564,1,2564,ชื่อตรงกันทุกตัวอักษรหลังปรับรูป,พบปีเดียวและมีรายการชื่อคล้ายกันในปีอื่น ต้องตรวจสอบด้วยคน,ITM-0259,โครงการก่อสร้างอาคารสำนักงานประกันสังคมจังหวัดระยอง สาขาปลวกแดง,95.0,2565,21639600.0,9421400.0,2564-0032,DOC-BUD-2564,1.2ผลเบิกจ่ายปี 2564 - final.pdf,1
ITM-0185,งานก่อสร้างอาคารสำนักงานประกันสังคมจังหวัดชลบุรี สาขาศรีราชา,3. งานก่อสร้างอาคารสำนักงานประกันสังคมจังหวัดชลบุรี สาขาศรีราชา,2564,1,2564,ชื่อตรงกันทุกตัวอักษรหลังปรับรูป,พบปีเดียวและมีรายการชื่อคล้ายกันในปีอื่น ต้องตรวจสอบด้วยคน,ITM-0011,ค่าก่อสร้างอาคารสำนักงานประกันสังคมจังหวัดชลบุรี สาขาศรีราชา,96.6,2566,19764000.0,,2564-0033,DOC-BUD-2564,1.2ผลเบิกจ่ายปี 2564 - final.pdf,1
ITM-0187,งานก่อสร้างอาคารสำนักงานประกันสังคมจังหวัดปทุมธานี สาขาคลองหลวง,4. งานก่อสร้างอาคารสำนักงานประกันสังคมจังหวัดปทุมธานี สาขาคลองหลวง,2564,1,2564,ชื่อตรงกันทุกตัวอักษรหลังปรับรูป,พบปีเดียวและมีรายการชื่อคล้ายกันในปีอื่น ต้องตรวจสอบด้วยคน,ITM-0013,ค่าก่อสร้างอาคารสำนักงานประกันสังคมจังหวัดปทุมธานี สาขาคลองหลวง,96.8,2566 | 2567,14628300.0,,2564-0034,DOC-BUD-2564,1.2ผลเบิกจ่ายปี 2564 - final.pdf,2
ITM-0189,งานก่อสร้างอาคารสำนักงานประกันสังคมจังหวัดอยุธยา สาขาอุทัย,5. งานก่อสร้างอาคารสำนักงานประกันสังคมจังหวัดอยุธยา สาขาอุทัย,2564,1,2564,ชื่อตรงกันทุกตัวอักษรหลังปรับรูป,พบปีเดียวและมีรายการชื่อคล้ายกันในปีอื่น ต้องตรวจสอบด้วยคน,ITM-0014,ค่าก่อสร้างอาคารสำนักงานประกันสังคมจังหวัดอยุธยา สาขาอุทัย,96.5,2566,14420000.0,14420000.0,2564-0035,DOC-BUD-2564,1.2ผลเบิกจ่ายปี 2564 - final.pdf,2
ITM-0306,โครงการจัดหาเครื่องคอมพิวเตอร์แม่ข่ายพร้อมอุปกรณ์เพื่อเพิ่มประสิทธิภาพการทำงาน ของระบบสารสนเทศ,6. โครงการจัดหาเครื่องคอมพิวเตอร์แม่ข่ายพร้อมอุปกรณ์เพื่อเพิ่มประสิทธิภาพการทำงาน ของระบบสารสนเทศ,2564,2,2564 | 2565,ชื่อตรงกันทุกตัวอักษรหลังปรับรูป,จับคู่อัตโนมัติด้วยชื่อตรงกัน,,,,,160129500.0,160129500.0,2564-0036,DOC-BUD-2564,1.2ผลเบิกจ่ายปี 2564 - final.pdf,2
ITM-0347,โครงการตรวจสอบข้อมูลการใช้บริการทางการแพทย์แบบบูรณาการของสถานพยาบาล ประกันสังคม(กรณีโรคที่มีค่าใช้จ่ายสูงและกรณีโรคที่มีภาระเสี่ยง),1. โครงการตรวจสอบข้อมูลการใช้บริการทางการแพทย์แบบบูรณาการของสถานพยาบาล ประกันสังคม(กรณีโรคที่มีค่าใช้จ่ายสูงและกรณีโรคที่มีภาระเสี่ยง),2564,2,2563 | 2564,ชื่อตรงกันทุกตัวอักษรหลังปรับรูป,จับคู่อัตโนมัติด้วยชื่อตรงกัน,,,,,1312000.0,1312000.0,2564-0038,DOC-BUD-2564,1.2ผลเบิกจ่ายปี 2564 - final.pdf,2
ITM-0346,โครงการตรวจสอบข้อมูฃการใช้บริการทางการแพทย์ กรณีโรคที่มีค่าใช้จ่ายสูง และกรณีโรคที่มีภาระเสี่ยง ประจำปี 2566 - 2567,2. โครงการตรวจสอบข้อมูฃการใช้บริการทางการแพทย์ กรณีโรคที่มีค่าใช้จ่ายสูง และกรณีโรคที่มีภาระเสี่ยง,2564,4,2564 | 2565 | 2566 | 2567,ชื่อตรงกันทุกตัวอักษรหลังปรับรูป,จับคู่อัตโนมัติด้วยชื่อตรงกัน,,,,,14520000.0,9240000.0,2564-0039,DOC-BUD-2564,1.2ผลเบิกจ่ายปี 2564 - final.pdf,2
ITM-0325,โครงการจ้างที่ปรึกษาเภสัชกรรมเพื่อกำกับคุณภาพการใช้ยาของสถานพยาบาล และกำกับตรวจสอบการจ่ายชดเชยยาบัญชีหลักแห่งชาติ จ(2) และยาต้านไวรัสเอดส์,3. โครงการจ้างที่ปรึกษาเภสัชกรรมเพื่อกำกับคุณภาพการใช้ยาของสถานพยาบาล และกำกับตรวจสอบการจ่ายชดเชยยาบัญชีหลักแห่งชาติ จ(2)และยาต้านไวรัสเอดส์,2564,5,2563 | 2564 | 2565 | 2566 | 2567,ชื่อตรงกันทุกตัวอักษรหลังปรับรูป,จับคู่อัตโนมัติด้วยชื่อตรงกัน,,,,,264000.0,264000.0,2564-0040,DOC-BUD-2564,1.2ผลเบิกจ่ายปี 2564 - final.pdf,2
ITM-0345,โครงการตรวจประเมินการให้บริการทางการแพทย์ของสถานพยาบาลหลัก ที่ให้บริการแก่ผู้ประกันตน ประจำปี 2566 - 2567,4. โครงการตรวจประเมินการให้บริการทางการแพทย์ของสถานพยาบาลหลัก ที่ให้บริการแก่ผู้ประกันตน ประจำปี 2561 - 2563,2564,5,2563 | 2564 | 2565 | 2566 | 2567,ชื่อตรงกันทุกตัวอักษรหลังปรับรูป,จับคู่อัตโนมัติด้วยชื่อตรงกัน,,,,,2871000.0,2871000.0,2564-0041,DOC-BUD-2564,1.2ผลเบิกจ่ายปี 2564 - final.pdf,2
ITM-0020,ค่าจ้างที่ปรึกษาด้านเทคโนโลยีสารสนเทศและการสื่อสาร,5. ค่าจ้างที่ปรึกษาด้านเทคโนโลยีสารสนเทศและการสื่อสาร,2564,3,2563 | 2564 | 2565,ชื่อตรงกันทุกตัวอักษรหลังปรับรูป,จับคู่อัตโนมัติด้วยชื่อตรงกัน,,,,,3773400.0,3773400.0,2564-0042,DOC-BUD-2564,1.2ผลเบิกจ่ายปี 2564 - final.pdf,2
ITM-0098,ค่าตอบแทนการปฏิบัติงานนอกเวลาราชการ,1. ค่าตอบแทนการปฏิบัติงานนอกเวลาราชการ,2564,5,2563 | 2564 | 2565 | 2566 | 2567,ชื่อตรงกันทุกตัวอักษรหลังปรับรูป,จับคู่อัตโนมัติด้วยชื่อตรงกัน,,,,,110400000.0,100525020.0,2564-0046,DOC-BUD-2564,1.2ผลเบิกจ่ายปี 2564 - final.pdf,2
ITM-0151,ค่าเบี้ยประชุมคณะกรรมการ/อนุกรรมการ/คณะทำงาน,2. ค่าเบี้ยประชุมคณะกรรมการ/อนุกรรมการ/คณะทำงาน,2564,5,2563 | 2564 | 2565 | 2566 | 2567,ชื่อตรงกันทุกตัวอักษรหลังปรับรูป,จับคู่อัตโนมัติด้วยชื่อตรงกัน,,,,,31688500.0,22550535.0,2564-0047,DOC-BUD-2564,1.2ผลเบิกจ่ายปี 2564 - final.pdf,2
ITM-0178,ค่าใช้จ่ายในการเดินทางมาประชุมของคณะกรรมการ ที่ปรึกษา และคณะอนุกรรมการ,3. ค่าใช้จ่ายในการเดินทางมาประชุมของคณะกรรมการ ที่ปรึกษา และคณะอนุกรรมการ,2564,5,2563 | 2564 | 2565 | 2566 | 2567,ชื่อตรงกันทุกตัวอักษรหลังปรับรูป,จับคู่อัตโนมัติด้วยชื่อตรงกัน,,,,,9501000.0,3649800.0,2564-0048,DOC-BUD-2564,1.2ผลเบิกจ่ายปี 2564 - final.pdf,2
ITM-0100,ค่าตอบแทนคณะกรรมการตรวจรับพัสดุในงานจ้างก่อสร้างและผู้ควบคุมงาน ก่อสร้างที่มีคำสั่งแต่งตั้งจากทางราชการ,4. ค่าตอบแทนคณะกรรมการตรวจรับพัสดุในงานจ้างก่อสร้างและผู้ควบคุมงาน ก่อสร้างที่มีคำสั่งแต่งตั้งจากทางราชการ,2564,4,2564 | 2565 | 2566 | 2567,ชื่อตรงกันทุกตัวอักษรหลังปรับรูป,จับคู่อัตโนมัติด้วยชื่อตรงกัน,,,,,1020200.0,346400.0,2564-0049,DOC-BUD-2564,1.2ผลเบิกจ่ายปี 2564 - final.pdf,2
ITM-0096,ค่าตอบแทนกรรมการผู้อ่านผลงานทางวิชาการ,5. ค่าตอบแทนกรรมการผู้อ่านผลงานทางวิชาการ,2564,5,2563 | 2564 | 2565 | 2566 | 2567,ชื่อตรงกันทุกตัวอักษรหลังปรับรูป,จับคู่อัตโนมัติด้วยชื่อตรงกัน,,,,,343000.0,305800.0,2564-0050,DOC-BUD-2564,1.2ผลเบิกจ่ายปี 2564 - final.pdf,2
ITM-0102,ค่าตอบแทนประจำปี,6. ค่าตอบแทนประจำปี,2564,4,2564 | 2565 | 2566 | 2567,ชื่อตรงกันทุกตัวอักษรหลังปรับรูป,จับคู่อัตโนมัติด้วยชื่อตรงกัน,,,,,113150100.0,74379996.51,2564-0051,DOC-BUD-2564,1.2ผลเบิกจ่ายปี 2564 - final.pdf,2
ITM-0239,เงินสมนาคุณกรรมการสอบสวนทางวินัย,7. เงินสมนาคุณกรรมการสอบสวนทางวินัย,2564,5,2563 | 2564 | 2565 | 2566 | 2567,ชื่อตรงกันทุกตัวอักษรหลังปรับรูป,จับคู่อัตโนมัติด้วยชื่อตรงกัน,,,,,32000.0,4000.0,2564-0052,DOC-BUD-2564,1.2ผลเบิกจ่ายปี 2564 - final.pdf,2
ITM-0097,ค่าตอบแทนกรรมการออกข้อสอบและสอบสัมภาษณ์,8. ค่าตอบแทนกรรมการออกข้อสอบและสอบสัมภาษณ์,2564,5,2563 | 2564 | 2565 | 2566 | 2567,ชื่อตรงกันทุกตัวอักษรหลังปรับรูป,จับคู่อัตโนมัติด้วยชื่อตรงกัน,,,,,678600.0,33152.0,2564-0053,DOC-BUD-2564,1.2ผลเบิกจ่ายปี 2564 - final.pdf,2
ITM-0112,ค่าตอบแทนเจ้าหน้าที่ดำเนินการสอบ,9. ค่าตอบแทนเจ้าหน้าที่ดำเนินการสอบ,2564,5,2563 | 2564 | 2565 | 2566 | 2567,ชื่อตรงกันทุกตัวอักษรหลังปรับรูป,จับคู่อัตโนมัติด้วยชื่อตรงกัน,,,,,282000.0,31200.0,2564-0054,DOC-BUD-2564,1.2ผลเบิกจ่ายปี 2564 - final.pdf,2
ITM-0115,ค่าตอบแทนแพทย์ผู้เชี่ยวชาญกรณีที่ให้คำปรึกษาและให้ความเห็น เป็นลายลักษณ์อักษรแก่สำนักงานประกันสังคม คณะกรรมการการแพทย์ และคณะอนุกรรมการในคณะกรรมการการแพทย์,11. ค่าตอบแทนแพทย์ผู้เชี่ยวชาญกรณีที่ให้คำปรึกษาและให้ความเห็น เป็นลายลักษณ์อักษรแก่สำนักงานประกันสังคม คณะกรรมการการแพทย์ และคณะอนุกรรมการในคณะกรรมการการแพทย์,2564,5,2563 | 2564 | 2565 | 2566 | 2567,ชื่อตรงกันทุกตัวอักษรหลังปรับรูป,จับคู่อัตโนมัติด้วยชื่อตรงกัน,,,,,500000.0,415000.0,2564-0055,DOC-BUD-2564,1.2ผลเบิกจ่ายปี 2564 - final.pdf,2
ITM-0101,ค่าตอบแทนจ้าหน้าที่ตำรวจรักษาความปลอดภัยในการนำเงินสดฝากธนาคาร,11. ค่าตอบแทนจ้าหน้าที่ตำรวจรักษาความปลอดภัยในการนำเงินสดฝากธนาคาร,2564,5,2563 | 2564 | 2565 | 2566 | 2567,ชื่อตรงกันทุกตัวอักษรหลังปรับรูป,จับคู่อัตโนมัติด้วยชื่อตรงกัน,,,,,77000.0,84400.0,2564-0056,DOC-BUD-2564,1.2ผลเบิกจ่ายปี 2564 - final.pdf,2
ITM-0086,ค่าจ้างแปลเอกสารจากภาษาต่างประเทศเป็นภาษาไทย และจากภาษาไทย เป็นภาษาต่างประเทศ,12. ค่าจ้างแปลเอกสารจากภาษาต่างประเทศเป็นภาษาไทย และจากภาษาไทย เป็นภาษาต่างประเทศ,2564,5,2563 | 2564 | 2565 | 2566 | 2567,ชื่อตรงกันทุกตัวอักษรหลังปรับรูป,จับคู่อัตโนมัติด้วยชื่อตรงกัน,,,,,93000.0,30000.0,2564-0057,DOC-BUD-2564,1.2ผลเบิกจ่ายปี 2564 - final.pdf,2
ITM-0106,ค่าตอบแทนล่ามในการแปลภาษาท้องถิ่น ภาษต่างประเทศ หรือภาษามือ,13. ค่าตอบแทนล่ามในการแปลภาษาท้องถิ่น ภาษต่างประเทศ หรือภาษามือ,2564,5,2563 | 2564 | 2565 | 2566 | 2567,ชื่อตรงกันทุกตัวอักษรหลังปรับรูป,จับคู่อัตโนมัติด้วยชื่อตรงกัน,,,,,100000.0,30000.0,2564-0058,DOC-BUD-2564,1.2ผลเบิกจ่ายปี 2564 - final.pdf,2
ITM-0016,ค่าจ้างตรวจสัญญาด้านการลงทุน,14. ค่าจ้างตรวจสัญญาด้านการลงทุน,2564,2,2564 | 2565,ชื่อตรงกันทุกตัวอักษรหลังปรับรูป,จับคู่อัตโนมัติด้วยชื่อตรงกัน,,,,,1000000.0,,2564-0059,DOC-BUD-2564,1.2ผลเบิกจ่ายปี 2564 - final.pdf,2
ITM-0152,ค่าเบี้ยเลี้ยง ที่พัก พาหนะ และอื่น ๆ,1. ค่าเบี้ยเลี้ยง ที่พัก พาหนะ และอื่น ๆ,2564,5,2563 | 2564 | 2565 | 2566 | 2567,ชื่อตรงกันทุกตัวอักษรหลังปรับรูป,จับคู่อัตโนมัติด้วยชื่อตรงกัน,,,,,38839700.0,13056313.22,2564-0061,DOC-BUD-2564,1.2ผลเบิกจ่ายปี 2564 - final.pdf,2
ITM-0138,ค่าผ่านทางด่วนพิเศษ,2. ค่าผ่านทางด่วนพิเศษ,2564,5,2563 | 2564 | 2565 | 2566 | 2567,ชื่อตรงกันทุกตัวอักษรหลังปรับรูป,จับคู่อัตโนมัติด้วยชื่อตรงกัน,,,,,728900.0,371067.0,2564-0062,DOC-BUD-2564,1.2ผลเบิกจ่ายปี 2564 - final.pdf,2
ITM-0177,ค่าใช้จ่ายในการเดินทางภายในประเทศของผู้รับการอบรม,3. ค่าใช้จ่ายในการเดินทางภายในประเทศของผู้รับการอบรม,2564,4,2563 | 2564 | 2565 | 2566,ชื่อตรงกันทุกตัวอักษรหลังปรับรูป,จับคู่อัตโนมัติด้วยชื่อตรงกัน,,,,,15164600.0,2407736.92,2564-0063,DOC-BUD-2564,1.2ผลเบิกจ่ายปี 2564 - final.pdf,2
ITM-0161,ค่าใช้จ่ายในการจัดประชุม อบรม สัมมนาและค่าอาหารว่าง,4. ค่าใช้จ่ายในการจัดประชุม อบรม สัมมนาและค่าอาหารว่าง,2564,5,2563 | 2564 | 2565 | 2566 | 2567,ชื่อตรงกันทุกตัวอักษรหลังปรับรูป,จับคู่อัตโนมัติด้วยชื่อตรงกัน,,,,,10817600.0,4001220.5,2564-0064,DOC-BUD-2564,1.2ผลเบิกจ่ายปี 2564 - final.pdf,2
ITM-0091,ค่าซ่อมแซมบำรุงรักษาทรัพย์สิน,5. ค่าซ่อมแซมบำรุงรักษาทรัพย์สิน,2564,5,2563 | 2564 | 2565 | 2566 | 2567,ชื่อตรงกันทุกตัวอักษรหลังปรับรูป,จับคู่อัตโนมัติด้วยชื่อตรงกัน,,,,,18790300.0,15151782.15,2564-0066,DOC-BUD-2564,1.2ผลเบิกจ่ายปี 2564 - final.pdf,2
ITM-0093,ค่าซ่อมแซมบำรุงรักษารถยนต์,6. ค่าซ่อมแซมบำรุงรักษารถยนต์,2564,4,2563 | 2564 | 2565 | 2566,ชื่อตรงกันทุกตัวอักษรหลังปรับรูป,จับคู่อัตโนมัติด้วยชื่อตรงกัน,,,,,12976800.0,8516923.81,2564-0067,DOC-BUD-2564,1.2ผลเบิกจ่ายปี 2564 - final.pdf,2
ITM-0090,ค่าซอมแซมปรับปรุงอาคารหรือสิ่งก่อสร้าง,7. ค่าซอมแซมปรับปรุงอาคารหรือสิ่งก่อสร้าง,2564,5,2563 | 2564 | 2565 | 2566 | 2567,ชื่อตรงกันทุกตัวอักษรหลังปรับรูป,จับคู่อัตโนมัติด้วยชื่อตรงกัน,,,,,1500000.0,3320533.11,2564-0068,DOC-BUD-2564,1.2ผลเบิกจ่ายปี 2564 - final.pdf,2
ITM-0081,ค่าจ้างเหมาบริการต่าง ๆ,8. ค่าจ้างเหมาบริการต่าง ๆ,2564,5,2563 | 2564 | 2565 | 2566 | 2567,ชื่อตรงกันทุกตัวอักษรหลังปรับรูป,จับคู่อัตโนมัติด้วยชื่อตรงกัน,,,,,9750300.0,9998275.35,2564-0069,DOC-BUD-2564,1.2ผลเบิกจ่ายปี 2564 - final.pdf,3
ITM-0079,ค่าจ้างเหมากำจัดปลวก มด แมลง และหนู,9. ค่าจ้างเหมากำจัดปลวก มด แมลง และหนู,2564,5,2563 | 2564 | 2565 | 2566 | 2567,ชื่อตรงกันทุกตัวอักษรหลังปรับรูป,จับคู่อัตโนมัติด้วยชื่อตรงกัน,,,,,3033200.0,2147410.11,2564-0070,DOC-BUD-2564,1.2ผลเบิกจ่ายปี 2564 - final.pdf,3
ITM-0084,ค่าจ้างเหมารักษาความปลอดภัยอาคารสำนักงานประกันสังคม,10. ค่าจ้างเหมารักษาความปลอดภัยอาคารสำนักงานประกันสังคม,2564,4,2563 | 2564 | 2565 | 2566,ชื่อตรงกันทุกตัวอักษรหลังปรับรูป,จับคู่อัตโนมัติด้วยชื่อตรงกัน,,,,,91272000.0,82892299.04,2564-0071,DOC-BUD-2564,1.2ผลเบิกจ่ายปี 2564 - final.pdf,3
ITM-0085,ค่าจ้างเหมารักษาความสะอาดอาคารสำนักงานประกันสังคม,11. ค่าจ้างเหมารักษาความสะอาดอาคารสำนักงานประกันสังคม,2564,4,2563 | 2564 | 2565 | 2566,ชื่อตรงกันทุกตัวอักษรหลังปรับรูป,จับคู่อัตโนมัติด้วยชื่อตรงกัน,,,,,57429200.0,48938551.12,2564-0072,DOC-BUD-2564,1.2ผลเบิกจ่ายปี 2564 - final.pdf,3
ITM-0082,ค่าจ้างเหมาบำรุงรักษาสวนหย่อม,12. ค่าจ้างเหมาบำรุงรักษาสวนหย่อม,2564,4,2563 | 2564 | 2565 | 2566,ชื่อตรงกันทุกตัวอักษรหลังปรับรูป,จับคู่อัตโนมัติด้วยชื่อตรงกัน,,,,,6451400.0,5632112.27,2564-0073,DOC-BUD-2564,1.2ผลเบิกจ่ายปี 2564 - final.pdf,3
ITM-0083,ค่าจ้างเหมาพนักงานขับรถยนต์,13. ค่าจ้างเหมาพนักงานขับรถยนต์,2564,5,2563 | 2564 | 2565 | 2566 | 2567,ชื่อตรงกันทุกตัวอักษรหลังปรับรูป,จับคู่อัตโนมัติด้วยชื่อตรงกัน,,,,,12240000.0,10841153.94,2564-0074,DOC-BUD-2564,1.2ผลเบิกจ่ายปี 2564 - final.pdf,3
ITM-0015,ค่าขนย้ายและติดตั้งครุภัณฑ์และทรัพย์สินต่าง ๆ,14. ค่าขนย้ายและติดตั้งครุภัณฑ์และทรัพย์สินต่าง ๆ,2564,5,2563 | 2564 | 2565 | 2566 | 2567,ชื่อตรงกันทุกตัวอักษรหลังปรับรูป,จับคู่อัตโนมัติด้วยชื่อตรงกัน,,,,,626800.0,388055.0,2564-0075,DOC-BUD-2564,1.2ผลเบิกจ่ายปี 2564 - final.pdf,3
ITM-0148,"ค่าเช่าอาคารพาณิชย์เป็นที่ทำการสำนักงานประกันสังคมพื้นที่, และอาคารเก็บเอกสาร","15. ค่าเช่าอาคารพาณิชย์เป็นที่ทำการสำนักงานประกันสังคมพื้นที่, และอาคารเก็บเอกสาร",2564,4,2563 | 2564 | 2565 | 2566,ชื่อตรงกันทุกตัวอักษรหลังปรับรูป,จับคู่อัตโนมัติด้วยชื่อตรงกัน,,,,,59276100.0,52490609.17,2564-0076,DOC-BUD-2564,1.2ผลเบิกจ่ายปี 2564 - final.pdf,3
ITM-0143,ค่าเช่าที่ดิน,16. ค่าเช่าที่ดิน,2564,5,2563 | 2564 | 2565 | 2566 | 2567,ชื่อตรงกันทุกตัวอักษรหลังปรับรูป,จับคู่อัตโนมัติด้วยชื่อตรงกัน,,,,,123600.0,118574.0,2564-0077,DOC-BUD-2564,1.2ผลเบิกจ่ายปี 2564 - final.pdf,3
ITM-0136,ค่าประกันภัยรถยนต์ราชการ,17. ค่าประกันภัยรถยนต์ราชการ,2564,5,2563 | 2564 | 2565 | 2566 | 2567,ชื่อตรงกันทุกตัวอักษรหลังปรับรูป,จับคู่อัตโนมัติด้วยชื่อตรงกัน,,,,,1336200.0,965494.98,2564-0078,DOC-BUD-2564,1.2ผลเบิกจ่ายปี 2564 - final.pdf,3
ITM-0149,ค่าเช่าเครื่องถ่ายเอกสาร,19. ค่าเช่าเครื่องถ่ายเอกสาร,2564,5,2563 | 2564 | 2565 | 2566 | 2567,ชื่อตรงกันทุกตัวอักษรหลังปรับรูป,จับคู่อัตโนมัติด้วยชื่อตรงกัน,,,,,9137800.0,5583813.76,2564-0079,DOC-BUD-2564,1.2ผลเบิกจ่ายปี 2564 - final.pdf,3
ITM-0135,ค่าบำรุงรักษาระบบคอมพิวเตอร์,20. ค่าบำรุงรักษาระบบคอมพิวเตอร์,2564,4,2563 | 2564 | 2565 | 2566,ชื่อตรงกันทุกตัวอักษรหลังปรับรูป,จับคู่อัตโนมัติด้วยชื่อตรงกัน,,,,,449955100.0,443643881.43,2564-0080,DOC-BUD-2564,1.2ผลเบิกจ่ายปี 2564 - final.pdf,3
ITM-0043,ค่าจ้างบำรุงรักษาระบบสารสนเทศการจ่ายประโยชน์ทดแทน กรณีชราภาพ,1. ค่าจ้างบำรุงรักษาระบบสารสนเทศการจ่ายประโยชน์ทดแทน กรณีชราภาพ,2564,5,2563 | 2564 | 2565 | 2566 | 2567,ชื่อตรงกันทุกตัวอักษรหลังปรับรูป,จับคู่อัตโนมัติด้วยชื่อตรงกัน,,,,,1075200.0,1075200.0,2564-0081,DOC-BUD-2564,1.2ผลเบิกจ่ายปี 2564 - final.pdf,3
ITM-0052,ค่าจ้างบำรุงรักษาเครื่องคอมพิวเตอร์เมนเฟรมและอุปกรณ์ต่อพ่วง ศูนย์คอมพิวเตอร์หลัก และศูนย์คอมพิวเตอร์สำรอง,2. ค่าจ้างบำรุงรักษาเครื่องคอมพิวเตอร์เมนเฟรมและอุปกรณ์ต่อพ่วง ศูนย์คอมพิวเตอร์หลัก และศูนย์คอมพิวเตอร์สำรอง,2564,5,2563 | 2564 | 2565 | 2566 | 2567,ชื่อตรงกันทุกตัวอักษรหลังปรับรูป,จับคู่อัตโนมัติด้วยชื่อตรงกัน,,,,,37059000.0,37053000.0,2564-0082,DOC-BUD-2564,1.2ผลเบิกจ่ายปี 2564 - final.pdf,3
ITM-0070,ค่าจ้างบำรุงรักษาโปรแกรม Sapiens ObjectPool,3. ค่าจ้างบำรุงรักษาโปรแกรม Sapiens ObjectPool,2564,5,2563 | 2564 | 2565 | 2566 | 2567,ชื่อตรงกันทุกตัวอักษรหลังปรับรูป,จับคู่อัตโนมัติด้วยชื่อตรงกัน,,,,,1428000.0,1428000.0,2564-0083,DOC-BUD-2564,1.2ผลเบิกจ่ายปี 2564 - final.pdf,3
ITM-0071,ค่าจ้างบำรุงรักษาโปรแกรม ViewDirect For OS/390,4. ค่าจ้างบำรุงรักษาโปรแกรม ViewDirect For OS/390,2564,5,2563 | 2564 | 2565 | 2566 | 2567,ชื่อตรงกันทุกตัวอักษรหลังปรับรูป,จับคู่อัตโนมัติด้วยชื่อตรงกัน,,,,,1446000.0,1446000.0,2564-0084,DOC-BUD-2564,1.2ผลเบิกจ่ายปี 2564 - final.pdf,3
ITM-0034,ค่าจ้างบำรุงรักษาระบบงานประกันสังคมบนเครื่องคอมพิวเตอร์เมนเฟรม,5. ค่าจ้างบำรุงรักษาระบบงานประกันสังคมบนเครื่องคอมพิวเตอร์เมนเฟรม,2564,5,2563 | 2564 | 2565 | 2566 | 2567,ชื่อตรงกันทุกตัวอักษรหลังปรับรูป,จับคู่อัตโนมัติด้วยชื่อตรงกัน,,,,,16200000.0,16200000.0,2564-0085,DOC-BUD-2564,1.2ผลเบิกจ่ายปี 2564 - final.pdf,3
ITM-0060,ค่าจ้างบำรุงรักษาและปรับปรุงระบบงานสารสนเทศเพื่อการจัดการ,6. ค่าจ้างบำรุงรักษาและปรับปรุงระบบงานสารสนเทศเพื่อการจัดการ,2564,5,2563 | 2564 | 2565 | 2566 | 2567,ชื่อตรงกันทุกตัวอักษรหลังปรับรูป,จับคู่อัตโนมัติด้วยชื่อตรงกัน,,,,,463200.0,463200.0,2564-0086,DOC-BUD-2564,1.2ผลเบิกจ่ายปี 2564 - final.pdf,3
ITM-0061,ค่าจ้างบำรุงรักษาและปรับปรุงระบบฐานข้อมูลเพื่อการบริหารงานประกันสังคม ในรูปบบ e-Service,7. ค่าจ้างบำรุงรักษาและปรับปรุงระบบฐานข้อมูลเพื่อการบริหารงานประกันสังคม ในรูปบบ e-Service,2564,5,2563 | 2564 | 2565 | 2566 | 2567,ชื่อตรงกันทุกตัวอักษรหลังปรับรูป,จับคู่อัตโนมัติด้วยชื่อตรงกัน,,,,,5400000.0,5400000.0,2564-0087,DOC-BUD-2564,1.2ผลเบิกจ่ายปี 2564 - final.pdf,3
ITM-0072,ค่าจ้างบำรุงรักษาโปรแกรมบริหารการลงทุน,8. ค่าจ้างบำรุงรักษาโปรแกรมบริหารการลงทุน,2564,5,2563 | 2564 | 2565 | 2566 | 2567,ชื่อตรงกันทุกตัวอักษรหลังปรับรูป,จับคู่อัตโนมัติด้วยชื่อตรงกัน,,,,,5780000.0,5779920.0,2564-0088,DOC-BUD-2564,1.2ผลเบิกจ่ายปี 2564 - final.pdf,3
ITM-0045,ค่าจ้างบำรุงรักษาระบบแปลงรายงาน (Reports Conversion),9. ค่าจ้างบำรุงรักษาระบบแปลงรายงาน (Reports Conversion),2564,5,2563 | 2564 | 2565 | 2566 | 2567,ชื่อตรงกันทุกตัวอักษรหลังปรับรูป,จับคู่อัตโนมัติด้วยชื่อตรงกัน,,,,,456000.0,456000.0,2564-0089,DOC-BUD-2564,1.2ผลเบิกจ่ายปี 2564 - final.pdf,3
ITM-0044,ค่าจ้างบำรุงรักษาระบบเครือข่ายสื่อสารคอมพิวเตอร์ภายในสำนักงานประกันสังคม สำนักงานใหญ่ และสำนักงานประกันสังคมกรุงเทพมหานครพื้นที่ 3 (ดินแดง),10. ค่าจ้างบำรุงรักษาระบบเครือข่ายสื่อสารคอมพิวเตอร์ภายในสำนักงานประกันสังคม สำนักงานใหญ่ และสำนักงานประกันสังคมกรุงเทพมหานครพื้นที่ 3 (ดินแดง),2564,2,2563 | 2564,ชื่อตรงกันทุกตัวอักษรหลังปรับรูป,จับคู่อัตโนมัติด้วยชื่อตรงกัน,,,,,4440000.0,4440000.0,2564-0090,DOC-BUD-2564,1.2ผลเบิกจ่ายปี 2564 - final.pdf,3
ITM-0048,ค่าจ้างบำรุงรักษาอุปกรณ์ระบบประชุม สัมมนา ฝึกอบรมงานประกันสังคม สำหรับนายจ้างและผู้ประกันตนแบบทางไกล,11. ค่าจ้างบำรุงรักษาอุปกรณ์ระบบประชุม สัมมนา ฝึกอบรมงานประกันสังคม สำหรับนายจ้างและผู้ประกันตนแบบทางไกล,2564,2,2563 | 2564,ชื่อตรงกันทุกตัวอักษรหลังปรับรูป,จับคู่อัตโนมัติด้วยชื่อตรงกัน,,,,,6090000.0,6090000.0,2564-0091,DOC-BUD-2564,1.2ผลเบิกจ่ายปี 2564 - final.pdf,3
ITM-0057,ค่าจ้างบำรุงรักษาและปรับปรุงระบบงานกองทุน,12. ค่าจ้างบำรุงรักษาและปรับปรุงระบบงานกองทุน,2564,2,2563 | 2564,ชื่อตรงกันทุกตัวอักษรหลังปรับรูป,จับคู่อัตโนมัติด้วยชื่อตรงกัน,,,,,12674000.0,12664000.0,2564-0092,DOC-BUD-2564,1.2ผลเบิกจ่ายปี 2564 - final.pdf,3
ITM-0069,ค่าจ้างบำรุงรักษาโปรแกรม IBM Tivoli OmegaMon for CICS,13. ค่าจ้างบำรุงรักษาโปรแกรม IBM Tivoli OmegaMon for CICS,2564,5,2563 | 2564 | 2565 | 2566 | 2567,ชื่อตรงกันทุกตัวอักษรหลังปรับรูป,จับคู่อัตโนมัติด้วยชื่อตรงกัน,,,,,894000.0,894000.0,2564-0093,DOC-BUD-2564,1.2ผลเบิกจ่ายปี 2564 - final.pdf,3
ITM-0065,ค่าจ้างบำรุงรักษาและปรับปรุงระบบสารสนเทศงานประกันสังคมตามมาตรา 40,14. ค่าจ้างบำรุงรักษาและปรับปรุงระบบสารสนเทศงานประกันสังคมตามมาตรา 40,2564,5,2563 | 2564 | 2565 | 2566 | 2567,ชื่อตรงกันทุกตัวอักษรหลังปรับรูป,จับคู่อัตโนมัติด้วยชื่อตรงกัน,,,,,4485000.0,4483200.0,2564-0094,DOC-BUD-2564,1.2ผลเบิกจ่ายปี 2564 - final.pdf,3
ITM-0064,ค่าจ้างบำรุงรักษาและปรับปรุงระบบสารสนเทศงานประกันสังคม กรณีว่างงาน,15. ค่าจ้างบำรุงรักษาและปรับปรุงระบบสารสนเทศงานประกันสังคม กรณีว่างงาน,2564,5,2563 | 2564 | 2565 | 2566 | 2567,ชื่อตรงกันทุกตัวอักษรหลังปรับรูป,จับคู่อัตโนมัติด้วยชื่อตรงกัน,,,,,696000.0,693000.0,2564-0095,DOC-BUD-2564,1.2ผลเบิกจ่ายปี 2564 - final.pdf,3
ITM-0027,ค่าจ้างบำรงุรักษาและปรับปรุงระบบบริการอิเล็กทรอนิกส์,16. ค่าจ้างบำรงุรักษาและปรับปรุงระบบบริการอิเล็กทรอนิกส์,2564,5,2563 | 2564 | 2565 | 2566 | 2567,ชื่อตรงกันทุกตัวอักษรหลังปรับรูป,จับคู่อัตโนมัติด้วยชื่อตรงกัน,,,,,4128000.0,4128000.0,2564-0096,DOC-BUD-2564,1.2ผลเบิกจ่ายปี 2564 - final.pdf,3
ITM-0030,ค่าจ้างบำรุงรักษาระบบคอมพิวเตอร์พร้อมการรักษาความมั่นคงปลดดภัย ระดับคอมพิวเตอร์ลูกข่าย,17. ค่าจ้างบำรุงรักษาระบบคอมพิวเตอร์พร้อมการรักษาความมั่นคงปลดดภัย ระดับคอมพิวเตอร์ลูกข่าย,2564,3,2563 | 2564 | 2565,ชื่อตรงกันทุกตัวอักษรหลังปรับรูป,ชื่อตรงกันข้ามปี และยังมีรายการชื่อคล้ายกันให้ตรวจเพิ่ม,ITM-0031,ค่าจ้างบำรุงรักษาระบบคอมพิวเตอร์พร้อมการรักษาความมั่นคงปลอดภัย ระดับคอมพิวเตอร์ลูกข่าย,98.8,2566 | 2567,50760000.0,46019605.05,2564-0097,DOC-BUD-2564,1.2ผลเบิกจ่ายปี 2564 - final.pdf,3
ITM-0032,ค่าจ้างบำรุงรักษาระบบคอมพิวเตอร์และบริหารศูนย์คอมพิวเตอร์ (Cloud),18. ค่าจ้างบำรุงรักษาระบบคอมพิวเตอร์และบริหารศูนย์คอมพิวเตอร์ (Cloud),2564,4,2563 | 2564 | 2565 | 2566,ชื่อตรงกันทุกตัวอักษรหลังปรับรูป,จับคู่อัตโนมัติด้วยชื่อตรงกัน,,,,,136483800.0,135193843.18,2564-0098,DOC-BUD-2564,1.2ผลเบิกจ่ายปี 2564 - final.pdf,3
ITM-0040,ค่าจ้างบำรุงรักษาระบบรักษาความปลอดภัยในการรับส่งข้อมูล แบบ Web service,19. ค่าจ้างบำรุงรักษาระบบรักษาความปลอดภัยในการรับส่งข้อมูล แบบ Web service,2564,2,2563 | 2564,ชื่อตรงกันทุกตัวอักษรหลังปรับรูป,จับคู่อัตโนมัติด้วยชื่อตรงกัน,,,,,1030800.0,1030800.0,2564-0099,DOC-BUD-2564,1.2ผลเบิกจ่ายปี 2564 - final.pdf,3
ITM-0062,ค่าจ้างบำรุงรักษาและปรับปรุงระบบบริหารการจัดทำแผนปฏิบัติราชการ และงบประมาณ สำนักงานประกันสังคม,20. ค่าจ้างบำรุงรักษาและปรับปรุงระบบบริหารการจัดทำแผนปฏิบัติราชการ และงบประมาณ สำนักงานประกันสังคม,2564,5,2563 | 2564 | 2565 | 2566 | 2567,ชื่อตรงกันทุกตัวอักษรหลังปรับรูป,จับคู่อัตโนมัติด้วยชื่อตรงกัน,,,,,1080000.0,996000.0,2564-0100,DOC-BUD-2564,1.2ผลเบิกจ่ายปี 2564 - final.pdf,3
ITM-0059,ค่าจ้างบำรุงรักษาและปรับปรุงระบบงานสนับสนุน,21. ค่าจ้างบำรุงรักษาและปรับปรุงระบบงานสนับสนุน,2564,5,2563 | 2564 | 2565 | 2566 | 2567,ชื่อตรงกันทุกตัวอักษรหลังปรับรูป,จับคู่อัตโนมัติด้วยชื่อตรงกัน,,,,,2802000.0,2800000.0,2564-0101,DOC-BUD-2564,1.2ผลเบิกจ่ายปี 2564 - final.pdf,3
ITM-0028,ค่าจ้างบำรุงรักษาระบบการจ่ายค่าบริการทางการแพทย์เชื่อมโยงระบบ NCH (National Clearing House),22. ค่าจ้างบำรุงรักษาระบบการจ่ายค่าบริการทางการแพทย์เชื่อมโยงระบบ NCH (National Clearing House),2564,5,2563 | 2564 | 2565 | 2566 | 2567,ชื่อตรงกันทุกตัวอักษรหลังปรับรูป,จับคู่อัตโนมัติด้วยชื่อตรงกัน,,,,,1788000.0,1788000.0,2564-0102,DOC-BUD-2564,1.2ผลเบิกจ่ายปี 2564 - final.pdf,3
ITM-0047,ค่าจ้างบำรุงรักษาอุปกรณ์จัดเก็บ Log File ระบบเครือข่าย,23. ค่าจ้างบำรุงรักษาอุปกรณ์จัดเก็บ Log File ระบบเครือข่าย,2564,2,2563 | 2564,ชื่อตรงกันทุกตัวอักษรหลังปรับรูป,จับคู่อัตโนมัติด้วยชื่อตรงกัน,,,,,460100.0,460057.2,2564-0103,DOC-BUD-2564,1.2ผลเบิกจ่ายปี 2564 - final.pdf,3
ITM-0029,ค่าจ้างบำรุงรักษาระบบการตรวจสอบเวชระเบียนอิเล็กทรอนิกส์,24. ค่าจ้างบำรุงรักษาระบบการตรวจสอบเวชระเบียนอิเล็กทรอนิกส์,2564,5,2563 | 2564 | 2565 | 2566 | 2567,ชื่อตรงกันทุกตัวอักษรหลังปรับรูป,จับคู่อัตโนมัติด้วยชื่อตรงกัน,,,,,606100.0,606096.0,2564-0104,DOC-BUD-2564,1.2ผลเบิกจ่ายปี 2564 - final.pdf,3
ITM-0068,ค่าจ้างบำรุงรักษาและปรับปรุงระบบใบเสร็จรับเงินอิเล็กทรอนิกส์ (e-Receipt),25. ค่าจ้างบำรุงรักษาและปรับปรุงระบบใบเสร็จรับเงินอิเล็กทรอนิกส์ (e-Receipt),2564,5,2563 | 2564 | 2565 | 2566 | 2567,ชื่อตรงกันทุกตัวอักษรหลังปรับรูป,จับคู่อัตโนมัติด้วยชื่อตรงกัน,,,,,696000.0,694000.0,2564-0105,DOC-BUD-2564,1.2ผลเบิกจ่ายปี 2564 - final.pdf,3
ITM-0054,ค่าจ้างบำรุงรักษาเว็บไซต์สำนักงานประกันสังคม (www.sso.go.th),26. ค่าจ้างบำรุงรักษาเว็บไซต์สำนักงานประกันสังคม (www.sso.go.th),2564,5,2563 | 2564 | 2565 | 2566 | 2567,ชื่อตรงกันทุกตัวอักษรหลังปรับรูป,จับคู่อัตโนมัติด้วยชื่อตรงกัน,,,,,1236000.0,1236000.0,2564-0106,DOC-BUD-2564,1.2ผลเบิกจ่ายปี 2564 - final.pdf,3
ITM-0049,ค่าจ้างบำรุงรักษาอุปกรณ์สนับสนุนศูนย์คอมพิวเตอร์หลัก,27. ค่าจ้างบำรุงรักษาอุปกรณ์สนับสนุนศูนย์คอมพิวเตอร์หลัก,2564,5,2563 | 2564 | 2565 | 2566 | 2567,ชื่อตรงกันทุกตัวอักษรหลังปรับรูป,จับคู่อัตโนมัติด้วยชื่อตรงกัน,,,,,5900100.0,5900100.0,2564-0107,DOC-BUD-2564,1.2ผลเบิกจ่ายปี 2564 - final.pdf,3
ITM-0042,ค่าจ้างบำรุงรักษาระบบสนับสนุนศูนย์คอมพิวเตอร์ (จังหวัดระยอง) พร้อมเชื่อมโยงเครือข่ายสัญญาณ เพื่อรับส่งข้อมูลระหว่างศูนย์คอมพิวเตอร์,28. ค่าจ้างบำรุงรักษาระบบสนับสนุนศูนย์คอมพิวเตอร์ (จังหวัดระยอง) พร้อมเชื่อมโยงเครือข่ายสัญญาณ เพื่อรับส่งข้อมูลระหว่างศูนย์คอมพิวเตอร์,2564,5,2563 | 2564 | 2565 | 2566 | 2567,ชื่อตรงกันทุกตัวอักษรหลังปรับรูป,จับคู่อัตโนมัติด้วยชื่อตรงกัน,,,,,80149000.0,80105000.0,2564-0108,DOC-BUD-2564,1.2ผลเบิกจ่ายปี 2564 - final.pdf,3
ITM-0056,ค่าจ้างบำรุงรักษาและปรับปรุงระบบข้อมูลการใช้บริการทางการแพทย์ของผู้ประกันตน,29. ค่าจ้างบำรุงรักษาและปรับปรุงระบบข้อมูลการใช้บริการทางการแพทย์ ของผู้ประกันตน,2564,5,2563 | 2564 | 2565 | 2566 | 2567,ชื่อตรงกันทุกตัวอักษรหลังปรับรูป,จับคู่อัตโนมัติด้วยชื่อตรงกัน,,,,,780000.0,762000.0,2564-0109,DOC-BUD-2564,1.2ผลเบิกจ่ายปี 2564 - final.pdf,4
ITM-0050,ค่าจ้างบำรุงรักษาอุปกรณ์สำหรับเพิ่มประสิทธิภาพในการใช้งาน และบริหารจัดการผู้ใช้งานระบบเครือข่ายอินเทอร์เน็ต,30. ค่าจ้างบำรุงรักษาอุปกรณ์สำหรับเพิ่มประสิทธิภาพในการใช้งาน และบริหารจัดการผู้ใช้งานระบบเครือข่ายอินเทอร์เน็ต,2564,4,2563 | 2564 | 2565 | 2566,ชื่อตรงกันทุกตัวอักษรหลังปรับรูป,จับคู่อัตโนมัติด้วยชื่อตรงกัน,,,,,852000.0,852000.0,2564-0110,DOC-BUD-2564,1.2ผลเบิกจ่ายปี 2564 - final.pdf,4
ITM-0037,ค่าจ้างบำรุงรักษาระบบจ่ายประโยชยน์ทดแทนค่าบริการทางการแพทย์ กรณีเจ็บป่วยฉุกเฉินวิกฤต (UCEP),31. ค่าจ้างบำรุงรักษาระบบจ่ายประโยชยน์ทดแทนค่าบริการทางการแพทย์ กรณีเจ็บป่วยฉุกเฉินวิกฤต (UCEP),2564,2,2564 | 2565,ชื่อตรงกันทุกตัวอักษรหลังปรับรูป,ชื่อตรงกันข้ามปี และยังมีรายการชื่อคล้ายกันให้ตรวจเพิ่ม,ITM-0036,ค่าจ้างบำรุงรักษาระบบจ่ายประโยชน์ทดแทนค่าบริการทางการแพทย์ กรณีเจ็บป่วยฉุกเฉินวิกฤต (UCEP),99.4,2566 | 2567,504800.0,420660.0,2564-0111,DOC-BUD-2564,1.2ผลเบิกจ่ายปี 2564 - final.pdf,4
ITM-0145,ค่าเช่าระบบปฏิบัติการ OS/390,32. ค่าเช่าระบบปฏิบัติการ OS/390,2564,5,2563 | 2564 | 2565 | 2566 | 2567,ชื่อตรงกันทุกตัวอักษรหลังปรับรูป,จับคู่อัตโนมัติด้วยชื่อตรงกัน,,,,,55248000.0,55242000.0,2564-0112,DOC-BUD-2564,1.2ผลเบิกจ่ายปี 2564 - final.pdf,4
ITM-0150,ค่าเช่าโปรแกรมสำหรรับควบคุมงานประมวลผลแบบ Batch,33. ค่าเช่าโปรแกรมสำหรรับควบคุมงานประมวลผลแบบ Batch,2564,5,2563 | 2564 | 2565 | 2566 | 2567,ชื่อตรงกันทุกตัวอักษรหลังปรับรูป,จับคู่อัตโนมัติด้วยชื่อตรงกัน,,,,,5496000.0,5496000.0,2564-0113,DOC-BUD-2564,1.2ผลเบิกจ่ายปี 2564 - final.pdf,4
ITM-0035,ค่าจ้างบำรุงรักษาระบบจัดเก็บและแปลงเอกสารหลักฐานงานประกันสังคม จากรูปแบบกระดาษให้เป็นข้อมูลอิเล็กทรอนิกส์ ตามมาตรฐานภายใต้กรอบของ กระทรวงดิจิทัลเพื่อเศรษฐกิจและสังคม (EDOC),34. ค่าจ้างบำรุงรักษาระบบจัดเก็บและแปลงเอกสารหลักฐานงานประกันสังคม จากรูปแบบกระดาษให้เป็นข้อมูลอิเล็กทรอนิกส์ ตามมาตรฐานภายใต้กรอบ ของกระทรวงดิจิทัลเพื่อเศรษฐกิจและสังคม (EDOC),2564,5,2563 | 2564 | 2565 | 2566 | 2567,ชื่อตรงกันทุกตัวอักษรหลังปรับรูป,จับคู่อัตโนมัติด้วยชื่อตรงกัน,,,,,1368000.0,1348200.0,2564-0114,DOC-BUD-2564,1.2ผลเบิกจ่ายปี 2564 - final.pdf,4
ITM-0155,ค่าใช้จ่ายต่าง ๆ เพื่อเผยแพร่ความรู้เกี่ยวกับการประกันสังคม,20. ค่าใช้จ่ายต่าง ๆ เพื่อเผยแพร่ความรู้เกี่ยวกับการประกันสังคม,2564,5,2563 | 2564 | 2565 | 2566 | 2567,ชื่อตรงกันทุกตัวอักษรหลังปรับรูป,จับคู่อัตโนมัติด้วยชื่อตรงกัน,,,,,15420000.0,12047224.17,2564-0115,DOC-BUD-2564,1.2ผลเบิกจ่ายปี 2564 - final.pdf,4
ITM-0173,ค่าใช้จ่ายในการลี้ยงรับรองบุคคลหรือรับรองชาวต่างประเทศ,21. ค่าใช้จ่ายในการลี้ยงรับรองบุคคลหรือรับรองชาวต่างประเทศ,2564,5,2563 | 2564 | 2565 | 2566 | 2567,ชื่อตรงกันทุกตัวอักษรหลังปรับรูป,จับคู่อัตโนมัติด้วยชื่อตรงกัน,,,,,50000.0,12231.0,2564-0117,DOC-BUD-2564,1.2ผลเบิกจ่ายปี 2564 - final.pdf,4
ITM-0131,ค่าธรรมเนียมอื่น ๆ,22. ค่าธรรมเนียมอื่น ๆ,2564,5,2563 | 2564 | 2565 | 2566 | 2567,ชื่อตรงกันทุกตัวอักษรหลังปรับรูป,จับคู่อัตโนมัติด้วยชื่อตรงกัน,,,,,1815100.0,1628243.85,2564-0118,DOC-BUD-2564,1.2ผลเบิกจ่ายปี 2564 - final.pdf,4
ITM-0127,ค่าธรรมเนียมบริการรับ - ส่งเงินของ KGS,23. ค่าธรรมเนียมบริการรับ - ส่งเงินของ KGS,2564,4,2563 | 2564 | 2565 | 2566,ชื่อตรงกันทุกตัวอักษรหลังปรับรูป,ชื่อตรงกันข้ามปี และยังมีรายการชื่อคล้ายกันให้ตรวจเพิ่ม,ITM-0128,ค่าธรรมเนียมบริการรับ - ส่งเงินของ KTBGS,97.1,2567,9472400.0,7408029.13,2564-0119,DOC-BUD-2564,1.2ผลเบิกจ่ายปี 2564 - final.pdf,4
ITM-0119,ค่าธรรมเนียมการต่อใบอนุญาตมีซึ่งยุทธภัณฑ์ รถหุ้มเกราะป้องกันกระสุนฯ,24. ค่าธรรมเนียมการต่อใบอนุญาตมีซึ่งยุทธภัณฑ์ รถหุ้มเกราะป้องกันกระสุนฯ,2564,4,2563 | 2564 | 2565 | 2566,ชื่อตรงกันทุกตัวอักษรหลังปรับรูป,จับคู่อัตโนมัติด้วยชื่อตรงกัน,,,,,5000.0,5000.0,2564-0120,DOC-BUD-2564,1.2ผลเบิกจ่ายปี 2564 - final.pdf,4
ITM-0126,ค่าธรรมเนียมทางกฎหมาย,25. ค่าธรรมเนียมทางกฎหมาย,2564,5,2563 | 2564 | 2565 | 2566 | 2567,ชื่อตรงกันทุกตัวอักษรหลังปรับรูป,จับคู่อัตโนมัติด้วยชื่อตรงกัน,,,,,1819900.0,672493.54,2564-0121,DOC-BUD-2564,1.2ผลเบิกจ่ายปี 2564 - final.pdf,4
ITM-0159,ค่าใช้จ่ายในการจัดทำข้อสอบ,26. ค่าใช้จ่ายในการจัดทำข้อสอบ,2564,5,2563 | 2564 | 2565 | 2566 | 2567,ชื่อตรงกันทุกตัวอักษรหลังปรับรูป,จับคู่อัตโนมัติด้วยชื่อตรงกัน,,,,,1408300.0,582500.0,2564-0122,DOC-BUD-2564,1.2ผลเบิกจ่ายปี 2564 - final.pdf,4
ITM-0146,ค่าเช่าสถานที่สอบคัดเลือกข้าราชการและพนักงาน,27. ค่าเช่าสถานที่สอบคัดเลือกข้าราชการและพนักงาน,2564,4,2563 | 2564 | 2565 | 2566,ชื่อตรงกันทุกตัวอักษรหลังปรับรูป,จับคู่อัตโนมัติด้วยชื่อตรงกัน,,,,,2345200.0,1787500.0,2564-0123,DOC-BUD-2564,1.2ผลเบิกจ่ายปี 2564 - final.pdf,4
ITM-0169,ค่าใช้จ่ายในการบำรุงของสมาคม ASSA และค่าใช้จ่ายอื่น ๆ ที่เกี่ยวข้อง,28. ค่าใช้จ่ายในการบำรุงของสมาคม ASSA และค่าใช้จ่ายอื่น ๆ ที่เกี่ยวข้อง,2564,4,2563 | 2564 | 2565 | 2566,ชื่อตรงกันทุกตัวอักษรหลังปรับรูป,จับคู่อัตโนมัติด้วยชื่อตรงกัน,,,,,10000.0,5438.45,2564-0124,DOC-BUD-2564,1.2ผลเบิกจ่ายปี 2564 - final.pdf,4
ITM-0137,ค่าป่วยการแก่พยานศาล,29. ค่าป่วยการแก่พยานศาล,2564,5,2563 | 2564 | 2565 | 2566 | 2567,ชื่อตรงกันทุกตัวอักษรหลังปรับรูป,จับคู่อัตโนมัติด้วยชื่อตรงกัน,,,,,50000.0,11000.0,2564-0125,DOC-BUD-2564,1.2ผลเบิกจ่ายปี 2564 - final.pdf,4
ITM-0130,ค่าธรรมเนียมสำนักงานการตรวจเงินแผ่นดิน เพื่อการตรวจสอบบัญชีกองทุนประกันสังคม,30. ค่าธรรมเนียมสำนักงานการตรวจเงินแผ่นดิน เพื่อการตรวจสอบบัญชีกองทุนประกันสังคม,2564,5,2563 | 2564 | 2565 | 2566 | 2567,ชื่อตรงกันทุกตัวอักษรหลังปรับรูป,จับคู่อัตโนมัติด้วยชื่อตรงกัน,,,,,1200000.0,1200000.0,2564-0126,DOC-BUD-2564,1.2ผลเบิกจ่ายปี 2564 - final.pdf,4
ITM-0164,ค่าใช้จ่ายในการจ้างบันทึกข้อมูลเงินสมทบ,31. ค่าใช้จ่ายในการจ้างบันทึกข้อมูลเงินสมทบ,2564,5,2563 | 2564 | 2565 | 2566 | 2567,ชื่อตรงกันทุกตัวอักษรหลังปรับรูป,จับคู่อัตโนมัติด้วยชื่อตรงกัน,,,,,13981500.0,13335265.5,2564-0127,DOC-BUD-2564,1.2ผลเบิกจ่ายปี 2564 - final.pdf,4
ITM-0113,ค่าตอบแทนเหมาจ่ายในการติดตามเร่งรัดหนี้นอกสถานที่,32. ค่าตอบแทนเหมาจ่ายในการติดตามเร่งรัดหนี้นอกสถานที่,2564,5,2563 | 2564 | 2565 | 2566 | 2567,ชื่อตรงกันทุกตัวอักษรหลังปรับรูป,จับคู่อัตโนมัติด้วยชื่อตรงกัน,,,,,8194200.0,2943036.61,2564-0128,DOC-BUD-2564,1.2ผลเบิกจ่ายปี 2564 - final.pdf,4
ITM-0018,ค่าจ้างทำของที่ระลึก,33. ค่าจ้างทำของที่ระลึก,2564,5,2563 | 2564 | 2565 | 2566 | 2567,ชื่อตรงกันทุกตัวอักษรหลังปรับรูป,จับคู่อัตโนมัติด้วยชื่อตรงกัน,,,,,1947000.0,1954920.0,2564-0129,DOC-BUD-2564,1.2ผลเบิกจ่ายปี 2564 - final.pdf,4
ITM-0094,ค่าตกแต่งสถานที่และค่าใช้จ่ายในการจัดงานต่าง ๆ,34. ค่าตกแต่งสถานที่และค่าใช้จ่ายในการจัดงานต่าง ๆ,2564,5,2563 | 2564 | 2565 | 2566 | 2567,ชื่อตรงกันทุกตัวอักษรหลังปรับรูป,จับคู่อัตโนมัติด้วยชื่อตรงกัน,,,,,1000000.0,49550.0,2564-0130,DOC-BUD-2564,1.2ผลเบิกจ่ายปี 2564 - final.pdf,4
ITM-0139,ค่าสมัครสมาชิกด้านการลงทุน,35. ค่าสมัครสมาชิกด้านการลงทุน,2564,5,2563 | 2564 | 2565 | 2566 | 2567,ชื่อตรงกันทุกตัวอักษรหลังปรับรูป,จับคู่อัตโนมัติด้วยชื่อตรงกัน,,,,,32020000.0,29754106.13,2564-0131,DOC-BUD-2564,1.2ผลเบิกจ่ายปี 2564 - final.pdf,4
ITM-0140,ค่าสมัครสมาชิกระบบฐานข้อมูลกองทุนรวม สำหรับการลงทุนต่างประเทศ กองทุนประกันสังคม,36. ค่าสมัครสมาชิกระบบฐานข้อมูลกองทุนรวม สำหรับการลงทุนต่างประเทศ กองทุนประกันสังคม,2564,1,2564,ชื่อตรงกันทุกตัวอักษรหลังปรับรูป,พบปีเดียว ยังไม่ยืนยันการจับคู่ข้ามปี,,,,,3000000.0,2826250.0,2564-0132,DOC-BUD-2564,1.2ผลเบิกจ่ายปี 2564 - final.pdf,4
ITM-0088,ค่าชดใช้ค่าสินไหมทดแทน,37. ค่าชดใช้ค่าสินไหมทดแทน,2564,1,2564,ชื่อตรงกันทุกตัวอักษรหลังปรับรูป,พบปีเดียว ยังไม่ยืนยันการจับคู่ข้ามปี,,,,,,120631.04,2564-0133,DOC-BUD-2564,1.2ผลเบิกจ่ายปี 2564 - final.pdf,4
ITM-0220,วัสดุสำนักงาน,1. วัสดุสำนักงาน,2564,5,2563 | 2564 | 2565 | 2566 | 2567,ชื่อตรงกันทุกตัวอักษรหลังปรับรูป,จับคู่อัตโนมัติด้วยชื่อตรงกัน,,,,,42882400.0,43272760.99,2564-0135,DOC-BUD-2564,1.2ผลเบิกจ่ายปี 2564 - final.pdf,4
ITM-0216,วัสดุคอมพิวเตอร์,2. วัสดุคอมพิวเตอร์,2564,5,2563 | 2564 | 2565 | 2566 | 2567,ชื่อตรงกันทุกตัวอักษรหลังปรับรูป,จับคู่อัตโนมัติด้วยชื่อตรงกัน,,,,,60883200.0,62883570.73,2564-0136,DOC-BUD-2564,1.2ผลเบิกจ่ายปี 2564 - final.pdf,4
ITM-0221,วัสดุส่วนกลาง,3. วัสดุส่วนกลาง,2564,5,2563 | 2564 | 2565 | 2566 | 2567,ชื่อตรงกันทุกตัวอักษรหลังปรับรูป,จับคู่อัตโนมัติด้วยชื่อตรงกัน,,,,,5800000.0,2968215.76,2564-0137,DOC-BUD-2564,1.2ผลเบิกจ่ายปี 2564 - final.pdf,4
ITM-0223,วัสดุแบบพิมพ์,4. วัสดุแบบพิมพ์,2564,5,2563 | 2564 | 2565 | 2566 | 2567,ชื่อตรงกันทุกตัวอักษรหลังปรับรูป,จับคู่อัตโนมัติด้วยชื่อตรงกัน,,,,,10252500.0,5489437.32,2564-0138,DOC-BUD-2564,1.2ผลเบิกจ่ายปี 2564 - final.pdf,4
ITM-0226,หนังสือ วารสาร หนังสือพิมพ์,5. หนังสือ วารสาร หนังสือพิมพ์,2564,5,2563 | 2564 | 2565 | 2566 | 2567,ชื่อตรงกันทุกตัวอักษรหลังปรับรูป,จับคู่อัตโนมัติด้วยชื่อตรงกัน,,,,,350300.0,243360.8,2564-0139,DOC-BUD-2564,1.2ผลเบิกจ่ายปี 2564 - final.pdf,4
ITM-0142,ค่าหนังสืออิเล็กทรอนิกส์ (e-Book),6. ค่าหนังสืออิเล็กทรอนิกส์ (e-Book),2564,5,2563 | 2564 | 2565 | 2566 | 2567,ชื่อตรงกันทุกตัวอักษรหลังปรับรูป,จับคู่อัตโนมัติด้วยชื่อตรงกัน,,,,,150000.0,147474.0,2564-0140,DOC-BUD-2564,1.2ผลเบิกจ่ายปี 2564 - final.pdf,4
ITM-0224,วัสดุโฆษณาและเผยแพร่,7. วัสดุโฆษณาและเผยแพร่,2564,5,2563 | 2564 | 2565 | 2566 | 2567,ชื่อตรงกันทุกตัวอักษรหลังปรับรูป,จับคู่อัตโนมัติด้วยชื่อตรงกัน,,,,,1000000.0,999909.65,2564-0141,DOC-BUD-2564,1.2ผลเบิกจ่ายปี 2564 - final.pdf,4
ITM-0217,วัสดุงานบ้านงานครัว,8. วัสดุงานบ้านงานครัว,2564,5,2563 | 2564 | 2565 | 2566 | 2567,ชื่อตรงกันทุกตัวอักษรหลังปรับรูป,จับคู่อัตโนมัติด้วยชื่อตรงกัน,,,,,993900.0,774442.85,2564-0142,DOC-BUD-2564,1.2ผลเบิกจ่ายปี 2564 - final.pdf,4
ITM-0222,วัสดุเกษตร,9. วัสดุเกษตร,2564,5,2563 | 2564 | 2565 | 2566 | 2567,ชื่อตรงกันทุกตัวอักษรหลังปรับรูป,จับคู่อัตโนมัติด้วยชื่อตรงกัน,,,,,230000.0,117818.5,2564-0143,DOC-BUD-2564,1.2ผลเบิกจ่ายปี 2564 - final.pdf,4
ITM-0218,วัสดุช่างและไฟฟ้า,10. วัสดุช่างและไฟฟ้า,2564,5,2563 | 2564 | 2565 | 2566 | 2567,ชื่อตรงกันทุกตัวอักษรหลังปรับรูป,จับคู่อัตโนมัติด้วยชื่อตรงกัน,,,,,859300.0,785229.95,2564-0144,DOC-BUD-2564,1.2ผลเบิกจ่ายปี 2564 - final.pdf,4
ITM-0215,วัสดุก่อสร้าง,11. วัสดุก่อสร้าง,2564,4,2564 | 2565 | 2566 | 2567,ชื่อตรงกันทุกตัวอักษรหลังปรับรูป,จับคู่อัตโนมัติด้วยชื่อตรงกัน,,,,,300000.0,299525.0,2564-0145,DOC-BUD-2564,1.2ผลเบิกจ่ายปี 2564 - final.pdf,4
ITM-0219,วัสดุน้ำมันเชื้อเพลิงและหล่อลื่น,12. วัสดุน้ำมันเชื้อเพลิงและหล่อลื่น,2564,5,2563 | 2564 | 2565 | 2566 | 2567,ชื่อตรงกันทุกตัวอักษรหลังปรับรูป,จับคู่อัตโนมัติด้วยชื่อตรงกัน,,,,,30932500.0,21182357.79,2564-0146,DOC-BUD-2564,1.2ผลเบิกจ่ายปี 2564 - final.pdf,4
ITM-0183,ค่าไฟฟ้า,1. ค่าไฟฟ้า,2564,5,2563 | 2564 | 2565 | 2566 | 2567,ชื่อตรงกันทุกตัวอักษรหลังปรับรูป,จับคู่อัตโนมัติด้วยชื่อตรงกัน,,,,,97278000.0,78535947.85,2564-0148,DOC-BUD-2564,1.2ผลเบิกจ่ายปี 2564 - final.pdf,5
ITM-0132,ค่าน้ำประปา,2. ค่าน้ำประปา,2564,5,2563 | 2564 | 2565 | 2566 | 2567,ชื่อตรงกันทุกตัวอักษรหลังปรับรูป,จับคู่อัตโนมัติด้วยชื่อตรงกัน,,,,,5104600.0,3540870.87,2564-0149,DOC-BUD-2564,1.2ผลเบิกจ่ายปี 2564 - final.pdf,5
ITM-0153,ค่าโทรศัพท์,3. ค่าโทรศัพท์,2564,5,2563 | 2564 | 2565 | 2566 | 2567,ชื่อตรงกันทุกตัวอักษรหลังปรับรูป,จับคู่อัตโนมัติด้วยชื่อตรงกัน,,,,,18978100.0,14370149.26,2564-0150,DOC-BUD-2564,1.2ผลเบิกจ่ายปี 2564 - final.pdf,5
ITM-0182,ค่าไปรษณีย์ภัณฑ์,4. ค่าไปรษณีย์ภัณฑ์,2564,5,2563 | 2564 | 2565 | 2566 | 2567,ชื่อตรงกันทุกตัวอักษรหลังปรับรูป,จับคู่อัตโนมัติด้วยชื่อตรงกัน,,,,,79577300.0,69668477.37,2564-0151,DOC-BUD-2564,1.2ผลเบิกจ่ายปี 2564 - final.pdf,5
ITM-0134,ค่าบริการสื่อสารและโทรคมนาคม,5. ค่าบริการสื่อสารและโทรคมนาคม,2564,5,2563 | 2564 | 2565 | 2566 | 2567,ชื่อตรงกันทุกตัวอักษรหลังปรับรูป,จับคู่อัตโนมัติด้วยชื่อตรงกัน,,,,,1880400.0,1215553.19,2564-0152,DOC-BUD-2564,1.2ผลเบิกจ่ายปี 2564 - final.pdf,5
ITM-0123,ค่าธรรมเนียมจ่ายคืนเงินสมทบกองทุนประกันสังคมทั่วประเทศผ่านธนาคาร,6. ค่าธรรมเนียมจ่ายคืนเงินสมทบกองทุนประกันสังคมทั่วประเทศผ่านธนาคาร,2564,5,2563 | 2564 | 2565 | 2566 | 2567,ชื่อตรงกันทุกตัวอักษรหลังปรับรูป,จับคู่อัตโนมัติด้วยชื่อตรงกัน,,,,,325000.0,420055.0,2564-0153,DOC-BUD-2564,1.2ผลเบิกจ่ายปี 2564 - final.pdf,5
ITM-0498,โครงการเช่าระบบโครงข่ายระบบสื่อสัญญาณาและระบบเทคโนโลยีสารสนเทศ เพื่องานประกันสังคม,7. โครงการเช่าระบบโครงข่ายระบบสื่อสัญญาณาและระบบเทคโนโลยีสารสนเทศ เพื่องานประกันสังคม,2564,1,2564,ชื่อตรงกันทุกตัวอักษรหลังปรับรูป,พบปีเดียวและมีรายการชื่อคล้ายกันในปีอื่น ต้องตรวจสอบด้วยคน,ITM-0441,โครงการพัฒนาระบบโครงข่ายระบบสื่อสัญญาณและระบบเทคโนโลยีสารสนเทศ เพื่องานประกันสังคม,95.1,2563,51000000.0,51000000.0,2564-0154,DOC-BUD-2564,1.2ผลเบิกจ่ายปี 2564 - final.pdf,5
ITM-0009,ครุภัณฑ์,1. ครุภัณฑ์,2564,5,2563 | 2564 | 2565 | 2566 | 2567,ชื่อตรงกันทุกตัวอักษรหลังปรับรูป,จับคู่อัตโนมัติด้วยชื่อตรงกัน,,,,,64377400.0,56710957.23,2564-0156,DOC-BUD-2564,1.2ผลเบิกจ่ายปี 2564 - final.pdf,5
ITM-0288,โครงการจัดทำลิฟท์สำหรับคนพิการ สปส.กทม.พื้นที่ 7,2. โครงการจัดทำลิฟท์สำหรับคนพิการ สปส.กทม.พื้นที่ 7,2564,1,2564,ชื่อตรงกันทุกตัวอักษรหลังปรับรูป,พบปีเดียว ยังไม่ยืนยันการจับคู่ข้ามปี,,,,,780000.0,680000.0,2564-0157,DOC-BUD-2564,1.2ผลเบิกจ่ายปี 2564 - final.pdf,5
ITM-0156,ค่าใช้จ่ายสนับสนุนการจัดงานวันแรงงานแห่งชาติให้กับศูนย์ประสานงานวันแรงงานแห่งชาติ,1. ค่าใช้จ่ายสนับสนุนการจัดงานวันแรงงานแห่งชาติให้กับศูนย์ประสานงานวันแรงงานแห่งชาติ,2564,5,2563 | 2564 | 2565 | 2566 | 2567,ชื่อตรงกันทุกตัวอักษรหลังปรับรูป,จับคู่อัตโนมัติด้วยชื่อตรงกัน,,,,,1000000.0,,2564-0161,DOC-BUD-2564,1.2ผลเบิกจ่ายปี 2564 - final.pdf,5
ITM-0141,ค่าสมาชิกสมาคมการประกันสังคมระหว่างประเทศ (ISSA),2. ค่าสมาชิกสมาคมการประกันสังคมระหว่างประเทศ (ISSA),2564,5,2563 | 2564 | 2565 | 2566 | 2567,ชื่อตรงกันทุกตัวอักษรหลังปรับรูป,จับคู่อัตโนมัติด้วยชื่อตรงกัน,,,,,2000000.0,1743300.24,2564-0162,DOC-BUD-2564,1.2ผลเบิกจ่ายปี 2564 - final.pdf,5
ITM-0240,เงินอุดหนุนการออกกำลังกายและสันทนาการของข้าราชการและเจ้าหน้าที่,1. เงินอุดหนุนการออกกำลังกายและสันทนาการของข้าราชการและเจ้าหน้าที่,2564,3,2563 | 2564 | 2565,ชื่อตรงกันทุกตัวอักษรหลังปรับรูป,จับคู่อัตโนมัติด้วยชื่อตรงกัน,,,,,100000.0,,2564-0164,DOC-BUD-2564,1.2ผลเบิกจ่ายปี 2564 - final.pdf,5
ITM-0073,ค่าจ้างผู้เชี่ยวชาญด้านระบบความมั่นคงปลอดภัยระบบสารสนเทศ,2. ค่าจ้างผู้เชี่ยวชาญด้านระบบความมั่นคงปลอดภัยระบบสารสนเทศ,2564,5,2563 | 2564 | 2565 | 2566 | 2567,ชื่อตรงกันทุกตัวอักษรหลังปรับรูป,จับคู่อัตโนมัติด้วยชื่อตรงกัน,,,,,1800000.0,1351053.5,2564-0165,DOC-BUD-2564,1.2ผลเบิกจ่ายปี 2564 - final.pdf,5
ITM-0330,โครงการจ้างรับ/ส่งและประมวลผลระบบเบิกจ่ายค่าบริการทางการแพทย์ กรณีแพทย์ผู้เชี่ยวชาญพิเศษเฉพาะทาง,3. โครงการจ้างรับ/ส่งและประมวลผลระบบเบิกจ่ายค่าบริการทางการแพทย์ กรณีแพทย์ผู้เชี่ยวชาญพิเศษเฉพาะทาง,2564,5,2563 | 2564 | 2565 | 2566 | 2567,ชื่อตรงกันทุกตัวอักษรหลังปรับรูป,จับคู่อัตโนมัติด้วยชื่อตรงกัน,,,,,4800000.0,4800000.0,2564-0166,DOC-BUD-2564,1.2ผลเบิกจ่ายปี 2564 - final.pdf,5
ITM-0273,โครงการจัดจ้างรับ/ส่งและประมวลผลข้อมูลการเบิกจ่ายค่าบริการทางการแพทย์ สำหรับการรักษาผู้ป่วยไตวายเรื้อรังระยะสุดท้าย กรณีบำบัดทดแทนไต,4. โครงการจัดจ้างรับ/ส่งและประมวลผลข้อมูลการเบิกจ่ายค่าบริการทางการแพทย์ สำหรับการรักษาผู้ป่วยไตวายเรื้อรังระยะสุดท้าย กรณีบำบัดทดแทนไต,2564,5,2563 | 2564 | 2565 | 2566 | 2567,ชื่อตรงกันทุกตัวอักษรหลังปรับรูป,จับคู่อัตโนมัติด้วยชื่อตรงกัน,,,,,6850000.0,6850000.0,2564-0167,DOC-BUD-2564,1.2ผลเบิกจ่ายปี 2564 - final.pdf,5
ITM-0331,โครงการจ้างวิเคราะห์การจัดกลุ่มวินิจฉัยโรคร่วมและน้ำหนักสัมพัทธ์ของผู้ป่วยใน และวิเคราะห์ข้อมูลผู้ป่วยในที่มีค่าใช้จ่ายสูงเกินปกติ,5. โครงการจ้างวิเคราะห์การจัดกลุ่มวินิจฉัยโรคร่วมและน้ำหนักสัมพัทธ์ของผู้ป่วยใน และวิเคราะห์ข้อมูลผู้ป่วยในที่มีค่าใช้จ่ายสูงเกินปกติ,2564,5,2563 | 2564 | 2565 | 2566 | 2567,ชื่อตรงกันทุกตัวอักษรหลังปรับรูป,จับคู่อัตโนมัติด้วยชื่อตรงกัน,,,,,12593000.0,12593000.0,2564-0168,DOC-BUD-2564,1.2ผลเบิกจ่ายปี 2564 - final.pdf,5
ITM-0327,โครงการจ้างรับ-ส่งข้อมูลการใช้บริการทางการแพทย์ของผู้ประกันตนประเภท ผู้ป่วยนอกและข้อมูลบัญชีผู้ป่วยโรคเรื้อรัง,6. โครงการจ้างรับ-ส่งข้อมูลการใช้บริการทางการแพทย์ของผู้ประกันตนประเภท ผู้ป่วยนอกและข้อมูลบัญชีผู้ป่วยโรคเรื้อรัง,2564,5,2563 | 2564 | 2565 | 2566 | 2567,ชื่อตรงกันทุกตัวอักษรหลังปรับรูป,จับคู่อัตโนมัติด้วยชื่อตรงกัน,,,,,17000000.0,17000000.0,2564-0169,DOC-BUD-2564,1.2ผลเบิกจ่ายปี 2564 - final.pdf,5
ITM-0274,โครงการจัดจ้างรับ-ส่งและประมวลผลข้อมูลบริการทางการแพทย์แก่ผู้ประกันตน เพื่อการเบิกจ่ายค่าบริการทางการแพทย์กรณีปลูกถ่ายอวัยวะและกรณีค่ายาแฟคเตอร์,7. โครงการจัดจ้างรับ-ส่งและประมวลผลข้อมูลบริการทางการแพทย์แก่ผู้ประกันตน เพื่อการเบิกจ่ายค่าบริการทางการแพทย์กรณีปลูกถ่ายอวัยวะและกรณีค่ายาแฟคเตอร์,2564,4,2564 | 2565 | 2566 | 2567,ชื่อตรงกันทุกตัวอักษรหลังปรับรูป,จับคู่อัตโนมัติด้วยชื่อตรงกัน,,,,,2190000.0,2190000.0,2564-0170,DOC-BUD-2564,1.2ผลเบิกจ่ายปี 2564 - final.pdf,5
ITM-0315,โครงการจ้างที่ปรึกษาด้านการบริหารทรัพยากรบุคคลของสำนักงานประกันสังคม,8. โครงการจ้างที่ปรึกษาด้านการบริหารทรัพยากรบุคคลของสำนักงานประกันสังคม,2564,5,2563 | 2564 | 2565 | 2566 | 2567,ชื่อตรงกันทุกตัวอักษรหลังปรับรูป,จับคู่อัตโนมัติด้วยชื่อตรงกัน,,,,,450000.0,412500.0,2564-0171,DOC-BUD-2564,1.2ผลเบิกจ่ายปี 2564 - final.pdf,5
ITM-0317,โครงการจ้างที่ปรึกษาด้านการพัฒนาและเสริมสร้างธรรมาภิบาลของสำนักงานประกันสังคม,9. โครงการจ้างที่ปรึกษาด้านการพัฒนาและเสริมสร้างธรรมาภิบาลของสำนักงานประกันสังคม,2564,5,2563 | 2564 | 2565 | 2566 | 2567,ชื่อตรงกันทุกตัวอักษรหลังปรับรูป,จับคู่อัตโนมัติด้วยชื่อตรงกัน,,,,,450000.0,450000.0,2564-0172,DOC-BUD-2564,1.2ผลเบิกจ่ายปี 2564 - final.pdf,5
ITM-0316,โครงการจ้างที่ปรึกษาด้านการบริหารเงินสมทบาและสิทธิประโยชน์,10. โครงการจ้างที่ปรึกษาด้านการบริหารเงินสมทบาและสิทธิประโยชน์,2564,1,2564,ชื่อตรงกันทุกตัวอักษรหลังปรับรูป,พบปีเดียว ยังไม่ยืนยันการจับคู่ข้ามปี,,,,,450000.0,,2564-0173,DOC-BUD-2564,1.2ผลเบิกจ่ายปี 2564 - final.pdf,5
ITM-0321,โครงการจ้างที่ปรึกษาทางการแพทย์,11. โครงการจ้างที่ปรึกษาทางการแพทย์,2564,1,2564,ชื่อตรงกันทุกตัวอักษรหลังปรับรูป,พบปีเดียว ยังไม่ยืนยันการจับคู่ข้ามปี,,,,,,110000.0,2564-0174,DOC-BUD-2564,1.2ผลเบิกจ่ายปี 2564 - final.pdf,5
ITM-0181,- ค่าใช้สอย,- ค่าใช้สอย,2564,4,2563 | 2564 | 2565 | 2566,ชื่อตรงกันทุกตัวอักษรหลังปรับรูป,จับคู่อัตโนมัติด้วยชื่อตรงกัน,,,,,93629100.0,85112688.79,2564-0178,DOC-BUD-2564,1.2ผลเบิกจ่ายปี 2564 - final.pdf,5
ITM-0357,โครงการบริการข้อมูลประกันสังคม Contact Center 1506 สู่เป้าหมายรายบุคคล,1. โครงการบริการข้อมูลประกันสังคม Contact Center 1506 สู่เป้าหมายรายบุคคล,2564,5,2563 | 2564 | 2565 | 2566 | 2567,ชื่อตรงกันทุกตัวอักษรหลังปรับรูป,จับคู่อัตโนมัติด้วยชื่อตรงกัน,,,,,78604100.0,78604100.0,2564-0179,DOC-BUD-2564,1.2ผลเบิกจ่ายปี 2564 - final.pdf,5
ITM-0359,โครงการบริการส่งข้อความสั้นทางโทรศัพท์มือถือ Short Message Service (SMS),2. โครงการบริการส่งข้อความสั้นทางโทรศัพท์มือถือ Short Message Service (SMS),2564,2,2563 | 2564,ชื่อตรงกันทุกตัวอักษรหลังปรับรูป,ชื่อตรงกันข้ามปี และยังมีรายการชื่อคล้ายกันให้ตรวจเพิ่ม,ITM-0360,โครงการบริการส่งข้อความสั้นทางโทรศัพท์มือถือ short Message Service (SMS),98.5,2566 | 2567,15025000.0,6508588.79,2564-0180,DOC-BUD-2564,1.2ผลเบิกจ่ายปี 2564 - final.pdf,5
ITM-0392,โครงการปรับเปลี่ยนระบบงานประกันสังคมบนเครื่องคอมพิวเตอร์เมนเฟรมเป็นระบบ Web Application,1. โครงการปรับเปลี่ยนระบบงานประกันสังคมบนเครื่องคอมพิวเตอร์เมนเฟรม เป็นระบบ Web Application,2564,2,2564 | 2566,ชื่อตรงกันทุกตัวอักษรหลังปรับรูป,จับคู่อัตโนมัติด้วยชื่อตรงกัน,,,,,120000000.0,12500000.0,2564-0182,DOC-BUD-2564,1.2ผลเบิกจ่ายปี 2564 - final.pdf,6
ITM-0287,โครงการจัดทำระบบการเบิกจ่ายประโยชน์ทดแทนด้วยตนเองของผู้ประกันตน ผ่านระบบอิเล็กทรอนิกส์ (e-self service) กองทุนประกันสังคม,2. โครงการจัดทำระบบการเบิกจ่ายประโยชน์ทดแทนด้วยตนเองของผู้ประกันตน ผ่านระบบอิเล็กทรอนิกส์ (e-self service)กองทุนประกันสังคม,2564,2,2564 | 2565,ชื่อตรงกันทุกตัวอักษรหลังปรับรูป,จับคู่อัตโนมัติด้วยชื่อตรงกัน,,,,,30000000.0,30000000.0,2564-0183,DOC-BUD-2564,1.2ผลเบิกจ่ายปี 2564 - final.pdf,6
ITM-0284,โครงการจัดตั้งศูนย์กลางเฝ้าระวังและรับมือภัยคุกคามความปลอดภัยคอมพิวเตอร์ (SSO Security Operation Center),3. โครงการจัดตั้งศูนย์กลางเฝ้าระวังและรับมือภัยคุกคามความปลอดภัยคอมพิวเตอร์ (SSO Security Operation Center),2564,4,2564 | 2565 | 2566 | 2567,ชื่อตรงกันทุกตัวอักษรหลังปรับรูป,จับคู่อัตโนมัติด้วยชื่อตรงกัน,,,,,210114000.0,210114000.0,2564-0184,DOC-BUD-2564,1.2ผลเบิกจ่ายปี 2564 - final.pdf,6
ITM-0371,โครงการบูรณาการคลังข้อมูลบิ๊กดาต้าองค์กรและระบบสนับสนุนการตัดสินใจ,4. โครงการบูรณาการคลังข้อมูลบิ๊กดาต้าองค์กรและระบบสนับสนุนการตัดสินใจ,2564,3,2564 | 2565 | 2566,ชื่อตรงกันทุกตัวอักษรหลังปรับรูป,จับคู่อัตโนมัติด้วยชื่อตรงกัน,,,,,49925000.0,49925000.0,2564-0185,DOC-BUD-2564,1.2ผลเบิกจ่ายปี 2564 - final.pdf,6
ITM-0516,โครงการเพิ่มประสิทธิภาพในงานด้านคณิตศาสตร์ประกันภัย,1. โครงการเพิ่มประสิทธิภาพในงานด้านคณิตศาสตร์ประกันภัย,2564,3,2563 | 2564 | 2565,ชื่อตรงกันทุกตัวอักษรหลังปรับรูป,จับคู่อัตโนมัติด้วยชื่อตรงกัน,,,,,9504000.0,9792000.0,2564-0187,DOC-BUD-2564,1.2ผลเบิกจ่ายปี 2564 - final.pdf,6
ITM-0338,โครงการดำเนินการจัดทำมาตรฐานห้อง Data Center สู่ระบบ ISO 27001,2. โครงการดำเนินการจัดทำมาตรฐานห้อง Data Center สู่ระบบ ISO 27001,2564,4,2564 | 2565 | 2566 | 2567,ชื่อตรงกันทุกตัวอักษรหลังปรับรูป,จับคู่อัตโนมัติด้วยชื่อตรงกัน,,,,,195100.0,195100.0,2564-0188,DOC-BUD-2564,1.2ผลเบิกจ่ายปี 2564 - final.pdf,6
ITM-0480,โครงการส่งเสริมการจ้างงานผู้สูงอายุเข้าทำงานกับสำนักงานประกันสังคม,1. โครงการส่งเสริมการจ้างงานผู้สูงอายุเข้าทำงานกับสำนักงานประกันสังคม,2564,5,2563 | 2564 | 2565 | 2566 | 2567,ชื่อตรงกันทุกตัวอักษรหลังปรับรูป,จับคู่อัตโนมัติด้วยชื่อตรงกัน,,,,,42411600.0,34828178.4,2564-0194,DOC-BUD-2564,1.2ผลเบิกจ่ายปี 2564 - final.pdf,6
ITM-0483,โครงการส่งเสริมสุขภาพป้องกันโรคเชิงรุก,2. โครงการส่งเสริมสุขภาพป้องกันโรคเชิงรุก,2564,3,2563 | 2564 | 2565,ชื่อตรงกันทุกตัวอักษรหลังปรับรูป,จับคู่อัตโนมัติด้วยชื่อตรงกัน,,,,,5960000.0,1108042.02,2564-0195,DOC-BUD-2564,1.2ผลเบิกจ่ายปี 2564 - final.pdf,6
ITM-0382,โครงการประชุมวิชาการประกันสังคม,3. โครงการประชุมวิชาการประกันสังคม,2564,4,2564 | 2565 | 2566 | 2567,ชื่อตรงกันทุกตัวอักษรหลังปรับรูป,จับคู่อัตโนมัติด้วยชื่อตรงกัน,,,,,969600.0,,2564-0196,DOC-BUD-2564,1.2ผลเบิกจ่ายปี 2564 - final.pdf,6
ITM-0161,ค่าใช้จ่ายในการจัดประชุม อบรม สัมมนาและค่าอาหารว่าง,4. ค่าใช้จ่ายในการจัดประชุม อบรม สัมมนาและค่าอาหารว่าง,2564,5,2563 | 2564 | 2565 | 2566 | 2567,ชื่อตรงกันทุกตัวอักษรหลังปรับรูป,จับคู่อัตโนมัติด้วยชื่อตรงกัน,,,,,65477300.0,17376731.05,2564-0197,DOC-BUD-2564,1.2ผลเบิกจ่ายปี 2564 - final.pdf,6
ITM-0163,ค่าใช้จ่ายในการจัดฝึกอบรม สัมมนา และค่าอาหารว่าง,4.1 ค่าใช้จ่ายในการจัดฝึกอบรม สัมมนา และค่าอาหารว่าง,2564,5,2563 | 2564 | 2565 | 2566 | 2567,ชื่อตรงกันทุกตัวอักษรหลังปรับรูป,จับคู่อัตโนมัติด้วยชื่อตรงกัน,,,,,37696400.0,9056716.0,2564-0198,DOC-BUD-2564,1.2ผลเบิกจ่ายปี 2564 - final.pdf,6
ITM-0486,โครงการอบรมข้าราชการบรรจุใหม่ของ สปส.,1. โครงการอบรมข้าราชการบรรจุใหม่ของ สปส.,2564,5,2563 | 2564 | 2565 | 2566 | 2567,ชื่อตรงกันทุกตัวอักษรหลังปรับรูป,จับคู่อัตโนมัติด้วยชื่อตรงกัน,,,,,2023200.0,42050.0,2564-0199,DOC-BUD-2564,1.2ผลเบิกจ่ายปี 2564 - final.pdf,6
ITM-0449,โครงการพัฒนาสมรรถนะข้าราชการรัดบปฏิบัติการ,2. โครงการพัฒนาสมรรถนะข้าราชการรัดบปฏิบัติการ,2564,2,2563 | 2564,ชื่อตรงกันทุกตัวอักษรหลังปรับรูป,จับคู่อัตโนมัติด้วยชื่อตรงกัน,,,,,1700000.0,280000.0,2564-0200,DOC-BUD-2564,1.2ผลเบิกจ่ายปี 2564 - final.pdf,6
ITM-0355,โครงการนักบริหารประกันสังคม ระดับต้น,3. โครงการนักบริหารประกันสังคม ระดับต้น,2564,2,2563 | 2564,ชื่อตรงกันทุกตัวอักษรหลังปรับรูป,จับคู่อัตโนมัติด้วยชื่อตรงกัน,,,,,3540000.0,3540000.0,2564-0201,DOC-BUD-2564,1.2ผลเบิกจ่ายปี 2564 - final.pdf,6
ITM-0353,โครงการนักบริหารประกันสังคม ระดับกลาง,4. โครงการนักบริหารประกันสังคม ระดับกลาง,2564,2,2563 | 2564,ชื่อตรงกันทุกตัวอักษรหลังปรับรูป,จับคู่อัตโนมัติด้วยชื่อตรงกัน,,,,,3000000.0,,2564-0202,DOC-BUD-2564,1.2ผลเบิกจ่ายปี 2564 - final.pdf,6
ITM-0446,โครงการพัฒนาศักยภาพผู้นำ ระดับชำนาญการพิเศษ The Leadership Dynamic Program,5. โครงการพัฒนาศักยภาพผู้นำ ระดับชำนาญการพิเศษ The Leadership Dynamic Program,2564,2,2563 | 2564,ชื่อตรงกันทุกตัวอักษรหลังปรับรูป,จับคู่อัตโนมัติด้วยชื่อตรงกัน,,,,,1575000.0,315000.0,2564-0203,DOC-BUD-2564,1.2ผลเบิกจ่ายปี 2564 - final.pdf,6
ITM-0474,โครงการสัมมนาผู้บริหารสำนักงานประกันสังคม,6. โครงการสัมมนาผู้บริหารสำนักงานประกันสังคม,2564,5,2563 | 2564 | 2565 | 2566 | 2567,ชื่อตรงกันทุกตัวอักษรหลังปรับรูป,จับคู่อัตโนมัติด้วยชื่อตรงกัน,,,,,2982000.0,1390596.0,2564-0204,DOC-BUD-2564,1.2ผลเบิกจ่ายปี 2564 - final.pdf,6
ITM-0356,โครงการนักปฏิบัติการประกันสังคมต้นแบบ Social Security Model Officers,7. โครงการนักปฏิบัติการประกันสังคมต้นแบบ Social Security Model Officers,2564,3,2563 | 2564 | 2565,ชื่อตรงกันทุกตัวอักษรหลังปรับรูป,จับคู่อัตโนมัติด้วยชื่อตรงกัน,,,,,401400.0,,2564-0205,DOC-BUD-2564,1.2ผลเบิกจ่ายปี 2564 - final.pdf,6
ITM-0369,โครงการบุคลากรประกันสังคมต้นแบบ,8. โครงการบุคลากรประกันสังคมต้นแบบ,2564,3,2563 | 2564 | 2565,ชื่อตรงกันทุกตัวอักษรหลังปรับรูป,จับคู่อัตโนมัติด้วยชื่อตรงกัน,,,,,401400.0,,2564-0206,DOC-BUD-2564,1.2ผลเบิกจ่ายปี 2564 - final.pdf,6
ITM-0370,โครงการบุคลากรประกันสังคมบรรจุใหม่,9. โครงการบุคลากรประกันสังคมบรรจุใหม่,2564,4,2564 | 2565 | 2566 | 2567,ชื่อตรงกันทุกตัวอักษรหลังปรับรูป,จับคู่อัตโนมัติด้วยชื่อตรงกัน,,,,,1214000.0,,2564-0207,DOC-BUD-2564,1.2ผลเบิกจ่ายปี 2564 - final.pdf,6
ITM-0502,โครงการเตรียมพร้อมก่อนเกษียณบุคลากรประกันสังคม,10. โครงการเตรียมพร้อมก่อนเกษียณบุคลากรประกันสังคม,2564,3,2564 | 2565 | 2566,ชื่อตรงกันทุกตัวอักษรหลังปรับรูป,จับคู่อัตโนมัติด้วยชื่อตรงกัน,,,,,457200.0,,2564-0208,DOC-BUD-2564,1.2ผลเบิกจ่ายปี 2564 - final.pdf,6
ITM-0428,โครงการพัฒนาทักษะภาษาต่างประเทศ,11. โครงการพัฒนาทักษะภาษาต่างประเทศ,2564,5,2563 | 2564 | 2565 | 2566 | 2567,ชื่อตรงกันทุกตัวอักษรหลังปรับรูป,จับคู่อัตโนมัติด้วยชื่อตรงกัน,,,,,2500000.0,2463500.0,2564-0209,DOC-BUD-2564,1.2ผลเบิกจ่ายปี 2564 - final.pdf,6
ITM-0517,โครงการเพิ่มสมรรถนะบุคลากรประกันสังคม และสร้างความผูกพันในองค์กร,12. โครงการเพิ่มสมรรถนะบุคลากรประกันสังคม และสร้างความผูกพันในองค์กร,2564,2,2563 | 2564,ชื่อตรงกันทุกตัวอักษรหลังปรับรูป,จับคู่อัตโนมัติด้วยชื่อตรงกัน,,,,,4710000.0,,2564-0210,DOC-BUD-2564,1.2ผลเบิกจ่ายปี 2564 - final.pdf,6
ITM-0250,โครงการ Service Mind : การพัฒนาศักยภาพเจ้าหน้าที่ผู้ปฏิบัติงานด้านบริการ,13. โครงการ Service Mind : การพัฒนาศักยภาพเจ้าหน้าที่ผู้ปฏิบัติงานด้านบริการ,2564,2,2563 | 2564,ชื่อตรงกันทุกตัวอักษรหลังปรับรูป,จับคู่อัตโนมัติด้วยชื่อตรงกัน,,,,,657200.0,,2564-0211,DOC-BUD-2564,1.2ผลเบิกจ่ายปี 2564 - final.pdf,6
ITM-0006,การอบรมหลักสูตรเทคนิคการเป็นวิทยากรอย่างมืออาชีพ,14. การอบรมหลักสูตรเทคนิคการเป็นวิทยากรอย่างมืออาชีพ,2564,1,2564,ชื่อตรงกันทุกตัวอักษรหลังปรับรูป,พบปีเดียว ยังไม่ยืนยันการจับคู่ข้ามปี,,,,,1040400.0,,2564-0212,DOC-BUD-2564,1.2ผลเบิกจ่ายปี 2564 - final.pdf,6
ITM-0003,การดำเนินการทางวินัยสำหรับเจ้าหน้าที่สำนักงานประกันสังคม พ.ศ. 2564,15. การดำเนินการทางวินัยสำหรับเจ้าหน้าที่สำนักงานประกันสังคม พ.ศ. 2564,2564,1,2564,ชื่อตรงกันทุกตัวอักษรหลังปรับรูป,พบปีเดียวและมีรายการชื่อคล้ายกันในปีอื่น ต้องตรวจสอบด้วยคน,ITM-0340,โครงการดำเนินการทางวินัยสำหรับเจ้าหน้าที่สำนักงานประกันสังคม พ.ศ. 2565,96.6,2563 | 2565,620000.0,26430.0,2564-0213,DOC-BUD-2564,1.2ผลเบิกจ่ายปี 2564 - final.pdf,6
ITM-0454,โครงการพัฒนาสมรรถนะบุคลากรด้านเทคโนโลยีสารสนเทศและความมั่นคง ปลอดภัยด้านสารสนเทศ,16. โครงการพัฒนาสมรรถนะบุคลากรด้านเทคโนโลยีสารสนเทศและความมั่นคง ปลอดภัยด้านสารสนเทศ,2564,2,2563 | 2564,ชื่อตรงกันทุกตัวอักษรหลังปรับรูป,จับคู่อัตโนมัติด้วยชื่อตรงกัน,,,,,473200.0,,2564-0214,DOC-BUD-2564,1.2ผลเบิกจ่ายปี 2564 - final.pdf,6
ITM-0450,โครงการพัฒนาสมรรถนะบุคลากรด้านการบริหารงานงบประมาณ และแผนปฏิบัติราชการ,17. โครงการพัฒนาสมรรถนะบุคลากรด้านการบริหารงานงบประมาณ และแผนปฏิบัติราชการ,2564,5,2563 | 2564 | 2565 | 2566 | 2567,ชื่อตรงกันทุกตัวอักษรหลังปรับรูป,จับคู่อัตโนมัติด้วยชื่อตรงกัน,,,,,1409700.0,378780.0,2564-0215,DOC-BUD-2564,1.2ผลเบิกจ่ายปี 2564 - final.pdf,6
ITM-0488,โครงการอบรมเชิงปฏิบัติการงานการเงินและบัญชีกองทุน,18. โครงการอบรมเชิงปฏิบัติการงานการเงินและบัญชีกองทุน,2564,3,2564 | 2566 | 2567,ชื่อตรงกันทุกตัวอักษรหลังปรับรูป,จับคู่อัตโนมัติด้วยชื่อตรงกัน,,,,,638800.0,19920.0,2564-0216,DOC-BUD-2564,1.2ผลเบิกจ่ายปี 2564 - final.pdf,7
ITM-0227,อบรมเชิงปฏิบัติการเพื่อการเพิ่มประสิทธิภาพงานวินิจฉัยประโยชน์ทดแทน,19. อบรมเชิงปฏิบัติการเพื่อการเพิ่มประสิทธิภาพงานวินิจฉัยประโยชน์ทดแทน,2564,1,2564,ชื่อตรงกันทุกตัวอักษรหลังปรับรูป,พบปีเดียวและมีรายการชื่อคล้ายกันในปีอื่น ต้องตรวจสอบด้วยคน,ITM-0489,โครงการอบรมเชิงปฏิบัติการเพื่อการเพิ่มประสิทธิภาพงานวินิจฉัยประโยชน์ทดแทน,95.0,2563 | 2565 | 2566 | 2567,772000.0,,2564-0217,DOC-BUD-2564,1.2ผลเบิกจ่ายปี 2564 - final.pdf,7
ITM-0200,ประชุมเชิงปฏิบัติการบริหารจัดการความเสี่ยงด้านงานประโยชน์ทดแทน,20. ประชุมเชิงปฏิบัติการบริหารจัดการความเสี่ยงด้านงานประโยชน์ทดแทน,2564,1,2564,ชื่อตรงกันทุกตัวอักษรหลังปรับรูป,พบปีเดียวและมีรายการชื่อคล้ายกันในปีอื่น ต้องตรวจสอบด้วยคน,ITM-0384,โครงการประชุมเชิงปฏิบัติการบริหารจัดการความเสี่ยงด้านงานประโยชน์ทดแทน,94.7,2563 | 2565 | 2566 | 2567,326100.0,,2564-0218,DOC-BUD-2564,1.2ผลเบิกจ่ายปี 2564 - final.pdf,7
ITM-0007,การอบรมเชิงปฏิบัติการงานตรวจสอบบัญชีค่าจ้าง,21. การอบรมเชิงปฏิบัติการงานตรวจสอบบัญชีค่าจ้าง,2564,1,2564,ชื่อตรงกันทุกตัวอักษรหลังปรับรูป,พบปีเดียว ยังไม่ยืนยันการจับคู่ข้ามปี,,,,,684000.0,,2564-0219,DOC-BUD-2564,1.2ผลเบิกจ่ายปี 2564 - final.pdf,7
ITM-0414,โครงการฝึกอบรม การเพิ่มประสิทธิภาพการใช้งานทะเบียนและเงินสมทบมาตรา 40,22. โครงการฝึกอบรม การเพิ่มประสิทธิภาพการใช้งานทะเบียนและเงินสมทบมาตรา 40,2564,1,2564,ชื่อตรงกันทุกตัวอักษรหลังปรับรูป,พบปีเดียว ยังไม่ยืนยันการจับคู่ข้ามปี,,,,,783000.0,,2564-0220,DOC-BUD-2564,1.2ผลเบิกจ่ายปี 2564 - final.pdf,7
ITM-0447,โครงการพัฒนาศักยภาพเจ้าหน้าที่วินิจฉัยประโยชน์ทดแทนมาตรา 40,23. โครงการพัฒนาศักยภาพเจ้าหน้าที่วินิจฉัยประโยชน์ทดแทนมาตรา 40,2564,1,2564,ชื่อตรงกันทุกตัวอักษรหลังปรับรูป,พบปีเดียว ยังไม่ยืนยันการจับคู่ข้ามปี,,,,,349600.0,,2564-0221,DOC-BUD-2564,1.2ผลเบิกจ่ายปี 2564 - final.pdf,7
ITM-0415,โครงการฝึกอบรมหลักสูตร การพัฒนาทักษะการปฏิบัติงานของผู้ตรวจสอบภายใน,24. โครงการฝึกอบรมหลักสูตร การพัฒนาทักษะการปฏิบัติงานของผู้ตรวจสอบภายใน,2564,2,2564 | 2565,ชื่อตรงกันทุกตัวอักษรหลังปรับรูป,จับคู่อัตโนมัติด้วยชื่อตรงกัน,,,,,131400.0,,2564-0222,DOC-BUD-2564,1.2ผลเบิกจ่ายปี 2564 - final.pdf,7
ITM-0442,โครงการพัฒนาศักยภาพด้านกฎหมายว่าด้วยธุรกรรมอิเล็กทรอนิกส์และกฎหมาย ว่าด้วยการคุ้มครองข้อมูลส่วนบุคคล,25. โครงการพัฒนาศักยภาพด้านกฎหมายว่าด้วยธุรกรรมอิเล็กทรอนิกส์และกฎหมาย ว่าด้วยการคุ้มครองข้อมูลส่วนบุคคล,2564,1,2564,ชื่อตรงกันทุกตัวอักษรหลังปรับรูป,พบปีเดียว ยังไม่ยืนยันการจับคู่ข้ามปี,,,,,398900.0,,2564-0223,DOC-BUD-2564,1.2ผลเบิกจ่ายปี 2564 - final.pdf,7
ITM-0455,โครงการพัฒนาสมรรถนะผู้ปฏิบัติงานด้านกฎหมาย,26. โครงการพัฒนาสมรรถนะผู้ปฏิบัติงานด้านกฎหมาย,2564,4,2564 | 2565 | 2566 | 2567,ชื่อตรงกันทุกตัวอักษรหลังปรับรูป,จับคู่อัตโนมัติด้วยชื่อตรงกัน,,,,,411400.0,,2564-0224,DOC-BUD-2564,1.2ผลเบิกจ่ายปี 2564 - final.pdf,7
ITM-0451,โครงการพัฒนาสมรรถนะบุคลากรด้านการบริหารพัสดุ,27. โครงการพัฒนาสมรรถนะบุคลากรด้านการบริหารพัสดุ,2564,3,2564 | 2565 | 2567,ชื่อตรงกันทุกตัวอักษรหลังปรับรูป,จับคู่อัตโนมัติด้วยชื่อตรงกัน,,,,,2457600.0,,2564-0225,DOC-BUD-2564,1.2ผลเบิกจ่ายปี 2564 - final.pdf,7
ITM-0265,โครงการขับเคลื่อนให้เกิดการสร้างวัฒนธรรมองค์กร,28. โครงการขับเคลื่อนให้เกิดการสร้างวัฒนธรรมองค์กร,2564,2,2563 | 2564,ชื่อตรงกันทุกตัวอักษรหลังปรับรูป,จับคู่อัตโนมัติด้วยชื่อตรงกัน,,,,,468800.0,,2564-0226,DOC-BUD-2564,1.2ผลเบิกจ่ายปี 2564 - final.pdf,7
ITM-0417,"โครงการฝึกอบรมหลักสูตร ""แนวทางการพัฒนาบริการภาครัฐ""","29. โครงการฝึกอบรมหลักสูตร ""แนวทางการพัฒนาบริการภาครัฐ""",2564,2,2563 | 2564,ชื่อตรงกันทุกตัวอักษรหลังปรับรูป,จับคู่อัตโนมัติด้วยชื่อตรงกัน,,,,,151800.0,63250.0,2564-0227,DOC-BUD-2564,1.2ผลเบิกจ่ายปี 2564 - final.pdf,7
ITM-0492,โครงการอบรมเทคนิคการจัดการข้อร้องเรียน,30. โครงการอบรมเทคนิคการจัดการข้อร้องเรียน,2564,1,2564,ชื่อตรงกันทุกตัวอักษรหลังปรับรูป,พบปีเดียว ยังไม่ยืนยันการจับคู่ข้ามปี,,,,,1418300.0,537190.0,2564-0228,DOC-BUD-2564,1.2ผลเบิกจ่ายปี 2564 - final.pdf,7
ITM-0520,โครงการเสริมสร้างสมรรถนะบุคลากรของสำนักงานประกันสังคม,4.2 โครงการเสริมสร้างสมรรถนะบุคลากรของสำนักงานประกันสังคม,2564,5,2563 | 2564 | 2565 | 2566 | 2567,ชื่อตรงกันทุกตัวอักษรหลังปรับรูป,จับคู่อัตโนมัติด้วยชื่อตรงกัน,,,,,25432000.0,7811050.05,2564-0229,DOC-BUD-2564,1.2ผลเบิกจ่ายปี 2564 - final.pdf,7
ITM-0005,การฝึกอบรมทักษะด้านภาษาต่างประเทศเพื่อการปฏิบัติงาน,4.3 การฝึกอบรมทักษะด้านภาษาต่างประเทศเพื่อการปฏิบัติงาน,2564,3,2563 | 2564 | 2565,ชื่อตรงกันทุกตัวอักษรหลังปรับรูป,จับคู่อัตโนมัติด้วยชื่อตรงกัน,,,,,733200.0,37339.0,2564-0230,DOC-BUD-2564,1.2ผลเบิกจ่ายปี 2564 - final.pdf,7
ITM-0001,การจัดการความรู้สำนักงานประกันสังคม,4.3 การจัดการความรู้สำนักงานประกันสังคม,2564,5,2563 | 2564 | 2565 | 2566 | 2567,ชื่อตรงกันทุกตัวอักษรหลังปรับรูป,จับคู่อัตโนมัติด้วยชื่อตรงกัน,,,,,1615700.0,471626.0,2564-0231,DOC-BUD-2564,1.2ผลเบิกจ่ายปี 2564 - final.pdf,7
ITM-0162,ค่าใช้จ่ายในการจัดประชุม อบรมให้ความรู้งานประกันสังคม,5. ค่าใช้จ่ายในการจัดประชุม อบรมให้ความรู้งานประกันสังคม,2564,5,2563 | 2564 | 2565 | 2566 | 2567,ชื่อตรงกันทุกตัวอักษรหลังปรับรูป,จับคู่อัตโนมัติด้วยชื่อตรงกัน,,,,,10640000.0,1687725.0,2564-0232,DOC-BUD-2564,1.2ผลเบิกจ่ายปี 2564 - final.pdf,7
ITM-0155,ค่าใช้จ่ายต่าง ๆ เพื่อเผยแพร่ความรู้เกี่ยวกับการประกันสังคม,6. ค่าใช้จ่ายต่าง ๆ เพื่อเผยแพร่ความรู้เกี่ยวกับการประกันสังคม,2564,5,2563 | 2564 | 2565 | 2566 | 2567,ชื่อตรงกันทุกตัวอักษรหลังปรับรูป,จับคู่อัตโนมัติด้วยชื่อตรงกัน,,,,,149800000.0,127919779.0,2564-0234,DOC-BUD-2564,1.2ผลเบิกจ่ายปี 2564 - final.pdf,7
ITM-0192,จัดนิทรรศการวัรแงงานแห่งชาติ,1. จัดนิทรรศการวัรแงงานแห่งชาติ,2564,3,2563 | 2564 | 2565,ชื่อตรงกันทุกตัวอักษรหลังปรับรูป,ชื่อตรงกันข้ามปี และยังมีรายการชื่อคล้ายกันให้ตรวจเพิ่ม,ITM-0194,จ้างจัดนิทรรศการวัรแงงานแห่งชาติ,93.3,2566,1500000.0,,2564-0235,DOC-BUD-2564,1.2ผลเบิกจ่ายปี 2564 - final.pdf,7
ITM-0207,ผลิตและออกอากาศสื่อโทรทัศน์,2. ผลิตและออกอากาศสื่อโทรทัศน์,2564,5,2563 | 2564 | 2565 | 2566 | 2567,ชื่อตรงกันทุกตัวอักษรหลังปรับรูป,จับคู่อัตโนมัติด้วยชื่อตรงกัน,,,,,35000000.0,24587970.0,2564-0236,DOC-BUD-2564,1.2ผลเบิกจ่ายปี 2564 - final.pdf,7
ITM-0206,ผลิตและออกอากาศสื่อวิทยุ,3. ผลิตและออกอากาศสื่อวิทยุ,2564,5,2563 | 2564 | 2565 | 2566 | 2567,ชื่อตรงกันทุกตัวอักษรหลังปรับรูป,จับคู่อัตโนมัติด้วยชื่อตรงกัน,,,,,3500000.0,2874340.0,2564-0237,DOC-BUD-2564,1.2ผลเบิกจ่ายปี 2564 - final.pdf,7
ITM-0205,ผลิตและประชาสัมพันธ์ทางสื่อสิ่งพิมพ์,4. ผลิตและประชาสัมพันธ์ทางสื่อสิ่งพิมพ์,2564,5,2563 | 2564 | 2565 | 2566 | 2567,ชื่อตรงกันทุกตัวอักษรหลังปรับรูป,จับคู่อัตโนมัติด้วยชื่อตรงกัน,,,,,8000000.0,4640600.0,2564-0238,DOC-BUD-2564,1.2ผลเบิกจ่ายปี 2564 - final.pdf,7
ITM-0209,ผลิตและเผยแพร่ทางสื่อออนไลน์ (เว็บไซต์) หรือสื่อสังคมออนไลน์ (โซเซียลมีเดีย),5. ผลิตและเผยแพร่ทางสื่อออนไลน์ (เว็บไซต์) หรือสื่อสังคมออนไลน์ (โซเซียลมีเดีย),2564,4,2564 | 2565 | 2566 | 2567,ชื่อตรงกันทุกตัวอักษรหลังปรับรูป,จับคู่อัตโนมัติด้วยชื่อตรงกัน,,,,,10000000.0,7911753.0,2564-0239,DOC-BUD-2564,1.2ผลเบิกจ่ายปี 2564 - final.pdf,7
ITM-0204,ผลิตสื่อประชาสัมพันธ์เพื่อเผยแพร่ประชาสัมพันธ์ ส่งแรงงานกลับบ้าน,6. ผลิตสื่อประชาสัมพันธ์เพื่อเผยแพร่ประชาสัมพันธ์ ส่งแรงงานกลับบ้าน,2564,5,2563 | 2564 | 2565 | 2566 | 2567,ชื่อตรงกันทุกตัวอักษรหลังปรับรูป,จับคู่อัตโนมัติด้วยชื่อตรงกัน,,,,,500000.0,483640.0,2564-0240,DOC-BUD-2564,1.2ผลเบิกจ่ายปี 2564 - final.pdf,7
ITM-0244,แผ่นพับประชาสัมพันธ์งานประกันสังคม,7. แผ่นพับประชาสัมพันธ์งานประกันสังคม,2564,3,2563 | 2564 | 2565,ชื่อตรงกันทุกตัวอักษรหลังปรับรูป,จับคู่อัตโนมัติด้วยชื่อตรงกัน,,,,,5000000.0,4980000.0,2564-0241,DOC-BUD-2564,1.2ผลเบิกจ่ายปี 2564 - final.pdf,7
ITM-0202,ผลิตสื่อประชาสัมพันธ์เพื่อเผยแพร่ประชาสัมพันธ์,8. ผลิตสื่อประชาสัมพันธ์เพื่อเผยแพร่ประชาสัมพันธ์,2564,4,2564 | 2565 | 2566 | 2567,ชื่อตรงกันทุกตัวอักษรหลังปรับรูป,จับคู่อัตโนมัติด้วยชื่อตรงกัน,,,,,3000000.0,2995000.0,2564-0242,DOC-BUD-2564,1.2ผลเบิกจ่ายปี 2564 - final.pdf,7
ITM-0198,ตรวจตัดข่าว ผ่านสื่อสิ่งพิมพ์ และสื่อออนไลน์,9. ตรวจตัดข่าว ผ่านสื่อสิ่งพิมพ์ และสื่อออนไลน์,2564,5,2563 | 2564 | 2565 | 2566 | 2567,ชื่อตรงกันทุกตัวอักษรหลังปรับรูป,จับคู่อัตโนมัติด้วยชื่อตรงกัน,,,,,500000.0,499476.0,2564-0243,DOC-BUD-2564,1.2ผลเบิกจ่ายปี 2564 - final.pdf,7
ITM-0190,จัดทำปฏิทินประกันสังคม ประจำปี 2566,10. จัดทำปฏิทินประกันสังคม ประจำปี 2565,2564,3,2563 | 2564 | 2565,ชื่อตรงกันทุกตัวอักษรหลังปรับรูป,จับคู่อัตโนมัติด้วยชื่อตรงกัน,,,,,55000000.0,54965000.0,2564-0244,DOC-BUD-2564,1.2ผลเบิกจ่ายปี 2564 - final.pdf,7
ITM-0191,จัดทำวารสารประกันสังคม,11. จัดทำวารสารประกันสังคม,2564,2,2564 | 2565,ชื่อตรงกันทุกตัวอักษรหลังปรับรูป,จับคู่อัตโนมัติด้วยชื่อตรงกัน,,,,,24000000.0,23982000.0,2564-0245,DOC-BUD-2564,1.2ผลเบิกจ่ายปี 2564 - final.pdf,7
ITM-0201,ผลิตวัสดุประชาสัมพันธ์วันแรงงานแห่งชาติ,12. ผลิตวัสดุประชาสัมพันธ์วันแรงงานแห่งชาติ,2564,5,2563 | 2564 | 2565 | 2566 | 2567,ชื่อตรงกันทุกตัวอักษรหลังปรับรูป,จับคู่อัตโนมัติด้วยชื่อตรงกัน,,,,,3800000.0,,2564-0246,DOC-BUD-2564,1.2ผลเบิกจ่ายปี 2564 - final.pdf,7
ITM-0002,การจัดส่งข้าราชการและพนักงานสำนักงานประกันสังคมเข้ารับ การอบรมด้านวิชาการที่หน่วยงานภายนอกเป็นผู้จัด,7. การจัดส่งข้าราชการและพนักงานสำนักงานประกันสังคมเข้ารับ การอบรมด้านวิชาการที่หน่วยงานภายนอกเป็นผู้จัด,2564,5,2563 | 2564 | 2565 | 2566 | 2567,ชื่อตรงกันทุกตัวอักษรหลังปรับรูป,จับคู่อัตโนมัติด้วยชื่อตรงกัน,,,,,5825000.0,1575215.0,2564-0247,DOC-BUD-2564,1.2ผลเบิกจ่ายปี 2564 - final.pdf,7
ITM-0008,การอบรมเชิงปฏิบัติการแก่นายจ้างเพื่อจัดทำข้อมูลและจ่ายเงินสมทบ กองทุนประกันสงคมผ่านระบบอิเล็กทรอนิกส์ (e-Payment),8. การอบรมเชิงปฏิบัติการแก่นายจ้างเพื่อจัดทำข้อมูลและจ่ายเงินสมทบ กองทุนประกันสงคมผ่านระบบอิเล็กทรอนิกส์ (e-Payment),2564,2,2563 | 2564,ชื่อตรงกันทุกตัวอักษรหลังปรับรูป,ชื่อตรงกันข้ามปี และยังมีรายการชื่อคล้ายกันให้ตรวจเพิ่ม,ITM-0491,โครงการอบรมเชิงปฏิบัติการแก่นายจ้างเพื่อจัดทำข้อมูลและจ่ายเงินสมทบ กองทุนประกันสงคมผ่านระบบอิเล็กทรอนิกส์ (e-Payment),98.2,2565 | 2566 | 2567,3120000.0,697623.5,2564-0248,DOC-BUD-2564,1.2ผลเบิกจ่ายปี 2564 - final.pdf,7
ITM-0527,โครงการให้ความรู้ด้านการประกันสังคมแก่แรงงานต่างด้าว,9. โครงการให้ความรู้ด้านการประกันสังคมแก่แรงงานต่างด้าว,2564,4,2564 | 2565 | 2566 | 2567,ชื่อตรงกันทุกตัวอักษรหลังปรับรูป,จับคู่อัตโนมัติด้วยชื่อตรงกัน,,,,,580000.0,103901.6,2564-0249,DOC-BUD-2564,1.2ผลเบิกจ่ายปี 2564 - final.pdf,7
ITM-0348,โครงการตรวจสอบสถานประกอบการเพื่อป้องกันการแสวงประโยชน์ จากการใช้แรงงานและกองทุน,10. โครงการตรวจสอบสถานประกอบการเพื่อป้องกันการแสวงประโยชน์ จากการใช้แรงงานและกองทุน,2564,5,2563 | 2564 | 2565 | 2566 | 2567,ชื่อตรงกันทุกตัวอักษรหลังปรับรูป,จับคู่อัตโนมัติด้วยชื่อตรงกัน,,,,,376700.0,,2564-0250,DOC-BUD-2564,1.2ผลเบิกจ่ายปี 2564 - final.pdf,7
ITM-0463,โครงการวิเคราะห์ความเสียงความสามารถในการชำระเงินสมทบของนายจ้าง,11. โครงการวิเคราะห์ความเสียงความสามารถในการชำระเงินสมทบของนายจ้าง,2564,1,2564,ชื่อตรงกันทุกตัวอักษรหลังปรับรูป,พบปีเดียว ยังไม่ยืนยันการจับคู่ข้ามปี,,,,,827400.0,827400.0,2564-0251,DOC-BUD-2564,1.2ผลเบิกจ่ายปี 2564 - final.pdf,7
ITM-0476,โครงการสำนักงานบัญชีและเครือข่ายพันธมิตรร่วมให้บริการที่มีคุณภาพกับงาน ประกันสังคม,12. โครงการสำนักงานบัญชีและเครือข่ายพันธมิตรร่วมให้บริการที่มีคุณภาพกับงาน ประกันสังคม,2564,1,2564,ชื่อตรงกันทุกตัวอักษรหลังปรับรูป,พบปีเดียว ยังไม่ยืนยันการจับคู่ข้ามปี,,,,,151700.0,,2564-0252,DOC-BUD-2564,1.2ผลเบิกจ่ายปี 2564 - final.pdf,7
ITM-0507,โครงการเผยแพร่ประชาสัมพันธ์ความรู้เรื่องการประกันสังคมสู่สถานศึกษา,13. โครงการเผยแพร่ประชาสัมพันธ์ความรู้เรื่องการประกันสังคมสู่สถานศึกษา,2564,2,2563 | 2564,ชื่อตรงกันทุกตัวอักษรหลังปรับรูป,จับคู่อัตโนมัติด้วยชื่อตรงกัน,,,,,3290000.0,622554.87,2564-0253,DOC-BUD-2564,1.2ผลเบิกจ่ายปี 2564 - final.pdf,7
ITM-0470,โครงการ สปส.มอบสุข,14. โครงการ สปส.มอบสุข,2564,5,2563 | 2564 | 2565 | 2566 | 2567,ชื่อตรงกันทุกตัวอักษรหลังปรับรูป,จับคู่อัตโนมัติด้วยชื่อตรงกัน,,,,,3400000.0,3200000.0,2564-0254,DOC-BUD-2564,1.2ผลเบิกจ่ายปี 2564 - final.pdf,7
ITM-0497,โครงการเช่าบริการศูนย์บริการข้อมูลประกันสังคม Contact Center 1506,15. โครงการเช่าบริการศูนย์บริการข้อมูลประกันสังคม Contact Center 1506,2564,2,2563 | 2564,ชื่อตรงกันทุกตัวอักษรหลังปรับรูป,จับคู่อัตโนมัติด้วยชื่อตรงกัน,,,,,49995000.0,49995000.0,2564-0255,DOC-BUD-2564,1.2ผลเบิกจ่ายปี 2564 - final.pdf,7
ITM-0293,โครงการจัดนิทรรศการและแถลงข่าวงานประกันสังคม,16. โครงการจัดนิทรรศการและแถลงข่าวงานประกันสังคม,2564,5,2563 | 2564 | 2565 | 2566 | 2567,ชื่อตรงกันทุกตัวอักษรหลังปรับรูป,จับคู่อัตโนมัติด้วยชื่อตรงกัน,,,,,2000000.0,1767990.0,2564-0256,DOC-BUD-2564,1.2ผลเบิกจ่ายปี 2564 - final.pdf,8
ITM-0496,โครงการออกหน่วยเคลื่อนที่บริการเบ็ดเสร็จ Service Delivery Unit,17. โครงการออกหน่วยเคลื่อนที่บริการเบ็ดเสร็จ Service Delivery Unit,2564,5,2563 | 2564 | 2565 | 2566 | 2567,ชื่อตรงกันทุกตัวอักษรหลังปรับรูป,จับคู่อัตโนมัติด้วยชื่อตรงกัน,,,,,4834200.0,1196586.1,2564-0257,DOC-BUD-2564,1.2ผลเบิกจ่ายปี 2564 - final.pdf,8
ITM-0245,โครงการ 1 ตำบล 1 หมู่บ้าน ประกันสังคมทั่วไทย,18. โครงการ 1 ตำบล 1 หมู่บ้าน ประกันสังคมทั่วไทย,2564,2,2563 | 2564,ชื่อตรงกันทุกตัวอักษรหลังปรับรูป,จับคู่อัตโนมัติด้วยชื่อตรงกัน,,,,,830000.0,109108.0,2564-0258,DOC-BUD-2564,1.2ผลเบิกจ่ายปี 2564 - final.pdf,8
ITM-0448,โครงการพัฒนาศักยภาพแกนนำเครือข่ายประกันสังคม,19. โครงการพัฒนาศักยภาพแกนนำเครือข่ายประกันสังคม,2564,5,2563 | 2564 | 2565 | 2566 | 2567,ชื่อตรงกันทุกตัวอักษรหลังปรับรูป,จับคู่อัตโนมัติด้วยชื่อตรงกัน,,,,,5555500.0,1129825.0,2564-0259,DOC-BUD-2564,1.2ผลเบิกจ่ายปี 2564 - final.pdf,8
ITM-0375,โครงการประกันสังคมร่วมใจอาสาสมัครเครือข่ายประกันสังคมภาคสมัครใจ สร้างจิตสาธารณะเพื่อพัฒนาชุมชน,20. โครงการประกันสังคมร่วมใจอาสาสมัครเครือข่ายประกันสังคมภาคสมัครใจ สร้างจิตสาธารณะเพื่อพัฒนาชุมชน,2564,1,2564,ชื่อตรงกันทุกตัวอักษรหลังปรับรูป,พบปีเดียว ยังไม่ยืนยันการจับคู่ข้ามปี,,,,,6517000.0,,2564-0260,DOC-BUD-2564,1.2ผลเบิกจ่ายปี 2564 - final.pdf,8
ITM-0462,โครงการวันประกันสังคม,21. โครงการวันประกันสังคม,2564,2,2564 | 2565,ชื่อตรงกันทุกตัวอักษรหลังปรับรูป,จับคู่อัตโนมัติด้วยชื่อตรงกัน,,,,,605400.0,199800.0,2564-0261,DOC-BUD-2564,1.2ผลเบิกจ่ายปี 2564 - final.pdf,8
ITM-0373,โครงการประกันสังคมทั่วไทยสู่แรงงานภาคอิสระ,22. โครงการประกันสังคมทั่วไทยสู่แรงงานภาคอิสระ,2564,5,2563 | 2564 | 2565 | 2566 | 2567,ชื่อตรงกันทุกตัวอักษรหลังปรับรูป,จับคู่อัตโนมัติด้วยชื่อตรงกัน,,,,,2227900.0,252630.0,2564-0262,DOC-BUD-2564,1.2ผลเบิกจ่ายปี 2564 - final.pdf,8
ITM-0427,โครงการพัฒนาคุณภาพการบริหารจัดการภาครัฐของสำนักงานประกันสังคม ตามเกณฑ์คุณภาพการบริหารจัดการภาครัฐ (PMQA),23. โครงการพัฒนาคุณภาพการบริหารจัดการภาครัฐของสำนักงานประกันสังคม ตามเกณฑ์คุณภาพการบริหารจัดการภาครัฐ (PMQA),2564,4,2564 | 2565 | 2566 | 2567,ชื่อตรงกันทุกตัวอักษรหลังปรับรูป,จับคู่อัตโนมัติด้วยชื่อตรงกัน,,,,,669700.0,184325.0,2564-0263,DOC-BUD-2564,1.2ผลเบิกจ่ายปี 2564 - final.pdf,8
ITM-0352,โครงการทบทวนโครงสร้างองค์กรและรูปแบบการดำเนินงานให้ทันสมัยรองรับ การเปลี่ยนแปลง พร้อมก้าวสู่ระบบราชการ 4.0,24. โครงการทบทวนโครงสร้างองค์กรและรูปแบบการดำเนินงานให้ทันสมัยรองรับ การเปลี่ยนแปลง พร้อมก้าวสู่ระบบราชการ 4.0,2564,2,2563 | 2564,ชื่อตรงกันทุกตัวอักษรหลังปรับรูป,จับคู่อัตโนมัติด้วยชื่อตรงกัน,,,,,219000.0,2480.0,2564-0264,DOC-BUD-2564,1.2ผลเบิกจ่ายปี 2564 - final.pdf,8
ITM-0457,โครงการมอบโล่ประกาศเกียรติคุณสถานประกอบการ,25. โครงการมอบโล่ประกาศเกียรติคุณสถานประกอบการ,2564,5,2563 | 2564 | 2565 | 2566 | 2567,ชื่อตรงกันทุกตัวอักษรหลังปรับรูป,จับคู่อัตโนมัติด้วยชื่อตรงกัน,,,,,450000.0,450000.0,2564-0265,DOC-BUD-2564,1.2ผลเบิกจ่ายปี 2564 - final.pdf,8
ITM-0383,โครงการประชุมเจ้าหน้าที่สถานพยาบาลและเจ้าหน้าที่ประกันสังคม,26. โครงการประชุมเจ้าหน้าที่สถานพยาบาลและเจ้าหน้าที่ประกันสังคม,2564,2,2564 | 2565,ชื่อตรงกันทุกตัวอักษรหลังปรับรูป,จับคู่อัตโนมัติด้วยชื่อตรงกัน,,,,,490800.0,,2564-0266,DOC-BUD-2564,1.2ผลเบิกจ่ายปี 2564 - final.pdf,8
ITM-0472,โครงการสร้างเสริมสมรรถนะด้านสุขภาพให้กับเจ้าหน้าที่สถานประกอบการ ผู้ประกันตน และเจ้าหน้าที่ประกันสังคม (SSO Health Leader),27. โครงการสร้างเสริมสมรรถนะด้านสุขภาพให้กับเจ้าหน้าที่สถานประกอบการ ผู้ประกันตน และเจ้าหน้าที่ประกันสังคม (SSO Health Leader),2564,1,2564,ชื่อตรงกันทุกตัวอักษรหลังปรับรูป,พบปีเดียว ยังไม่ยืนยันการจับคู่ข้ามปี,,,,,1275200.0,,2564-0267,DOC-BUD-2564,1.2ผลเบิกจ่ายปี 2564 - final.pdf,8
ITM-0363,โครงการบริจาคโลหิตสำนักงานประกันสังคม,28. โครงการบริจาคโลหิตสำนักงานประกันสังคม,2564,4,2564 | 2565 | 2566 | 2567,ชื่อตรงกันทุกตัวอักษรหลังปรับรูป,จับคู่อัตโนมัติด้วยชื่อตรงกัน,,,,,31200.0,19800.0,2564-0268,DOC-BUD-2564,1.2ผลเบิกจ่ายปี 2564 - final.pdf,8
ITM-0376,โครงการประกาศเกียรติคุณผู้ทำคุณประโยชน์ต่อสำนักงานประกันสังคม,29. โครงการประกาศเกียรติคุณผู้ทำคุณประโยชน์ต่อสำนักงานประกันสังคม,2564,5,2563 | 2564 | 2565 | 2566 | 2567,ชื่อตรงกันทุกตัวอักษรหลังปรับรูป,จับคู่อัตโนมัติด้วยชื่อตรงกัน,,,,,90000.0,70400.0,2564-0269,DOC-BUD-2564,1.2ผลเบิกจ่ายปี 2564 - final.pdf,8
ITM-0419,โครงการฝึกอบรมเชิงปฏิบัติการซักซ้อมแผนการป้องกันและระงับอัคคีภัย,30. โครงการฝึกอบรมเชิงปฏิบัติการซักซ้อมแผนการป้องกันและระงับอัคคีภัย,2564,5,2563 | 2564 | 2565 | 2566 | 2567,ชื่อตรงกันทุกตัวอักษรหลังปรับรูป,จับคู่อัตโนมัติด้วยชื่อตรงกัน,,,,,2907400.0,1424083.2,2564-0270,DOC-BUD-2564,1.2ผลเบิกจ่ายปี 2564 - final.pdf,8
ITM-0074,ค่าจ้างล่ามภาษาต่างประเทศ,31. ค่าจ้างล่ามภาษาต่างประเทศ,2564,4,2564 | 2565 | 2566 | 2567,ชื่อตรงกันทุกตัวอักษรหลังปรับรูป,จับคู่อัตโนมัติด้วยชื่อตรงกัน,,,,,720000.0,646000.0,2564-0271,DOC-BUD-2564,1.2ผลเบิกจ่ายปี 2564 - final.pdf,8
ITM-0467,โครงการสนับสนุนการจัดตั้งศูนย์คัดกรองไวรัสโคโรนา 2019 เพื่อผู้ประกันตน,32. โครงการสนับสนุนการจัดตั้งศูนย์คัดกรองไวรัสโคโรนา 2019 เพื่อผู้ประกันตน,2564,1,2564,ชื่อตรงกันทุกตัวอักษรหลังปรับรูป,พบปีเดียว ยังไม่ยืนยันการจับคู่ข้ามปี,,,,,,19097462.13,2564-0272,DOC-BUD-2564,1.2ผลเบิกจ่ายปี 2564 - final.pdf,8
ITM-0459,โครงการรณรงค์ป้องกันและยับยั้งการแพร่ระบาดของโรคติดเชื้อไวรัสโคโรนา 2019 (COVID-19),33. โครงการรณรงค์ป้องกันและยับยั้งการแพร่ระบาดของโรคติดเชื้อไวรัสโคโรนา 2019 (COVID-19),2564,1,2564,ชื่อตรงกันทุกตัวอักษรหลังปรับรูป,พบปีเดียว ยังไม่ยืนยันการจับคู่ข้ามปี,,,,,,6370000.0,2564-0273,DOC-BUD-2564,1.2ผลเบิกจ่ายปี 2564 - final.pdf,8
ITM-0469,โครงการสนับสนุนการตั้งจุดบริการฉีดวัคซีนโควิด 19 ให้ผู้ประกันตน,34. โครงการสนับสนุนการตั้งจุดบริการฉีดวัคซีนโควิด 19 ให้ผู้ประกันตน,2564,1,2564,ชื่อตรงกันทุกตัวอักษรหลังปรับรูป,พบปีเดียว ยังไม่ยืนยันการจับคู่ข้ามปี,,,,,210461400.0,213425270.1,2564-0274,DOC-BUD-2564,1.2ผลเบิกจ่ายปี 2564 - final.pdf,8
ITM-0275,โครงการจัดซื้อของเยี่ยมผู้ป่วย ผู้ประกันตนติดเชื้อไวรัสโคโรน่า 2019 หรือโรคโควิด 19,35. โครงการจัดซื้อของเยี่ยมผู้ป่วย ผู้ประกันตนติดเชื้อไวรัสโคโรน่า 2019 หรือโรคโควิด 19,2564,1,2564,ชื่อตรงกันทุกตัวอักษรหลังปรับรูป,พบปีเดียว ยังไม่ยืนยันการจับคู่ข้ามปี,,,,,,500000.0,2564-0275,DOC-BUD-2564,1.2ผลเบิกจ่ายปี 2564 - final.pdf,8
ITM-0289,โครงการจัดทำห้องปฏิบัติการบัญชาการศูนย์อำนวยการบริหารจัดการฉีดวัคซีนฯ,36. โครงการจัดทำห้องปฏิบัติการบัญชาการศูนย์อำนวยการบริหารจัดการฉีดวัคซีนฯ,2564,1,2564,ชื่อตรงกันทุกตัวอักษรหลังปรับรูป,พบปีเดียว ยังไม่ยืนยันการจับคู่ข้ามปี,,,,,,,2564-0276,DOC-BUD-2564,1.2ผลเบิกจ่ายปี 2564 - final.pdf,8
ITM-0514,โครงการเพิ่มประสิทธิภาพระบบ Contact Center 1506 เพื่อรองรับสถานการณ์โควิด-19,37. โครงการเพิ่มประสิทธิภาพระบบ Contact Center 1506 เพื่อรองรับสถานการณ์โควิด-19,2564,1,2564,ชื่อตรงกันทุกตัวอักษรหลังปรับรูป,พบปีเดียว ยังไม่ยืนยันการจับคู่ข้ามปี,,,,,,3531000.0,2564-0277,DOC-BUD-2564,1.2ผลเบิกจ่ายปี 2564 - final.pdf,8
ITM-0400,โครงการผลิตสื่อประชาสัมพันธ์ (ป้ายไวนิล),38. โครงการผลิตสื่อประชาสัมพันธ์ (ป้ายไวนิล),2564,1,2564,ชื่อตรงกันทุกตัวอักษรหลังปรับรูป,พบปีเดียว ยังไม่ยืนยันการจับคู่ข้ามปี,,,,,,9840000.0,2564-0278,DOC-BUD-2564,1.2ผลเบิกจ่ายปี 2564 - final.pdf,8
ITM-0394,โครงการผลิตสื่อประชาสัมพันธ์ (น้ำดื่ม),39. โครงการผลิตสื่อประชาสัมพันธ์ (น้ำดื่ม),2564,1,2564,ชื่อตรงกันทุกตัวอักษรหลังปรับรูป,พบปีเดียว ยังไม่ยืนยันการจับคู่ข้ามปี,,,,,,495000.0,2564-0279,DOC-BUD-2564,1.2ผลเบิกจ่ายปี 2564 - final.pdf,8
ITM-0412,โครงการผลิตและเผยแพร่ประชาสัมพันธ์ข้างรถโดยสารประจำทาง,40. โครงการผลิตและเผยแพร่ประชาสัมพันธ์ข้างรถโดยสารประจำทาง,2564,1,2564,ชื่อตรงกันทุกตัวอักษรหลังปรับรูป,พบปีเดียว ยังไม่ยืนยันการจับคู่ข้ามปี,,,,,,491130.0,2564-0280,DOC-BUD-2564,1.2ผลเบิกจ่ายปี 2564 - final.pdf,8
ITM-0413,โครงการผลิตและเผยแพร่ประชาสัมพันธ์ทางสื่อสิ่งพิมพ์,41. โครงการผลิตและเผยแพร่ประชาสัมพันธ์ทางสื่อสิ่งพิมพ์,2564,1,2564,ชื่อตรงกันทุกตัวอักษรหลังปรับรูป,พบปีเดียว ยังไม่ยืนยันการจับคู่ข้ามปี,,,,,,100000.0,2564-0281,DOC-BUD-2564,1.2ผลเบิกจ่ายปี 2564 - final.pdf,8
ITM-0411,"โครงการผลิตหนังสือและโปสเตอร์แนวคิดการขับเคลื่อน สปส.สู่ความสำเร็จ ""SSO TRUST""","42. โครงการผลิตหนังสือและโปสเตอร์แนวคิดการขับเคลื่อน สปส.สู่ความสำเร็จ ""SSO TRUST""",2564,1,2564,ชื่อตรงกันทุกตัวอักษรหลังปรับรูป,พบปีเดียว ยังไม่ยืนยันการจับคู่ข้ามปี,,,,,,144000.0,2564-0282,DOC-BUD-2564,1.2ผลเบิกจ่ายปี 2564 - final.pdf,8
ITM-0404,โครงการผลิตสื่อประชาสัมพันธ์เพื่อสร้างแรงจูงใจให้กับเครือข่าย ประกันสังคมมาตรา 40,43. โครงการผลิตสื่อประชาสัมพันธ์เพื่อสร้างแรงจูงใจให้กับเครือข่าย ประกันสังคมมาตรา 40,2564,1,2564,ชื่อตรงกันทุกตัวอักษรหลังปรับรูป,พบปีเดียว ยังไม่ยืนยันการจับคู่ข้ามปี,,,,,,498400.0,2564-0283,DOC-BUD-2564,1.2ผลเบิกจ่ายปี 2564 - final.pdf,8
ITM-0120,ค่าธรรมเนียมการโอนเงิน,1. ค่าธรรมเนียมการโอนเงิน,2564,3,2563 | 2564 | 2565,ชื่อตรงกันทุกตัวอักษรหลังปรับรูป,จับคู่อัตโนมัติด้วยชื่อตรงกัน,,,,,15270200.0,8557278.92,2564-0288,DOC-BUD-2564,1.2ผลเบิกจ่ายปี 2564 - final.pdf,8
ITM-0129,ค่าธรรมเนียมรับเงินสมทบกองทุนประกันสังคมผ่านธนาคาร/หน่วยบริการ,2. ค่าธรรมเนียมรับเงินสมทบกองทุนประกันสังคมผ่านธนาคาร/หน่วยบริการ,2564,5,2563 | 2564 | 2565 | 2566 | 2567,ชื่อตรงกันทุกตัวอักษรหลังปรับรูป,จับคู่อัตโนมัติด้วยชื่อตรงกัน,,,,,302046000.0,471498088.59,2564-0289,DOC-BUD-2564,1.2ผลเบิกจ่ายปี 2564 - final.pdf,8
ITM-0124,ค่าธรรมเนียมจ่ายประโยชน์ทดแทน,3. ค่าธรรมเนียมจ่ายประโยชน์ทดแทน,2564,5,2563 | 2564 | 2565 | 2566 | 2567,ชื่อตรงกันทุกตัวอักษรหลังปรับรูป,จับคู่อัตโนมัติด้วยชื่อตรงกัน,,,,,102037700.0,107466818.68,2564-0290,DOC-BUD-2564,1.2ผลเบิกจ่ายปี 2564 - final.pdf,8
ITM-0437,โครงการพัฒนาระบบสนับสนุนการให้บริการ (Queue),1. โครงการพัฒนาระบบสนับสนุนการให้บริการ (Queue),2564,1,2564,ชื่อตรงกันทุกตัวอักษรหลังปรับรูป,พบปีเดียว ยังไม่ยืนยันการจับคู่ข้ามปี,,,,,56254500.0,56254500.0,2564-0293,DOC-BUD-2564,1.2ผลเบิกจ่ายปี 2564 - final.pdf,9
ITM-0283,โครงการจัดซื้ออุปกรณ์ระบบเครือข่ายสื่อสารภายใน (LAN) เพื่อทดแทนระบบเดิม,2. โครงการจัดซื้ออุปกรณ์ระบบเครือข่ายสื่อสารภายใน (LAN) เพื่อทดแทนระบบเดิม,2564,1,2564,ชื่อตรงกันทุกตัวอักษรหลังปรับรูป,พบปีเดียว ยังไม่ยืนยันการจับคู่ข้ามปี,,,,,84083000.0,83200000.0,2564-0294,DOC-BUD-2564,1.2ผลเบิกจ่ายปี 2564 - final.pdf,9
ITM-0282,โครงการจัดซื้อระบบประชุมทางไกล (Video Conference) เพื่อทดแทนระบบเดิม,3. โครงการจัดซื้อระบบประชุมทางไกล (Video Conference) เพื่อทดแทนระบบเดิม,2564,1,2564,ชื่อตรงกันทุกตัวอักษรหลังปรับรูป,พบปีเดียว ยังไม่ยืนยันการจับคู่ข้ามปี,,,,,61577000.0,60900000.0,2564-0295,DOC-BUD-2564,1.2ผลเบิกจ่ายปี 2564 - final.pdf,9
ITM-0281,โครงการจัดซื้อระบบทดแทนอุปกรณ์รักษาความปลอดภัยในการรับส่งข้อมูล แบบ Web Service เดิม,4. โครงการจัดซื้อระบบทดแทนอุปกรณ์รักษาความปลอดภัยในการรับส่งข้อมูล แบบ Web Service เดิม,2564,1,2564,ชื่อตรงกันทุกตัวอักษรหลังปรับรูป,พบปีเดียว ยังไม่ยืนยันการจับคู่ข้ามปี,,,,,59556000.0,58700000.0,2564-0296,DOC-BUD-2564,1.2ผลเบิกจ่ายปี 2564 - final.pdf,9
ITM-0304,โครงการจัดหาอุปกรณ์ทดแทนอุปกรณ์ป้องกันเครือข่าย (Firewall) เดิม,5. โครงการจัดหาอุปกรณ์ทดแทนอุปกรณ์ป้องกันเครือข่าย (Firewall) เดิม,2564,1,2564,ชื่อตรงกันทุกตัวอักษรหลังปรับรูป,พบปีเดียว ยังไม่ยืนยันการจับคู่ข้ามปี,,,,,178289000.0,177089000.0,2564-0297,DOC-BUD-2564,1.2ผลเบิกจ่ายปี 2564 - final.pdf,9
ITM-0277,โครงการจัดซื้อครุภัณฑ์คอมพิวเตอร์พร้อมระบบบริหารจัดการ ปี 2565,6. โครงการจัดซื้อครุภัณฑ์คอมพิวเตอร์พร้อมระบบบริหารจัดการ,2564,2,2564 | 2565,ชื่อตรงกันทุกตัวอักษรหลังปรับรูป,จับคู่อัตโนมัติด้วยชื่อตรงกัน,,,,,180000000.0,179300275.0,2564-0298,DOC-BUD-2564,1.2ผลเบิกจ่ายปี 2564 - final.pdf,9
ITM-0300,โครงการจัดหาระบบบริหารจัดการศูนย์คอมพิวเตอร์ (Data Center Infrastructure Management : DCIM) จำนวน 2 ระบบ พร้อมติดตั้งใช้งาน,7. โครงการจัดหาระบบบริหารจัดการศูนย์คอมพิวเตอร์ (Data Center Infrastructure Management : DCIM) จำนวน 2 ระบบ พร้อมติดตั้งใช้งาน,2564,1,2564,ชื่อตรงกันทุกตัวอักษรหลังปรับรูป,พบปีเดียว ยังไม่ยืนยันการจับคู่ข้ามปี,,,,,40000000.0,39700000.0,2564-0299,DOC-BUD-2564,1.2ผลเบิกจ่ายปี 2564 - final.pdf,9
ITM-0481,- โครงการส่งเสริมการมีส่วนร่วม เผยแพร่ ประชาสัมพันธ์งานประกันสังคมสู่ผู้ประกันตน,- โครงการส่งเสริมการมีส่วนร่วม เผยแพร่ ประชาสัมพันธ์งานประกันสังคมสู่ผู้ประกันตน,2564,5,2563 | 2564 | 2565 | 2566 | 2567,ชื่อตรงกันทุกตัวอักษรหลังปรับรูป,จับคู่อัตโนมัติด้วยชื่อตรงกัน,,,,,34000000.0,12126305.0,2564-0301,DOC-BUD-2564,1.2ผลเบิกจ่ายปี 2564 - final.pdf,9
ITM-0466,โครงการสถานพยาบาลในดวงใจ,1. โครงการสถานพยาบาลในดวงใจ,2564,5,2563 | 2564 | 2565 | 2566 | 2567,ชื่อตรงกันทุกตัวอักษรหลังปรับรูป,จับคู่อัตโนมัติด้วยชื่อตรงกัน,,,,,2429800.0,1883600.0,2564-0303,DOC-BUD-2564,1.2ผลเบิกจ่ายปี 2564 - final.pdf,9
ITM-0477,โครงการสำรวจความพึงพอใจสำนักงานประกันสังคม,2. โครงการสำรวจความพึงพอใจสำนักงานประกันสังคม,2564,5,2563 | 2564 | 2565 | 2566 | 2567,ชื่อตรงกันทุกตัวอักษรหลังปรับรูป,จับคู่อัตโนมัติด้วยชื่อตรงกัน,,,,,5000000.0,4970000.0,2564-0304,DOC-BUD-2564,1.2ผลเบิกจ่ายปี 2564 - final.pdf,9
ITM-0386,โครงการประเมินประสิทธิผลของสิทธิประโยชน์ประกันสังคมกรณีชราภาพ,3. โครงการประเมินประสิทธิผลของสิทธิประโยชน์ประกันสังคมกรณีชราภาพ,2564,1,2564,ชื่อตรงกันทุกตัวอักษรหลังปรับรูป,พบปีเดียว ยังไม่ยืนยันการจับคู่ข้ามปี,,,,,2000000.0,1700000.0,2564-0305,DOC-BUD-2564,1.2ผลเบิกจ่ายปี 2564 - final.pdf,9
ITM-0199,ทุนอุดหนุนการศึกษาบุคลากรสำนักงานประกันสังคม,4. ทุนอุดหนุนการศึกษาบุคลากรสำนักงานประกันสังคม,2564,5,2563 | 2564 | 2565 | 2566 | 2567,ชื่อตรงกันทุกตัวอักษรหลังปรับรูป,จับคู่อัตโนมัติด้วยชื่อตรงกัน,,,,,4000000.0,,2564-0306,DOC-BUD-2564,1.2ผลเบิกจ่ายปี 2564 - final.pdf,9
ITM-0326,โครงการจ้างพัฒนาหลักสูตร e-learning ของสำนักงานประกันสังคม,5. โครงการจ้างพัฒนาหลักสูตร e-learning ของสำนักงานประกันสังคม,2564,4,2563 | 2564 | 2565 | 2566,ชื่อตรงกันทุกตัวอักษรหลังปรับรูป,จับคู่อัตโนมัติด้วยชื่อตรงกัน,,,,,1600000.0,1530000.0,2564-0307,DOC-BUD-2564,1.2ผลเบิกจ่ายปี 2564 - final.pdf,9
ITM-0519,โครงการเสริมสร้างธรรมาภิบาลป้องกันและลดความเสี่ยงในการเกิดทุจริตและประพฤติมิชอบ,6. โครงการเสริมสร้างธรรมาภิบาลป้องกันและลดความเสี่ยงในการเกิดทุจริต และประพฤติมิชอบ,2564,5,2563 | 2564 | 2565 | 2566 | 2567,ชื่อตรงกันทุกตัวอักษรหลังปรับรูป,จับคู่อัตโนมัติด้วยชื่อตรงกัน,,,,,131900.0,119500.0,2564-0308,DOC-BUD-2564,1.2ผลเบิกจ่ายปี 2564 - final.pdf,9
ITM-0165,ค่าใช้จ่ายในการจ้างพนักงานประกันสังคม,1. ค่าใช้จ่ายในการจ้างพนักงานประกันสังคม,2565,4,2564 | 2565 | 2566 | 2567,ชื่อตรงกันทุกตัวอักษรหลังปรับรูป,จับคู่อัตโนมัติด้วยชื่อตรงกัน,,,,,1321388800.0,1328904995.54,2565-0004,DOC-BUD-2565,1.3ผลเบิกจ่ายปี 2565 - final.pdf,1
ITM-0241,เงินเพิ่มการครองชีพชั่วคราว,2. เงินเพิ่มการครองชีพชั่วคราว,2565,4,2564 | 2565 | 2566 | 2567,ชื่อตรงกันทุกตัวอักษรหลังปรับรูป,จับคู่อัตโนมัติด้วยชื่อตรงกัน,,,,,6008200.0,5877893.8,2565-0005,DOC-BUD-2565,1.3ผลเบิกจ่ายปี 2565 - final.pdf,1
ITM-0110,ค่าตอบแทนสำหรับผู้บริหารระดับชำนาญการพิเศษ,3. ค่าตอบแทนสำหรับผู้บริหารระดับชำนาญการพิเศษ,2565,5,2563 | 2564 | 2565 | 2566 | 2567,ชื่อตรงกันทุกตัวอักษรหลังปรับรูป,จับคู่อัตโนมัติด้วยชื่อตรงกัน,,,,,554400.0,549432.26,2565-0006,DOC-BUD-2565,1.3ผลเบิกจ่ายปี 2565 - final.pdf,1
ITM-0109,ค่าตอบแทนสำหรับข้าราชการระดับชำนาญการ/ชำนาญการพิเศษ ซึ่งปฏิบัติ หน้าที่ในฐานะหัวหน้าสำนักงานประกันสังคมจังหวัดสาขา,4. ค่าตอบแทนสำหรับข้าราชการระดับชำนาญการ/ชำนาญการพิเศษ ซึ่งปฏิบัติ หน้าที่ในฐานะหัวหน้าสำนักงานประกันสังคมจังหวัดสาขา,2565,5,2563 | 2564 | 2565 | 2566 | 2567,ชื่อตรงกันทุกตัวอักษรหลังปรับรูป,จับคู่อัตโนมัติด้วยชื่อตรงกัน,,,,,2100000.0,1796624.14,2565-0007,DOC-BUD-2565,1.3ผลเบิกจ่ายปี 2565 - final.pdf,1
ITM-0107,ค่าตอบแทนวิชาชีพเฉพาะด้านการลงทุนสำหรับข้าราชการ,5. ค่าตอบแทนวิชาชีพเฉพาะด้านการลงทุนสำหรับข้าราชการ,2565,5,2563 | 2564 | 2565 | 2566 | 2567,ชื่อตรงกันทุกตัวอักษรหลังปรับรูป,จับคู่อัตโนมัติด้วยชื่อตรงกัน,,,,,10560000.0,8227032.26,2565-0008,DOC-BUD-2565,1.3ผลเบิกจ่ายปี 2565 - final.pdf,1
ITM-0108,ค่าตอบแทนวิชาชีพเฉพาะด้านคณิตศาสตร์ประกันภัยสำหรับข้าราชการ,6. ค่าตอบแทนวิชาชีพเฉพาะด้านคณิตศาสตร์ประกันภัยสำหรับข้าราชการ,2565,5,2563 | 2564 | 2565 | 2566 | 2567,ชื่อตรงกันทุกตัวอักษรหลังปรับรูป,จับคู่อัตโนมัติด้วยชื่อตรงกัน,,,,,960000.0,580000.0,2565-0009,DOC-BUD-2565,1.3ผลเบิกจ่ายปี 2565 - final.pdf,1
ITM-0229,เงินค่าตอบแทนพิเศษ (กรณีค่าจ้างถึงขั้นสูง),7. เงินค่าตอบแทนพิเศษ (กรณีค่าจ้างถึงขั้นสูง),2565,4,2564 | 2565 | 2566 | 2567,ชื่อตรงกันทุกตัวอักษรหลังปรับรูป,จับคู่อัตโนมัติด้วยชื่อตรงกัน,,,,,618000.0,633456.93,2565-0010,DOC-BUD-2565,1.3ผลเบิกจ่ายปี 2565 - final.pdf,1
ITM-0105,ค่าตอบแทนพิเศษรายเดือนให้แก่เจ้าหน้าที่ผู้ปฏิบัติงานในพื้นที่จังหวัด ชายแดนภาคใต้,1. ค่าตอบแทนพิเศษรายเดือนให้แก่เจ้าหน้าที่ผู้ปฏิบัติงานในพื้นที่จังหวัด ชายแดนภาคใต้,2565,4,2564 | 2565 | 2566 | 2567,ชื่อตรงกันทุกตัวอักษรหลังปรับรูป,ชื่อตรงกันข้ามปี และยังมีรายการชื่อคล้ายกันให้ตรวจเพิ่ม,ITM-0104,ค่าตอบแทนพิเศษรายเดือนให้แก่เจ้าหน้าที่ผู้ปฏิบัติงานในจังหวัด ชายแดนภาคใต้,95.4,2563,2862000.0,2816866.71,2565-0013,DOC-BUD-2565,1.3ผลเบิกจ่ายปี 2565 - final.pdf,1
ITM-0242,เงินเพิ่มสำหรับตำแหน่งที่มีเหตุพิเศษของผู้ปฏิบัติงานด้านการสาธารณสุข (พ.ต.ส.),2. เงินเพิ่มสำหรับตำแหน่งที่มีเหตุพิเศษของผู้ปฏิบัติงานด้านการสาธารณสุข (พ.ต.ส.),2565,4,2564 | 2565 | 2566 | 2567,ชื่อตรงกันทุกตัวอักษรหลังปรับรูป,จับคู่อัตโนมัติด้วยชื่อตรงกัน,,,,,108000.0,60000.0,2565-0014,DOC-BUD-2565,1.3ผลเบิกจ่ายปี 2565 - final.pdf,1
ITM-0102,ค่าตอบแทนประจำปี,3. ค่าตอบแทนประจำปี,2565,4,2564 | 2565 | 2566 | 2567,ชื่อตรงกันทุกตัวอักษรหลังปรับรูป,จับคู่อัตโนมัติด้วยชื่อตรงกัน,,,,,113124000.0,107531593.64,2565-0015,DOC-BUD-2565,1.3ผลเบิกจ่ายปี 2565 - final.pdf,1
ITM-0235,เงินสมทบกองทุนประกันสังคม,1. เงินสมทบกองทุนประกันสังคม,2565,4,2564 | 2565 | 2566 | 2567,ชื่อตรงกันทุกตัวอักษรหลังปรับรูป,จับคู่อัตโนมัติด้วยชื่อตรงกัน,,,,,39975700.0,27263158.0,2565-0017,DOC-BUD-2565,1.3ผลเบิกจ่ายปี 2565 - final.pdf,1
ITM-0237,เงินสมทบกองทุนเงินทดแทน,2. เงินสมทบกองทุนเงินทดแทน,2565,4,2564 | 2565 | 2566 | 2567,ชื่อตรงกันทุกตัวอักษรหลังปรับรูป,จับคู่อัตโนมัติด้วยชื่อตรงกัน,,,,,2317800.0,1529904.0,2565-0018,DOC-BUD-2565,1.3ผลเบิกจ่ายปี 2565 - final.pdf,1
ITM-0233,เงินประกันภัยแก่ข้าราชการ ลูกจ้างประจำ และพนักงานสำนักงาน ประกันสังคมที่ปฏิบัติงานประจำในพื้นที่ 3 จังหวัดชายแดนภาคใต้,3. เงินประกันภัยแก่ข้าราชการ ลูกจ้างประจำ และพนักงานสำนักงาน ประกันสังคมที่ปฏิบัติงานประจำในพื้นที่ 3 จังหวัดชายแดนภาคใต้,2565,4,2564 | 2565 | 2566 | 2567,ชื่อตรงกันทุกตัวอักษรหลังปรับรูป,ชื่อตรงกันข้ามปี และยังมีรายการชื่อคล้ายกันให้ตรวจเพิ่ม,ITM-0234,เงินประกันภัยแก่ข้าราชการ ลูกจ้างประจำ และพนักงานสำนักงาน ประกันสังคมที่ปฏิบัติงานประจำในพื้นที่ 4 จังหวัดชายแดนภาคใต้,99.1,2563,59400.0,57150.0,2565-0019,DOC-BUD-2565,1.3ผลเบิกจ่ายปี 2565 - final.pdf,1
ITM-0231,- เงินช่วยเหลือในกรณีที่พนักงานถึงแก่ความตาย,- เงินช่วยเหลือในกรณีที่พนักงานถึงแก่ความตาย,2565,5,2563 | 2564 | 2565 | 2566 | 2567,ชื่อตรงกันทุกตัวอักษรหลังปรับรูป,จับคู่อัตโนมัติด้วยชื่อตรงกัน,,,,,600000.0,224250.0,2565-0021,DOC-BUD-2565,1.3ผลเบิกจ่ายปี 2565 - final.pdf,1
ITM-0144,ค่าเช่ารถยนต์,1. ค่าเช่ารถยนต์,2565,4,2563 | 2564 | 2565 | 2566,ชื่อตรงกันทุกตัวอักษรหลังปรับรูป,จับคู่อัตโนมัติด้วยชื่อตรงกัน,,,,,514800.0,509916.0,2565-0026,DOC-BUD-2565,1.3ผลเบิกจ่ายปี 2565 - final.pdf,1
ITM-0333,โครงการจ้างหน่วยงานบริการดูแลและเก็บรักษาหลักทรัพย์ (Custodian),2. โครงการจ้างหน่วยงานบริการดูแลและเก็บรักษาหลักทรัพย์ (Custodian),2565,4,2564 | 2565 | 2566 | 2567,ชื่อตรงกันทุกตัวอักษรหลังปรับรูป,จับคู่อัตโนมัติด้วยชื่อตรงกัน,,,,,96000000.0,96000000.0,2565-0027,DOC-BUD-2565,1.3ผลเบิกจ่ายปี 2565 - final.pdf,1
ITM-0259,โครงการก่อสร้างอาคารสำนักงานประกันสังคมจังหวัดระยอง สาขาปลวกแดง,1. โครงการก่อสร้างอาคารสำนักงานประกันสังคมจังหวัดระยอง สาขาปลวกแดง,2565,1,2565,ชื่อตรงกันทุกตัวอักษรหลังปรับรูป,พบปีเดียวและมีรายการชื่อคล้ายกันในปีอื่น ต้องตรวจสอบด้วยคน,ITM-0188,งานก่อสร้างอาคารสำนักงานประกันสังคมจังหวัดระยอง สาขาปลวกแดง,95.0,2564,1297400.0,1297400.0,2565-0031,DOC-BUD-2565,1.3ผลเบิกจ่ายปี 2565 - final.pdf,2
ITM-0257,โครงการก่อสร้างอาคารสำนักงานประกันสังคมจังหวัดชลบุรี สาขาศรีราชา,2. โครงการก่อสร้างอาคารสำนักงานประกันสังคมจังหวัดชลบุรี สาขาศรีราชา,2565,1,2565,ชื่อตรงกันทุกตัวอักษรหลังปรับรูป,พบปีเดียวและมีรายการชื่อคล้ายกันในปีอื่น ต้องตรวจสอบด้วยคน,ITM-0011,ค่าก่อสร้างอาคารสำนักงานประกันสังคมจังหวัดชลบุรี สาขาศรีราชา,95.1,2566,8384800.0,8384800.0,2565-0032,DOC-BUD-2565,1.3ผลเบิกจ่ายปี 2565 - final.pdf,2
ITM-0258,โครงการก่อสร้างอาคารสำนักงานประกันสังคมจังหวัดปทุมธานี สาขาคลองหลวง,3. โครงการก่อสร้างอาคารสำนักงานประกันสังคมจังหวัดปทุมธานี สาขาคลองหลวง,2565,1,2565,ชื่อตรงกันทุกตัวอักษรหลังปรับรูป,พบปีเดียวและมีรายการชื่อคล้ายกันในปีอื่น ต้องตรวจสอบด้วยคน,ITM-0013,ค่าก่อสร้างอาคารสำนักงานประกันสังคมจังหวัดปทุมธานี สาขาคลองหลวง,95.3,2566 | 2567,16074900.0,16074900.0,2565-0033,DOC-BUD-2565,1.3ผลเบิกจ่ายปี 2565 - final.pdf,2
ITM-0260,โครงการก่อสร้างอาคารสำนักงานประกันสังคมจังหวัดอยุธยา สาขาอุทัย,4. โครงการก่อสร้างอาคารสำนักงานประกันสังคมจังหวัดอยุธยา สาขาอุทัย,2565,1,2565,ชื่อตรงกันทุกตัวอักษรหลังปรับรูป,พบปีเดียวและมีรายการชื่อคล้ายกันในปีอื่น ต้องตรวจสอบด้วยคน,ITM-0014,ค่าก่อสร้างอาคารสำนักงานประกันสังคมจังหวัดอยุธยา สาขาอุทัย,94.9,2566,20069000.0,20069000.0,2565-0034,DOC-BUD-2565,1.3ผลเบิกจ่ายปี 2565 - final.pdf,2
ITM-0256,โครงการก่อสร้างอาคารสำนักงานประกันสังคมจังหวัดกำแพงเพชร,5. โครงการก่อสร้างอาคารสำนักงานประกันสังคมจังหวัดกำแพงเพชร,2565,1,2565,ชื่อตรงกันทุกตัวอักษรหลังปรับรูป,พบปีเดียว ยังไม่ยืนยันการจับคู่ข้ามปี,,,,,13695000.0,,2565-0035,DOC-BUD-2565,1.3ผลเบิกจ่ายปี 2565 - final.pdf,2
ITM-0306,โครงการจัดหาเครื่องคอมพิวเตอร์แม่ข่ายพร้อมอุปกรณ์เพื่อเพิ่มประสิทธิภาพการทำงาน ของระบบสารสนเทศ,6. โครงการจัดหาเครื่องคอมพิวเตอร์แม่ข่ายพร้อมอุปกรณ์เพื่อเพิ่มประสิทธิภาพการทำงาน ของระบบสารสนเทศ,2565,2,2564 | 2565,ชื่อตรงกันทุกตัวอักษรหลังปรับรูป,จับคู่อัตโนมัติด้วยชื่อตรงกัน,,,,,136370500.0,136370500.0,2565-0036,DOC-BUD-2565,1.3ผลเบิกจ่ายปี 2565 - final.pdf,2
ITM-0346,โครงการตรวจสอบข้อมูฃการใช้บริการทางการแพทย์ กรณีโรคที่มีค่าใช้จ่ายสูง และกรณีโรคที่มีภาระเสี่ยง ประจำปี 2566 - 2567,1. โครงการตรวจสอบข้อมูฃการใช้บริการทางการแพทย์ กรณีโรคที่มีค่าใช้จ่ายสูง และกรณีโรคที่มีภาระเสี่ยง,2565,4,2564 | 2565 | 2566 | 2567,ชื่อตรงกันทุกตัวอักษรหลังปรับรูป,จับคู่อัตโนมัติด้วยชื่อตรงกัน,,,,,15840000.0,15840000.0,2565-0038,DOC-BUD-2565,1.3ผลเบิกจ่ายปี 2565 - final.pdf,2
ITM-0325,โครงการจ้างที่ปรึกษาเภสัชกรรมเพื่อกำกับคุณภาพการใช้ยาของสถานพยาบาล และกำกับตรวจสอบการจ่ายชดเชยยาบัญชีหลักแห่งชาติ จ(2) และยาต้านไวรัสเอดส์,2. โครงการจ้างที่ปรึกษาเภสัชกรรมเพื่อกำกับคุณภาพการใช้ยาของสถานพยาบาล และกำกับตรวจสอบการจ่ายชดเชยยาบัญชีหลักแห่งชาติ จ(2)และยาต้านไวรัสเอดส์,2565,5,2563 | 2564 | 2565 | 2566 | 2567,ชื่อตรงกันทุกตัวอักษรหลังปรับรูป,จับคู่อัตโนมัติด้วยชื่อตรงกัน,,,,,1056000.0,1056000.0,2565-0039,DOC-BUD-2565,1.3ผลเบิกจ่ายปี 2565 - final.pdf,2
ITM-0345,โครงการตรวจประเมินการให้บริการทางการแพทย์ของสถานพยาบาลหลัก ที่ให้บริการแก่ผู้ประกันตน ประจำปี 2566 - 2567,3. โครงการตรวจประเมินการให้บริการทางการแพทย์ของสถานพยาบาลหลัก ที่ให้บริการแก่ผู้ประกันตน ประจำปี 2564 - 2566,2565,5,2563 | 2564 | 2565 | 2566 | 2567,ชื่อตรงกันทุกตัวอักษรหลังปรับรูป,จับคู่อัตโนมัติด้วยชื่อตรงกัน,,,,,3828000.0,3828000.0,2565-0040,DOC-BUD-2565,1.3ผลเบิกจ่ายปี 2565 - final.pdf,2
ITM-0020,ค่าจ้างที่ปรึกษาด้านเทคโนโลยีสารสนเทศและการสื่อสาร,4. ค่าจ้างที่ปรึกษาด้านเทคโนโลยีสารสนเทศและการสื่อสาร,2565,3,2563 | 2564 | 2565,ชื่อตรงกันทุกตัวอักษรหลังปรับรูป,จับคู่อัตโนมัติด้วยชื่อตรงกัน,,,,,903000.0,779400.0,2565-0041,DOC-BUD-2565,1.3ผลเบิกจ่ายปี 2565 - final.pdf,2
ITM-0318,โครงการจ้างที่ปรึกษาด้านเทคโนโลยีสารสนเทศและการสื่อสาร,5. โครงการจ้างที่ปรึกษาด้านเทคโนโลยีสารสนเทศและการสื่อสาร,2565,2,2565 | 2566,ชื่อตรงกันทุกตัวอักษรหลังปรับรูป,จับคู่อัตโนมัติด้วยชื่อตรงกัน,,,,,3937500.0,3890000.0,2565-0042,DOC-BUD-2565,1.3ผลเบิกจ่ายปี 2565 - final.pdf,2
ITM-0098,ค่าตอบแทนการปฏิบัติงานนอกเวลาราชการ,1. ค่าตอบแทนการปฏิบัติงานนอกเวลาราชการ,2565,5,2563 | 2564 | 2565 | 2566 | 2567,ชื่อตรงกันทุกตัวอักษรหลังปรับรูป,จับคู่อัตโนมัติด้วยชื่อตรงกัน,,,,,110964000.0,98370100.0,2565-0046,DOC-BUD-2565,1.3ผลเบิกจ่ายปี 2565 - final.pdf,2
ITM-0151,ค่าเบี้ยประชุมคณะกรรมการ/อนุกรรมการ/คณะทำงาน,2. ค่าเบี้ยประชุมคณะกรรมการ/อนุกรรมการ/คณะทำงาน,2565,5,2563 | 2564 | 2565 | 2566 | 2567,ชื่อตรงกันทุกตัวอักษรหลังปรับรูป,จับคู่อัตโนมัติด้วยชื่อตรงกัน,,,,,32961500.0,26217565.0,2565-0047,DOC-BUD-2565,1.3ผลเบิกจ่ายปี 2565 - final.pdf,2
ITM-0178,ค่าใช้จ่ายในการเดินทางมาประชุมของคณะกรรมการ ที่ปรึกษา และคณะอนุกรรมการ,3. ค่าใช้จ่ายในการเดินทางมาประชุมของคณะกรรมการ ที่ปรึกษา และคณะอนุกรรมการ,2565,5,2563 | 2564 | 2565 | 2566 | 2567,ชื่อตรงกันทุกตัวอักษรหลังปรับรูป,จับคู่อัตโนมัติด้วยชื่อตรงกัน,,,,,9766000.0,4753085.0,2565-0048,DOC-BUD-2565,1.3ผลเบิกจ่ายปี 2565 - final.pdf,2
ITM-0100,ค่าตอบแทนคณะกรรมการตรวจรับพัสดุในงานจ้างก่อสร้างและผู้ควบคุมงาน ก่อสร้างที่มีคำสั่งแต่งตั้งจากทางราชการ,4. ค่าตอบแทนคณะกรรมการตรวจรับพัสดุในงานจ้างก่อสร้างและผู้ควบคุมงาน ก่อสร้างที่มีคำสั่งแต่งตั้งจากทางราชการ,2565,4,2564 | 2565 | 2566 | 2567,ชื่อตรงกันทุกตัวอักษรหลังปรับรูป,จับคู่อัตโนมัติด้วยชื่อตรงกัน,,,,,1502750.0,463100.0,2565-0049,DOC-BUD-2565,1.3ผลเบิกจ่ายปี 2565 - final.pdf,2
ITM-0096,ค่าตอบแทนกรรมการผู้อ่านผลงานทางวิชาการ,5. ค่าตอบแทนกรรมการผู้อ่านผลงานทางวิชาการ,2565,5,2563 | 2564 | 2565 | 2566 | 2567,ชื่อตรงกันทุกตัวอักษรหลังปรับรูป,จับคู่อัตโนมัติด้วยชื่อตรงกัน,,,,,343000.0,243800.0,2565-0050,DOC-BUD-2565,1.3ผลเบิกจ่ายปี 2565 - final.pdf,2
ITM-0239,เงินสมนาคุณกรรมการสอบสวนทางวินัย,6. เงินสมนาคุณกรรมการสอบสวนทางวินัย,2565,5,2563 | 2564 | 2565 | 2566 | 2567,ชื่อตรงกันทุกตัวอักษรหลังปรับรูป,จับคู่อัตโนมัติด้วยชื่อตรงกัน,,,,,32000.0,2850.0,2565-0051,DOC-BUD-2565,1.3ผลเบิกจ่ายปี 2565 - final.pdf,2
ITM-0097,ค่าตอบแทนกรรมการออกข้อสอบและสอบสัมภาษณ์,7. ค่าตอบแทนกรรมการออกข้อสอบและสอบสัมภาษณ์,2565,5,2563 | 2564 | 2565 | 2566 | 2567,ชื่อตรงกันทุกตัวอักษรหลังปรับรูป,จับคู่อัตโนมัติด้วยชื่อตรงกัน,,,,,115000.0,63516.0,2565-0052,DOC-BUD-2565,1.3ผลเบิกจ่ายปี 2565 - final.pdf,2
ITM-0112,ค่าตอบแทนเจ้าหน้าที่ดำเนินการสอบ,8. ค่าตอบแทนเจ้าหน้าที่ดำเนินการสอบ,2565,5,2563 | 2564 | 2565 | 2566 | 2567,ชื่อตรงกันทุกตัวอักษรหลังปรับรูป,จับคู่อัตโนมัติด้วยชื่อตรงกัน,,,,,90000.0,58700.0,2565-0053,DOC-BUD-2565,1.3ผลเบิกจ่ายปี 2565 - final.pdf,2
ITM-0115,ค่าตอบแทนแพทย์ผู้เชี่ยวชาญกรณีที่ให้คำปรึกษาและให้ความเห็น เป็นลายลักษณ์อักษรแก่สำนักงานประกันสังคม คณะกรรมการการแพทย์ และคณะอนุกรรมการในคณะกรรมการการแพทย์,9. ค่าตอบแทนแพทย์ผู้เชี่ยวชาญกรณีที่ให้คำปรึกษาและให้ความเห็น เป็นลายลักษณ์อักษรแก่สำนักงานประกันสังคม คณะกรรมการการแพทย์ และคณะอนุกรรมการในคณะกรรมการการแพทย์,2565,5,2563 | 2564 | 2565 | 2566 | 2567,ชื่อตรงกันทุกตัวอักษรหลังปรับรูป,จับคู่อัตโนมัติด้วยชื่อตรงกัน,,,,,500000.0,297000.0,2565-0054,DOC-BUD-2565,1.3ผลเบิกจ่ายปี 2565 - final.pdf,2
ITM-0101,ค่าตอบแทนจ้าหน้าที่ตำรวจรักษาความปลอดภัยในการนำเงินสดฝากธนาคาร,10. ค่าตอบแทนจ้าหน้าที่ตำรวจรักษาความปลอดภัยในการนำเงินสดฝากธนาคาร,2565,5,2563 | 2564 | 2565 | 2566 | 2567,ชื่อตรงกันทุกตัวอักษรหลังปรับรูป,จับคู่อัตโนมัติด้วยชื่อตรงกัน,,,,,96000.0,86600.0,2565-0055,DOC-BUD-2565,1.3ผลเบิกจ่ายปี 2565 - final.pdf,2
ITM-0086,ค่าจ้างแปลเอกสารจากภาษาต่างประเทศเป็นภาษาไทย และจากภาษาไทย เป็นภาษาต่างประเทศ,11. ค่าจ้างแปลเอกสารจากภาษาต่างประเทศเป็นภาษาไทย และจากภาษาไทย เป็นภาษาต่างประเทศ,2565,5,2563 | 2564 | 2565 | 2566 | 2567,ชื่อตรงกันทุกตัวอักษรหลังปรับรูป,จับคู่อัตโนมัติด้วยชื่อตรงกัน,,,,,48000.0,,2565-0056,DOC-BUD-2565,1.3ผลเบิกจ่ายปี 2565 - final.pdf,2
ITM-0106,ค่าตอบแทนล่ามในการแปลภาษาท้องถิ่น ภาษต่างประเทศ หรือภาษามือ,12. ค่าตอบแทนล่ามในการแปลภาษาท้องถิ่น ภาษต่างประเทศ หรือภาษามือ,2565,5,2563 | 2564 | 2565 | 2566 | 2567,ชื่อตรงกันทุกตัวอักษรหลังปรับรูป,จับคู่อัตโนมัติด้วยชื่อตรงกัน,,,,,100000.0,30000.0,2565-0057,DOC-BUD-2565,1.3ผลเบิกจ่ายปี 2565 - final.pdf,2
ITM-0016,ค่าจ้างตรวจสัญญาด้านการลงทุน,13. ค่าจ้างตรวจสัญญาด้านการลงทุน,2565,2,2564 | 2565,ชื่อตรงกันทุกตัวอักษรหลังปรับรูป,จับคู่อัตโนมัติด้วยชื่อตรงกัน,,,,,1000000.0,,2565-0058,DOC-BUD-2565,1.3ผลเบิกจ่ายปี 2565 - final.pdf,2
ITM-0152,ค่าเบี้ยเลี้ยง ที่พัก พาหนะ และอื่น ๆ,1. ค่าเบี้ยเลี้ยง ที่พัก พาหนะ และอื่น ๆ,2565,5,2563 | 2564 | 2565 | 2566 | 2567,ชื่อตรงกันทุกตัวอักษรหลังปรับรูป,จับคู่อัตโนมัติด้วยชื่อตรงกัน,,,,,37967100.0,21476253.98,2565-0060,DOC-BUD-2565,1.3ผลเบิกจ่ายปี 2565 - final.pdf,2
ITM-0138,ค่าผ่านทางด่วนพิเศษ,2. ค่าผ่านทางด่วนพิเศษ,2565,5,2563 | 2564 | 2565 | 2566 | 2567,ชื่อตรงกันทุกตัวอักษรหลังปรับรูป,จับคู่อัตโนมัติด้วยชื่อตรงกัน,,,,,724900.0,348467.0,2565-0061,DOC-BUD-2565,1.3ผลเบิกจ่ายปี 2565 - final.pdf,2
ITM-0177,ค่าใช้จ่ายในการเดินทางภายในประเทศของผู้รับการอบรม,3. ค่าใช้จ่ายในการเดินทางภายในประเทศของผู้รับการอบรม,2565,4,2563 | 2564 | 2565 | 2566,ชื่อตรงกันทุกตัวอักษรหลังปรับรูป,จับคู่อัตโนมัติด้วยชื่อตรงกัน,,,,,11157000.0,10732167.29,2565-0062,DOC-BUD-2565,1.3ผลเบิกจ่ายปี 2565 - final.pdf,2
ITM-0161,ค่าใช้จ่ายในการจัดประชุม อบรม สัมมนาและค่าอาหารว่าง,4. ค่าใช้จ่ายในการจัดประชุม อบรม สัมมนาและค่าอาหารว่าง,2565,5,2563 | 2564 | 2565 | 2566 | 2567,ชื่อตรงกันทุกตัวอักษรหลังปรับรูป,จับคู่อัตโนมัติด้วยชื่อตรงกัน,,,,,10843600.0,4688981.21,2565-0063,DOC-BUD-2565,1.3ผลเบิกจ่ายปี 2565 - final.pdf,2
ITM-0155,ค่าใช้จ่ายต่าง ๆ เพื่อเผยแพร่ความรู้เกี่ยวกับการประกันสังคม,5. ค่าใช้จ่ายต่าง ๆ เพื่อเผยแพร่ความรู้เกี่ยวกับการประกันสังคม,2565,5,2563 | 2564 | 2565 | 2566 | 2567,ชื่อตรงกันทุกตัวอักษรหลังปรับรูป,จับคู่อัตโนมัติด้วยชื่อตรงกัน,,,,,14740000.0,14037714.59,2565-0065,DOC-BUD-2565,1.3ผลเบิกจ่ายปี 2565 - final.pdf,3
ITM-0091,ค่าซ่อมแซมบำรุงรักษาทรัพย์สิน,6. ค่าซ่อมแซมบำรุงรักษาทรัพย์สิน,2565,5,2563 | 2564 | 2565 | 2566 | 2567,ชื่อตรงกันทุกตัวอักษรหลังปรับรูป,จับคู่อัตโนมัติด้วยชื่อตรงกัน,,,,,19020300.0,16738844.22,2565-0067,DOC-BUD-2565,1.3ผลเบิกจ่ายปี 2565 - final.pdf,3
ITM-0093,ค่าซ่อมแซมบำรุงรักษารถยนต์,7. ค่าซ่อมแซมบำรุงรักษารถยนต์,2565,4,2563 | 2564 | 2565 | 2566,ชื่อตรงกันทุกตัวอักษรหลังปรับรูป,จับคู่อัตโนมัติด้วยชื่อตรงกัน,,,,,12941500.0,9556512.74,2565-0068,DOC-BUD-2565,1.3ผลเบิกจ่ายปี 2565 - final.pdf,3
ITM-0090,ค่าซอมแซมปรับปรุงอาคารหรือสิ่งก่อสร้าง,8. ค่าซอมแซมปรับปรุงอาคารหรือสิ่งก่อสร้าง,2565,5,2563 | 2564 | 2565 | 2566 | 2567,ชื่อตรงกันทุกตัวอักษรหลังปรับรูป,จับคู่อัตโนมัติด้วยชื่อตรงกัน,,,,,1500000.0,1969916.44,2565-0069,DOC-BUD-2565,1.3ผลเบิกจ่ายปี 2565 - final.pdf,3
ITM-0081,ค่าจ้างเหมาบริการต่าง ๆ,9. ค่าจ้างเหมาบริการต่าง ๆ,2565,5,2563 | 2564 | 2565 | 2566 | 2567,ชื่อตรงกันทุกตัวอักษรหลังปรับรูป,จับคู่อัตโนมัติด้วยชื่อตรงกัน,,,,,10389000.0,10369031.84,2565-0070,DOC-BUD-2565,1.3ผลเบิกจ่ายปี 2565 - final.pdf,3
ITM-0079,ค่าจ้างเหมากำจัดปลวก มด แมลง และหนู,10. ค่าจ้างเหมากำจัดปลวก มด แมลง และหนู,2565,5,2563 | 2564 | 2565 | 2566 | 2567,ชื่อตรงกันทุกตัวอักษรหลังปรับรูป,จับคู่อัตโนมัติด้วยชื่อตรงกัน,,,,,2916000.0,2595664.2,2565-0071,DOC-BUD-2565,1.3ผลเบิกจ่ายปี 2565 - final.pdf,3
ITM-0084,ค่าจ้างเหมารักษาความปลอดภัยอาคารสำนักงานประกันสังคม,11. ค่าจ้างเหมารักษาความปลอดภัยอาคารสำนักงานประกันสังคม,2565,4,2563 | 2564 | 2565 | 2566,ชื่อตรงกันทุกตัวอักษรหลังปรับรูป,จับคู่อัตโนมัติด้วยชื่อตรงกัน,,,,,93799200.0,92867451.28,2565-0072,DOC-BUD-2565,1.3ผลเบิกจ่ายปี 2565 - final.pdf,3
ITM-0085,ค่าจ้างเหมารักษาความสะอาดอาคารสำนักงานประกันสังคม,12. ค่าจ้างเหมารักษาความสะอาดอาคารสำนักงานประกันสังคม,2565,4,2563 | 2564 | 2565 | 2566,ชื่อตรงกันทุกตัวอักษรหลังปรับรูป,จับคู่อัตโนมัติด้วยชื่อตรงกัน,,,,,59270400.0,54223368.24,2565-0073,DOC-BUD-2565,1.3ผลเบิกจ่ายปี 2565 - final.pdf,3
ITM-0082,ค่าจ้างเหมาบำรุงรักษาสวนหย่อม,13. ค่าจ้างเหมาบำรุงรักษาสวนหย่อม,2565,4,2563 | 2564 | 2565 | 2566,ชื่อตรงกันทุกตัวอักษรหลังปรับรูป,จับคู่อัตโนมัติด้วยชื่อตรงกัน,,,,,6628000.0,6487874.71,2565-0074,DOC-BUD-2565,1.3ผลเบิกจ่ายปี 2565 - final.pdf,3
ITM-0083,ค่าจ้างเหมาพนักงานขับรถยนต์,14. ค่าจ้างเหมาพนักงานขับรถยนต์,2565,5,2563 | 2564 | 2565 | 2566 | 2567,ชื่อตรงกันทุกตัวอักษรหลังปรับรูป,จับคู่อัตโนมัติด้วยชื่อตรงกัน,,,,,18177000.0,16116632.03,2565-0075,DOC-BUD-2565,1.3ผลเบิกจ่ายปี 2565 - final.pdf,3
ITM-0015,ค่าขนย้ายและติดตั้งครุภัณฑ์และทรัพย์สินต่าง ๆ,15. ค่าขนย้ายและติดตั้งครุภัณฑ์และทรัพย์สินต่าง ๆ,2565,5,2563 | 2564 | 2565 | 2566 | 2567,ชื่อตรงกันทุกตัวอักษรหลังปรับรูป,จับคู่อัตโนมัติด้วยชื่อตรงกัน,,,,,596800.0,420885.0,2565-0076,DOC-BUD-2565,1.3ผลเบิกจ่ายปี 2565 - final.pdf,3
ITM-0148,"ค่าเช่าอาคารพาณิชย์เป็นที่ทำการสำนักงานประกันสังคมพื้นที่, และอาคารเก็บเอกสาร","16. ค่าเช่าอาคารพาณิชย์เป็นที่ทำการสำนักงานประกันสังคมพื้นที่, และอาคารเก็บเอกสาร",2565,4,2563 | 2564 | 2565 | 2566,ชื่อตรงกันทุกตัวอักษรหลังปรับรูป,จับคู่อัตโนมัติด้วยชื่อตรงกัน,,,,,60420900.0,59867490.28,2565-0077,DOC-BUD-2565,1.3ผลเบิกจ่ายปี 2565 - final.pdf,3
ITM-0143,ค่าเช่าที่ดิน,17. ค่าเช่าที่ดิน,2565,5,2563 | 2564 | 2565 | 2566 | 2567,ชื่อตรงกันทุกตัวอักษรหลังปรับรูป,จับคู่อัตโนมัติด้วยชื่อตรงกัน,,,,,123600.0,123574.0,2565-0078,DOC-BUD-2565,1.3ผลเบิกจ่ายปี 2565 - final.pdf,3
ITM-0136,ค่าประกันภัยรถยนต์ราชการ,18. ค่าประกันภัยรถยนต์ราชการ,2565,5,2563 | 2564 | 2565 | 2566 | 2567,ชื่อตรงกันทุกตัวอักษรหลังปรับรูป,จับคู่อัตโนมัติด้วยชื่อตรงกัน,,,,,1335600.0,1196749.45,2565-0079,DOC-BUD-2565,1.3ผลเบิกจ่ายปี 2565 - final.pdf,3
ITM-0149,ค่าเช่าเครื่องถ่ายเอกสาร,19. ค่าเช่าเครื่องถ่ายเอกสาร,2565,5,2563 | 2564 | 2565 | 2566 | 2567,ชื่อตรงกันทุกตัวอักษรหลังปรับรูป,จับคู่อัตโนมัติด้วยชื่อตรงกัน,,,,,9045700.0,7384298.41,2565-0080,DOC-BUD-2565,1.3ผลเบิกจ่ายปี 2565 - final.pdf,3
ITM-0226,หนังสือ วารสาร หนังสือพิมพ์,20. หนังสือ วารสาร หนังสือพิมพ์,2565,5,2563 | 2564 | 2565 | 2566 | 2567,ชื่อตรงกันทุกตัวอักษรหลังปรับรูป,จับคู่อัตโนมัติด้วยชื่อตรงกัน,,,,,350300.0,234375.9,2565-0081,DOC-BUD-2565,1.3ผลเบิกจ่ายปี 2565 - final.pdf,3
ITM-0018,ค่าจ้างทำของที่ระลึก,21. ค่าจ้างทำของที่ระลึก,2565,5,2563 | 2564 | 2565 | 2566 | 2567,ชื่อตรงกันทุกตัวอักษรหลังปรับรูป,จับคู่อัตโนมัติด้วยชื่อตรงกัน,,,,,2016000.0,3533620.0,2565-0082,DOC-BUD-2565,1.3ผลเบิกจ่ายปี 2565 - final.pdf,3
ITM-0094,ค่าตกแต่งสถานที่และค่าใช้จ่ายในการจัดงานต่าง ๆ,22. ค่าตกแต่งสถานที่และค่าใช้จ่ายในการจัดงานต่าง ๆ,2565,5,2563 | 2564 | 2565 | 2566 | 2567,ชื่อตรงกันทุกตัวอักษรหลังปรับรูป,จับคู่อัตโนมัติด้วยชื่อตรงกัน,,,,,500000.0,499000.0,2565-0083,DOC-BUD-2565,1.3ผลเบิกจ่ายปี 2565 - final.pdf,3
ITM-0173,ค่าใช้จ่ายในการลี้ยงรับรองบุคคลหรือรับรองชาวต่างประเทศ,23. ค่าใช้จ่ายในการลี้ยงรับรองบุคคลหรือรับรองชาวต่างประเทศ,2565,5,2563 | 2564 | 2565 | 2566 | 2567,ชื่อตรงกันทุกตัวอักษรหลังปรับรูป,จับคู่อัตโนมัติด้วยชื่อตรงกัน,,,,,20000.0,800.0,2565-0084,DOC-BUD-2565,1.3ผลเบิกจ่ายปี 2565 - final.pdf,3
ITM-0159,ค่าใช้จ่ายในการจัดทำข้อสอบ,24. ค่าใช้จ่ายในการจัดทำข้อสอบ,2565,5,2563 | 2564 | 2565 | 2566 | 2567,ชื่อตรงกันทุกตัวอักษรหลังปรับรูป,จับคู่อัตโนมัติด้วยชื่อตรงกัน,,,,,85000.0,,2565-0085,DOC-BUD-2565,1.3ผลเบิกจ่ายปี 2565 - final.pdf,3
ITM-0146,ค่าเช่าสถานที่สอบคัดเลือกข้าราชการและพนักงาน,25. ค่าเช่าสถานที่สอบคัดเลือกข้าราชการและพนักงาน,2565,4,2563 | 2564 | 2565 | 2566,ชื่อตรงกันทุกตัวอักษรหลังปรับรูป,จับคู่อัตโนมัติด้วยชื่อตรงกัน,,,,,150000.0,,2565-0086,DOC-BUD-2565,1.3ผลเบิกจ่ายปี 2565 - final.pdf,3
ITM-0169,ค่าใช้จ่ายในการบำรุงของสมาคม ASSA และค่าใช้จ่ายอื่น ๆ ที่เกี่ยวข้อง,26. ค่าใช้จ่ายในการบำรุงของสมาคม ASSA และค่าใช้จ่ายอื่น ๆ ที่เกี่ยวข้อง,2565,4,2563 | 2564 | 2565 | 2566,ชื่อตรงกันทุกตัวอักษรหลังปรับรูป,จับคู่อัตโนมัติด้วยชื่อตรงกัน,,,,,10000.0,6694.97,2565-0087,DOC-BUD-2565,1.3ผลเบิกจ่ายปี 2565 - final.pdf,3
ITM-0164,ค่าใช้จ่ายในการจ้างบันทึกข้อมูลเงินสมทบ,27. ค่าใช้จ่ายในการจ้างบันทึกข้อมูลเงินสมทบ,2565,5,2563 | 2564 | 2565 | 2566 | 2567,ชื่อตรงกันทุกตัวอักษรหลังปรับรูป,จับคู่อัตโนมัติด้วยชื่อตรงกัน,,,,,13303500.0,12661165.5,2565-0088,DOC-BUD-2565,1.3ผลเบิกจ่ายปี 2565 - final.pdf,3
ITM-0113,ค่าตอบแทนเหมาจ่ายในการติดตามเร่งรัดหนี้นอกสถานที่,28. ค่าตอบแทนเหมาจ่ายในการติดตามเร่งรัดหนี้นอกสถานที่,2565,5,2563 | 2564 | 2565 | 2566 | 2567,ชื่อตรงกันทุกตัวอักษรหลังปรับรูป,จับคู่อัตโนมัติด้วยชื่อตรงกัน,,,,,8011700.0,4629772.0,2565-0089,DOC-BUD-2565,1.3ผลเบิกจ่ายปี 2565 - final.pdf,3
ITM-0131,ค่าธรรมเนียมอื่น ๆ,29. ค่าธรรมเนียมอื่น ๆ,2565,5,2563 | 2564 | 2565 | 2566 | 2567,ชื่อตรงกันทุกตัวอักษรหลังปรับรูป,จับคู่อัตโนมัติด้วยชื่อตรงกัน,,,,,1792900.0,1313380.4,2565-0090,DOC-BUD-2565,1.3ผลเบิกจ่ายปี 2565 - final.pdf,3
ITM-0127,ค่าธรรมเนียมบริการรับ - ส่งเงินของ KGS,30. ค่าธรรมเนียมบริการรับ - ส่งเงินของ KGS,2565,4,2563 | 2564 | 2565 | 2566,ชื่อตรงกันทุกตัวอักษรหลังปรับรูป,ชื่อตรงกันข้ามปี และยังมีรายการชื่อคล้ายกันให้ตรวจเพิ่ม,ITM-0128,ค่าธรรมเนียมบริการรับ - ส่งเงินของ KTBGS,97.1,2567,9472800.0,7148688.67,2565-0091,DOC-BUD-2565,1.3ผลเบิกจ่ายปี 2565 - final.pdf,3
ITM-0130,ค่าธรรมเนียมสำนักงานการตรวจเงินแผ่นดิน เพื่อการตรวจสอบบัญชีกองทุนประกันสังคม,31. ค่าธรรมเนียมสำนักงานการตรวจเงินแผ่นดิน เพื่อการตรวจสอบบัญชีกองทุนประกันสังคม,2565,5,2563 | 2564 | 2565 | 2566 | 2567,ชื่อตรงกันทุกตัวอักษรหลังปรับรูป,จับคู่อัตโนมัติด้วยชื่อตรงกัน,,,,,1200000.0,1200000.0,2565-0092,DOC-BUD-2565,1.3ผลเบิกจ่ายปี 2565 - final.pdf,3
ITM-0119,ค่าธรรมเนียมการต่อใบอนุญาตมีซึ่งยุทธภัณฑ์ รถหุ้มเกราะป้องกันกระสุนฯ,32. ค่าธรรมเนียมการต่อใบอนุญาตมีซึ่งยุทธภัณฑ์ รถหุ้มเกราะป้องกันกระสุนฯ,2565,4,2563 | 2564 | 2565 | 2566,ชื่อตรงกันทุกตัวอักษรหลังปรับรูป,จับคู่อัตโนมัติด้วยชื่อตรงกัน,,,,,5000.0,5000.0,2565-0093,DOC-BUD-2565,1.3ผลเบิกจ่ายปี 2565 - final.pdf,3
ITM-0126,ค่าธรรมเนียมทางกฎหมาย,33. ค่าธรรมเนียมทางกฎหมาย,2565,5,2563 | 2564 | 2565 | 2566 | 2567,ชื่อตรงกันทุกตัวอักษรหลังปรับรูป,จับคู่อัตโนมัติด้วยชื่อตรงกัน,,,,,470000.0,159022.0,2565-0094,DOC-BUD-2565,1.3ผลเบิกจ่ายปี 2565 - final.pdf,3
ITM-0137,ค่าป่วยการแก่พยานศาล,34. ค่าป่วยการแก่พยานศาล,2565,5,2563 | 2564 | 2565 | 2566 | 2567,ชื่อตรงกันทุกตัวอักษรหลังปรับรูป,จับคู่อัตโนมัติด้วยชื่อตรงกัน,,,,,50000.0,9000.0,2565-0095,DOC-BUD-2565,1.3ผลเบิกจ่ายปี 2565 - final.pdf,3
ITM-0139,ค่าสมัครสมาชิกด้านการลงทุน,35. ค่าสมัครสมาชิกด้านการลงทุน,2565,5,2563 | 2564 | 2565 | 2566 | 2567,ชื่อตรงกันทุกตัวอักษรหลังปรับรูป,จับคู่อัตโนมัติด้วยชื่อตรงกัน,,,,,42009000.0,44314443.54,2565-0096,DOC-BUD-2565,1.3ผลเบิกจ่ายปี 2565 - final.pdf,3
ITM-0135,ค่าบำรุงรักษาระบบคอมพิวเตอร์,36. ค่าบำรุงรักษาระบบคอมพิวเตอร์,2565,4,2563 | 2564 | 2565 | 2566,ชื่อตรงกันทุกตัวอักษรหลังปรับรูป,จับคู่อัตโนมัติด้วยชื่อตรงกัน,,,,,402556150.0,379382691.78,2565-0097,DOC-BUD-2565,1.3ผลเบิกจ่ายปี 2565 - final.pdf,3
ITM-0043,ค่าจ้างบำรุงรักษาระบบสารสนเทศการจ่ายประโยชน์ทดแทน กรณีชราภาพ,1. ค่าจ้างบำรุงรักษาระบบสารสนเทศการจ่ายประโยชน์ทดแทน กรณีชราภาพ,2565,5,2563 | 2564 | 2565 | 2566 | 2567,ชื่อตรงกันทุกตัวอักษรหลังปรับรูป,จับคู่อัตโนมัติด้วยชื่อตรงกัน,,,,,1075200.0,1075200.0,2565-0098,DOC-BUD-2565,1.3ผลเบิกจ่ายปี 2565 - final.pdf,3
ITM-0052,ค่าจ้างบำรุงรักษาเครื่องคอมพิวเตอร์เมนเฟรมและอุปกรณ์ต่อพ่วง ศูนย์คอมพิวเตอร์หลัก และศูนย์คอมพิวเตอร์สำรอง,2. ค่าจ้างบำรุงรักษาเครื่องคอมพิวเตอร์เมนเฟรมและอุปกรณ์ต่อพ่วง ศูนย์คอมพิวเตอร์หลัก และศูนย์คอมพิวเตอร์สำรอง,2565,5,2563 | 2564 | 2565 | 2566 | 2567,ชื่อตรงกันทุกตัวอักษรหลังปรับรูป,จับคู่อัตโนมัติด้วยชื่อตรงกัน,,,,,37053000.0,37053000.0,2565-0099,DOC-BUD-2565,1.3ผลเบิกจ่ายปี 2565 - final.pdf,3
ITM-0070,ค่าจ้างบำรุงรักษาโปรแกรม Sapiens ObjectPool,3. ค่าจ้างบำรุงรักษาโปรแกรม Sapiens ObjectPool,2565,5,2563 | 2564 | 2565 | 2566 | 2567,ชื่อตรงกันทุกตัวอักษรหลังปรับรูป,จับคู่อัตโนมัติด้วยชื่อตรงกัน,,,,,1428000.0,1428000.0,2565-0100,DOC-BUD-2565,1.3ผลเบิกจ่ายปี 2565 - final.pdf,3
ITM-0071,ค่าจ้างบำรุงรักษาโปรแกรม ViewDirect For OS/390,4. ค่าจ้างบำรุงรักษาโปรแกรม ViewDirect For OS/390,2565,5,2563 | 2564 | 2565 | 2566 | 2567,ชื่อตรงกันทุกตัวอักษรหลังปรับรูป,จับคู่อัตโนมัติด้วยชื่อตรงกัน,,,,,1446000.0,1446000.0,2565-0101,DOC-BUD-2565,1.3ผลเบิกจ่ายปี 2565 - final.pdf,3
ITM-0034,ค่าจ้างบำรุงรักษาระบบงานประกันสังคมบนเครื่องคอมพิวเตอร์เมนเฟรม,5. ค่าจ้างบำรุงรักษาระบบงานประกันสังคมบนเครื่องคอมพิวเตอร์เมนเฟรม,2565,5,2563 | 2564 | 2565 | 2566 | 2567,ชื่อตรงกันทุกตัวอักษรหลังปรับรูป,จับคู่อัตโนมัติด้วยชื่อตรงกัน,,,,,16200000.0,16200000.0,2565-0102,DOC-BUD-2565,1.3ผลเบิกจ่ายปี 2565 - final.pdf,3
ITM-0060,ค่าจ้างบำรุงรักษาและปรับปรุงระบบงานสารสนเทศเพื่อการจัดการ,6. ค่าจ้างบำรุงรักษาและปรับปรุงระบบงานสารสนเทศเพื่อการจัดการ,2565,5,2563 | 2564 | 2565 | 2566 | 2567,ชื่อตรงกันทุกตัวอักษรหลังปรับรูป,จับคู่อัตโนมัติด้วยชื่อตรงกัน,,,,,463200.0,463200.0,2565-0103,DOC-BUD-2565,1.3ผลเบิกจ่ายปี 2565 - final.pdf,3
ITM-0072,ค่าจ้างบำรุงรักษาโปรแกรมบริหารการลงทุน,7. ค่าจ้างบำรุงรักษาโปรแกรมบริหารการลงทุน,2565,5,2563 | 2564 | 2565 | 2566 | 2567,ชื่อตรงกันทุกตัวอักษรหลังปรับรูป,จับคู่อัตโนมัติด้วยชื่อตรงกัน,,,,,5780000.0,5779920.0,2565-0104,DOC-BUD-2565,1.3ผลเบิกจ่ายปี 2565 - final.pdf,3
ITM-0045,ค่าจ้างบำรุงรักษาระบบแปลงรายงาน (Reports Conversion),8. ค่าจ้างบำรุงรักษาระบบแปลงรายงาน (Reports Conversion),2565,5,2563 | 2564 | 2565 | 2566 | 2567,ชื่อตรงกันทุกตัวอักษรหลังปรับรูป,จับคู่อัตโนมัติด้วยชื่อตรงกัน,,,,,456000.0,456000.0,2565-0105,DOC-BUD-2565,1.3ผลเบิกจ่ายปี 2565 - final.pdf,3
ITM-0069,ค่าจ้างบำรุงรักษาโปรแกรม IBM Tivoli OmegaMon for CICS,9. ค่าจ้างบำรุงรักษาโปรแกรม IBM Tivoli OmegaMon for CICS,2565,5,2563 | 2564 | 2565 | 2566 | 2567,ชื่อตรงกันทุกตัวอักษรหลังปรับรูป,จับคู่อัตโนมัติด้วยชื่อตรงกัน,,,,,894000.0,894000.0,2565-0106,DOC-BUD-2565,1.3ผลเบิกจ่ายปี 2565 - final.pdf,3
ITM-0065,ค่าจ้างบำรุงรักษาและปรับปรุงระบบสารสนเทศงานประกันสังคมตามมาตรา 40,10. ค่าจ้างบำรุงรักษาและปรับปรุงระบบสารสนเทศงานประกันสังคมตามมาตรา 40,2565,5,2563 | 2564 | 2565 | 2566 | 2567,ชื่อตรงกันทุกตัวอักษรหลังปรับรูป,จับคู่อัตโนมัติด้วยชื่อตรงกัน,,,,,4483200.0,4483200.0,2565-0107,DOC-BUD-2565,1.3ผลเบิกจ่ายปี 2565 - final.pdf,3
ITM-0064,ค่าจ้างบำรุงรักษาและปรับปรุงระบบสารสนเทศงานประกันสังคม กรณีว่างงาน,11. ค่าจ้างบำรุงรักษาและปรับปรุงระบบสารสนเทศงานประกันสังคม กรณีว่างงาน,2565,5,2563 | 2564 | 2565 | 2566 | 2567,ชื่อตรงกันทุกตัวอักษรหลังปรับรูป,จับคู่อัตโนมัติด้วยชื่อตรงกัน,,,,,693000.0,690000.0,2565-0108,DOC-BUD-2565,1.3ผลเบิกจ่ายปี 2565 - final.pdf,3
ITM-0027,ค่าจ้างบำรงุรักษาและปรับปรุงระบบบริการอิเล็กทรอนิกส์,12. ค่าจ้างบำรงุรักษาและปรับปรุงระบบบริการอิเล็กทรอนิกส์,2565,5,2563 | 2564 | 2565 | 2566 | 2567,ชื่อตรงกันทุกตัวอักษรหลังปรับรูป,จับคู่อัตโนมัติด้วยชื่อตรงกัน,,,,,5160000.0,4987999.94,2565-0109,DOC-BUD-2565,1.3ผลเบิกจ่ายปี 2565 - final.pdf,3
ITM-0030,ค่าจ้างบำรุงรักษาระบบคอมพิวเตอร์พร้อมการรักษาความมั่นคงปลดดภัย ระดับคอมพิวเตอร์ลูกข่าย,13. ค่าจ้างบำรุงรักษาระบบคอมพิวเตอร์พร้อมการรักษาความมั่นคงปลดดภัย ระดับคอมพิวเตอร์ลูกข่าย,2565,3,2563 | 2564 | 2565,ชื่อตรงกันทุกตัวอักษรหลังปรับรูป,ชื่อตรงกันข้ามปี และยังมีรายการชื่อคล้ายกันให้ตรวจเพิ่ม,ITM-0031,ค่าจ้างบำรุงรักษาระบบคอมพิวเตอร์พร้อมการรักษาความมั่นคงปลอดภัย ระดับคอมพิวเตอร์ลูกข่าย,98.8,2566 | 2567,29453000.0,22167617.32,2565-0110,DOC-BUD-2565,1.3ผลเบิกจ่ายปี 2565 - final.pdf,4
ITM-0032,ค่าจ้างบำรุงรักษาระบบคอมพิวเตอร์และบริหารศูนย์คอมพิวเตอร์ (Cloud),14. ค่าจ้างบำรุงรักษาระบบคอมพิวเตอร์และบริหารศูนย์คอมพิวเตอร์ (Cloud),2565,4,2563 | 2564 | 2565 | 2566,ชื่อตรงกันทุกตัวอักษรหลังปรับรูป,จับคู่อัตโนมัติด้วยชื่อตรงกัน,,,,,133850850.0,118868661.0,2565-0111,DOC-BUD-2565,1.3ผลเบิกจ่ายปี 2565 - final.pdf,4
ITM-0061,ค่าจ้างบำรุงรักษาและปรับปรุงระบบฐานข้อมูลเพื่อการบริหารงานประกันสังคม ในรูปบบ e-Service,15. ค่าจ้างบำรุงรักษาและปรับปรุงระบบฐานข้อมูลเพื่อการบริหารงานประกันสังคม ในรูปบบ e-Service,2565,5,2563 | 2564 | 2565 | 2566 | 2567,ชื่อตรงกันทุกตัวอักษรหลังปรับรูป,จับคู่อัตโนมัติด้วยชื่อตรงกัน,,,,,5400000.0,5235000.0,2565-0112,DOC-BUD-2565,1.3ผลเบิกจ่ายปี 2565 - final.pdf,4
ITM-0062,ค่าจ้างบำรุงรักษาและปรับปรุงระบบบริหารการจัดทำแผนปฏิบัติราชการ และงบประมาณ สำนักงานประกันสังคม,16. ค่าจ้างบำรุงรักษาและปรับปรุงระบบบริหารการจัดทำแผนปฏิบัติราชการ และงบประมาณ สำนักงานประกันสังคม,2565,5,2563 | 2564 | 2565 | 2566 | 2567,ชื่อตรงกันทุกตัวอักษรหลังปรับรูป,จับคู่อัตโนมัติด้วยชื่อตรงกัน,,,,,996000.0,996000.0,2565-0113,DOC-BUD-2565,1.3ผลเบิกจ่ายปี 2565 - final.pdf,4
ITM-0059,ค่าจ้างบำรุงรักษาและปรับปรุงระบบงานสนับสนุน,17. ค่าจ้างบำรุงรักษาและปรับปรุงระบบงานสนับสนุน,2565,5,2563 | 2564 | 2565 | 2566 | 2567,ชื่อตรงกันทุกตัวอักษรหลังปรับรูป,จับคู่อัตโนมัติด้วยชื่อตรงกัน,,,,,2800000.0,2800000.0,2565-0114,DOC-BUD-2565,1.3ผลเบิกจ่ายปี 2565 - final.pdf,4
ITM-0028,ค่าจ้างบำรุงรักษาระบบการจ่ายค่าบริการทางการแพทย์เชื่อมโยงระบบ NCH (National Clearing House),18. ค่าจ้างบำรุงรักษาระบบการจ่ายค่าบริการทางการแพทย์เชื่อมโยงระบบ NCH (National Clearing House),2565,5,2563 | 2564 | 2565 | 2566 | 2567,ชื่อตรงกันทุกตัวอักษรหลังปรับรูป,จับคู่อัตโนมัติด้วยชื่อตรงกัน,,,,,1788000.0,1788000.0,2565-0115,DOC-BUD-2565,1.3ผลเบิกจ่ายปี 2565 - final.pdf,4
ITM-0029,ค่าจ้างบำรุงรักษาระบบการตรวจสอบเวชระเบียนอิเล็กทรอนิกส์,19. ค่าจ้างบำรุงรักษาระบบการตรวจสอบเวชระเบียนอิเล็กทรอนิกส์,2565,5,2563 | 2564 | 2565 | 2566 | 2567,ชื่อตรงกันทุกตัวอักษรหลังปรับรูป,จับคู่อัตโนมัติด้วยชื่อตรงกัน,,,,,684800.0,684720.0,2565-0116,DOC-BUD-2565,1.3ผลเบิกจ่ายปี 2565 - final.pdf,4
ITM-0068,ค่าจ้างบำรุงรักษาและปรับปรุงระบบใบเสร็จรับเงินอิเล็กทรอนิกส์ (e-Receipt),20. ค่าจ้างบำรุงรักษาและปรับปรุงระบบใบเสร็จรับเงินอิเล็กทรอนิกส์ (e-Receipt),2565,5,2563 | 2564 | 2565 | 2566 | 2567,ชื่อตรงกันทุกตัวอักษรหลังปรับรูป,จับคู่อัตโนมัติด้วยชื่อตรงกัน,,,,,694000.0,694000.0,2565-0117,DOC-BUD-2565,1.3ผลเบิกจ่ายปี 2565 - final.pdf,4
ITM-0054,ค่าจ้างบำรุงรักษาเว็บไซต์สำนักงานประกันสังคม (www.sso.go.th),21. ค่าจ้างบำรุงรักษาเว็บไซต์สำนักงานประกันสังคม (www.sso.go.th),2565,5,2563 | 2564 | 2565 | 2566 | 2567,ชื่อตรงกันทุกตัวอักษรหลังปรับรูป,จับคู่อัตโนมัติด้วยชื่อตรงกัน,,,,,1236000.0,1236000.0,2565-0118,DOC-BUD-2565,1.3ผลเบิกจ่ายปี 2565 - final.pdf,4
ITM-0049,ค่าจ้างบำรุงรักษาอุปกรณ์สนับสนุนศูนย์คอมพิวเตอร์หลัก,22. ค่าจ้างบำรุงรักษาอุปกรณ์สนับสนุนศูนย์คอมพิวเตอร์หลัก,2565,5,2563 | 2564 | 2565 | 2566 | 2567,ชื่อตรงกันทุกตัวอักษรหลังปรับรูป,จับคู่อัตโนมัติด้วยชื่อตรงกัน,,,,,5900100.0,5647497.52,2565-0119,DOC-BUD-2565,1.3ผลเบิกจ่ายปี 2565 - final.pdf,4
ITM-0042,ค่าจ้างบำรุงรักษาระบบสนับสนุนศูนย์คอมพิวเตอร์ (จังหวัดระยอง) พร้อมเชื่อมโยงเครือข่ายสัญญาณ เพื่อรับส่งข้อมูลระหว่างศูนย์คอมพิวเตอร์,23. ค่าจ้างบำรุงรักษาระบบสนับสนุนศูนย์คอมพิวเตอร์ (จังหวัดระยอง) พร้อมเชื่อมโยงเครือข่ายสัญญาณ เพื่อรับส่งข้อมูลระหว่างศูนย์คอมพิวเตอร์,2565,5,2563 | 2564 | 2565 | 2566 | 2567,ชื่อตรงกันทุกตัวอักษรหลังปรับรูป,จับคู่อัตโนมัติด้วยชื่อตรงกัน,,,,,80145000.0,79890000.0,2565-0120,DOC-BUD-2565,1.3ผลเบิกจ่ายปี 2565 - final.pdf,4
ITM-0056,ค่าจ้างบำรุงรักษาและปรับปรุงระบบข้อมูลการใช้บริการทางการแพทย์ของผู้ประกันตน,24. ค่าจ้างบำรุงรักษาและปรับปรุงระบบข้อมูลการใช้บริการทางการแพทย์ ของผู้ประกันตน,2565,5,2563 | 2564 | 2565 | 2566 | 2567,ชื่อตรงกันทุกตัวอักษรหลังปรับรูป,จับคู่อัตโนมัติด้วยชื่อตรงกัน,,,,,762000.0,744000.0,2565-0121,DOC-BUD-2565,1.3ผลเบิกจ่ายปี 2565 - final.pdf,4
ITM-0050,ค่าจ้างบำรุงรักษาอุปกรณ์สำหรับเพิ่มประสิทธิภาพในการใช้งาน และบริหารจัดการผู้ใช้งานระบบเครือข่ายอินเทอร์เน็ต,25. ค่าจ้างบำรุงรักษาอุปกรณ์สำหรับเพิ่มประสิทธิภาพในการใช้งาน และบริหารจัดการผู้ใช้งานระบบเครือข่ายอินเทอร์เน็ต,2565,4,2563 | 2564 | 2565 | 2566,ชื่อตรงกันทุกตัวอักษรหลังปรับรูป,จับคู่อัตโนมัติด้วยชื่อตรงกัน,,,,,852000.0,850650.0,2565-0122,DOC-BUD-2565,1.3ผลเบิกจ่ายปี 2565 - final.pdf,4
ITM-0037,ค่าจ้างบำรุงรักษาระบบจ่ายประโยชยน์ทดแทนค่าบริการทางการแพทย์ กรณีเจ็บป่วยฉุกเฉินวิกฤต (UCEP),26. ค่าจ้างบำรุงรักษาระบบจ่ายประโยชยน์ทดแทนค่าบริการทางการแพทย์ กรณีเจ็บป่วยฉุกเฉินวิกฤต (UCEP),2565,2,2564 | 2565,ชื่อตรงกันทุกตัวอักษรหลังปรับรูป,ชื่อตรงกันข้ามปี และยังมีรายการชื่อคล้ายกันให้ตรวจเพิ่ม,ITM-0036,ค่าจ้างบำรุงรักษาระบบจ่ายประโยชน์ทดแทนค่าบริการทางการแพทย์ กรณีเจ็บป่วยฉุกเฉินวิกฤต (UCEP),99.4,2566 | 2567,504800.0,504780.0,2565-0123,DOC-BUD-2565,1.3ผลเบิกจ่ายปี 2565 - final.pdf,4
ITM-0035,ค่าจ้างบำรุงรักษาระบบจัดเก็บและแปลงเอกสารหลักฐานงานประกันสังคม จากรูปแบบกระดาษให้เป็นข้อมูลอิเล็กทรอนิกส์ ตามมาตรฐานภายใต้กรอบของ กระทรวงดิจิทัลเพื่อเศรษฐกิจและสังคม (EDOC),27. ค่าจ้างบำรุงรักษาระบบจัดเก็บและแปลงเอกสารหลักฐานงานประกันสังคม จากรูปแบบกระดาษให้เป็นข้อมูลอิเล็กทรอนิกส์ ตามมาตรฐานภายใต้กรอบ ของกระทรวงดิจิทัลเพื่อเศรษฐกิจและสังคม (EDOC),2565,5,2563 | 2564 | 2565 | 2566 | 2567,ชื่อตรงกันทุกตัวอักษรหลังปรับรูป,จับคู่อัตโนมัติด้วยชื่อตรงกัน,,,,,1620000.0,1581246.0,2565-0124,DOC-BUD-2565,1.3ผลเบิกจ่ายปี 2565 - final.pdf,4
ITM-0145,ค่าเช่าระบบปฏิบัติการ OS/390,28. ค่าเช่าระบบปฏิบัติการ OS/390,2565,5,2563 | 2564 | 2565 | 2566 | 2567,ชื่อตรงกันทุกตัวอักษรหลังปรับรูป,จับคู่อัตโนมัติด้วยชื่อตรงกัน,,,,,55242000.0,55242000.0,2565-0125,DOC-BUD-2565,1.3ผลเบิกจ่ายปี 2565 - final.pdf,4
ITM-0150,ค่าเช่าโปรแกรมสำหรรับควบคุมงานประมวลผลแบบ Batch,29. ค่าเช่าโปรแกรมสำหรรับควบคุมงานประมวลผลแบบ Batch,2565,5,2563 | 2564 | 2565 | 2566 | 2567,ชื่อตรงกันทุกตัวอักษรหลังปรับรูป,จับคู่อัตโนมัติด้วยชื่อตรงกัน,,,,,5496000.0,5496000.0,2565-0126,DOC-BUD-2565,1.3ผลเบิกจ่ายปี 2565 - final.pdf,4
ITM-0089,ค่าชดใช้ค่าเสียหาย,37. ค่าชดใช้ค่าเสียหาย,2565,2,2563 | 2565,ชื่อตรงกันทุกตัวอักษรหลังปรับรูป,จับคู่อัตโนมัติด้วยชื่อตรงกัน,,,,,,44000.0,2565-0127,DOC-BUD-2565,1.3ผลเบิกจ่ายปี 2565 - final.pdf,4
ITM-0220,วัสดุสำนักงาน,1. วัสดุสำนักงาน,2565,5,2563 | 2564 | 2565 | 2566 | 2567,ชื่อตรงกันทุกตัวอักษรหลังปรับรูป,จับคู่อัตโนมัติด้วยชื่อตรงกัน,,,,,42882400.0,42269365.95,2565-0129,DOC-BUD-2565,1.3ผลเบิกจ่ายปี 2565 - final.pdf,4
ITM-0216,วัสดุคอมพิวเตอร์,2. วัสดุคอมพิวเตอร์,2565,5,2563 | 2564 | 2565 | 2566 | 2567,ชื่อตรงกันทุกตัวอักษรหลังปรับรูป,จับคู่อัตโนมัติด้วยชื่อตรงกัน,,,,,61559500.0,64822801.97,2565-0130,DOC-BUD-2565,1.3ผลเบิกจ่ายปี 2565 - final.pdf,4
ITM-0221,วัสดุส่วนกลาง,3. วัสดุส่วนกลาง,2565,5,2563 | 2564 | 2565 | 2566 | 2567,ชื่อตรงกันทุกตัวอักษรหลังปรับรูป,จับคู่อัตโนมัติด้วยชื่อตรงกัน,,,,,4500000.0,4497477.67,2565-0131,DOC-BUD-2565,1.3ผลเบิกจ่ายปี 2565 - final.pdf,4
ITM-0223,วัสดุแบบพิมพ์,4. วัสดุแบบพิมพ์,2565,5,2563 | 2564 | 2565 | 2566 | 2567,ชื่อตรงกันทุกตัวอักษรหลังปรับรูป,จับคู่อัตโนมัติด้วยชื่อตรงกัน,,,,,11170600.0,7341571.14,2565-0132,DOC-BUD-2565,1.3ผลเบิกจ่ายปี 2565 - final.pdf,4
ITM-0142,ค่าหนังสืออิเล็กทรอนิกส์ (e-Book),5. ค่าหนังสืออิเล็กทรอนิกส์ (e-Book),2565,5,2563 | 2564 | 2565 | 2566 | 2567,ชื่อตรงกันทุกตัวอักษรหลังปรับรูป,จับคู่อัตโนมัติด้วยชื่อตรงกัน,,,,,150000.0,144813.0,2565-0133,DOC-BUD-2565,1.3ผลเบิกจ่ายปี 2565 - final.pdf,4
ITM-0224,วัสดุโฆษณาและเผยแพร่,6. วัสดุโฆษณาและเผยแพร่,2565,5,2563 | 2564 | 2565 | 2566 | 2567,ชื่อตรงกันทุกตัวอักษรหลังปรับรูป,จับคู่อัตโนมัติด้วยชื่อตรงกัน,,,,,1000000.0,913258.59,2565-0134,DOC-BUD-2565,1.3ผลเบิกจ่ายปี 2565 - final.pdf,4
ITM-0217,วัสดุงานบ้านงานครัว,7. วัสดุงานบ้านงานครัว,2565,5,2563 | 2564 | 2565 | 2566 | 2567,ชื่อตรงกันทุกตัวอักษรหลังปรับรูป,จับคู่อัตโนมัติด้วยชื่อตรงกัน,,,,,425000.0,218820.89,2565-0135,DOC-BUD-2565,1.3ผลเบิกจ่ายปี 2565 - final.pdf,4
ITM-0222,วัสดุเกษตร,8. วัสดุเกษตร,2565,5,2563 | 2564 | 2565 | 2566 | 2567,ชื่อตรงกันทุกตัวอักษรหลังปรับรูป,จับคู่อัตโนมัติด้วยชื่อตรงกัน,,,,,148000.0,113122.85,2565-0136,DOC-BUD-2565,1.3ผลเบิกจ่ายปี 2565 - final.pdf,4
ITM-0218,วัสดุช่างและไฟฟ้า,9. วัสดุช่างและไฟฟ้า,2565,5,2563 | 2564 | 2565 | 2566 | 2567,ชื่อตรงกันทุกตัวอักษรหลังปรับรูป,จับคู่อัตโนมัติด้วยชื่อตรงกัน,,,,,841700.0,798118.07,2565-0137,DOC-BUD-2565,1.3ผลเบิกจ่ายปี 2565 - final.pdf,4
ITM-0215,วัสดุก่อสร้าง,10. วัสดุก่อสร้าง,2565,4,2564 | 2565 | 2566 | 2567,ชื่อตรงกันทุกตัวอักษรหลังปรับรูป,จับคู่อัตโนมัติด้วยชื่อตรงกัน,,,,,300000.0,299616.0,2565-0138,DOC-BUD-2565,1.3ผลเบิกจ่ายปี 2565 - final.pdf,4
ITM-0219,วัสดุน้ำมันเชื้อเพลิงและหล่อลื่น,11. วัสดุน้ำมันเชื้อเพลิงและหล่อลื่น,2565,5,2563 | 2564 | 2565 | 2566 | 2567,ชื่อตรงกันทุกตัวอักษรหลังปรับรูป,จับคู่อัตโนมัติด้วยชื่อตรงกัน,,,,,30627500.0,23690417.22,2565-0139,DOC-BUD-2565,1.3ผลเบิกจ่ายปี 2565 - final.pdf,4
ITM-0183,ค่าไฟฟ้า,1. ค่าไฟฟ้า,2565,5,2563 | 2564 | 2565 | 2566 | 2567,ชื่อตรงกันทุกตัวอักษรหลังปรับรูป,จับคู่อัตโนมัติด้วยชื่อตรงกัน,,,,,95736500.0,87032778.46,2565-0141,DOC-BUD-2565,1.3ผลเบิกจ่ายปี 2565 - final.pdf,4
ITM-0132,ค่าน้ำประปา,2. ค่าน้ำประปา,2565,5,2563 | 2564 | 2565 | 2566 | 2567,ชื่อตรงกันทุกตัวอักษรหลังปรับรูป,จับคู่อัตโนมัติด้วยชื่อตรงกัน,,,,,4383600.0,3430391.39,2565-0142,DOC-BUD-2565,1.3ผลเบิกจ่ายปี 2565 - final.pdf,4
ITM-0153,ค่าโทรศัพท์,3. ค่าโทรศัพท์,2565,5,2563 | 2564 | 2565 | 2566 | 2567,ชื่อตรงกันทุกตัวอักษรหลังปรับรูป,จับคู่อัตโนมัติด้วยชื่อตรงกัน,,,,,18769400.0,13426105.77,2565-0143,DOC-BUD-2565,1.3ผลเบิกจ่ายปี 2565 - final.pdf,4
ITM-0182,ค่าไปรษณีย์ภัณฑ์,4. ค่าไปรษณีย์ภัณฑ์,2565,5,2563 | 2564 | 2565 | 2566 | 2567,ชื่อตรงกันทุกตัวอักษรหลังปรับรูป,จับคู่อัตโนมัติด้วยชื่อตรงกัน,,,,,79771400.0,71045189.71,2565-0144,DOC-BUD-2565,1.3ผลเบิกจ่ายปี 2565 - final.pdf,4
ITM-0134,ค่าบริการสื่อสารและโทรคมนาคม,5. ค่าบริการสื่อสารและโทรคมนาคม,2565,5,2563 | 2564 | 2565 | 2566 | 2567,ชื่อตรงกันทุกตัวอักษรหลังปรับรูป,จับคู่อัตโนมัติด้วยชื่อตรงกัน,,,,,1915200.0,1256158.8,2565-0145,DOC-BUD-2565,1.3ผลเบิกจ่ายปี 2565 - final.pdf,5
ITM-0123,ค่าธรรมเนียมจ่ายคืนเงินสมทบกองทุนประกันสังคมทั่วประเทศผ่านธนาคาร,6. ค่าธรรมเนียมจ่ายคืนเงินสมทบกองทุนประกันสังคมทั่วประเทศผ่านธนาคาร,2565,5,2563 | 2564 | 2565 | 2566 | 2567,ชื่อตรงกันทุกตัวอักษรหลังปรับรูป,จับคู่อัตโนมัติด้วยชื่อตรงกัน,,,,,325000.0,421570.0,2565-0146,DOC-BUD-2565,1.3ผลเบิกจ่ายปี 2565 - final.pdf,5
ITM-0009,ครุภัณฑ์,1. ครุภัณฑ์,2565,5,2563 | 2564 | 2565 | 2566 | 2567,ชื่อตรงกันทุกตัวอักษรหลังปรับรูป,จับคู่อัตโนมัติด้วยชื่อตรงกัน,,,,,54518200.0,49729928.34,2565-0148,DOC-BUD-2565,1.3ผลเบิกจ่ายปี 2565 - final.pdf,5
ITM-0214,รายจ่ายเพื่อดัดแปลง ต่อเติมหรือปรับปรุงสิ่งก่อสร้าง,1. รายจ่ายเพื่อดัดแปลง ต่อเติมหรือปรับปรุงสิ่งก่อสร้าง,2565,4,2563 | 2565 | 2566 | 2567,ชื่อตรงกันทุกตัวอักษรหลังปรับรูป,จับคู่อัตโนมัติด้วยชื่อตรงกัน,,,,,3911500.0,4615686.96,2565-0150,DOC-BUD-2565,1.3ผลเบิกจ่ายปี 2565 - final.pdf,5
ITM-0342,โครงการตกแต่งภายในอาคารสำนักงานประกันสังคมจังหวัดบึงกาฬ,2. โครงการตกแต่งภายในอาคารสำนักงานประกันสังคมจังหวัดบึงกาฬ,2565,1,2565,ชื่อตรงกันทุกตัวอักษรหลังปรับรูป,พบปีเดียว ยังไม่ยืนยันการจับคู่ข้ามปี,,,,,11581000.0,11581000.0,2565-0151,DOC-BUD-2565,1.3ผลเบิกจ่ายปี 2565 - final.pdf,5
ITM-0077,ค่าจ้างออกแบบอาคารสำนักงานประกันสังคมจังหวัดภูเก็ต,3. ค่าจ้างออกแบบอาคารสำนักงานประกันสังคมจังหวัดภูเก็ต,2565,1,2565,ชื่อตรงกันทุกตัวอักษรหลังปรับรูป,พบปีเดียว ยังไม่ยืนยันการจับคู่ข้ามปี,,,,,2478700.0,2478700.0,2565-0152,DOC-BUD-2565,1.3ผลเบิกจ่ายปี 2565 - final.pdf,5
ITM-0078,ค่าจ้างออกแบบอาคารสำนักงานประกันสังคมจังหวัดระยอง สาขาปลวกแดง,4. ค่าจ้างออกแบบอาคารสำนักงานประกันสังคมจังหวัดระยอง สาขาปลวกแดง,2565,1,2565,ชื่อตรงกันทุกตัวอักษรหลังปรับรูป,พบปีเดียว ยังไม่ยืนยันการจับคู่ข้ามปี,,,,,,498000.0,2565-0153,DOC-BUD-2565,1.3ผลเบิกจ่ายปี 2565 - final.pdf,5
ITM-0156,ค่าใช้จ่ายสนับสนุนการจัดงานวันแรงงานแห่งชาติให้กับศูนย์ประสานงานวันแรงงานแห่งชาติ,1. ค่าใช้จ่ายสนับสนุนการจัดงานวันแรงงานแห่งชาติให้กับศูนย์ประสานงานวันแรงงานแห่งชาติ,2565,5,2563 | 2564 | 2565 | 2566 | 2567,ชื่อตรงกันทุกตัวอักษรหลังปรับรูป,จับคู่อัตโนมัติด้วยชื่อตรงกัน,,,,,1000000.0,100000.0,2565-0155,DOC-BUD-2565,1.3ผลเบิกจ่ายปี 2565 - final.pdf,5
ITM-0141,ค่าสมาชิกสมาคมการประกันสังคมระหว่างประเทศ (ISSA),2. ค่าสมาชิกสมาคมการประกันสังคมระหว่างประเทศ (ISSA),2565,5,2563 | 2564 | 2565 | 2566 | 2567,ชื่อตรงกันทุกตัวอักษรหลังปรับรูป,จับคู่อัตโนมัติด้วยชื่อตรงกัน,,,,,2000000.0,1900843.28,2565-0156,DOC-BUD-2565,1.3ผลเบิกจ่ายปี 2565 - final.pdf,5
ITM-0240,เงินอุดหนุนการออกกำลังกายและสันทนาการของข้าราชการและเจ้าหน้าที่,1. เงินอุดหนุนการออกกำลังกายและสันทนาการของข้าราชการและเจ้าหน้าที่,2565,3,2563 | 2564 | 2565,ชื่อตรงกันทุกตัวอักษรหลังปรับรูป,จับคู่อัตโนมัติด้วยชื่อตรงกัน,,,,,100000.0,49755.0,2565-0158,DOC-BUD-2565,1.3ผลเบิกจ่ายปี 2565 - final.pdf,5
ITM-0073,ค่าจ้างผู้เชี่ยวชาญด้านระบบความมั่นคงปลอดภัยระบบสารสนเทศ,2. ค่าจ้างผู้เชี่ยวชาญด้านระบบความมั่นคงปลอดภัยระบบสารสนเทศ,2565,5,2563 | 2564 | 2565 | 2566 | 2567,ชื่อตรงกันทุกตัวอักษรหลังปรับรูป,จับคู่อัตโนมัติด้วยชื่อตรงกัน,,,,,2560000.0,1797600.0,2565-0159,DOC-BUD-2565,1.3ผลเบิกจ่ายปี 2565 - final.pdf,5
ITM-0330,โครงการจ้างรับ/ส่งและประมวลผลระบบเบิกจ่ายค่าบริการทางการแพทย์ กรณีแพทย์ผู้เชี่ยวชาญพิเศษเฉพาะทาง,3. โครงการจ้างรับ/ส่งและประมวลผลระบบเบิกจ่ายค่าบริการทางการแพทย์ กรณีแพทย์ผู้เชี่ยวชาญพิเศษเฉพาะทาง,2565,5,2563 | 2564 | 2565 | 2566 | 2567,ชื่อตรงกันทุกตัวอักษรหลังปรับรูป,จับคู่อัตโนมัติด้วยชื่อตรงกัน,,,,,3600000.0,3600000.0,2565-0160,DOC-BUD-2565,1.3ผลเบิกจ่ายปี 2565 - final.pdf,5
ITM-0322,โครงการจ้างที่ปรึกษาทางการแพทย์ และที่ปรึกษาทางการพยาบาล,4. โครงการจ้างที่ปรึกษาทางการแพทย์ และที่ปรึกษาทางการพยาบาล,2565,1,2565,ชื่อตรงกันทุกตัวอักษรหลังปรับรูป,พบปีเดียวและมีรายการชื่อคล้ายกันในปีอื่น ต้องตรวจสอบด้วยคน,ITM-0021,ค่าจ้างที่ปรึกษาทางการแพทย์และที่ปรึกษาทางการพยาบาล,94.3,2563,1500000.0,1500000.0,2565-0161,DOC-BUD-2565,1.3ผลเบิกจ่ายปี 2565 - final.pdf,5
ITM-0273,โครงการจัดจ้างรับ/ส่งและประมวลผลข้อมูลการเบิกจ่ายค่าบริการทางการแพทย์ สำหรับการรักษาผู้ป่วยไตวายเรื้อรังระยะสุดท้าย กรณีบำบัดทดแทนไต,5. โครงการจัดจ้างรับ/ส่งและประมวลผลข้อมูลการเบิกจ่ายค่าบริการทางการแพทย์ สำหรับการรักษาผู้ป่วยไตวายเรื้อรังระยะสุดท้าย กรณีบำบัดทดแทนไต,2565,5,2563 | 2564 | 2565 | 2566 | 2567,ชื่อตรงกันทุกตัวอักษรหลังปรับรูป,จับคู่อัตโนมัติด้วยชื่อตรงกัน,,,,,6850000.0,6850000.0,2565-0162,DOC-BUD-2565,1.3ผลเบิกจ่ายปี 2565 - final.pdf,5
ITM-0331,โครงการจ้างวิเคราะห์การจัดกลุ่มวินิจฉัยโรคร่วมและน้ำหนักสัมพัทธ์ของผู้ป่วยใน และวิเคราะห์ข้อมูลผู้ป่วยในที่มีค่าใช้จ่ายสูงเกินปกติ,6. โครงการจ้างวิเคราะห์การจัดกลุ่มวินิจฉัยโรคร่วมและน้ำหนักสัมพัทธ์ของผู้ป่วยใน และวิเคราะห์ข้อมูลผู้ป่วยในที่มีค่าใช้จ่ายสูงเกินปกติ,2565,5,2563 | 2564 | 2565 | 2566 | 2567,ชื่อตรงกันทุกตัวอักษรหลังปรับรูป,จับคู่อัตโนมัติด้วยชื่อตรงกัน,,,,,10812100.0,14685835.0,2565-0163,DOC-BUD-2565,1.3ผลเบิกจ่ายปี 2565 - final.pdf,5
ITM-0327,โครงการจ้างรับ-ส่งข้อมูลการใช้บริการทางการแพทย์ของผู้ประกันตนประเภท ผู้ป่วยนอกและข้อมูลบัญชีผู้ป่วยโรคเรื้อรัง,7. โครงการจ้างรับ-ส่งข้อมูลการใช้บริการทางการแพทย์ของผู้ประกันตนประเภท ผู้ป่วยนอกและข้อมูลบัญชีผู้ป่วยโรคเรื้อรัง,2565,5,2563 | 2564 | 2565 | 2566 | 2567,ชื่อตรงกันทุกตัวอักษรหลังปรับรูป,จับคู่อัตโนมัติด้วยชื่อตรงกัน,,,,,14250000.0,14250000.0,2565-0164,DOC-BUD-2565,1.3ผลเบิกจ่ายปี 2565 - final.pdf,5
ITM-0274,โครงการจัดจ้างรับ-ส่งและประมวลผลข้อมูลบริการทางการแพทย์แก่ผู้ประกันตน เพื่อการเบิกจ่ายค่าบริการทางการแพทย์กรณีปลูกถ่ายอวัยวะและกรณีค่ายาแฟคเตอร์,8. โครงการจัดจ้างรับ-ส่งและประมวลผลข้อมูลบริการทางการแพทย์แก่ผู้ประกันตน เพื่อการเบิกจ่ายค่าบริการทางการแพทย์กรณีปลูกถ่ายอวัยวะและกรณีค่ายาแฟคเตอร์,2565,4,2564 | 2565 | 2566 | 2567,ชื่อตรงกันทุกตัวอักษรหลังปรับรูป,จับคู่อัตโนมัติด้วยชื่อตรงกัน,,,,,2190000.0,2190000.0,2565-0165,DOC-BUD-2565,1.3ผลเบิกจ่ายปี 2565 - final.pdf,5
ITM-0315,โครงการจ้างที่ปรึกษาด้านการบริหารทรัพยากรบุคคลของสำนักงานประกันสังคม,9. โครงการจ้างที่ปรึกษาด้านการบริหารทรัพยากรบุคคลของสำนักงานประกันสังคม,2565,5,2563 | 2564 | 2565 | 2566 | 2567,ชื่อตรงกันทุกตัวอักษรหลังปรับรูป,จับคู่อัตโนมัติด้วยชื่อตรงกัน,,,,,450000.0,450000.0,2565-0166,DOC-BUD-2565,1.3ผลเบิกจ่ายปี 2565 - final.pdf,5
ITM-0317,โครงการจ้างที่ปรึกษาด้านการพัฒนาและเสริมสร้างธรรมาภิบาลของสำนักงานประกันสังคม,10. โครงการจ้างที่ปรึกษาด้านการพัฒนาและเสริมสร้างธรรมาภิบาลของสำนักงานประกันสังคม,2565,5,2563 | 2564 | 2565 | 2566 | 2567,ชื่อตรงกันทุกตัวอักษรหลังปรับรูป,จับคู่อัตโนมัติด้วยชื่อตรงกัน,,,,,450000.0,450000.0,2565-0167,DOC-BUD-2565,1.3ผลเบิกจ่ายปี 2565 - final.pdf,5
ITM-0170,ค่าใช้จ่ายในการประชุม สัมมนา ฝึกอบรมและเจรจาธุรกิจของข้าราชการ เจ้าหน้าที่ และผู้ที่เกี่ยวข้อง,11. ค่าใช้จ่ายในการประชุม สัมมนา ฝึกอบรมและเจรจาธุรกิจของข้าราชการ เจ้าหน้าที่ และผู้ที่เกี่ยวข้อง,2565,1,2565,ชื่อตรงกันทุกตัวอักษรหลังปรับรูป,พบปีเดียวและมีรายการชื่อคล้ายกันในปีอื่น ต้องตรวจสอบด้วยคน,ITM-0171,ค่าใช้จ่ายในการประชุม สัมมนา ฝึกอบรม และเจรจาธุรกิจของข้าราชการ เจ้าหน้าที่และผู้ที่เกี่ยวข้อง ณ ต่างประเทศ,94.2,2563 | 2566 | 2567,,6138737.78,2565-0168,DOC-BUD-2565,1.3ผลเบิกจ่ายปี 2565 - final.pdf,5
ITM-0175,ค่าใช้จ่ายในการหารือ แลกเปลี่ยนนโยบายและประสบการณ์ด้านการประกันสังคม ของคณะกรรมการ อนุกรรมการ เจ้าหน้าที่และผู้ที่เกี่ยวข้อง ณ ต่างประเทศ,12. ค่าใช้จ่ายในการหารือ แลกเปลี่ยนนโยบายและประสบการณ์ด้านการประกันสังคม ของคณะกรรมการ อนุกรรมการ เจ้าหน้าที่และผู้ที่เกี่ยวข้อง ณ ต่างประเทศ,2565,1,2565,ชื่อตรงกันทุกตัวอักษรหลังปรับรูป,พบปีเดียวและมีรายการชื่อคล้ายกันในปีอื่น ต้องตรวจสอบด้วยคน,ITM-0174,ค่าใช้จ่ายในการหารือ แลกเปลี่ยนนโยบายและประสบการณ์ด้านการประกันสังคม ของคณะกรรมการ คณะอนุกรรมการ เจ้าหน้าที่และผู้ที่เกี่ยวข้อง,94.5,2563,,15683552.83,2565-0169,DOC-BUD-2565,1.3ผลเบิกจ่ายปี 2565 - final.pdf,5
ITM-0158,ค่าใช้จ่ายสนับสนุนการเข้าร่วมประชุมหรือฝึกอบรมของเจ้าหน้าที่และผู้ที่เกี่ยวข้อง ในต่างประเทศ,13. ค่าใช้จ่ายสนับสนุนการเข้าร่วมประชุมหรือฝึกอบรมของเจ้าหน้าที่และผู้ที่เกี่ยวข้อง ในต่างประเทศ,2565,1,2565,ชื่อตรงกันทุกตัวอักษรหลังปรับรูป,พบปีเดียวและมีรายการชื่อคล้ายกันในปีอื่น ต้องตรวจสอบด้วยคน,ITM-0157,ค่าใช้จ่ายสนับสนุนการเข้าร่วมประชุมหรือฝึกอบรมของเจ้าหน้าที่และผู้ที่เกี่ยวข้อง ณ ต่างประเทศ,98.3,2563,,100000.0,2565-0170,DOC-BUD-2565,1.3ผลเบิกจ่ายปี 2565 - final.pdf,5
ITM-0179,ค่าใช้จ่ายในการเดินทางไปราชการต่างประเทศ เพื่อศึกษาดูงานแลกเปลี่ยนเรียนรู้ประสบการณ์,14. ค่าใช้จ่ายในการเดินทางไปราชการต่างประเทศ เพื่อศึกษาดูงานแลกเปลี่ยนเรียนรู้ประสบการณ์,2565,1,2565,ชื่อตรงกันทุกตัวอักษรหลังปรับรูป,พบปีเดียว ยังไม่ยืนยันการจับคู่ข้ามปี,,,,,,3536030.74,2565-0171,DOC-BUD-2565,1.3ผลเบิกจ่ายปี 2565 - final.pdf,5
ITM-0167,ค่าใช้จ่ายในการดูงานการประกันสังคมของคณะกรรมการ คณะอนุกรรมการ เจ้าหน้าที่ และผู้ที่เกี่ยวข้อง ณ ต่างประเทศ,15. ค่าใช้จ่ายในการดูงานการประกันสังคมของคณะกรรมการ คณะอนุกรรมการ เจ้าหน้าที่ และผู้ที่เกี่ยวข้อง ณ ต่างประเทศ,2565,2,2565 | 2566,ชื่อตรงกันทุกตัวอักษรหลังปรับรูป,จับคู่อัตโนมัติด้วยชื่อตรงกัน,,,,,,7943100.0,2565-0172,DOC-BUD-2565,1.3ผลเบิกจ่ายปี 2565 - final.pdf,5
ITM-0181,- ค่าใช้สอย,- ค่าใช้สอย,2565,4,2563 | 2564 | 2565 | 2566,ชื่อตรงกันทุกตัวอักษรหลังปรับรูป,จับคู่อัตโนมัติด้วยชื่อตรงกัน,,,,,195776700.0,195776700.0,2565-0176,DOC-BUD-2565,1.3ผลเบิกจ่ายปี 2565 - final.pdf,6
ITM-0357,โครงการบริการข้อมูลประกันสังคม Contact Center 1506 สู่เป้าหมายรายบุคคล,1. โครงการบริการข้อมูลประกันสังคม Contact Center 1506 สู่เป้าหมายรายบุคคล,2565,5,2563 | 2564 | 2565 | 2566 | 2567,ชื่อตรงกันทุกตัวอักษรหลังปรับรูป,จับคู่อัตโนมัติด้วยชื่อตรงกัน,,,,,131786700.0,131786700.0,2565-0177,DOC-BUD-2565,1.3ผลเบิกจ่ายปี 2565 - final.pdf,6
ITM-0367,โครงการบริหารสื่อออนไลน์และการสื่อสาร เพื่อส่งเสริมภาพลักษณ์สำนักงานประกันสังคม,2. โครงการบริหารสื่อออนไลน์และการสื่อสาร เพื่อส่งเสริมภาพลักษณ์สำนักงานประกันสังคม,2565,3,2563 | 2565 | 2566,ชื่อตรงกันทุกตัวอักษรหลังปรับรูป,จับคู่อัตโนมัติด้วยชื่อตรงกัน,,,,,9990000.0,9990000.0,2565-0178,DOC-BUD-2565,1.3ผลเบิกจ่ายปี 2565 - final.pdf,6
ITM-0499,โครงการเช่าใช้ระบบประมวลผล (CPU) บนเครื่องคอมพิวเตอร์เมนเฟรม เพื่อรองรับการให้บริการระบบกองทุนประกันสังคม,3. โครงการเช่าใช้ระบบประมวลผล (CPU) บนเครื่องคอมพิวเตอร์เมนเฟรม เพื่อรองรับการให้บริการระบบกองทุนประกันสังคม,2565,3,2565 | 2566 | 2567,ชื่อตรงกันทุกตัวอักษรหลังปรับรูป,จับคู่อัตโนมัติด้วยชื่อตรงกัน,,,,,54000000.0,54000000.0,2565-0179,DOC-BUD-2565,1.3ผลเบิกจ่ายปี 2565 - final.pdf,6
ITM-0287,โครงการจัดทำระบบการเบิกจ่ายประโยชน์ทดแทนด้วยตนเองของผู้ประกันตน ผ่านระบบอิเล็กทรอนิกส์ (e-self service) กองทุนประกันสังคม,1. โครงการจัดทำระบบการเบิกจ่ายประโยชน์ทดแทนด้วยตนเองของผู้ประกันตน ผ่านระบบอิเล็กทรอนิกส์ (e-self service) กองทุนประกันสังคม,2565,2,2564 | 2565,ชื่อตรงกันทุกตัวอักษรหลังปรับรูป,จับคู่อัตโนมัติด้วยชื่อตรงกัน,,,,,39100000.0,39100000.0,2565-0181,DOC-BUD-2565,1.3ผลเบิกจ่ายปี 2565 - final.pdf,6
ITM-0371,โครงการบูรณาการคลังข้อมูลบิ๊กดาต้าองค์กรและระบบสนับสนุนการตัดสินใจ,2. โครงการบูรณาการคลังข้อมูลบิ๊กดาต้าองค์กรและระบบสนับสนุนการตัดสินใจ,2565,3,2564 | 2565 | 2566,ชื่อตรงกันทุกตัวอักษรหลังปรับรูป,จับคู่อัตโนมัติด้วยชื่อตรงกัน,,,,,29955000.0,29955000.0,2565-0182,DOC-BUD-2565,1.3ผลเบิกจ่ายปี 2565 - final.pdf,6
ITM-0284,โครงการจัดตั้งศูนย์กลางเฝ้าระวังและรับมือภัยคุกคามความปลอดภัยคอมพิวเตอร์ (SSO Security Operation Center),3. โครงการจัดตั้งศูนย์กลางเฝ้าระวังและรับมือภัยคุกคามความปลอดภัยคอมพิวเตอร์ (SSO Security Operation Center),2565,4,2564 | 2565 | 2566 | 2567,ชื่อตรงกันทุกตัวอักษรหลังปรับรูป,จับคู่อัตโนมัติด้วยชื่อตรงกัน,,,,,10761000.0,10760999.9,2565-0183,DOC-BUD-2565,1.3ผลเบิกจ่ายปี 2565 - final.pdf,6
ITM-0423,โครงการพัฒนา ITIL และแผนการดำเนินงานต่อเนื่องของระบบสารสนเทศ IT - BCP (IT Business Continuity Plan),4. โครงการพัฒนา ITIL และแผนการดำเนินงานต่อเนื่องของระบบสารสนเทศ IT - BCP (IT Business Continuity Plan),2565,2,2565 | 2566,ชื่อตรงกันทุกตัวอักษรหลังปรับรูป,จับคู่อัตโนมัติด้วยชื่อตรงกัน,,,,,18250000.0,18250000.0,2565-0184,DOC-BUD-2565,1.3ผลเบิกจ่ายปี 2565 - final.pdf,6
ITM-0456,โครงการพัฒนาแพลตฟอร์มดิจิทัลกลางเชื่อมต่อบริการประกันสังคมให้แก่ผู้ประกันตน อย่างเจาะจง,5. โครงการพัฒนาแพลตฟอร์มดิจิทัลกลางเชื่อมต่อบริการประกันสังคมให้แก่ผู้ประกันตน อย่างเจาะจง,2565,2,2565 | 2566,ชื่อตรงกันทุกตัวอักษรหลังปรับรูป,จับคู่อัตโนมัติด้วยชื่อตรงกัน,,,,,110521400.0,110521400.0,2565-0185,DOC-BUD-2565,1.3ผลเบิกจ่ายปี 2565 - final.pdf,6
ITM-0439,โครงการพัฒนาระบบสารสนเทศเพื่อการบริหารจัดการองค์กร,6. โครงการพัฒนาระบบสารสนเทศเพื่อการบริหารจัดการองค์กร,2565,3,2565 | 2566 | 2567,ชื่อตรงกันทุกตัวอักษรหลังปรับรูป,จับคู่อัตโนมัติด้วยชื่อตรงกัน,,,,,35000000.0,35000000.0,2565-0186,DOC-BUD-2565,1.3ผลเบิกจ่ายปี 2565 - final.pdf,6
ITM-0432,โครงการพัฒนาระบบการจัดการข้อมูลเพื่อให้สอดคล้องกับพระราชบัญญัติคุ้มครองข้อมูล ส่วนบุคคล พ.ศ. 2562,7. โครงการพัฒนาระบบการจัดการข้อมูลเพื่อให้สอดคล้องกับพระราชบัญญัติคุ้มครองข้อมูล ส่วนบุคคล พ.ศ. 2562,2565,3,2565 | 2566 | 2567,ชื่อตรงกันทุกตัวอักษรหลังปรับรูป,จับคู่อัตโนมัติด้วยชื่อตรงกัน,,,,,24000000.0,24000000.0,2565-0187,DOC-BUD-2565,1.3ผลเบิกจ่ายปี 2565 - final.pdf,6
ITM-0310,โครงการจัดหาและพัฒนาระบบสารสนเทศภูมิศาสตร์เพื่อการวิจัยและกำหนดนโยบาย ของสำนักงานประกันสังคม,8. โครงการจัดหาและพัฒนาระบบสารสนเทศภูมิศาสตร์เพื่อการวิจัยและกำหนดนโยบาย ของสำนักงานประกันสังคม,2565,2,2565 | 2566,ชื่อตรงกันทุกตัวอักษรหลังปรับรูป,จับคู่อัตโนมัติด้วยชื่อตรงกัน,,,,,79151080.0,79151080.0,2565-0188,DOC-BUD-2565,1.3ผลเบิกจ่ายปี 2565 - final.pdf,6
ITM-0434,โครงการพัฒนาระบบการให้บริการทางการแพทย์,9. โครงการพัฒนาระบบการให้บริการทางการแพทย์,2565,3,2565 | 2566 | 2567,ชื่อตรงกันทุกตัวอักษรหลังปรับรูป,จับคู่อัตโนมัติด้วยชื่อตรงกัน,,,,,69108650.0,69108650.0,2565-0189,DOC-BUD-2565,1.3ผลเบิกจ่ายปี 2565 - final.pdf,6
ITM-0516,โครงการเพิ่มประสิทธิภาพในงานด้านคณิตศาสตร์ประกันภัย,1. โครงการเพิ่มประสิทธิภาพในงานด้านคณิตศาสตร์ประกันภัย,2565,3,2563 | 2564 | 2565,ชื่อตรงกันทุกตัวอักษรหลังปรับรูป,จับคู่อัตโนมัติด้วยชื่อตรงกัน,,,,,10461000.0,11133040.0,2565-0191,DOC-BUD-2565,1.3ผลเบิกจ่ายปี 2565 - final.pdf,6
ITM-0339,โครงการดำเนินการจัดทำมาตรฐานห้อง Data Center สู่ระบบ ISO 27001 (1 สค.62 - 31 กค.65),2. โครงการดำเนินการจัดทำมาตรฐานห้อง Data Center สู่ระบบ ISO 27001 (1 สค.62 - 31 กค.65),2565,1,2565,ชื่อตรงกันทุกตัวอักษรหลังปรับรูป,พบปีเดียว ยังไม่ยืนยันการจับคู่ข้ามปี,,,,,412500.0,412500.0,2565-0192,DOC-BUD-2565,1.3ผลเบิกจ่ายปี 2565 - final.pdf,6
ITM-0338,โครงการดำเนินการจัดทำมาตรฐานห้อง Data Center สู่ระบบ ISO 27001,3. โครงการดำเนินการจัดทำมาตรฐานห้อง Data Center สู่ระบบ ISO 27001,2565,4,2564 | 2565 | 2566 | 2567,ชื่อตรงกันทุกตัวอักษรหลังปรับรูป,จับคู่อัตโนมัติด้วยชื่อตรงกัน,,,,,165000.0,160500.0,2565-0193,DOC-BUD-2565,1.3ผลเบิกจ่ายปี 2565 - final.pdf,6
ITM-0323,โครงการจ้างที่ปรึกษาวิเคราะห์การปรับเปลี่ยนระบบโปรแกรมบริหารการลงทุน,4. โครงการจ้างที่ปรึกษาวิเคราะห์การปรับเปลี่ยนระบบโปรแกรมบริหารการลงทุน,2565,3,2565 | 2566 | 2567,ชื่อตรงกันทุกตัวอักษรหลังปรับรูป,ชื่อตรงกันข้ามปี และยังมีรายการชื่อคล้ายกันให้ตรวจเพิ่ม,ITM-0270,โครงการจัดจ้างที่ปรึกษาวิเคราะห์การปรับเปลี่ยนระบบโปรแกรมบริหารการลงทุน,97.8,2563,4500000.0,4500000.0,2565-0194,DOC-BUD-2565,1.3ผลเบิกจ่ายปี 2565 - final.pdf,6
ITM-0480,โครงการส่งเสริมการจ้างงานผู้สูงอายุเข้าทำงานกับสำนักงานประกันสังคม,1. โครงการส่งเสริมการจ้างงานผู้สูงอายุเข้าทำงานกับสำนักงานประกันสังคม,2565,5,2563 | 2564 | 2565 | 2566 | 2567,ชื่อตรงกันทุกตัวอักษรหลังปรับรูป,จับคู่อัตโนมัติด้วยชื่อตรงกัน,,,,,52984800.0,47614981.35,2565-0200,DOC-BUD-2565,1.3ผลเบิกจ่ายปี 2565 - final.pdf,6
ITM-0483,โครงการส่งเสริมสุขภาพป้องกันโรคเชิงรุก,2. โครงการส่งเสริมสุขภาพป้องกันโรคเชิงรุก,2565,3,2563 | 2564 | 2565,ชื่อตรงกันทุกตัวอักษรหลังปรับรูป,จับคู่อัตโนมัติด้วยชื่อตรงกัน,,,,,5670000.0,5304875.68,2565-0201,DOC-BUD-2565,1.3ผลเบิกจ่ายปี 2565 - final.pdf,6
ITM-0382,โครงการประชุมวิชาการประกันสังคม,3. โครงการประชุมวิชาการประกันสังคม,2565,4,2564 | 2565 | 2566 | 2567,ชื่อตรงกันทุกตัวอักษรหลังปรับรูป,จับคู่อัตโนมัติด้วยชื่อตรงกัน,,,,,1030000.0,3877435.75,2565-0202,DOC-BUD-2565,1.3ผลเบิกจ่ายปี 2565 - final.pdf,6
ITM-0161,ค่าใช้จ่ายในการจัดประชุม อบรม สัมมนาและค่าอาหารว่าง,4. ค่าใช้จ่ายในการจัดประชุม อบรม สัมมนาและค่าอาหารว่าง,2565,5,2563 | 2564 | 2565 | 2566 | 2567,ชื่อตรงกันทุกตัวอักษรหลังปรับรูป,จับคู่อัตโนมัติด้วยชื่อตรงกัน,,,,,45164500.0,41921605.77,2565-0203,DOC-BUD-2565,1.3ผลเบิกจ่ายปี 2565 - final.pdf,6
ITM-0163,ค่าใช้จ่ายในการจัดฝึกอบรม สัมมนา และค่าอาหารว่าง,4.1 ค่าใช้จ่ายในการจัดฝึกอบรม สัมมนา และค่าอาหารว่าง,2565,5,2563 | 2564 | 2565 | 2566 | 2567,ชื่อตรงกันทุกตัวอักษรหลังปรับรูป,จับคู่อัตโนมัติด้วยชื่อตรงกัน,,,,,18192700.0,17926311.26,2565-0204,DOC-BUD-2565,1.3ผลเบิกจ่ายปี 2565 - final.pdf,6
ITM-0486,โครงการอบรมข้าราชการบรรจุใหม่ของ สปส.,1. โครงการอบรมข้าราชการบรรจุใหม่ของ สปส.,2565,5,2563 | 2564 | 2565 | 2566 | 2567,ชื่อตรงกันทุกตัวอักษรหลังปรับรูป,จับคู่อัตโนมัติด้วยชื่อตรงกัน,,,,,1565000.0,1373419.94,2565-0205,DOC-BUD-2565,1.3ผลเบิกจ่ายปี 2565 - final.pdf,6
ITM-0474,โครงการสัมมนาผู้บริหารสำนักงานประกันสังคม,2. โครงการสัมมนาผู้บริหารสำนักงานประกันสังคม,2565,5,2563 | 2564 | 2565 | 2566 | 2567,ชื่อตรงกันทุกตัวอักษรหลังปรับรูป,จับคู่อัตโนมัติด้วยชื่อตรงกัน,,,,,2982000.0,1841233.3,2565-0206,DOC-BUD-2565,1.3ผลเบิกจ่ายปี 2565 - final.pdf,6
ITM-0356,โครงการนักปฏิบัติการประกันสังคมต้นแบบ Social Security Model Officers,3. โครงการนักปฏิบัติการประกันสังคมต้นแบบ Social Security Model Officers,2565,3,2563 | 2564 | 2565,ชื่อตรงกันทุกตัวอักษรหลังปรับรูป,จับคู่อัตโนมัติด้วยชื่อตรงกัน,,,,,408700.0,,2565-0207,DOC-BUD-2565,1.3ผลเบิกจ่ายปี 2565 - final.pdf,6
ITM-0369,โครงการบุคลากรประกันสังคมต้นแบบ,4. โครงการบุคลากรประกันสังคมต้นแบบ,2565,3,2563 | 2564 | 2565,ชื่อตรงกันทุกตัวอักษรหลังปรับรูป,จับคู่อัตโนมัติด้วยชื่อตรงกัน,,,,,408700.0,,2565-0208,DOC-BUD-2565,1.3ผลเบิกจ่ายปี 2565 - final.pdf,7
ITM-0370,โครงการบุคลากรประกันสังคมบรรจุใหม่,5. โครงการบุคลากรประกันสังคมบรรจุใหม่,2565,4,2564 | 2565 | 2566 | 2567,ชื่อตรงกันทุกตัวอักษรหลังปรับรูป,จับคู่อัตโนมัติด้วยชื่อตรงกัน,,,,,1172800.0,695643.78,2565-0209,DOC-BUD-2565,1.3ผลเบิกจ่ายปี 2565 - final.pdf,7
ITM-0502,โครงการเตรียมพร้อมก่อนเกษียณบุคลากรประกันสังคม,6. โครงการเตรียมพร้อมก่อนเกษียณบุคลากรประกันสังคม,2565,3,2564 | 2565 | 2566,ชื่อตรงกันทุกตัวอักษรหลังปรับรูป,จับคู่อัตโนมัติด้วยชื่อตรงกัน,,,,,486900.0,,2565-0210,DOC-BUD-2565,1.3ผลเบิกจ่ายปี 2565 - final.pdf,7
ITM-0428,โครงการพัฒนาทักษะภาษาต่างประเทศ,7. โครงการพัฒนาทักษะภาษาต่างประเทศ,2565,5,2563 | 2564 | 2565 | 2566 | 2567,ชื่อตรงกันทุกตัวอักษรหลังปรับรูป,จับคู่อัตโนมัติด้วยชื่อตรงกัน,,,,,2500000.0,1109400.0,2565-0211,DOC-BUD-2565,1.3ผลเบิกจ่ายปี 2565 - final.pdf,7
ITM-0251,โครงการ Service Smart Smile (3S)การพัฒนาศักยภาพเจ้าหน้าที่ผู้ปฏิบัติงาน ด้านบริการ,8. โครงการ Service Smart Smile (3S)การพัฒนาศักยภาพเจ้าหน้าที่ผู้ปฏิบัติงาน ด้านบริการ,2565,1,2565,ชื่อตรงกันทุกตัวอักษรหลังปรับรูป,พบปีเดียวและมีรายการชื่อคล้ายกันในปีอื่น ต้องตรวจสอบด้วยคน,ITM-0252,โครงการ Service Smart Smile (3S) พัฒนาศักยภาพเจ้าหน้าที่ผู้ปฏิบัติงาน ด้านบริการ,98.0,2566 | 2567,694200.0,,2565-0212,DOC-BUD-2565,1.3ผลเบิกจ่ายปี 2565 - final.pdf,7
ITM-0340,โครงการดำเนินการทางวินัยสำหรับเจ้าหน้าที่สำนักงานประกันสังคม พ.ศ. 2565,9. โครงการดำเนินการทางวินัยสำหรับเจ้าหน้าที่สำนักงานประกันสังคม พ.ศ. 2565,2565,2,2563 | 2565,ชื่อตรงกันทุกตัวอักษรหลังปรับรูป,ชื่อตรงกันข้ามปี และยังมีรายการชื่อคล้ายกันให้ตรวจเพิ่ม,ITM-0003,การดำเนินการทางวินัยสำหรับเจ้าหน้าที่สำนักงานประกันสังคม พ.ศ. 2564,96.6,2564,620000.0,475127.0,2565-0213,DOC-BUD-2565,1.3ผลเบิกจ่ายปี 2565 - final.pdf,7
ITM-0450,โครงการพัฒนาสมรรถนะบุคลากรด้านการบริหารงานงบประมาณ และแผนปฏิบัติราชการ,10. โครงการพัฒนาสมรรถนะบุคลากรด้านการบริหารงานงบประมาณ และแผนปฏิบัติราชการ,2565,5,2563 | 2564 | 2565 | 2566 | 2567,ชื่อตรงกันทุกตัวอักษรหลังปรับรูป,จับคู่อัตโนมัติด้วยชื่อตรงกัน,,,,,1353000.0,53320.0,2565-0214,DOC-BUD-2565,1.3ผลเบิกจ่ายปี 2565 - final.pdf,7
ITM-0489,โครงการอบรมเชิงปฏิบัติการเพื่อการเพิ่มประสิทธิภาพงานวินิจฉัยประโยชน์ทดแทน,11. โครงการอบรมเชิงปฏิบัติการเพื่อการเพิ่มประสิทธิภาพงานวินิจฉัยประโยชน์ทดแทน,2565,4,2563 | 2565 | 2566 | 2567,ชื่อตรงกันทุกตัวอักษรหลังปรับรูป,ชื่อตรงกันข้ามปี และยังมีรายการชื่อคล้ายกันให้ตรวจเพิ่ม,ITM-0227,อบรมเชิงปฏิบัติการเพื่อการเพิ่มประสิทธิภาพงานวินิจฉัยประโยชน์ทดแทน,95.0,2564,1680000.0,1493810.4,2565-0215,DOC-BUD-2565,1.3ผลเบิกจ่ายปี 2565 - final.pdf,7
ITM-0384,โครงการประชุมเชิงปฏิบัติการบริหารจัดการความเสี่ยงด้านงานประโยชน์ทดแทน,12. โครงการประชุมเชิงปฏิบัติการบริหารจัดการความเสี่ยงด้านงานประโยชน์ทดแทน,2565,4,2563 | 2565 | 2566 | 2567,ชื่อตรงกันทุกตัวอักษรหลังปรับรูป,ชื่อตรงกันข้ามปี และยังมีรายการชื่อคล้ายกันให้ตรวจเพิ่ม,ITM-0200,ประชุมเชิงปฏิบัติการบริหารจัดการความเสี่ยงด้านงานประโยชน์ทดแทน,94.7,2564,326100.0,300741.2,2565-0216,DOC-BUD-2565,1.3ผลเบิกจ่ายปี 2565 - final.pdf,7
ITM-0415,โครงการฝึกอบรมหลักสูตร การพัฒนาทักษะการปฏิบัติงานของผู้ตรวจสอบภายใน,13. โครงการฝึกอบรมหลักสูตร การพัฒนาทักษะการปฏิบัติงานของผู้ตรวจสอบภายใน,2565,2,2564 | 2565,ชื่อตรงกันทุกตัวอักษรหลังปรับรูป,จับคู่อัตโนมัติด้วยชื่อตรงกัน,,,,,106800.0,82188.4,2565-0217,DOC-BUD-2565,1.3ผลเบิกจ่ายปี 2565 - final.pdf,7
ITM-0455,โครงการพัฒนาสมรรถนะผู้ปฏิบัติงานด้านกฎหมาย,14. โครงการพัฒนาสมรรถนะผู้ปฏิบัติงานด้านกฎหมาย,2565,4,2564 | 2565 | 2566 | 2567,ชื่อตรงกันทุกตัวอักษรหลังปรับรูป,จับคู่อัตโนมัติด้วยชื่อตรงกัน,,,,,411400.0,333233.0,2565-0218,DOC-BUD-2565,1.3ผลเบิกจ่ายปี 2565 - final.pdf,7
ITM-0451,โครงการพัฒนาสมรรถนะบุคลากรด้านการบริหารพัสดุ,15. โครงการพัฒนาสมรรถนะบุคลากรด้านการบริหารพัสดุ,2565,3,2564 | 2565 | 2567,ชื่อตรงกันทุกตัวอักษรหลังปรับรูป,จับคู่อัตโนมัติด้วยชื่อตรงกัน,,,,,2013000.0,1904326.4,2565-0219,DOC-BUD-2565,1.3ผลเบิกจ่ายปี 2565 - final.pdf,7
ITM-0427,โครงการพัฒนาคุณภาพการบริหารจัดการภาครัฐของสำนักงานประกันสังคม ตามเกณฑ์คุณภาพการบริหารจัดการภาครัฐ (PMQA),16. โครงการพัฒนาคุณภาพการบริหารจัดการภาครัฐของสำนักงานประกันสังคม ตามเกณฑ์คุณภาพการบริหารจัดการภาครัฐ (PMQA),2565,4,2564 | 2565 | 2566 | 2567,ชื่อตรงกันทุกตัวอักษรหลังปรับรูป,จับคู่อัตโนมัติด้วยชื่อตรงกัน,,,,,528400.0,414694.16,2565-0220,DOC-BUD-2565,1.3ผลเบิกจ่ายปี 2565 - final.pdf,7
ITM-0351,โครงการทบทวน บทบาท ภารกิจและรูปแบบการดำเนินงานของสำนักงานประกันสังคม,17. โครงการทบทวน บทบาท ภารกิจและรูปแบบการดำเนินงานของสำนักงานประกันสังคม,2565,3,2565 | 2566 | 2567,ชื่อตรงกันทุกตัวอักษรหลังปรับรูป,จับคู่อัตโนมัติด้วยชื่อตรงกัน,,,,,285700.0,273365.0,2565-0221,DOC-BUD-2565,1.3ผลเบิกจ่ายปี 2565 - final.pdf,7
ITM-0458,โครงการยกระดับผลงานการบริการภาครัฐ และการบริหารราชการแบบมีส่วนร่วม ตามแนวทางรางวัลเลิศรัฐ,18. โครงการยกระดับผลงานการบริการภาครัฐและการบริหารราชการ แบบมีส่วนร่วมตามแนวทางรางวัลเลิศรัฐ,2565,3,2565 | 2566 | 2567,ชื่อตรงกันทุกตัวอักษรหลังปรับรูป,จับคู่อัตโนมัติด้วยชื่อตรงกัน,,,,,650000.0,591267.68,2565-0222,DOC-BUD-2565,1.3ผลเบิกจ่ายปี 2565 - final.pdf,7
ITM-0263,"โครงการขับเคลื่อนสปส. สู่ความสำเร็จ ""SSO TRUST"" เพื่อการพัฒนา องค์กรอย่างยั่งยืน","19. โครงการขับเคลื่อนสปส. สู่ความสำเร็จ ""SSO TRUST"" เพื่อการพัฒนา องค์กรอย่างยั่งยืน",2565,1,2565,ชื่อตรงกันทุกตัวอักษรหลังปรับรูป,พบปีเดียว ยังไม่ยืนยันการจับคู่ข้ามปี,,,,,,6274706.0,2565-0223,DOC-BUD-2565,1.3ผลเบิกจ่ายปี 2565 - final.pdf,7
ITM-0525,"โครงการแลกเปลี่ยนเรียนรู้ประสบการณ์เพื่อขับเคลื่อนสปส. สู่ความสำเร็จด้วย ""SSO TRUST""","20. โครงการแลกเปลี่ยนเรียนรู้ประสบการณ์เพื่อขับเคลื่อนสปส. สู่ความสำเร็จด้วย ""SSO TRUST""",2565,1,2565,ชื่อตรงกันทุกตัวอักษรหลังปรับรูป,พบปีเดียว ยังไม่ยืนยันการจับคู่ข้ามปี,,,,,,693095.0,2565-0224,DOC-BUD-2565,1.3ผลเบิกจ่ายปี 2565 - final.pdf,7
ITM-0485,โครงการหลักสูตรการฝึกและดูงานเกี่ยวกับเศรษฐกิจพอเพียง,21. โครงการหลักสูตรการฝึกและดูงานเกี่ยวกับเศรษฐกิจพอเพียง,2565,1,2565,ชื่อตรงกันทุกตัวอักษรหลังปรับรูป,พบปีเดียว ยังไม่ยืนยันการจับคู่ข้ามปี,,,,,,16740.0,2565-0225,DOC-BUD-2565,1.3ผลเบิกจ่ายปี 2565 - final.pdf,7
ITM-0520,โครงการเสริมสร้างสมรรถนะบุคลากรของสำนักงานประกันสังคม,4.2 โครงการเสริมสร้างสมรรถนะบุคลากรของสำนักงานประกันสังคม,2565,5,2563 | 2564 | 2565 | 2566 | 2567,ชื่อตรงกันทุกตัวอักษรหลังปรับรูป,จับคู่อัตโนมัติด้วยชื่อตรงกัน,,,,,25464000.0,22721601.73,2565-0226,DOC-BUD-2565,1.3ผลเบิกจ่ายปี 2565 - final.pdf,7
ITM-0005,การฝึกอบรมทักษะด้านภาษาต่างประเทศเพื่อการปฏิบัติงาน,4.3 การฝึกอบรมทักษะด้านภาษาต่างประเทศเพื่อการปฏิบัติงาน,2565,3,2563 | 2564 | 2565,ชื่อตรงกันทุกตัวอักษรหลังปรับรูป,จับคู่อัตโนมัติด้วยชื่อตรงกัน,,,,,378800.0,285050.0,2565-0227,DOC-BUD-2565,1.3ผลเบิกจ่ายปี 2565 - final.pdf,7
ITM-0001,การจัดการความรู้สำนักงานประกันสังคม,4.3 การจัดการความรู้สำนักงานประกันสังคม,2565,5,2563 | 2564 | 2565 | 2566 | 2567,ชื่อตรงกันทุกตัวอักษรหลังปรับรูป,จับคู่อัตโนมัติด้วยชื่อตรงกัน,,,,,1129000.0,988642.78,2565-0228,DOC-BUD-2565,1.3ผลเบิกจ่ายปี 2565 - final.pdf,7
ITM-0162,ค่าใช้จ่ายในการจัดประชุม อบรมให้ความรู้งานประกันสังคม,5. ค่าใช้จ่ายในการจัดประชุม อบรมให้ความรู้งานประกันสังคม,2565,5,2563 | 2564 | 2565 | 2566 | 2567,ชื่อตรงกันทุกตัวอักษรหลังปรับรูป,จับคู่อัตโนมัติด้วยชื่อตรงกัน,,,,,9820000.0,9386544.07,2565-0229,DOC-BUD-2565,1.3ผลเบิกจ่ายปี 2565 - final.pdf,7
ITM-0155,ค่าใช้จ่ายต่าง ๆ เพื่อเผยแพร่ความรู้เกี่ยวกับการประกันสังคม,6. ค่าใช้จ่ายต่าง ๆ เพื่อเผยแพร่ความรู้เกี่ยวกับการประกันสังคม,2565,5,2563 | 2564 | 2565 | 2566 | 2567,ชื่อตรงกันทุกตัวอักษรหลังปรับรูป,จับคู่อัตโนมัติด้วยชื่อตรงกัน,,,,,130300000.0,112380727.0,2565-0231,DOC-BUD-2565,1.3ผลเบิกจ่ายปี 2565 - final.pdf,7
ITM-0192,จัดนิทรรศการวัรแงงานแห่งชาติ,1. จัดนิทรรศการวัรแงงานแห่งชาติ,2565,3,2563 | 2564 | 2565,ชื่อตรงกันทุกตัวอักษรหลังปรับรูป,ชื่อตรงกันข้ามปี และยังมีรายการชื่อคล้ายกันให้ตรวจเพิ่ม,ITM-0194,จ้างจัดนิทรรศการวัรแงงานแห่งชาติ,93.3,2566,1500000.0,491000.0,2565-0232,DOC-BUD-2565,1.3ผลเบิกจ่ายปี 2565 - final.pdf,7
ITM-0207,ผลิตและออกอากาศสื่อโทรทัศน์,2. ผลิตและออกอากาศสื่อโทรทัศน์,2565,5,2563 | 2564 | 2565 | 2566 | 2567,ชื่อตรงกันทุกตัวอักษรหลังปรับรูป,จับคู่อัตโนมัติด้วยชื่อตรงกัน,,,,,24000000.0,11872515.0,2565-0233,DOC-BUD-2565,1.3ผลเบิกจ่ายปี 2565 - final.pdf,7
ITM-0206,ผลิตและออกอากาศสื่อวิทยุ,3. ผลิตและออกอากาศสื่อวิทยุ,2565,5,2563 | 2564 | 2565 | 2566 | 2567,ชื่อตรงกันทุกตัวอักษรหลังปรับรูป,จับคู่อัตโนมัติด้วยชื่อตรงกัน,,,,,3000000.0,2929500.0,2565-0234,DOC-BUD-2565,1.3ผลเบิกจ่ายปี 2565 - final.pdf,7
ITM-0205,ผลิตและประชาสัมพันธ์ทางสื่อสิ่งพิมพ์,4. ผลิตและประชาสัมพันธ์ทางสื่อสิ่งพิมพ์,2565,5,2563 | 2564 | 2565 | 2566 | 2567,ชื่อตรงกันทุกตัวอักษรหลังปรับรูป,จับคู่อัตโนมัติด้วยชื่อตรงกัน,,,,,5000000.0,3739250.0,2565-0235,DOC-BUD-2565,1.3ผลเบิกจ่ายปี 2565 - final.pdf,7
ITM-0209,ผลิตและเผยแพร่ทางสื่อออนไลน์ (เว็บไซต์) หรือสื่อสังคมออนไลน์ (โซเซียลมีเดีย),5. ผลิตและเผยแพร่ทางสื่อออนไลน์ (เว็บไซต์) หรือสื่อสังคมออนไลน์ (โซเซียลมีเดีย),2565,4,2564 | 2565 | 2566 | 2567,ชื่อตรงกันทุกตัวอักษรหลังปรับรูป,จับคู่อัตโนมัติด้วยชื่อตรงกัน,,,,,10000000.0,9936286.0,2565-0236,DOC-BUD-2565,1.3ผลเบิกจ่ายปี 2565 - final.pdf,7
ITM-0204,ผลิตสื่อประชาสัมพันธ์เพื่อเผยแพร่ประชาสัมพันธ์ ส่งแรงงานกลับบ้าน,6. ผลิตสื่อประชาสัมพันธ์เพื่อเผยแพร่ประชาสัมพันธ์ ส่งแรงงานกลับบ้าน,2565,5,2563 | 2564 | 2565 | 2566 | 2567,ชื่อตรงกันทุกตัวอักษรหลังปรับรูป,จับคู่อัตโนมัติด้วยชื่อตรงกัน,,,,,500000.0,491200.0,2565-0237,DOC-BUD-2565,1.3ผลเบิกจ่ายปี 2565 - final.pdf,7
ITM-0244,แผ่นพับประชาสัมพันธ์งานประกันสังคม,7. แผ่นพับประชาสัมพันธ์งานประกันสังคม,2565,3,2563 | 2564 | 2565,ชื่อตรงกันทุกตัวอักษรหลังปรับรูป,จับคู่อัตโนมัติด้วยชื่อตรงกัน,,,,,4000000.0,3990000.0,2565-0238,DOC-BUD-2565,1.3ผลเบิกจ่ายปี 2565 - final.pdf,7
ITM-0202,ผลิตสื่อประชาสัมพันธ์เพื่อเผยแพร่ประชาสัมพันธ์,8. ผลิตสื่อประชาสัมพันธ์เพื่อเผยแพร่ประชาสัมพันธ์,2565,4,2564 | 2565 | 2566 | 2567,ชื่อตรงกันทุกตัวอักษรหลังปรับรูป,จับคู่อัตโนมัติด้วยชื่อตรงกัน,,,,,3000000.0,2988500.0,2565-0239,DOC-BUD-2565,1.3ผลเบิกจ่ายปี 2565 - final.pdf,7
ITM-0198,ตรวจตัดข่าว ผ่านสื่อสิ่งพิมพ์ และสื่อออนไลน์,9. ตรวจตัดข่าว ผ่านสื่อสิ่งพิมพ์ และสื่อออนไลน์,2565,5,2563 | 2564 | 2565 | 2566 | 2567,ชื่อตรงกันทุกตัวอักษรหลังปรับรูป,จับคู่อัตโนมัติด้วยชื่อตรงกัน,,,,,500000.0,499476.0,2565-0240,DOC-BUD-2565,1.3ผลเบิกจ่ายปี 2565 - final.pdf,7
ITM-0190,จัดทำปฏิทินประกันสังคม ประจำปี 2566,10. จัดทำปฏิทินประกันสังคม ประจำปี 2566,2565,3,2563 | 2564 | 2565,ชื่อตรงกันทุกตัวอักษรหลังปรับรูป,จับคู่อัตโนมัติด้วยชื่อตรงกัน,,,,,55000000.0,54973000.0,2565-0241,DOC-BUD-2565,1.3ผลเบิกจ่ายปี 2565 - final.pdf,7
ITM-0191,จัดทำวารสารประกันสังคม,11. จัดทำวารสารประกันสังคม,2565,2,2564 | 2565,ชื่อตรงกันทุกตัวอักษรหลังปรับรูป,จับคู่อัตโนมัติด้วยชื่อตรงกัน,,,,,20000000.0,20000000.0,2565-0242,DOC-BUD-2565,1.3ผลเบิกจ่ายปี 2565 - final.pdf,7
ITM-0201,ผลิตวัสดุประชาสัมพันธ์วันแรงงานแห่งชาติ,12. ผลิตวัสดุประชาสัมพันธ์วันแรงงานแห่งชาติ,2565,5,2563 | 2564 | 2565 | 2566 | 2567,ชื่อตรงกันทุกตัวอักษรหลังปรับรูป,จับคู่อัตโนมัติด้วยชื่อตรงกัน,,,,,3800000.0,470000.0,2565-0243,DOC-BUD-2565,1.3ผลเบิกจ่ายปี 2565 - final.pdf,7
ITM-0002,การจัดส่งข้าราชการและพนักงานสำนักงานประกันสังคมเข้ารับ การอบรมด้านวิชาการที่หน่วยงานภายนอกเป็นผู้จัด,7. การจัดส่งข้าราชการและพนักงานสำนักงานประกันสังคมเข้ารับ การอบรมด้านวิชาการที่หน่วยงานภายนอกเป็นผู้จัด,2565,5,2563 | 2564 | 2565 | 2566 | 2567,ชื่อตรงกันทุกตัวอักษรหลังปรับรูป,จับคู่อัตโนมัติด้วยชื่อตรงกัน,,,,,22700000.0,18369994.34,2565-0244,DOC-BUD-2565,1.3ผลเบิกจ่ายปี 2565 - final.pdf,7
ITM-0491,โครงการอบรมเชิงปฏิบัติการแก่นายจ้างเพื่อจัดทำข้อมูลและจ่ายเงินสมทบ กองทุนประกันสงคมผ่านระบบอิเล็กทรอนิกส์ (e-Payment),8. โครงการอบรมเชิงปฏิบัติการแก่นายจ้างเพื่อจัดทำข้อมูลและจ่ายเงินสมทบ กองทุนประกันสงคมผ่านระบบอิเล็กทรอนิกส์ (e-Payment),2565,3,2565 | 2566 | 2567,ชื่อตรงกันทุกตัวอักษรหลังปรับรูป,ชื่อตรงกันข้ามปี และยังมีรายการชื่อคล้ายกันให้ตรวจเพิ่ม,ITM-0008,การอบรมเชิงปฏิบัติการแก่นายจ้างเพื่อจัดทำข้อมูลและจ่ายเงินสมทบ กองทุนประกันสงคมผ่านระบบอิเล็กทรอนิกส์ (e-Payment),98.2,2563 | 2564,2760000.0,2253692.3,2565-0245,DOC-BUD-2565,1.3ผลเบิกจ่ายปี 2565 - final.pdf,7
ITM-0527,โครงการให้ความรู้ด้านการประกันสังคมแก่แรงงานต่างด้าว,9. โครงการให้ความรู้ด้านการประกันสังคมแก่แรงงานต่างด้าว,2565,4,2564 | 2565 | 2566 | 2567,ชื่อตรงกันทุกตัวอักษรหลังปรับรูป,จับคู่อัตโนมัติด้วยชื่อตรงกัน,,,,,440000.0,408212.0,2565-0246,DOC-BUD-2565,1.3ผลเบิกจ่ายปี 2565 - final.pdf,8
ITM-0348,โครงการตรวจสอบสถานประกอบการเพื่อป้องกันการแสวงประโยชน์ จากการใช้แรงงานและกองทุน,10. โครงการตรวจสอบสถานประกอบการเพื่อป้องกันการแสวงประโยชน์ จากการใช้แรงงานและกองทุน,2565,5,2563 | 2564 | 2565 | 2566 | 2567,ชื่อตรงกันทุกตัวอักษรหลังปรับรูป,จับคู่อัตโนมัติด้วยชื่อตรงกัน,,,,,278000.0,255446.0,2565-0247,DOC-BUD-2565,1.3ผลเบิกจ่ายปี 2565 - final.pdf,8
ITM-0470,โครงการ สปส.มอบสุข,11. โครงการ สปส.มอบสุข,2565,5,2563 | 2564 | 2565 | 2566 | 2567,ชื่อตรงกันทุกตัวอักษรหลังปรับรูป,จับคู่อัตโนมัติด้วยชื่อตรงกัน,,,,,3400000.0,3230000.0,2565-0248,DOC-BUD-2565,1.3ผลเบิกจ่ายปี 2565 - final.pdf,8
ITM-0293,โครงการจัดนิทรรศการและแถลงข่าวงานประกันสังคม,12. โครงการจัดนิทรรศการและแถลงข่าวงานประกันสังคม,2565,5,2563 | 2564 | 2565 | 2566 | 2567,ชื่อตรงกันทุกตัวอักษรหลังปรับรูป,จับคู่อัตโนมัติด้วยชื่อตรงกัน,,,,,2000000.0,1749830.0,2565-0249,DOC-BUD-2565,1.3ผลเบิกจ่ายปี 2565 - final.pdf,8
ITM-0249,โครงการ SSO Star Contest,13. โครงการ SSO Star Contest,2565,1,2565,ชื่อตรงกันทุกตัวอักษรหลังปรับรูป,พบปีเดียว ยังไม่ยืนยันการจับคู่ข้ามปี,,,,,244000.0,228400.0,2565-0250,DOC-BUD-2565,1.3ผลเบิกจ่ายปี 2565 - final.pdf,8
ITM-0496,โครงการออกหน่วยเคลื่อนที่บริการเบ็ดเสร็จ Service Delivery Unit,14. โครงการออกหน่วยเคลื่อนที่บริการเบ็ดเสร็จ Service Delivery Unit,2565,5,2563 | 2564 | 2565 | 2566 | 2567,ชื่อตรงกันทุกตัวอักษรหลังปรับรูป,จับคู่อัตโนมัติด้วยชื่อตรงกัน,,,,,4869500.0,3066712.7,2565-0251,DOC-BUD-2565,1.3ผลเบิกจ่ายปี 2565 - final.pdf,8
ITM-0448,โครงการพัฒนาศักยภาพแกนนำเครือข่ายประกันสังคม,15. โครงการพัฒนาศักยภาพแกนนำเครือข่ายประกันสังคม,2565,5,2563 | 2564 | 2565 | 2566 | 2567,ชื่อตรงกันทุกตัวอักษรหลังปรับรูป,จับคู่อัตโนมัติด้วยชื่อตรงกัน,,,,,5178600.0,4937142.0,2565-0252,DOC-BUD-2565,1.3ผลเบิกจ่ายปี 2565 - final.pdf,8
ITM-0462,โครงการวันประกันสังคม,16. โครงการวันประกันสังคม,2565,2,2564 | 2565,ชื่อตรงกันทุกตัวอักษรหลังปรับรูป,จับคู่อัตโนมัติด้วยชื่อตรงกัน,,,,,605400.0,425221.6,2565-0253,DOC-BUD-2565,1.3ผลเบิกจ่ายปี 2565 - final.pdf,8
ITM-0373,โครงการประกันสังคมทั่วไทยสู่แรงงานภาคอิสระ,17. โครงการประกันสังคมทั่วไทยสู่แรงงานภาคอิสระ,2565,5,2563 | 2564 | 2565 | 2566 | 2567,ชื่อตรงกันทุกตัวอักษรหลังปรับรูป,จับคู่อัตโนมัติด้วยชื่อตรงกัน,,,,,916000.0,739623.6,2565-0254,DOC-BUD-2565,1.3ผลเบิกจ่ายปี 2565 - final.pdf,8
ITM-0262,โครงการขับเคลื่อนวัฒนธรรมองค์กรเพื่อภาพลักษณ์ที่ดีและการพัฒนา องค์กรอย่างยั่งยืน,18. โครงการขับเคลื่อนวัฒนธรรมองค์กรเพื่อภาพลักษณ์ที่ดีและการพัฒนา องค์กรอย่างยั่งยืน,2565,1,2565,ชื่อตรงกันทุกตัวอักษรหลังปรับรูป,พบปีเดียว ยังไม่ยืนยันการจับคู่ข้ามปี,,,,,890000.0,532029.2,2565-0255,DOC-BUD-2565,1.3ผลเบิกจ่ายปี 2565 - final.pdf,8
ITM-0261,โครงการขับเคลื่อนการยกระดับการให้บริการสู่มาตรฐานศูนย์ราชการสะดวก (Government Easy Contact Center : GECC),19. โครงการขับเคลื่อนการยกระดับการให้บริการสู่มาตรฐานศูนย์ราชการสะดวก (Government Easy Contact Center : GECC),2565,3,2565 | 2566 | 2567,ชื่อตรงกันทุกตัวอักษรหลังปรับรูป,จับคู่อัตโนมัติด้วยชื่อตรงกัน,,,,,745000.0,732827.1,2565-0256,DOC-BUD-2565,1.3ผลเบิกจ่ายปี 2565 - final.pdf,8
ITM-0457,โครงการมอบโล่ประกาศเกียรติคุณสถานประกอบการ,20. โครงการมอบโล่ประกาศเกียรติคุณสถานประกอบการ,2565,5,2563 | 2564 | 2565 | 2566 | 2567,ชื่อตรงกันทุกตัวอักษรหลังปรับรูป,จับคู่อัตโนมัติด้วยชื่อตรงกัน,,,,,450000.0,450000.0,2565-0257,DOC-BUD-2565,1.3ผลเบิกจ่ายปี 2565 - final.pdf,8
ITM-0383,โครงการประชุมเจ้าหน้าที่สถานพยาบาลและเจ้าหน้าที่ประกันสังคม,21. โครงการประชุมเจ้าหน้าที่สถานพยาบาลและเจ้าหน้าที่ประกันสังคม,2565,2,2564 | 2565,ชื่อตรงกันทุกตัวอักษรหลังปรับรูป,จับคู่อัตโนมัติด้วยชื่อตรงกัน,,,,,490800.0,,2565-0258,DOC-BUD-2565,1.3ผลเบิกจ่ายปี 2565 - final.pdf,8
ITM-0376,โครงการประกาศเกียรติคุณผู้ทำคุณประโยชน์ต่อสำนักงานประกันสังคม,22. โครงการประกาศเกียรติคุณผู้ทำคุณประโยชน์ต่อสำนักงานประกันสังคม,2565,5,2563 | 2564 | 2565 | 2566 | 2567,ชื่อตรงกันทุกตัวอักษรหลังปรับรูป,จับคู่อัตโนมัติด้วยชื่อตรงกัน,,,,,90000.0,53100.0,2565-0259,DOC-BUD-2565,1.3ผลเบิกจ่ายปี 2565 - final.pdf,8
ITM-0363,โครงการบริจาคโลหิตสำนักงานประกันสังคม,23. โครงการบริจาคโลหิตสำนักงานประกันสังคม,2565,4,2564 | 2565 | 2566 | 2567,ชื่อตรงกันทุกตัวอักษรหลังปรับรูป,จับคู่อัตโนมัติด้วยชื่อตรงกัน,,,,,31200.0,31143.0,2565-0260,DOC-BUD-2565,1.3ผลเบิกจ่ายปี 2565 - final.pdf,8
ITM-0419,โครงการฝึกอบรมเชิงปฏิบัติการซักซ้อมแผนการป้องกันและระงับอัคคีภัย,24. โครงการฝึกอบรมเชิงปฏิบัติการซักซ้อมแผนการป้องกันและระงับอัคคีภัย,2565,5,2563 | 2564 | 2565 | 2566 | 2567,ชื่อตรงกันทุกตัวอักษรหลังปรับรูป,จับคู่อัตโนมัติด้วยชื่อตรงกัน,,,,,100000.0,98652.75,2565-0261,DOC-BUD-2565,1.3ผลเบิกจ่ายปี 2565 - final.pdf,8
ITM-0074,ค่าจ้างล่ามภาษาต่างประเทศ,25. ค่าจ้างล่ามภาษาต่างประเทศ,2565,4,2564 | 2565 | 2566 | 2567,ชื่อตรงกันทุกตัวอักษรหลังปรับรูป,จับคู่อัตโนมัติด้วยชื่อตรงกัน,,,,,720000.0,637000.0,2565-0262,DOC-BUD-2565,1.3ผลเบิกจ่ายปี 2565 - final.pdf,8
ITM-0468,โครงการสนับสนุนการตั้งจุดบริการฉีดวัคซีนโควิด 19 เข็มกระตุ้นให้ผู้ประกันตน ในกรุงเทพมหานคร และในจังหวัดชลบุรี ระยอง ฉะเชิงเทรา สมุทรปราการ ปทุมธานี สมุทรสาคร นนทบุรี พระนครศรีอยุธยา และสงขลา,26. โครงการสนับสนุนการตั้งจุดบริการฉีดวัคซีนโควิด 19 เข็มกระตุ้นให้ผู้ประกันตน ในกรุงเทพมหานคร และในจังหวัดชลบุรี ระยอง ฉะเชิงเทรา สมุทรปราการ ปทุมธานี สมุทรสาคร นนทบุรี พระนครศรีอยุธยา และสงขลา,2565,1,2565,ชื่อตรงกันทุกตัวอักษรหลังปรับรูป,พบปีเดียว ยังไม่ยืนยันการจับคู่ข้ามปี,,,,,88514720.0,68784629.1,2565-0263,DOC-BUD-2565,1.3ผลเบิกจ่ายปี 2565 - final.pdf,8
ITM-0410,โครงการผลิตหนังสือร้อยเรียงความห่วงใยครอบครัวประกันสังคม,27. โครงการผลิตหนังสือร้อยเรียงความห่วงใยครอบครัวประกันสังคม,2565,1,2565,ชื่อตรงกันทุกตัวอักษรหลังปรับรูป,พบปีเดียว ยังไม่ยืนยันการจับคู่ข้ามปี,,,,,,490000.0,2565-0264,DOC-BUD-2565,1.3ผลเบิกจ่ายปี 2565 - final.pdf,8
ITM-0403,โครงการผลิตสื่อประชาสัมพันธ์เชิงรุกเพื่อผู้ประกันตนในสถานการณ์โควิด 19,28. โครงการผลิตสื่อประชาสัมพันธ์เชิงรุกเพื่อผู้ประกันตนในสถานการณ์โควิด 19,2565,1,2565,ชื่อตรงกันทุกตัวอักษรหลังปรับรูป,พบปีเดียว ยังไม่ยืนยันการจับคู่ข้ามปี,,,,,,498800.0,2565-0265,DOC-BUD-2565,1.3ผลเบิกจ่ายปี 2565 - final.pdf,8
ITM-0443,โครงการพัฒนาศักยภาพนักประชาสัมพันธ์ของ สปส.,29. โครงการพัฒนาศักยภาพนักประชาสัมพันธ์ของ สปส.,2565,1,2565,ชื่อตรงกันทุกตัวอักษรหลังปรับรูป,พบปีเดียว ยังไม่ยืนยันการจับคู่ข้ามปี,,,,,,592112.8,2565-0266,DOC-BUD-2565,1.3ผลเบิกจ่ายปี 2565 - final.pdf,8
ITM-0291,โครงการจัดทำแผนปฏิบัติการด้านการบริหารทรัพยากรบุคลากร สปส. ระยะ 5 ปี (พ.ศ.2566-2570),30. โครงการจัดทำแผนปฏิบัติการด้านการบริหารทรัพยากรบุคลากร สปส. ระยะ 5 ปี (พ.ศ.2566-2570),2565,1,2565,ชื่อตรงกันทุกตัวอักษรหลังปรับรูป,พบปีเดียว ยังไม่ยืนยันการจับคู่ข้ามปี,,,,,,66000.0,2565-0267,DOC-BUD-2565,1.3ผลเบิกจ่ายปี 2565 - final.pdf,8
ITM-0522,โครงการแปลงแผนปฏิบัติราชการสำนักงานประกันสังคม ระยะ 5 ปี (พ.ศ. 2566 - 2570) ไปสู่การปฏิบัติ,31. โครงการแปลงแผนปฏิบัติราชการสำนักงานประกันสังคม ระยะ 5 ปี (พ.ศ. 2566 - 2570) ไปสู่การปฏิบัติ,2565,1,2565,ชื่อตรงกันทุกตัวอักษรหลังปรับรูป,พบปีเดียว ยังไม่ยืนยันการจับคู่ข้ามปี,,,,,,100750.0,2565-0268,DOC-BUD-2565,1.3ผลเบิกจ่ายปี 2565 - final.pdf,8
ITM-0398,โครงการผลิตสื่อประชาสัมพันธ์ประเภทร่มสนาม,32. โครงการผลิตสื่อประชาสัมพันธ์ประเภทร่มสนาม,2565,1,2565,ชื่อตรงกันทุกตัวอักษรหลังปรับรูป,พบปีเดียว ยังไม่ยืนยันการจับคู่ข้ามปี,,,,,,495000.0,2565-0269,DOC-BUD-2565,1.3ผลเบิกจ่ายปี 2565 - final.pdf,8
ITM-0406,โครงการผลิตสื่อประชาสัมพันธ์เพื่อเผยแพร่ประชาสัมพันธ์ (น้ำดื่ม),33. โครงการผลิตสื่อประชาสัมพันธ์เพื่อเผยแพร่ประชาสัมพันธ์ (น้ำดื่ม),2565,1,2565,ชื่อตรงกันทุกตัวอักษรหลังปรับรูป,พบปีเดียว ยังไม่ยืนยันการจับคู่ข้ามปี,,,,,,498000.0,2565-0270,DOC-BUD-2565,1.3ผลเบิกจ่ายปี 2565 - final.pdf,8
ITM-0396,โครงการผลิตสื่อประชาสัมพันธ์ประเภทบทเพลง,34. โครงการผลิตสื่อประชาสัมพันธ์ประเภทบทเพลง,2565,1,2565,ชื่อตรงกันทุกตัวอักษรหลังปรับรูป,พบปีเดียว ยังไม่ยืนยันการจับคู่ข้ามปี,,,,,,490000.0,2565-0271,DOC-BUD-2565,1.3ผลเบิกจ่ายปี 2565 - final.pdf,8
ITM-0397,โครงการผลิตสื่อประชาสัมพันธ์ประเภทป้ายไวนิล,35. โครงการผลิตสื่อประชาสัมพันธ์ประเภทป้ายไวนิล,2565,1,2565,ชื่อตรงกันทุกตัวอักษรหลังปรับรูป,พบปีเดียว ยังไม่ยืนยันการจับคู่ข้ามปี,,,,,,2625000.0,2565-0272,DOC-BUD-2565,1.3ผลเบิกจ่ายปี 2565 - final.pdf,8
ITM-0510,"โครงการเผยแพร่ประชาสัมพันธ์ประกันสังคมสู่เครือข่าย ""บวร""","36. โครงการเผยแพร่ประชาสัมพันธ์ประกันสังคมสู่เครือข่าย ""บวร""",2565,1,2565,ชื่อตรงกันทุกตัวอักษรหลังปรับรูป,พบปีเดียว ยังไม่ยืนยันการจับคู่ข้ามปี,,,,,,499000.0,2565-0273,DOC-BUD-2565,1.3ผลเบิกจ่ายปี 2565 - final.pdf,8
ITM-0524,โครงการแรงงานสัญจร สำนักงานประกันสังคม,37. โครงการแรงงานสัญจร สำนักงานประกันสังคม,2565,1,2565,ชื่อตรงกันทุกตัวอักษรหลังปรับรูป,พบปีเดียว ยังไม่ยืนยันการจับคู่ข้ามปี,,,,,,,2565-0274,DOC-BUD-2565,1.3ผลเบิกจ่ายปี 2565 - final.pdf,8
ITM-0407,โครงการผลิตสื่อประชาสัมพันธ์แผ่นพับแผนปฏิบัติราชการสปส. ระยะ 5 ปี,38. โครงการผลิตสื่อประชาสัมพันธ์แผ่นพับแผนปฏิบัติราชการสปส. ระยะ 5 ปี,2565,1,2565,ชื่อตรงกันทุกตัวอักษรหลังปรับรูป,พบปีเดียว ยังไม่ยืนยันการจับคู่ข้ามปี,,,,,,,2565-0275,DOC-BUD-2565,1.3ผลเบิกจ่ายปี 2565 - final.pdf,8
ITM-0494,โครงการอบรมแนวทางการจัดทำแผนการใช้จ่ายงบประมาณรายจ่ายประจำปี 2566 ของสปส.,39. โครงการอบรมแนวทางการจัดทำแผนการใช้จ่ายงบประมาณรายจ่ายประจำปี 2566 ของสปส.,2565,1,2565,ชื่อตรงกันทุกตัวอักษรหลังปรับรูป,พบปีเดียว ยังไม่ยืนยันการจับคู่ข้ามปี,,,,,,392350.0,2565-0276,DOC-BUD-2565,1.3ผลเบิกจ่ายปี 2565 - final.pdf,8
ITM-0120,ค่าธรรมเนียมการโอนเงิน,1. ค่าธรรมเนียมการโอนเงิน,2565,3,2563 | 2564 | 2565,ชื่อตรงกันทุกตัวอักษรหลังปรับรูป,จับคู่อัตโนมัติด้วยชื่อตรงกัน,,,,,13340700.0,7882372.27,2565-0281,DOC-BUD-2565,1.3ผลเบิกจ่ายปี 2565 - final.pdf,8
ITM-0129,ค่าธรรมเนียมรับเงินสมทบกองทุนประกันสังคมผ่านธนาคาร/หน่วยบริการ,2. ค่าธรรมเนียมรับเงินสมทบกองทุนประกันสังคมผ่านธนาคาร/หน่วยบริการ,2565,5,2563 | 2564 | 2565 | 2566 | 2567,ชื่อตรงกันทุกตัวอักษรหลังปรับรูป,จับคู่อัตโนมัติด้วยชื่อตรงกัน,,,,,322949800.0,382710150.73,2565-0282,DOC-BUD-2565,1.3ผลเบิกจ่ายปี 2565 - final.pdf,9
ITM-0124,ค่าธรรมเนียมจ่ายประโยชน์ทดแทน,3. ค่าธรรมเนียมจ่ายประโยชน์ทดแทน,2565,5,2563 | 2564 | 2565 | 2566 | 2567,ชื่อตรงกันทุกตัวอักษรหลังปรับรูป,จับคู่อัตโนมัติด้วยชื่อตรงกัน,,,,,113934800.0,52263616.73,2565-0283,DOC-BUD-2565,1.3ผลเบิกจ่ายปี 2565 - final.pdf,9
ITM-0505,โครงการเปลี่ยนเครื่องกำเนิดไฟฟ้า อาคารวิทุร แสงสิงแก้ว,1. โครงการเปลี่ยนเครื่องกำเนิดไฟฟ้า อาคารวิทุร แสงสิงแก้ว,2565,1,2565,ชื่อตรงกันทุกตัวอักษรหลังปรับรูป,พบปีเดียว ยังไม่ยืนยันการจับคู่ข้ามปี,,,,,5457000.0,5457000.0,2565-0285,DOC-BUD-2565,1.3ผลเบิกจ่ายปี 2565 - final.pdf,9
ITM-0506,โครงการเปลี่ยนเครื่องปรับอากาศอาคารสำนักงานประกันสังคม,2. โครงการเปลี่ยนเครื่องปรับอากาศอาคารสำนักงานประกันสังคม,2565,1,2565,ชื่อตรงกันทุกตัวอักษรหลังปรับรูป,พบปีเดียว ยังไม่ยืนยันการจับคู่ข้ามปี,,,,,52893300.0,44740000.0,2565-0286,DOC-BUD-2565,1.3ผลเบิกจ่ายปี 2565 - final.pdf,9
ITM-0296,โครงการจัดหาระบบกล้องโทรทัศน์วงจรปิดแบบเชื่อมโยง (CCTV),3. โครงการจัดหาระบบกล้องโทรทัศน์วงจรปิดแบบเชื่อมโยง (CCTV),2565,2,2563 | 2565,ชื่อตรงกันทุกตัวอักษรหลังปรับรูป,จับคู่อัตโนมัติด้วยชื่อตรงกัน,,,,,76558100.0,76558100.0,2565-0287,DOC-BUD-2565,1.3ผลเบิกจ่ายปี 2565 - final.pdf,9
ITM-0277,โครงการจัดซื้อครุภัณฑ์คอมพิวเตอร์พร้อมระบบบริหารจัดการ ปี 2565,1. โครงการจัดซื้อครุภัณฑ์คอมพิวเตอร์พร้อมระบบบริหารจัดการ ปี 2565,2565,2,2564 | 2565,ชื่อตรงกันทุกตัวอักษรหลังปรับรูป,จับคู่อัตโนมัติด้วยชื่อตรงกัน,,,,,161540400.0,160360000.0,2565-0289,DOC-BUD-2565,1.3ผลเบิกจ่ายปี 2565 - final.pdf,9
ITM-0303,โครงการจัดหาระบบสนับสนุนศูนย์คอมพิวเตอร์ (Facility) พร้อมติดตั้งใช้งาน,2. โครงการจัดหาระบบสนับสนุนศูนย์คอมพิวเตอร์ (Facility) พร้อมติดตั้งใช้งาน,2565,1,2565,ชื่อตรงกันทุกตัวอักษรหลังปรับรูป,พบปีเดียว ยังไม่ยืนยันการจับคู่ข้ามปี,,,,,50369000.0,50300000.0,2565-0290,DOC-BUD-2565,1.3ผลเบิกจ่ายปี 2565 - final.pdf,9
ITM-0308,โครงการจัดหาเครื่องคอมพิวเตอร์แม่ข่ายเพื่อรองรับระบบสารสนเทศ,3. โครงการจัดหาเครื่องคอมพิวเตอร์แม่ข่ายเพื่อรองรับระบบสารสนเทศ,2565,1,2565,ชื่อตรงกันทุกตัวอักษรหลังปรับรูป,พบปีเดียว ยังไม่ยืนยันการจับคู่ข้ามปี,,,,,174485300.0,174000000.0,2565-0291,DOC-BUD-2565,1.3ผลเบิกจ่ายปี 2565 - final.pdf,9
ITM-0298,โครงการจัดหาระบบจัดเก็บข้อมูล (Enterprise Storage) บนเครื่องคอมพิวเตอร์เมนเฟรม เพื่อรองรับการให้บริการระบบกองทุนประกันสังคม,4. โครงการจัดหาระบบจัดเก็บข้อมูล (Enterprise Storage) บนเครื่องคอมพิวเตอร์เมนเฟรม เพื่อรองรับการให้บริการระบบกองทุนประกันสังคม,2565,1,2565,ชื่อตรงกันทุกตัวอักษรหลังปรับรูป,พบปีเดียว ยังไม่ยืนยันการจับคู่ข้ามปี,,,,,22500000.0,22458000.0,2565-0292,DOC-BUD-2565,1.3ผลเบิกจ่ายปี 2565 - final.pdf,9
ITM-0481,- โครงการส่งเสริมการมีส่วนร่วม เผยแพร่ ประชาสัมพันธ์งานประกันสังคมสู่ผู้ประกันตน,- โครงการส่งเสริมการมีส่วนร่วม เผยแพร่ ประชาสัมพันธ์งานประกันสังคมสู่ผู้ประกันตน,2565,5,2563 | 2564 | 2565 | 2566 | 2567,ชื่อตรงกันทุกตัวอักษรหลังปรับรูป,จับคู่อัตโนมัติด้วยชื่อตรงกัน,,,,,34000000.0,28731377.73,2565-0294,DOC-BUD-2565,1.3ผลเบิกจ่ายปี 2565 - final.pdf,9
ITM-0466,โครงการสถานพยาบาลในดวงใจ,1. โครงการสถานพยาบาลในดวงใจ,2565,5,2563 | 2564 | 2565 | 2566 | 2567,ชื่อตรงกันทุกตัวอักษรหลังปรับรูป,จับคู่อัตโนมัติด้วยชื่อตรงกัน,,,,,2429800.0,2188138.0,2565-0296,DOC-BUD-2565,1.3ผลเบิกจ่ายปี 2565 - final.pdf,9
ITM-0477,โครงการสำรวจความพึงพอใจสำนักงานประกันสังคม,2. โครงการสำรวจความพึงพอใจสำนักงานประกันสังคม,2565,5,2563 | 2564 | 2565 | 2566 | 2567,ชื่อตรงกันทุกตัวอักษรหลังปรับรูป,จับคู่อัตโนมัติด้วยชื่อตรงกัน,,,,,5300000.0,5170000.0,2565-0297,DOC-BUD-2565,1.3ผลเบิกจ่ายปี 2565 - final.pdf,9
ITM-0292,โครงการจัดทำแผนปฏิบัติราชการสำนักงานประกันสังคม ระยะ 5 ปี (พ.ศ. 2566 - 2570),3. โครงการจัดทำแผนปฏิบัติราชการสำนักงานประกันสังคม ระยะ 5 ปี (พ.ศ. 2566 - 2570),2565,1,2565,ชื่อตรงกันทุกตัวอักษรหลังปรับรูป,พบปีเดียว ยังไม่ยืนยันการจับคู่ข้ามปี,,,,,2175000.0,2058423.0,2565-0298,DOC-BUD-2565,1.3ผลเบิกจ่ายปี 2565 - final.pdf,9
ITM-0199,ทุนอุดหนุนการศึกษาบุคลากรสำนักงานประกันสังคม,4. ทุนอุดหนุนการศึกษาบุคลากรสำนักงานประกันสังคม,2565,5,2563 | 2564 | 2565 | 2566 | 2567,ชื่อตรงกันทุกตัวอักษรหลังปรับรูป,จับคู่อัตโนมัติด้วยชื่อตรงกัน,,,,,4000000.0,1901475.0,2565-0299,DOC-BUD-2565,1.3ผลเบิกจ่ายปี 2565 - final.pdf,9
ITM-0326,โครงการจ้างพัฒนาหลักสูตร e-learning ของสำนักงานประกันสังคม,5. โครงการจ้างพัฒนาหลักสูตร e-learning ของสำนักงานประกันสังคม,2565,4,2563 | 2564 | 2565 | 2566,ชื่อตรงกันทุกตัวอักษรหลังปรับรูป,จับคู่อัตโนมัติด้วยชื่อตรงกัน,,,,,1600000.0,1530000.0,2565-0300,DOC-BUD-2565,1.3ผลเบิกจ่ายปี 2565 - final.pdf,9
ITM-0519,โครงการเสริมสร้างธรรมาภิบาลป้องกันและลดความเสี่ยงในการเกิดทุจริตและประพฤติมิชอบ,6. โครงการเสริมสร้างธรรมาภิบาลป้องกันและลดความเสี่ยงในการเกิดทุจริตและประพฤติมิชอบ,2565,5,2563 | 2564 | 2565 | 2566 | 2567,ชื่อตรงกันทุกตัวอักษรหลังปรับรูป,จับคู่อัตโนมัติด้วยชื่อตรงกัน,,,,,343400.0,298965.0,2565-0301,DOC-BUD-2565,1.3ผลเบิกจ่ายปี 2565 - final.pdf,9
ITM-0464,โครงการวิเคราะห์และวางแผนอัตรากำลังของสำนักงานประกันสังคม,7. โครงการวิเคราะห์และวางแผนอัตรากำลังของสำนักงานประกันสังคม,2565,1,2565,ชื่อตรงกันทุกตัวอักษรหลังปรับรูป,พบปีเดียว ยังไม่ยืนยันการจับคู่ข้ามปี,,,,,2804100.0,2800000.0,2565-0302,DOC-BUD-2565,1.3ผลเบิกจ่ายปี 2565 - final.pdf,9
ITM-0165,ค่าใช้จ่ายในการจ้างพนักงานประกันสังคม,1. ค่าใช้จ่ายในการจ้างพนักงานประกันสังคม,2566,4,2564 | 2565 | 2566 | 2567,ชื่อตรงกันทุกตัวอักษรหลังปรับรูป,จับคู่อัตโนมัติด้วยชื่อตรงกัน,,,,,1452773700.0,1394895286.72,2566-0004,DOC-BUD-2566,1.4ผลเบิกจ่ายปี 2566  final.pdf,1
ITM-0241,เงินเพิ่มการครองชีพชั่วคราว,2. เงินเพิ่มการครองชีพชั่วคราว,2566,4,2564 | 2565 | 2566 | 2567,ชื่อตรงกันทุกตัวอักษรหลังปรับรูป,จับคู่อัตโนมัติด้วยชื่อตรงกัน,,,,,6860900.0,5344164.62,2566-0005,DOC-BUD-2566,1.4ผลเบิกจ่ายปี 2566  final.pdf,1
ITM-0110,ค่าตอบแทนสำหรับผู้บริหารระดับชำนาญการพิเศษ,3. ค่าตอบแทนสำหรับผู้บริหารระดับชำนาญการพิเศษ,2566,5,2563 | 2564 | 2565 | 2566 | 2567,ชื่อตรงกันทุกตัวอักษรหลังปรับรูป,จับคู่อัตโนมัติด้วยชื่อตรงกัน,,,,,554400.0,554400.0,2566-0006,DOC-BUD-2566,1.4ผลเบิกจ่ายปี 2566  final.pdf,1
ITM-0109,ค่าตอบแทนสำหรับข้าราชการระดับชำนาญการ/ชำนาญการพิเศษ ซึ่งปฏิบัติ หน้าที่ในฐานะหัวหน้าสำนักงานประกันสังคมจังหวัดสาขา,4. ค่าตอบแทนสำหรับข้าราชการระดับชำนาญการ/ชำนาญการพิเศษ ซึ่งปฏิบัติ หน้าที่ในฐานะหัวหน้าสำนักงานประกันสังคมจังหวัดสาขา,2566,5,2563 | 2564 | 2565 | 2566 | 2567,ชื่อตรงกันทุกตัวอักษรหลังปรับรูป,จับคู่อัตโนมัติด้วยชื่อตรงกัน,,,,,2100000.0,2003045.26,2566-0007,DOC-BUD-2566,1.4ผลเบิกจ่ายปี 2566  final.pdf,1
ITM-0107,ค่าตอบแทนวิชาชีพเฉพาะด้านการลงทุนสำหรับข้าราชการ,5. ค่าตอบแทนวิชาชีพเฉพาะด้านการลงทุนสำหรับข้าราชการ,2566,5,2563 | 2564 | 2565 | 2566 | 2567,ชื่อตรงกันทุกตัวอักษรหลังปรับรูป,จับคู่อัตโนมัติด้วยชื่อตรงกัน,,,,,9600000.0,8083400.0,2566-0008,DOC-BUD-2566,1.4ผลเบิกจ่ายปี 2566  final.pdf,1
ITM-0108,ค่าตอบแทนวิชาชีพเฉพาะด้านคณิตศาสตร์ประกันภัยสำหรับข้าราชการ,6. ค่าตอบแทนวิชาชีพเฉพาะด้านคณิตศาสตร์ประกันภัยสำหรับข้าราชการ,2566,5,2563 | 2564 | 2565 | 2566 | 2567,ชื่อตรงกันทุกตัวอักษรหลังปรับรูป,จับคู่อัตโนมัติด้วยชื่อตรงกัน,,,,,960000.0,638000.0,2566-0009,DOC-BUD-2566,1.4ผลเบิกจ่ายปี 2566  final.pdf,1
ITM-0229,เงินค่าตอบแทนพิเศษ (กรณีค่าจ้างถึงขั้นสูง),7. เงินค่าตอบแทนพิเศษ (กรณีค่าจ้างถึงขั้นสูง),2566,4,2564 | 2565 | 2566 | 2567,ชื่อตรงกันทุกตัวอักษรหลังปรับรูป,จับคู่อัตโนมัติด้วยชื่อตรงกัน,,,,,1108200.0,419166.02,2566-0010,DOC-BUD-2566,1.4ผลเบิกจ่ายปี 2566  final.pdf,1
ITM-0105,ค่าตอบแทนพิเศษรายเดือนให้แก่เจ้าหน้าที่ผู้ปฏิบัติงานในพื้นที่จังหวัด ชายแดนภาคใต้,1. ค่าตอบแทนพิเศษรายเดือนให้แก่เจ้าหน้าที่ผู้ปฏิบัติงานในพื้นที่จังหวัด ชายแดนภาคใต้,2566,4,2564 | 2565 | 2566 | 2567,ชื่อตรงกันทุกตัวอักษรหลังปรับรูป,ชื่อตรงกันข้ามปี และยังมีรายการชื่อคล้ายกันให้ตรวจเพิ่ม,ITM-0104,ค่าตอบแทนพิเศษรายเดือนให้แก่เจ้าหน้าที่ผู้ปฏิบัติงานในจังหวัด ชายแดนภาคใต้,95.4,2563,2886000.0,2729535.14,2566-0013,DOC-BUD-2566,1.4ผลเบิกจ่ายปี 2566  final.pdf,1
ITM-0242,เงินเพิ่มสำหรับตำแหน่งที่มีเหตุพิเศษของผู้ปฏิบัติงานด้านการสาธารณสุข (พ.ต.ส.),2. เงินเพิ่มสำหรับตำแหน่งที่มีเหตุพิเศษของผู้ปฏิบัติงานด้านการสาธารณสุข (พ.ต.ส.),2566,4,2564 | 2565 | 2566 | 2567,ชื่อตรงกันทุกตัวอักษรหลังปรับรูป,จับคู่อัตโนมัติด้วยชื่อตรงกัน,,,,,96000.0,41000.0,2566-0014,DOC-BUD-2566,1.4ผลเบิกจ่ายปี 2566  final.pdf,1
ITM-0102,ค่าตอบแทนประจำปี,3. ค่าตอบแทนประจำปี,2566,4,2564 | 2565 | 2566 | 2567,ชื่อตรงกันทุกตัวอักษรหลังปรับรูป,จับคู่อัตโนมัติด้วยชื่อตรงกัน,,,,,120302500.0,116284193.67,2566-0015,DOC-BUD-2566,1.4ผลเบิกจ่ายปี 2566  final.pdf,1
ITM-0235,เงินสมทบกองทุนประกันสังคม,1. เงินสมทบกองทุนประกันสังคม,2566,4,2564 | 2565 | 2566 | 2567,ชื่อตรงกันทุกตัวอักษรหลังปรับรูป,จับคู่อัตโนมัติด้วยชื่อตรงกัน,,,,,40159100.0,38804707.0,2566-0017,DOC-BUD-2566,1.4ผลเบิกจ่ายปี 2566  final.pdf,1
ITM-0237,เงินสมทบกองทุนเงินทดแทน,2. เงินสมทบกองทุนเงินทดแทน,2566,4,2564 | 2565 | 2566 | 2567,ชื่อตรงกันทุกตัวอักษรหลังปรับรูป,จับคู่อัตโนมัติด้วยชื่อตรงกัน,,,,,2065600.0,1471132.0,2566-0018,DOC-BUD-2566,1.4ผลเบิกจ่ายปี 2566  final.pdf,1
ITM-0233,เงินประกันภัยแก่ข้าราชการ ลูกจ้างประจำ และพนักงานสำนักงาน ประกันสังคมที่ปฏิบัติงานประจำในพื้นที่ 3 จังหวัดชายแดนภาคใต้,3. เงินประกันภัยแก่ข้าราชการ ลูกจ้างประจำ และพนักงานสำนักงาน ประกันสังคมที่ปฏิบัติงานประจำในพื้นที่ 3 จังหวัดชายแดนภาคใต้,2566,4,2564 | 2565 | 2566 | 2567,ชื่อตรงกันทุกตัวอักษรหลังปรับรูป,ชื่อตรงกันข้ามปี และยังมีรายการชื่อคล้ายกันให้ตรวจเพิ่ม,ITM-0234,เงินประกันภัยแก่ข้าราชการ ลูกจ้างประจำ และพนักงานสำนักงาน ประกันสังคมที่ปฏิบัติงานประจำในพื้นที่ 4 จังหวัดชายแดนภาคใต้,99.1,2563,59400.0,57600.0,2566-0019,DOC-BUD-2566,1.4ผลเบิกจ่ายปี 2566  final.pdf,1
ITM-0231,- เงินช่วยเหลือในกรณีที่พนักงานถึงแก่ความตาย,- เงินช่วยเหลือในกรณีที่พนักงานถึงแก่ความตาย,2566,5,2563 | 2564 | 2565 | 2566 | 2567,ชื่อตรงกันทุกตัวอักษรหลังปรับรูป,จับคู่อัตโนมัติด้วยชื่อตรงกัน,,,,,600000.0,507600.0,2566-0021,DOC-BUD-2566,1.4ผลเบิกจ่ายปี 2566  final.pdf,1
ITM-0144,ค่าเช่ารถยนต์,1. ค่าเช่ารถยนต์,2566,4,2563 | 2564 | 2565 | 2566,ชื่อตรงกันทุกตัวอักษรหลังปรับรูป,จับคู่อัตโนมัติด้วยชื่อตรงกัน,,,,,126000.0,123578.0,2566-0026,DOC-BUD-2566,1.4ผลเบิกจ่ายปี 2566  final.pdf,1
ITM-0333,โครงการจ้างหน่วยงานบริการดูแลและเก็บรักษาหลักทรัพย์ (Custodian),2. โครงการจ้างหน่วยงานบริการดูแลและเก็บรักษาหลักทรัพย์ (Custodian),2566,4,2564 | 2565 | 2566 | 2567,ชื่อตรงกันทุกตัวอักษรหลังปรับรูป,จับคู่อัตโนมัติด้วยชื่อตรงกัน,,,,,60000000.0,60000000.0,2566-0027,DOC-BUD-2566,1.4ผลเบิกจ่ายปี 2566  final.pdf,1
ITM-0011,ค่าก่อสร้างอาคารสำนักงานประกันสังคมจังหวัดชลบุรี สาขาศรีราชา,1. ค่าก่อสร้างอาคารสำนักงานประกันสังคมจังหวัดชลบุรี สาขาศรีราชา,2566,1,2566,ชื่อตรงกันทุกตัวอักษรหลังปรับรูป,พบปีเดียวและมีรายการชื่อคล้ายกันในปีอื่น ต้องตรวจสอบด้วยคน,ITM-0185,งานก่อสร้างอาคารสำนักงานประกันสังคมจังหวัดชลบุรี สาขาศรีราชา,96.6,2564,22651200.0,22651200.0,2566-0031,DOC-BUD-2566,1.4ผลเบิกจ่ายปี 2566  final.pdf,2
ITM-0013,ค่าก่อสร้างอาคารสำนักงานประกันสังคมจังหวัดปทุมธานี สาขาคลองหลวง,2. ค่าก่อสร้างอาคารสำนักงานประกันสังคมจังหวัดปทุมธานี สาขาคลองหลวง,2566,2,2566 | 2567,ชื่อตรงกันทุกตัวอักษรหลังปรับรูป,ชื่อตรงกันข้ามปี และยังมีรายการชื่อคล้ายกันให้ตรวจเพิ่ม,ITM-0187,งานก่อสร้างอาคารสำนักงานประกันสังคมจังหวัดปทุมธานี สาขาคลองหลวง,96.8,2564,1664350.0,1664350.0,2566-0032,DOC-BUD-2566,1.4ผลเบิกจ่ายปี 2566  final.pdf,2
ITM-0014,ค่าก่อสร้างอาคารสำนักงานประกันสังคมจังหวัดอยุธยา สาขาอุทัย,3. ค่าก่อสร้างอาคารสำนักงานประกันสังคมจังหวัดอยุธยา สาขาอุทัย,2566,1,2566,ชื่อตรงกันทุกตัวอักษรหลังปรับรูป,พบปีเดียวและมีรายการชื่อคล้ายกันในปีอื่น ต้องตรวจสอบด้วยคน,ITM-0189,งานก่อสร้างอาคารสำนักงานประกันสังคมจังหวัดอยุธยา สาขาอุทัย,96.5,2564,3411000.0,3411000.0,2566-0033,DOC-BUD-2566,1.4ผลเบิกจ่ายปี 2566  final.pdf,2
ITM-0012,ค่าก่อสร้างอาคารสำนักงานประกันสังคมจังหวัดบุรีรัมย์ สาขานางรอง,4. ค่าก่อสร้างอาคารสำนักงานประกันสังคมจังหวัดบุรีรัมย์ สาขานางรอง,2566,2,2566 | 2567,ชื่อตรงกันทุกตัวอักษรหลังปรับรูป,จับคู่อัตโนมัติด้วยชื่อตรงกัน,,,,,5719200.0,5719200.0,2566-0034,DOC-BUD-2566,1.4ผลเบิกจ่ายปี 2566  final.pdf,2
ITM-0343,โครงการตกแต่งภายในอาคารสำนักงานประกันสังคมจังหวัดระยอง สาขาปลวกแดง,5. โครงการตกแต่งภายในอาคารสำนักงานประกันสังคมจังหวัดระยอง สาขาปลวกแดง,2566,2,2566 | 2567,ชื่อตรงกันทุกตัวอักษรหลังปรับรูป,จับคู่อัตโนมัติด้วยชื่อตรงกัน,,,,,3315600.0,3315600.0,2566-0035,DOC-BUD-2566,1.4ผลเบิกจ่ายปี 2566  final.pdf,2
ITM-0346,โครงการตรวจสอบข้อมูฃการใช้บริการทางการแพทย์ กรณีโรคที่มีค่าใช้จ่ายสูง และกรณีโรคที่มีภาระเสี่ยง ประจำปี 2566 - 2567,1. โครงการตรวจสอบข้อมูฃการใช้บริการทางการแพทย์ กรณีโรคที่มีค่าใช้จ่ายสูง และกรณีโรคที่มีภาระเสี่ยง ประจำปี 2564 - 2566,2566,4,2564 | 2565 | 2566 | 2567,ชื่อตรงกันทุกตัวอักษรหลังปรับรูป,จับคู่อัตโนมัติด้วยชื่อตรงกัน,,,,,1320000.0,6600000.0,2566-0037,DOC-BUD-2566,1.4ผลเบิกจ่ายปี 2566  final.pdf,2
ITM-0346,โครงการตรวจสอบข้อมูฃการใช้บริการทางการแพทย์ กรณีโรคที่มีค่าใช้จ่ายสูง และกรณีโรคที่มีภาระเสี่ยง ประจำปี 2566 - 2567,2. โครงการตรวจสอบข้อมูฃการใช้บริการทางการแพทย์ กรณีโรคที่มีค่าใช้จ่ายสูง และกรณีโรคที่มีภาระเสี่ยง ประจำปี 2566 - 2567,2566,4,2564 | 2565 | 2566 | 2567,ชื่อตรงกันทุกตัวอักษรหลังปรับรูป,จับคู่อัตโนมัติด้วยชื่อตรงกัน,,,,,9570000.0,9570000.0,2566-0038,DOC-BUD-2566,1.4ผลเบิกจ่ายปี 2566  final.pdf,2
ITM-0345,โครงการตรวจประเมินการให้บริการทางการแพทย์ของสถานพยาบาลหลัก ที่ให้บริการแก่ผู้ประกันตน ประจำปี 2566 - 2567,3. โครงการตรวจประเมินการให้บริการทางการแพทย์ของสถานพยาบาลหลัก ที่ให้บริการแก่ผู้ประกันตน ประจำปี 2564 - 2566,2566,5,2563 | 2564 | 2565 | 2566 | 2567,ชื่อตรงกันทุกตัวอักษรหลังปรับรูป,จับคู่อัตโนมัติด้วยชื่อตรงกัน,,,,,957000.0,957000.0,2566-0039,DOC-BUD-2566,1.4ผลเบิกจ่ายปี 2566  final.pdf,2
ITM-0345,โครงการตรวจประเมินการให้บริการทางการแพทย์ของสถานพยาบาลหลัก ที่ให้บริการแก่ผู้ประกันตน ประจำปี 2566 - 2567,4. โครงการตรวจประเมินการให้บริการทางการแพทย์ของสถานพยาบาลหลัก ที่ให้บริการแก่ผู้ประกันตน ประจำปี 2566 - 2567,2566,5,2563 | 2564 | 2565 | 2566 | 2567,ชื่อตรงกันทุกตัวอักษรหลังปรับรูป,จับคู่อัตโนมัติด้วยชื่อตรงกัน,,,,,1914000.0,1914000.0,2566-0040,DOC-BUD-2566,1.4ผลเบิกจ่ายปี 2566  final.pdf,2
ITM-0325,โครงการจ้างที่ปรึกษาเภสัชกรรมเพื่อกำกับคุณภาพการใช้ยาของสถานพยาบาล และกำกับตรวจสอบการจ่ายชดเชยยาบัญชีหลักแห่งชาติ จ(2) และยาต้านไวรัสเอดส์,5. โครงการจ้างที่ปรึกษาเภสัชกรรมเพื่อกำกับคุณภาพการใช้ยาของสถานพยาบาล และกำกับตรวจสอบการจ่ายชดเชยยาบัญชีหลักแห่งชาติ จ(2) และยาต้านไวรัสเอดส์,2566,5,2563 | 2564 | 2565 | 2566 | 2567,ชื่อตรงกันทุกตัวอักษรหลังปรับรูป,จับคู่อัตโนมัติด้วยชื่อตรงกัน,,,,,1056000.0,1056000.0,2566-0041,DOC-BUD-2566,1.4ผลเบิกจ่ายปี 2566  final.pdf,2
ITM-0318,โครงการจ้างที่ปรึกษาด้านเทคโนโลยีสารสนเทศและการสื่อสาร,6. โครงการจ้างที่ปรึกษาด้านเทคโนโลยีสารสนเทศและการสื่อสาร,2566,2,2565 | 2566,ชื่อตรงกันทุกตัวอักษรหลังปรับรูป,จับคู่อัตโนมัติด้วยชื่อตรงกัน,,,,,4620500.0,4620500.0,2566-0042,DOC-BUD-2566,1.4ผลเบิกจ่ายปี 2566  final.pdf,2
ITM-0098,ค่าตอบแทนการปฏิบัติงานนอกเวลาราชการ,1. ค่าตอบแทนการปฏิบัติงานนอกเวลาราชการ,2566,5,2563 | 2564 | 2565 | 2566 | 2567,ชื่อตรงกันทุกตัวอักษรหลังปรับรูป,จับคู่อัตโนมัติด้วยชื่อตรงกัน,,,,,110964000.0,108645833.85,2566-0046,DOC-BUD-2566,1.4ผลเบิกจ่ายปี 2566  final.pdf,2
ITM-0151,ค่าเบี้ยประชุมคณะกรรมการ/อนุกรรมการ/คณะทำงาน,2. ค่าเบี้ยประชุมคณะกรรมการ/อนุกรรมการ/คณะทำงาน,2566,5,2563 | 2564 | 2565 | 2566 | 2567,ชื่อตรงกันทุกตัวอักษรหลังปรับรูป,จับคู่อัตโนมัติด้วยชื่อตรงกัน,,,,,31388900.0,26392279.0,2566-0047,DOC-BUD-2566,1.4ผลเบิกจ่ายปี 2566  final.pdf,2
ITM-0178,ค่าใช้จ่ายในการเดินทางมาประชุมของคณะกรรมการ ที่ปรึกษา และคณะอนุกรรมการ,3. ค่าใช้จ่ายในการเดินทางมาประชุมของคณะกรรมการ ที่ปรึกษา และคณะอนุกรรมการ,2566,5,2563 | 2564 | 2565 | 2566 | 2567,ชื่อตรงกันทุกตัวอักษรหลังปรับรูป,จับคู่อัตโนมัติด้วยชื่อตรงกัน,,,,,9203000.0,4827570.0,2566-0048,DOC-BUD-2566,1.4ผลเบิกจ่ายปี 2566  final.pdf,2
ITM-0100,ค่าตอบแทนคณะกรรมการตรวจรับพัสดุในงานจ้างก่อสร้างและผู้ควบคุมงาน ก่อสร้างที่มีคำสั่งแต่งตั้งจากทางราชการ,4. ค่าตอบแทนคณะกรรมการตรวจรับพัสดุในงานจ้างก่อสร้างและผู้ควบคุมงาน ก่อสร้างที่มีคำสั่งแต่งตั้งจากทางราชการ,2566,4,2564 | 2565 | 2566 | 2567,ชื่อตรงกันทุกตัวอักษรหลังปรับรูป,จับคู่อัตโนมัติด้วยชื่อตรงกัน,,,,,1076830.0,685500.0,2566-0049,DOC-BUD-2566,1.4ผลเบิกจ่ายปี 2566  final.pdf,2
ITM-0096,ค่าตอบแทนกรรมการผู้อ่านผลงานทางวิชาการ,5. ค่าตอบแทนกรรมการผู้อ่านผลงานทางวิชาการ,2566,5,2563 | 2564 | 2565 | 2566 | 2567,ชื่อตรงกันทุกตัวอักษรหลังปรับรูป,จับคู่อัตโนมัติด้วยชื่อตรงกัน,,,,,343000.0,343000.0,2566-0050,DOC-BUD-2566,1.4ผลเบิกจ่ายปี 2566  final.pdf,2
ITM-0239,เงินสมนาคุณกรรมการสอบสวนทางวินัย,6. เงินสมนาคุณกรรมการสอบสวนทางวินัย,2566,5,2563 | 2564 | 2565 | 2566 | 2567,ชื่อตรงกันทุกตัวอักษรหลังปรับรูป,จับคู่อัตโนมัติด้วยชื่อตรงกัน,,,,,32000.0,16200.0,2566-0051,DOC-BUD-2566,1.4ผลเบิกจ่ายปี 2566  final.pdf,2
ITM-0097,ค่าตอบแทนกรรมการออกข้อสอบและสอบสัมภาษณ์,7. ค่าตอบแทนกรรมการออกข้อสอบและสอบสัมภาษณ์,2566,5,2563 | 2564 | 2565 | 2566 | 2567,ชื่อตรงกันทุกตัวอักษรหลังปรับรูป,จับคู่อัตโนมัติด้วยชื่อตรงกัน,,,,,351700.0,121478.0,2566-0052,DOC-BUD-2566,1.4ผลเบิกจ่ายปี 2566  final.pdf,2
ITM-0112,ค่าตอบแทนเจ้าหน้าที่ดำเนินการสอบ,8. ค่าตอบแทนเจ้าหน้าที่ดำเนินการสอบ,2566,5,2563 | 2564 | 2565 | 2566 | 2567,ชื่อตรงกันทุกตัวอักษรหลังปรับรูป,จับคู่อัตโนมัติด้วยชื่อตรงกัน,,,,,303000.0,62500.0,2566-0053,DOC-BUD-2566,1.4ผลเบิกจ่ายปี 2566  final.pdf,2
ITM-0115,ค่าตอบแทนแพทย์ผู้เชี่ยวชาญกรณีที่ให้คำปรึกษาและให้ความเห็น เป็นลายลักษณ์อักษรแก่สำนักงานประกันสังคม คณะกรรมการการแพทย์ และคณะอนุกรรมการในคณะกรรมการการแพทย์,9. ค่าตอบแทนแพทย์ผู้เชี่ยวชาญกรณีที่ให้คำปรึกษาและให้ความเห็น เป็นลายลักษณ์อักษรแก่สำนักงานประกันสังคม คณะกรรมการการแพทย์ และคณะอนุกรรมการในคณะกรรมการการแพทย์,2566,5,2563 | 2564 | 2565 | 2566 | 2567,ชื่อตรงกันทุกตัวอักษรหลังปรับรูป,จับคู่อัตโนมัติด้วยชื่อตรงกัน,,,,,400000.0,340470.0,2566-0054,DOC-BUD-2566,1.4ผลเบิกจ่ายปี 2566  final.pdf,2
ITM-0101,ค่าตอบแทนจ้าหน้าที่ตำรวจรักษาความปลอดภัยในการนำเงินสดฝากธนาคาร,10. ค่าตอบแทนจ้าหน้าที่ตำรวจรักษาความปลอดภัยในการนำเงินสดฝากธนาคาร,2566,5,2563 | 2564 | 2565 | 2566 | 2567,ชื่อตรงกันทุกตัวอักษรหลังปรับรูป,จับคู่อัตโนมัติด้วยชื่อตรงกัน,,,,,48000.0,48000.0,2566-0055,DOC-BUD-2566,1.4ผลเบิกจ่ายปี 2566  final.pdf,2
ITM-0086,ค่าจ้างแปลเอกสารจากภาษาต่างประเทศเป็นภาษาไทย และจากภาษาไทย เป็นภาษาต่างประเทศ,11. ค่าจ้างแปลเอกสารจากภาษาต่างประเทศเป็นภาษาไทย และจากภาษาไทย เป็นภาษาต่างประเทศ,2566,5,2563 | 2564 | 2565 | 2566 | 2567,ชื่อตรงกันทุกตัวอักษรหลังปรับรูป,จับคู่อัตโนมัติด้วยชื่อตรงกัน,,,,,93000.0,44940.0,2566-0056,DOC-BUD-2566,1.4ผลเบิกจ่ายปี 2566  final.pdf,2
ITM-0106,ค่าตอบแทนล่ามในการแปลภาษาท้องถิ่น ภาษต่างประเทศ หรือภาษามือ,12. ค่าตอบแทนล่ามในการแปลภาษาท้องถิ่น ภาษต่างประเทศ หรือภาษามือ,2566,5,2563 | 2564 | 2565 | 2566 | 2567,ชื่อตรงกันทุกตัวอักษรหลังปรับรูป,จับคู่อัตโนมัติด้วยชื่อตรงกัน,,,,,70000.0,69990.6,2566-0057,DOC-BUD-2566,1.4ผลเบิกจ่ายปี 2566  final.pdf,2
ITM-0152,ค่าเบี้ยเลี้ยง ที่พัก พาหนะ และอื่น ๆ,1. ค่าเบี้ยเลี้ยง ที่พัก พาหนะ และอื่น ๆ,2566,5,2563 | 2564 | 2565 | 2566 | 2567,ชื่อตรงกันทุกตัวอักษรหลังปรับรูป,จับคู่อัตโนมัติด้วยชื่อตรงกัน,,,,,34282000.0,30116863.93,2566-0059,DOC-BUD-2566,1.4ผลเบิกจ่ายปี 2566  final.pdf,2
ITM-0138,ค่าผ่านทางด่วนพิเศษ,2. ค่าผ่านทางด่วนพิเศษ,2566,5,2563 | 2564 | 2565 | 2566 | 2567,ชื่อตรงกันทุกตัวอักษรหลังปรับรูป,จับคู่อัตโนมัติด้วยชื่อตรงกัน,,,,,560800.0,451220.0,2566-0060,DOC-BUD-2566,1.4ผลเบิกจ่ายปี 2566  final.pdf,2
ITM-0177,ค่าใช้จ่ายในการเดินทางภายในประเทศของผู้รับการอบรม,3. ค่าใช้จ่ายในการเดินทางภายในประเทศของผู้รับการอบรม,2566,4,2563 | 2564 | 2565 | 2566,ชื่อตรงกันทุกตัวอักษรหลังปรับรูป,จับคู่อัตโนมัติด้วยชื่อตรงกัน,,,,,11126000.0,11243295.2,2566-0061,DOC-BUD-2566,1.4ผลเบิกจ่ายปี 2566  final.pdf,2
ITM-0161,ค่าใช้จ่ายในการจัดประชุม อบรม สัมมนาและค่าอาหารว่าง,4. ค่าใช้จ่ายในการจัดประชุม อบรม สัมมนาและค่าอาหารว่าง,2566,5,2563 | 2564 | 2565 | 2566 | 2567,ชื่อตรงกันทุกตัวอักษรหลังปรับรูป,จับคู่อัตโนมัติด้วยชื่อตรงกัน,,,,,10858600.0,6157330.36,2566-0062,DOC-BUD-2566,1.4ผลเบิกจ่ายปี 2566  final.pdf,2
ITM-0155,ค่าใช้จ่ายต่าง ๆ เพื่อเผยแพร่ความรู้เกี่ยวกับการประกันสังคม,5. ค่าใช้จ่ายต่าง ๆ เพื่อเผยแพร่ความรู้เกี่ยวกับการประกันสังคม,2566,5,2563 | 2564 | 2565 | 2566 | 2567,ชื่อตรงกันทุกตัวอักษรหลังปรับรูป,จับคู่อัตโนมัติด้วยชื่อตรงกัน,,,,,14500000.0,13825532.16,2566-0064,DOC-BUD-2566,1.4ผลเบิกจ่ายปี 2566  final.pdf,3
ITM-0091,ค่าซ่อมแซมบำรุงรักษาทรัพย์สิน,6. ค่าซ่อมแซมบำรุงรักษาทรัพย์สิน,2566,5,2563 | 2564 | 2565 | 2566 | 2567,ชื่อตรงกันทุกตัวอักษรหลังปรับรูป,จับคู่อัตโนมัติด้วยชื่อตรงกัน,,,,,18948300.0,18272490.63,2566-0066,DOC-BUD-2566,1.4ผลเบิกจ่ายปี 2566  final.pdf,3
ITM-0093,ค่าซ่อมแซมบำรุงรักษารถยนต์,7. ค่าซ่อมแซมบำรุงรักษารถยนต์,2566,4,2563 | 2564 | 2565 | 2566,ชื่อตรงกันทุกตัวอักษรหลังปรับรูป,จับคู่อัตโนมัติด้วยชื่อตรงกัน,,,,,12636500.0,12428457.38,2566-0067,DOC-BUD-2566,1.4ผลเบิกจ่ายปี 2566  final.pdf,3
ITM-0090,ค่าซอมแซมปรับปรุงอาคารหรือสิ่งก่อสร้าง,8. ค่าซอมแซมปรับปรุงอาคารหรือสิ่งก่อสร้าง,2566,5,2563 | 2564 | 2565 | 2566 | 2567,ชื่อตรงกันทุกตัวอักษรหลังปรับรูป,จับคู่อัตโนมัติด้วยชื่อตรงกัน,,,,,1500000.0,2157336.32,2566-0068,DOC-BUD-2566,1.4ผลเบิกจ่ายปี 2566  final.pdf,3
ITM-0081,ค่าจ้างเหมาบริการต่าง ๆ,9. ค่าจ้างเหมาบริการต่าง ๆ,2566,5,2563 | 2564 | 2565 | 2566 | 2567,ชื่อตรงกันทุกตัวอักษรหลังปรับรูป,จับคู่อัตโนมัติด้วยชื่อตรงกัน,,,,,12002300.0,9882307.62,2566-0069,DOC-BUD-2566,1.4ผลเบิกจ่ายปี 2566  final.pdf,3
ITM-0079,ค่าจ้างเหมากำจัดปลวก มด แมลง และหนู,10. ค่าจ้างเหมากำจัดปลวก มด แมลง และหนู,2566,5,2563 | 2564 | 2565 | 2566 | 2567,ชื่อตรงกันทุกตัวอักษรหลังปรับรูป,จับคู่อัตโนมัติด้วยชื่อตรงกัน,,,,,3052100.0,2505906.4,2566-0070,DOC-BUD-2566,1.4ผลเบิกจ่ายปี 2566  final.pdf,3
ITM-0084,ค่าจ้างเหมารักษาความปลอดภัยอาคารสำนักงานประกันสังคม,11. ค่าจ้างเหมารักษาความปลอดภัยอาคารสำนักงานประกันสังคม,2566,4,2563 | 2564 | 2565 | 2566,ชื่อตรงกันทุกตัวอักษรหลังปรับรูป,จับคู่อัตโนมัติด้วยชื่อตรงกัน,,,,,94300800.0,92069967.37,2566-0071,DOC-BUD-2566,1.4ผลเบิกจ่ายปี 2566  final.pdf,3
ITM-0085,ค่าจ้างเหมารักษาความสะอาดอาคารสำนักงานประกันสังคม,12. ค่าจ้างเหมารักษาความสะอาดอาคารสำนักงานประกันสังคม,2566,4,2563 | 2564 | 2565 | 2566,ชื่อตรงกันทุกตัวอักษรหลังปรับรูป,จับคู่อัตโนมัติด้วยชื่อตรงกัน,,,,,59565600.0,56268802.66,2566-0072,DOC-BUD-2566,1.4ผลเบิกจ่ายปี 2566  final.pdf,3
ITM-0082,ค่าจ้างเหมาบำรุงรักษาสวนหย่อม,13. ค่าจ้างเหมาบำรุงรักษาสวนหย่อม,2566,4,2563 | 2564 | 2565 | 2566,ชื่อตรงกันทุกตัวอักษรหลังปรับรูป,จับคู่อัตโนมัติด้วยชื่อตรงกัน,,,,,6603900.0,6099597.93,2566-0073,DOC-BUD-2566,1.4ผลเบิกจ่ายปี 2566  final.pdf,3
ITM-0083,ค่าจ้างเหมาพนักงานขับรถยนต์,14. ค่าจ้างเหมาพนักงานขับรถยนต์,2566,5,2563 | 2564 | 2565 | 2566 | 2567,ชื่อตรงกันทุกตัวอักษรหลังปรับรูป,จับคู่อัตโนมัติด้วยชื่อตรงกัน,,,,,24302400.0,22722547.58,2566-0074,DOC-BUD-2566,1.4ผลเบิกจ่ายปี 2566  final.pdf,3
ITM-0015,ค่าขนย้ายและติดตั้งครุภัณฑ์และทรัพย์สินต่าง ๆ,15. ค่าขนย้ายและติดตั้งครุภัณฑ์และทรัพย์สินต่าง ๆ,2566,5,2563 | 2564 | 2565 | 2566 | 2567,ชื่อตรงกันทุกตัวอักษรหลังปรับรูป,จับคู่อัตโนมัติด้วยชื่อตรงกัน,,,,,272000.0,87221.0,2566-0075,DOC-BUD-2566,1.4ผลเบิกจ่ายปี 2566  final.pdf,3
ITM-0148,"ค่าเช่าอาคารพาณิชย์เป็นที่ทำการสำนักงานประกันสังคมพื้นที่, และอาคารเก็บเอกสาร","16. ค่าเช่าอาคารพาณิชย์เป็นที่ทำการสำนักงานประกันสังคมพื้นที่, และอาคารเก็บเอกสาร",2566,4,2563 | 2564 | 2565 | 2566,ชื่อตรงกันทุกตัวอักษรหลังปรับรูป,จับคู่อัตโนมัติด้วยชื่อตรงกัน,,,,,61383300.0,60536089.0,2566-0076,DOC-BUD-2566,1.4ผลเบิกจ่ายปี 2566  final.pdf,3
ITM-0143,ค่าเช่าที่ดิน,17. ค่าเช่าที่ดิน,2566,5,2563 | 2564 | 2565 | 2566 | 2567,ชื่อตรงกันทุกตัวอักษรหลังปรับรูป,จับคู่อัตโนมัติด้วยชื่อตรงกัน,,,,,123600.0,118574.0,2566-0077,DOC-BUD-2566,1.4ผลเบิกจ่ายปี 2566  final.pdf,3
ITM-0136,ค่าประกันภัยรถยนต์ราชการ,18. ค่าประกันภัยรถยนต์ราชการ,2566,5,2563 | 2564 | 2565 | 2566 | 2567,ชื่อตรงกันทุกตัวอักษรหลังปรับรูป,จับคู่อัตโนมัติด้วยชื่อตรงกัน,,,,,2405100.0,1509623.71,2566-0078,DOC-BUD-2566,1.4ผลเบิกจ่ายปี 2566  final.pdf,3
ITM-0149,ค่าเช่าเครื่องถ่ายเอกสาร,19. ค่าเช่าเครื่องถ่ายเอกสาร,2566,5,2563 | 2564 | 2565 | 2566 | 2567,ชื่อตรงกันทุกตัวอักษรหลังปรับรูป,จับคู่อัตโนมัติด้วยชื่อตรงกัน,,,,,8135800.0,6367487.84,2566-0079,DOC-BUD-2566,1.4ผลเบิกจ่ายปี 2566  final.pdf,3
ITM-0226,หนังสือ วารสาร หนังสือพิมพ์,20. หนังสือ วารสาร หนังสือพิมพ์,2566,5,2563 | 2564 | 2565 | 2566 | 2567,ชื่อตรงกันทุกตัวอักษรหลังปรับรูป,จับคู่อัตโนมัติด้วยชื่อตรงกัน,,,,,313800.0,243896.25,2566-0080,DOC-BUD-2566,1.4ผลเบิกจ่ายปี 2566  final.pdf,3
ITM-0018,ค่าจ้างทำของที่ระลึก,21. ค่าจ้างทำของที่ระลึก,2566,5,2563 | 2564 | 2565 | 2566 | 2567,ชื่อตรงกันทุกตัวอักษรหลังปรับรูป,จับคู่อัตโนมัติด้วยชื่อตรงกัน,,,,,2144000.0,3509877.4,2566-0081,DOC-BUD-2566,1.4ผลเบิกจ่ายปี 2566  final.pdf,3
ITM-0094,ค่าตกแต่งสถานที่และค่าใช้จ่ายในการจัดงานต่าง ๆ,22. ค่าตกแต่งสถานที่และค่าใช้จ่ายในการจัดงานต่าง ๆ,2566,5,2563 | 2564 | 2565 | 2566 | 2567,ชื่อตรงกันทุกตัวอักษรหลังปรับรูป,จับคู่อัตโนมัติด้วยชื่อตรงกัน,,,,,1130000.0,825420.79,2566-0082,DOC-BUD-2566,1.4ผลเบิกจ่ายปี 2566  final.pdf,3
ITM-0173,ค่าใช้จ่ายในการลี้ยงรับรองบุคคลหรือรับรองชาวต่างประเทศ,23. ค่าใช้จ่ายในการลี้ยงรับรองบุคคลหรือรับรองชาวต่างประเทศ,2566,5,2563 | 2564 | 2565 | 2566 | 2567,ชื่อตรงกันทุกตัวอักษรหลังปรับรูป,จับคู่อัตโนมัติด้วยชื่อตรงกัน,,,,,20000.0,18300.0,2566-0083,DOC-BUD-2566,1.4ผลเบิกจ่ายปี 2566  final.pdf,3
ITM-0159,ค่าใช้จ่ายในการจัดทำข้อสอบ,24. ค่าใช้จ่ายในการจัดทำข้อสอบ,2566,5,2563 | 2564 | 2565 | 2566 | 2567,ชื่อตรงกันทุกตัวอักษรหลังปรับรูป,จับคู่อัตโนมัติด้วยชื่อตรงกัน,,,,,622000.0,594139.0,2566-0084,DOC-BUD-2566,1.4ผลเบิกจ่ายปี 2566  final.pdf,3
ITM-0146,ค่าเช่าสถานที่สอบคัดเลือกข้าราชการและพนักงาน,25. ค่าเช่าสถานที่สอบคัดเลือกข้าราชการและพนักงาน,2566,4,2563 | 2564 | 2565 | 2566,ชื่อตรงกันทุกตัวอักษรหลังปรับรูป,จับคู่อัตโนมัติด้วยชื่อตรงกัน,,,,,902000.0,498320.0,2566-0085,DOC-BUD-2566,1.4ผลเบิกจ่ายปี 2566  final.pdf,3
ITM-0169,ค่าใช้จ่ายในการบำรุงของสมาคม ASSA และค่าใช้จ่ายอื่น ๆ ที่เกี่ยวข้อง,26. ค่าใช้จ่ายในการบำรุงของสมาคม ASSA และค่าใช้จ่ายอื่น ๆ ที่เกี่ยวข้อง,2566,4,2563 | 2564 | 2565 | 2566,ชื่อตรงกันทุกตัวอักษรหลังปรับรูป,จับคู่อัตโนมัติด้วยชื่อตรงกัน,,,,,10000.0,,2566-0086,DOC-BUD-2566,1.4ผลเบิกจ่ายปี 2566  final.pdf,3
ITM-0164,ค่าใช้จ่ายในการจ้างบันทึกข้อมูลเงินสมทบ,27. ค่าใช้จ่ายในการจ้างบันทึกข้อมูลเงินสมทบ,2566,5,2563 | 2564 | 2565 | 2566 | 2567,ชื่อตรงกันทุกตัวอักษรหลังปรับรูป,จับคู่อัตโนมัติด้วยชื่อตรงกัน,,,,,8633000.0,8482180.0,2566-0087,DOC-BUD-2566,1.4ผลเบิกจ่ายปี 2566  final.pdf,3
ITM-0113,ค่าตอบแทนเหมาจ่ายในการติดตามเร่งรัดหนี้นอกสถานที่,28. ค่าตอบแทนเหมาจ่ายในการติดตามเร่งรัดหนี้นอกสถานที่,2566,5,2563 | 2564 | 2565 | 2566 | 2567,ชื่อตรงกันทุกตัวอักษรหลังปรับรูป,จับคู่อัตโนมัติด้วยชื่อตรงกัน,,,,,6707500.0,5556827.92,2566-0088,DOC-BUD-2566,1.4ผลเบิกจ่ายปี 2566  final.pdf,3
ITM-0131,ค่าธรรมเนียมอื่น ๆ,29. ค่าธรรมเนียมอื่น ๆ,2566,5,2563 | 2564 | 2565 | 2566 | 2567,ชื่อตรงกันทุกตัวอักษรหลังปรับรูป,จับคู่อัตโนมัติด้วยชื่อตรงกัน,,,,,59300.0,33989.0,2566-0089,DOC-BUD-2566,1.4ผลเบิกจ่ายปี 2566  final.pdf,3
ITM-0118,ค่าธรรมเนียมกรณีขอรับเงินธนาณัติเป็นแคชเชียร์เช็ค สปส.พื้นที่/จังหวัด/สาขา,30. ค่าธรรมเนียมกรณีขอรับเงินธนาณัติเป็นแคชเชียร์เช็ค สปส.พื้นที่/จังหวัด/สาขา,2566,1,2566,ชื่อตรงกันทุกตัวอักษรหลังปรับรูป,พบปีเดียวและมีรายการชื่อคล้ายกันในปีอื่น ต้องตรวจสอบด้วยคน,ITM-0117,ค่าธรรมเนียมกรณีขอรับเงินธนาณัติเป็นแคชเชียร์เช็ค สปส.กทม.พื้นที่/จังหวัด/สาขา,97.9,2567,81300.0,37273.22,2566-0090,DOC-BUD-2566,1.4ผลเบิกจ่ายปี 2566  final.pdf,3
ITM-0125,ค่าธรรมเนียมซื้อสมุดเช็ค และอื่น ๆ,31. ค่าธรรมเนียมซื้อสมุดเช็ค และอื่น ๆ,2566,2,2566 | 2567,ชื่อตรงกันทุกตัวอักษรหลังปรับรูป,จับคู่อัตโนมัติด้วยชื่อตรงกัน,,,,,1479300.0,1106853.36,2566-0091,DOC-BUD-2566,1.4ผลเบิกจ่ายปี 2566  final.pdf,3
ITM-0122,ค่าธรรมเนียมการให้บริการรับสมัครขึ้นทะเบียนผู้ประกันตนตามมาตรา 40,32. ค่าธรรมเนียมการให้บริการรับสมัครขึ้นทะเบียนผู้ประกันตนตามมาตรา 40,2566,2,2566 | 2567,ชื่อตรงกันทุกตัวอักษรหลังปรับรูป,จับคู่อัตโนมัติด้วยชื่อตรงกัน,,,,,30000.0,870.0,2566-0092,DOC-BUD-2566,1.4ผลเบิกจ่ายปี 2566  final.pdf,3
ITM-0127,ค่าธรรมเนียมบริการรับ - ส่งเงินของ KGS,33. ค่าธรรมเนียมบริการรับ - ส่งเงินของ KGS,2566,4,2563 | 2564 | 2565 | 2566,ชื่อตรงกันทุกตัวอักษรหลังปรับรูป,ชื่อตรงกันข้ามปี และยังมีรายการชื่อคล้ายกันให้ตรวจเพิ่ม,ITM-0128,ค่าธรรมเนียมบริการรับ - ส่งเงินของ KTBGS,97.1,2567,8845300.0,7976175.54,2566-0093,DOC-BUD-2566,1.4ผลเบิกจ่ายปี 2566  final.pdf,3
ITM-0130,ค่าธรรมเนียมสำนักงานการตรวจเงินแผ่นดิน เพื่อการตรวจสอบบัญชีกองทุนประกันสังคม,34. ค่าธรรมเนียมสำนักงานการตรวจเงินแผ่นดิน เพื่อการตรวจสอบบัญชีกองทุนประกันสังคม,2566,5,2563 | 2564 | 2565 | 2566 | 2567,ชื่อตรงกันทุกตัวอักษรหลังปรับรูป,จับคู่อัตโนมัติด้วยชื่อตรงกัน,,,,,1200000.0,1200000.0,2566-0094,DOC-BUD-2566,1.4ผลเบิกจ่ายปี 2566  final.pdf,3
ITM-0119,ค่าธรรมเนียมการต่อใบอนุญาตมีซึ่งยุทธภัณฑ์ รถหุ้มเกราะป้องกันกระสุนฯ,35. ค่าธรรมเนียมการต่อใบอนุญาตมีซึ่งยุทธภัณฑ์ รถหุ้มเกราะป้องกันกระสุนฯ,2566,4,2563 | 2564 | 2565 | 2566,ชื่อตรงกันทุกตัวอักษรหลังปรับรูป,จับคู่อัตโนมัติด้วยชื่อตรงกัน,,,,,1000.0,,2566-0095,DOC-BUD-2566,1.4ผลเบิกจ่ายปี 2566  final.pdf,3
ITM-0126,ค่าธรรมเนียมทางกฎหมาย,36. ค่าธรรมเนียมทางกฎหมาย,2566,5,2563 | 2564 | 2565 | 2566 | 2567,ชื่อตรงกันทุกตัวอักษรหลังปรับรูป,จับคู่อัตโนมัติด้วยชื่อตรงกัน,,,,,349000.0,47400.0,2566-0096,DOC-BUD-2566,1.4ผลเบิกจ่ายปี 2566  final.pdf,3
ITM-0137,ค่าป่วยการแก่พยานศาล,37. ค่าป่วยการแก่พยานศาล,2566,5,2563 | 2564 | 2565 | 2566 | 2567,ชื่อตรงกันทุกตัวอักษรหลังปรับรูป,จับคู่อัตโนมัติด้วยชื่อตรงกัน,,,,,50000.0,12000.0,2566-0097,DOC-BUD-2566,1.4ผลเบิกจ่ายปี 2566  final.pdf,3
ITM-0139,ค่าสมัครสมาชิกด้านการลงทุน,38. ค่าสมัครสมาชิกด้านการลงทุน,2566,5,2563 | 2564 | 2565 | 2566 | 2567,ชื่อตรงกันทุกตัวอักษรหลังปรับรูป,จับคู่อัตโนมัติด้วยชื่อตรงกัน,,,,,52176000.0,45731933.62,2566-0098,DOC-BUD-2566,1.4ผลเบิกจ่ายปี 2566  final.pdf,3
ITM-0135,ค่าบำรุงรักษาระบบคอมพิวเตอร์,39. ค่าบำรุงรักษาระบบคอมพิวเตอร์,2566,4,2563 | 2564 | 2565 | 2566,ชื่อตรงกันทุกตัวอักษรหลังปรับรูป,จับคู่อัตโนมัติด้วยชื่อตรงกัน,,,,,377821100.0,370480408.41,2566-0099,DOC-BUD-2566,1.4ผลเบิกจ่ายปี 2566  final.pdf,3
ITM-0043,ค่าจ้างบำรุงรักษาระบบสารสนเทศการจ่ายประโยชน์ทดแทน กรณีชราภาพ,1. ค่าจ้างบำรุงรักษาระบบสารสนเทศการจ่ายประโยชน์ทดแทน กรณีชราภาพ,2566,5,2563 | 2564 | 2565 | 2566 | 2567,ชื่อตรงกันทุกตัวอักษรหลังปรับรูป,จับคู่อัตโนมัติด้วยชื่อตรงกัน,,,,,1075200.0,1075200.0,2566-0100,DOC-BUD-2566,1.4ผลเบิกจ่ายปี 2566  final.pdf,3
ITM-0052,ค่าจ้างบำรุงรักษาเครื่องคอมพิวเตอร์เมนเฟรมและอุปกรณ์ต่อพ่วง ศูนย์คอมพิวเตอร์หลัก และศูนย์คอมพิวเตอร์สำรอง,2. ค่าจ้างบำรุงรักษาเครื่องคอมพิวเตอร์เมนเฟรมและอุปกรณ์ต่อพ่วง ศูนย์คอมพิวเตอร์หลัก และศูนย์คอมพิวเตอร์สำรอง,2566,5,2563 | 2564 | 2565 | 2566 | 2567,ชื่อตรงกันทุกตัวอักษรหลังปรับรูป,จับคู่อัตโนมัติด้วยชื่อตรงกัน,,,,,37053000.0,36532800.0,2566-0101,DOC-BUD-2566,1.4ผลเบิกจ่ายปี 2566  final.pdf,3
ITM-0070,ค่าจ้างบำรุงรักษาโปรแกรม Sapiens ObjectPool,3. ค่าจ้างบำรุงรักษาโปรแกรม Sapiens ObjectPool,2566,5,2563 | 2564 | 2565 | 2566 | 2567,ชื่อตรงกันทุกตัวอักษรหลังปรับรูป,จับคู่อัตโนมัติด้วยชื่อตรงกัน,,,,,1428000.0,1428000.0,2566-0102,DOC-BUD-2566,1.4ผลเบิกจ่ายปี 2566  final.pdf,3
ITM-0071,ค่าจ้างบำรุงรักษาโปรแกรม ViewDirect For OS/390,4. ค่าจ้างบำรุงรักษาโปรแกรม ViewDirect For OS/390,2566,5,2563 | 2564 | 2565 | 2566 | 2567,ชื่อตรงกันทุกตัวอักษรหลังปรับรูป,จับคู่อัตโนมัติด้วยชื่อตรงกัน,,,,,1446000.0,1446000.0,2566-0103,DOC-BUD-2566,1.4ผลเบิกจ่ายปี 2566  final.pdf,3
ITM-0034,ค่าจ้างบำรุงรักษาระบบงานประกันสังคมบนเครื่องคอมพิวเตอร์เมนเฟรม,5. ค่าจ้างบำรุงรักษาระบบงานประกันสังคมบนเครื่องคอมพิวเตอร์เมนเฟรม,2566,5,2563 | 2564 | 2565 | 2566 | 2567,ชื่อตรงกันทุกตัวอักษรหลังปรับรูป,จับคู่อัตโนมัติด้วยชื่อตรงกัน,,,,,16200000.0,16200000.0,2566-0104,DOC-BUD-2566,1.4ผลเบิกจ่ายปี 2566  final.pdf,3
ITM-0060,ค่าจ้างบำรุงรักษาและปรับปรุงระบบงานสารสนเทศเพื่อการจัดการ,6. ค่าจ้างบำรุงรักษาและปรับปรุงระบบงานสารสนเทศเพื่อการจัดการ,2566,5,2563 | 2564 | 2565 | 2566 | 2567,ชื่อตรงกันทุกตัวอักษรหลังปรับรูป,จับคู่อัตโนมัติด้วยชื่อตรงกัน,,,,,463200.0,463200.0,2566-0105,DOC-BUD-2566,1.4ผลเบิกจ่ายปี 2566  final.pdf,3
ITM-0072,ค่าจ้างบำรุงรักษาโปรแกรมบริหารการลงทุน,7. ค่าจ้างบำรุงรักษาโปรแกรมบริหารการลงทุน,2566,5,2563 | 2564 | 2565 | 2566 | 2567,ชื่อตรงกันทุกตัวอักษรหลังปรับรูป,จับคู่อัตโนมัติด้วยชื่อตรงกัน,,,,,5780000.0,5779920.0,2566-0106,DOC-BUD-2566,1.4ผลเบิกจ่ายปี 2566  final.pdf,3
ITM-0045,ค่าจ้างบำรุงรักษาระบบแปลงรายงาน (Reports Conversion),8. ค่าจ้างบำรุงรักษาระบบแปลงรายงาน (Reports Conversion),2566,5,2563 | 2564 | 2565 | 2566 | 2567,ชื่อตรงกันทุกตัวอักษรหลังปรับรูป,จับคู่อัตโนมัติด้วยชื่อตรงกัน,,,,,456000.0,456000.0,2566-0107,DOC-BUD-2566,1.4ผลเบิกจ่ายปี 2566  final.pdf,3
ITM-0069,ค่าจ้างบำรุงรักษาโปรแกรม IBM Tivoli OmegaMon for CICS,9. ค่าจ้างบำรุงรักษาโปรแกรม IBM Tivoli OmegaMon for CICS,2566,5,2563 | 2564 | 2565 | 2566 | 2567,ชื่อตรงกันทุกตัวอักษรหลังปรับรูป,จับคู่อัตโนมัติด้วยชื่อตรงกัน,,,,,894000.0,894000.0,2566-0108,DOC-BUD-2566,1.4ผลเบิกจ่ายปี 2566  final.pdf,3
ITM-0065,ค่าจ้างบำรุงรักษาและปรับปรุงระบบสารสนเทศงานประกันสังคมตามมาตรา 40,10. ค่าจ้างบำรุงรักษาและปรับปรุงระบบสารสนเทศงานประกันสังคมตามมาตรา 40,2566,5,2563 | 2564 | 2565 | 2566 | 2567,ชื่อตรงกันทุกตัวอักษรหลังปรับรูป,จับคู่อัตโนมัติด้วยชื่อตรงกัน,,,,,4483200.0,4483200.0,2566-0109,DOC-BUD-2566,1.4ผลเบิกจ่ายปี 2566  final.pdf,3
ITM-0064,ค่าจ้างบำรุงรักษาและปรับปรุงระบบสารสนเทศงานประกันสังคม กรณีว่างงาน,11. ค่าจ้างบำรุงรักษาและปรับปรุงระบบสารสนเทศงานประกันสังคม กรณีว่างงาน,2566,5,2563 | 2564 | 2565 | 2566 | 2567,ชื่อตรงกันทุกตัวอักษรหลังปรับรูป,จับคู่อัตโนมัติด้วยชื่อตรงกัน,,,,,690000.0,690000.0,2566-0110,DOC-BUD-2566,1.4ผลเบิกจ่ายปี 2566  final.pdf,4
ITM-0027,ค่าจ้างบำรงุรักษาและปรับปรุงระบบบริการอิเล็กทรอนิกส์,12. ค่าจ้างบำรงุรักษาและปรับปรุงระบบบริการอิเล็กทรอนิกส์,2566,5,2563 | 2564 | 2565 | 2566 | 2567,ชื่อตรงกันทุกตัวอักษรหลังปรับรูป,จับคู่อัตโนมัติด้วยชื่อตรงกัน,,,,,5160000.0,5160000.0,2566-0111,DOC-BUD-2566,1.4ผลเบิกจ่ายปี 2566  final.pdf,4
ITM-0031,ค่าจ้างบำรุงรักษาระบบคอมพิวเตอร์พร้อมการรักษาความมั่นคงปลอดภัย ระดับคอมพิวเตอร์ลูกข่าย,13. ค่าจ้างบำรุงรักษาระบบคอมพิวเตอร์พร้อมการรักษาความมั่นคงปลอดภัย ระดับคอมพิวเตอร์ลูกข่าย,2566,2,2566 | 2567,ชื่อตรงกันทุกตัวอักษรหลังปรับรูป,ชื่อตรงกันข้ามปี และยังมีรายการชื่อคล้ายกันให้ตรวจเพิ่ม,ITM-0030,ค่าจ้างบำรุงรักษาระบบคอมพิวเตอร์พร้อมการรักษาความมั่นคงปลดดภัย ระดับคอมพิวเตอร์ลูกข่าย,98.8,2563 | 2564 | 2565,15944000.0,15652688.46,2566-0112,DOC-BUD-2566,1.4ผลเบิกจ่ายปี 2566  final.pdf,4
ITM-0032,ค่าจ้างบำรุงรักษาระบบคอมพิวเตอร์และบริหารศูนย์คอมพิวเตอร์ (Cloud),14. ค่าจ้างบำรุงรักษาระบบคอมพิวเตอร์และบริหารศูนย์คอมพิวเตอร์ (Cloud),2566,4,2563 | 2564 | 2565 | 2566,ชื่อตรงกันทุกตัวอักษรหลังปรับรูป,จับคู่อัตโนมัติด้วยชื่อตรงกัน,,,,,99005000.0,93113959.67,2566-0113,DOC-BUD-2566,1.4ผลเบิกจ่ายปี 2566  final.pdf,4
ITM-0061,ค่าจ้างบำรุงรักษาและปรับปรุงระบบฐานข้อมูลเพื่อการบริหารงานประกันสังคม ในรูปบบ e-Service,15. ค่าจ้างบำรุงรักษาและปรับปรุงระบบฐานข้อมูลเพื่อการบริหารงานประกันสังคม ในรูปบบ e-Service,2566,5,2563 | 2564 | 2565 | 2566 | 2567,ชื่อตรงกันทุกตัวอักษรหลังปรับรูป,จับคู่อัตโนมัติด้วยชื่อตรงกัน,,,,,5400000.0,5400000.0,2566-0114,DOC-BUD-2566,1.4ผลเบิกจ่ายปี 2566  final.pdf,4
ITM-0062,ค่าจ้างบำรุงรักษาและปรับปรุงระบบบริหารการจัดทำแผนปฏิบัติราชการ และงบประมาณ สำนักงานประกันสังคม,16. ค่าจ้างบำรุงรักษาและปรับปรุงระบบบริหารการจัดทำแผนปฏิบัติราชการ และงบประมาณ สำนักงานประกันสังคม,2566,5,2563 | 2564 | 2565 | 2566 | 2567,ชื่อตรงกันทุกตัวอักษรหลังปรับรูป,จับคู่อัตโนมัติด้วยชื่อตรงกัน,,,,,996000.0,969225.61,2566-0115,DOC-BUD-2566,1.4ผลเบิกจ่ายปี 2566  final.pdf,4
ITM-0059,ค่าจ้างบำรุงรักษาและปรับปรุงระบบงานสนับสนุน,17. ค่าจ้างบำรุงรักษาและปรับปรุงระบบงานสนับสนุน,2566,5,2563 | 2564 | 2565 | 2566 | 2567,ชื่อตรงกันทุกตัวอักษรหลังปรับรูป,จับคู่อัตโนมัติด้วยชื่อตรงกัน,,,,,3220000.0,3216000.0,2566-0116,DOC-BUD-2566,1.4ผลเบิกจ่ายปี 2566  final.pdf,4
ITM-0028,ค่าจ้างบำรุงรักษาระบบการจ่ายค่าบริการทางการแพทย์เชื่อมโยงระบบ NCH (National Clearing House),18. ค่าจ้างบำรุงรักษาระบบการจ่ายค่าบริการทางการแพทย์เชื่อมโยงระบบ NCH (National Clearing House),2566,5,2563 | 2564 | 2565 | 2566 | 2567,ชื่อตรงกันทุกตัวอักษรหลังปรับรูป,จับคู่อัตโนมัติด้วยชื่อตรงกัน,,,,,1788000.0,1773580.0,2566-0117,DOC-BUD-2566,1.4ผลเบิกจ่ายปี 2566  final.pdf,4
ITM-0029,ค่าจ้างบำรุงรักษาระบบการตรวจสอบเวชระเบียนอิเล็กทรอนิกส์,19. ค่าจ้างบำรุงรักษาระบบการตรวจสอบเวชระเบียนอิเล็กทรอนิกส์,2566,5,2563 | 2564 | 2565 | 2566 | 2567,ชื่อตรงกันทุกตัวอักษรหลังปรับรูป,จับคู่อัตโนมัติด้วยชื่อตรงกัน,,,,,684000.0,674806.45,2566-0118,DOC-BUD-2566,1.4ผลเบิกจ่ายปี 2566  final.pdf,4
ITM-0068,ค่าจ้างบำรุงรักษาและปรับปรุงระบบใบเสร็จรับเงินอิเล็กทรอนิกส์ (e-Receipt),20. ค่าจ้างบำรุงรักษาและปรับปรุงระบบใบเสร็จรับเงินอิเล็กทรอนิกส์ (e-Receipt),2566,5,2563 | 2564 | 2565 | 2566 | 2567,ชื่อตรงกันทุกตัวอักษรหลังปรับรูป,จับคู่อัตโนมัติด้วยชื่อตรงกัน,,,,,1388000.0,1388000.0,2566-0119,DOC-BUD-2566,1.4ผลเบิกจ่ายปี 2566  final.pdf,4
ITM-0054,ค่าจ้างบำรุงรักษาเว็บไซต์สำนักงานประกันสังคม (www.sso.go.th),21. ค่าจ้างบำรุงรักษาเว็บไซต์สำนักงานประกันสังคม (www.sso.go.th),2566,5,2563 | 2564 | 2565 | 2566 | 2567,ชื่อตรงกันทุกตัวอักษรหลังปรับรูป,จับคู่อัตโนมัติด้วยชื่อตรงกัน,,,,,1236000.0,1236000.0,2566-0120,DOC-BUD-2566,1.4ผลเบิกจ่ายปี 2566  final.pdf,4
ITM-0049,ค่าจ้างบำรุงรักษาอุปกรณ์สนับสนุนศูนย์คอมพิวเตอร์หลัก,22. ค่าจ้างบำรุงรักษาอุปกรณ์สนับสนุนศูนย์คอมพิวเตอร์หลัก,2566,5,2563 | 2564 | 2565 | 2566 | 2567,ชื่อตรงกันทุกตัวอักษรหลังปรับรูป,จับคู่อัตโนมัติด้วยชื่อตรงกัน,,,,,5900100.0,4828533.34,2566-0121,DOC-BUD-2566,1.4ผลเบิกจ่ายปี 2566  final.pdf,4
ITM-0042,ค่าจ้างบำรุงรักษาระบบสนับสนุนศูนย์คอมพิวเตอร์ (จังหวัดระยอง) พร้อมเชื่อมโยงเครือข่ายสัญญาณ เพื่อรับส่งข้อมูลระหว่างศูนย์คอมพิวเตอร์,23. ค่าจ้างบำรุงรักษาระบบสนับสนุนศูนย์คอมพิวเตอร์ (จังหวัดระยอง) พร้อมเชื่อมโยงเครือข่ายสัญญาณ เพื่อรับส่งข้อมูลระหว่างศูนย์คอมพิวเตอร์,2566,5,2563 | 2564 | 2565 | 2566 | 2567,ชื่อตรงกันทุกตัวอักษรหลังปรับรูป,จับคู่อัตโนมัติด้วยชื่อตรงกัน,,,,,83356800.0,83235349.5,2566-0122,DOC-BUD-2566,1.4ผลเบิกจ่ายปี 2566  final.pdf,4
ITM-0056,ค่าจ้างบำรุงรักษาและปรับปรุงระบบข้อมูลการใช้บริการทางการแพทย์ของผู้ประกันตน,24. ค่าจ้างบำรุงรักษาและปรับปรุงระบบข้อมูลการใช้บริการทางการแพทย์ของผู้ประกันตน,2566,5,2563 | 2564 | 2565 | 2566 | 2567,ชื่อตรงกันทุกตัวอักษรหลังปรับรูป,จับคู่อัตโนมัติด้วยชื่อตรงกัน,,,,,744000.0,710354.8,2566-0123,DOC-BUD-2566,1.4ผลเบิกจ่ายปี 2566  final.pdf,4
ITM-0050,ค่าจ้างบำรุงรักษาอุปกรณ์สำหรับเพิ่มประสิทธิภาพในการใช้งาน และบริหารจัดการผู้ใช้งานระบบเครือข่ายอินเทอร์เน็ต,25. ค่าจ้างบำรุงรักษาอุปกรณ์สำหรับเพิ่มประสิทธิภาพในการใช้งาน และบริหารจัดการผู้ใช้งานระบบเครือข่ายอินเทอร์เน็ต,2566,4,2563 | 2564 | 2565 | 2566,ชื่อตรงกันทุกตัวอักษรหลังปรับรูป,จับคู่อัตโนมัติด้วยชื่อตรงกัน,,,,,850000.0,840000.0,2566-0124,DOC-BUD-2566,1.4ผลเบิกจ่ายปี 2566  final.pdf,4
ITM-0036,ค่าจ้างบำรุงรักษาระบบจ่ายประโยชน์ทดแทนค่าบริการทางการแพทย์ กรณีเจ็บป่วยฉุกเฉินวิกฤต (UCEP),26. ค่าจ้างบำรุงรักษาระบบจ่ายประโยชน์ทดแทนค่าบริการทางการแพทย์ กรณีเจ็บป่วยฉุกเฉินวิกฤต (UCEP),2566,2,2566 | 2567,ชื่อตรงกันทุกตัวอักษรหลังปรับรูป,ชื่อตรงกันข้ามปี และยังมีรายการชื่อคล้ายกันให้ตรวจเพิ่ม,ITM-0037,ค่าจ้างบำรุงรักษาระบบจ่ายประโยชยน์ทดแทนค่าบริการทางการแพทย์ กรณีเจ็บป่วยฉุกเฉินวิกฤต (UCEP),99.4,2564 | 2565,504000.0,497225.58,2566-0125,DOC-BUD-2566,1.4ผลเบิกจ่ายปี 2566  final.pdf,4
ITM-0025,ค่าจ้างบำรงุรักษาอุปกรณ์ป้องกันและตรวจจับการบุกรุก (Intrusion Prevention System),27. ค่าจ้างบำรงุรักษาอุปกรณ์ป้องกันและตรวจจับการบุกรุก (Intrusion Prevention System),2566,2,2566 | 2567,ชื่อตรงกันทุกตัวอักษรหลังปรับรูป,จับคู่อัตโนมัติด้วยชื่อตรงกัน,,,,,2598400.0,2595000.0,2566-0126,DOC-BUD-2566,1.4ผลเบิกจ่ายปี 2566  final.pdf,4
ITM-0051,ค่าจ้างบำรุงรักษาอุปกรณ์เพิ่มประสิทธิภาพระบบการรักษาความปลอดภัย ในระบบสารสนเทศของสำนักงานประกันสังคม,28. ค่าจ้างบำรุงรักษาอุปกรณ์เพิ่มประสิทธิภาพระบบการรักษาความปลอดภัย ในระบบสารสนเทศของสำนักงานประกันสังคม,2566,2,2566 | 2567,ชื่อตรงกันทุกตัวอักษรหลังปรับรูป,จับคู่อัตโนมัติด้วยชื่อตรงกัน,,,,,1320000.0,1305000.0,2566-0127,DOC-BUD-2566,1.4ผลเบิกจ่ายปี 2566  final.pdf,4
ITM-0026,ค่าจ้างบำรงุรักษาอุปกรณ์ระบบเครือข่ายสื่อสารภายใน (LAN),29. ค่าจ้างบำรงุรักษาอุปกรณ์ระบบเครือข่ายสื่อสารภายใน (LAN),2566,2,2566 | 2567,ชื่อตรงกันทุกตัวอักษรหลังปรับรูป,จับคู่อัตโนมัติด้วยชื่อตรงกัน,,,,,6897000.0,6876000.0,2566-0128,DOC-BUD-2566,1.4ผลเบิกจ่ายปี 2566  final.pdf,4
ITM-0039,ค่าจ้างบำรุงรักษาระบบประชุมทางไกล (Video Conference),30. ค่าจ้างบำรุงรักษาระบบประชุมทางไกล (Video Conference),2566,2,2566 | 2567,ชื่อตรงกันทุกตัวอักษรหลังปรับรูป,จับคู่อัตโนมัติด้วยชื่อตรงกัน,,,,,4872000.0,4860000.0,2566-0129,DOC-BUD-2566,1.4ผลเบิกจ่ายปี 2566  final.pdf,4
ITM-0038,ค่าจ้างบำรุงรักษาระบบบริหารจัดการศูนย์คอมพิวเตอร์ (Data Center Infrastructure Management : DCIM),31. ค่าจ้างบำรุงรักษาระบบบริหารจัดการศูนย์คอมพิวเตอร์ (Data Center Infrastructure Management : DCIM),2566,2,2566 | 2567,ชื่อตรงกันทุกตัวอักษรหลังปรับรูป,จับคู่อัตโนมัติด้วยชื่อตรงกัน,,,,,3520000.0,3516000.0,2566-0130,DOC-BUD-2566,1.4ผลเบิกจ่ายปี 2566  final.pdf,4
ITM-0133,ค่าบริการสิทธิ์การใช้งาน Power Bi Pro,32. ค่าบริการสิทธิ์การใช้งาน Power Bi Pro,2566,2,2566 | 2567,ชื่อตรงกันทุกตัวอักษรหลังปรับรูป,จับคู่อัตโนมัติด้วยชื่อตรงกัน,,,,,150000.0,149265.0,2566-0131,DOC-BUD-2566,1.4ผลเบิกจ่ายปี 2566  final.pdf,4
ITM-0145,ค่าเช่าระบบปฏิบัติการ OS/390,33. ค่าเช่าระบบปฏิบัติการ OS/390,2566,5,2563 | 2564 | 2565 | 2566 | 2567,ชื่อตรงกันทุกตัวอักษรหลังปรับรูป,จับคู่อัตโนมัติด้วยชื่อตรงกัน,,,,,55242000.0,55242000.0,2566-0132,DOC-BUD-2566,1.4ผลเบิกจ่ายปี 2566  final.pdf,4
ITM-0150,ค่าเช่าโปรแกรมสำหรรับควบคุมงานประมวลผลแบบ Batch,34. ค่าเช่าโปรแกรมสำหรรับควบคุมงานประมวลผลแบบ Batch,2566,5,2563 | 2564 | 2565 | 2566 | 2567,ชื่อตรงกันทุกตัวอักษรหลังปรับรูป,จับคู่อัตโนมัติด้วยชื่อตรงกัน,,,,,5496000.0,5496000.0,2566-0133,DOC-BUD-2566,1.4ผลเบิกจ่ายปี 2566  final.pdf,4
ITM-0035,ค่าจ้างบำรุงรักษาระบบจัดเก็บและแปลงเอกสารหลักฐานงานประกันสังคม จากรูปแบบกระดาษให้เป็นข้อมูลอิเล็กทรอนิกส์ ตามมาตรฐานภายใต้กรอบของ กระทรวงดิจิทัลเพื่อเศรษฐกิจและสังคม (EDOC),35. ค่าจ้างบำรุงรักษาระบบจัดเก็บและแปลงเอกสารหลักฐานงานประกันสังคม จากรูปแบบกระดาษให้เป็นข้อมูลอิเล็กทรอนิกส์ ตามมาตรฐานภายใต้กรอบของ กระทรวงดิจิทัลเพื่อเศรษฐกิจและสังคม (EDOC),2566,5,2563 | 2564 | 2565 | 2566 | 2567,ชื่อตรงกันทุกตัวอักษรหลังปรับรูป,จับคู่อัตโนมัติด้วยชื่อตรงกัน,,,,,1581200.0,1579500.0,2566-0134,DOC-BUD-2566,1.4ผลเบิกจ่ายปี 2566  final.pdf,4
ITM-0033,ค่าจ้างบำรุงรักษาระบบงานจ่ายสิทธิประโยชน์ทันตกรรม รูปแบบ Web Application,36. ค่าจ้างบำรุงรักษาระบบงานจ่ายสิทธิประโยชน์ทันตกรรม รูปแบบ Web Application,2566,1,2566,ชื่อตรงกันทุกตัวอักษรหลังปรับรูป,พบปีเดียว ยังไม่ยืนยันการจับคู่ข้ามปี,,,,,,717600.0,2566-0135,DOC-BUD-2566,1.4ผลเบิกจ่ายปี 2566  final.pdf,4
ITM-0220,วัสดุสำนักงาน,1. วัสดุสำนักงาน,2566,5,2563 | 2564 | 2565 | 2566 | 2567,ชื่อตรงกันทุกตัวอักษรหลังปรับรูป,จับคู่อัตโนมัติด้วยชื่อตรงกัน,,,,,42428500.0,40222823.78,2566-0137,DOC-BUD-2566,1.4ผลเบิกจ่ายปี 2566  final.pdf,4
ITM-0216,วัสดุคอมพิวเตอร์,2. วัสดุคอมพิวเตอร์,2566,5,2563 | 2564 | 2565 | 2566 | 2567,ชื่อตรงกันทุกตัวอักษรหลังปรับรูป,จับคู่อัตโนมัติด้วยชื่อตรงกัน,,,,,60480500.0,62833042.04,2566-0138,DOC-BUD-2566,1.4ผลเบิกจ่ายปี 2566  final.pdf,4
ITM-0221,วัสดุส่วนกลาง,3. วัสดุส่วนกลาง,2566,5,2563 | 2564 | 2565 | 2566 | 2567,ชื่อตรงกันทุกตัวอักษรหลังปรับรูป,จับคู่อัตโนมัติด้วยชื่อตรงกัน,,,,,4500000.0,4503360.0,2566-0139,DOC-BUD-2566,1.4ผลเบิกจ่ายปี 2566  final.pdf,4
ITM-0223,วัสดุแบบพิมพ์,4. วัสดุแบบพิมพ์,2566,5,2563 | 2564 | 2565 | 2566 | 2567,ชื่อตรงกันทุกตัวอักษรหลังปรับรูป,จับคู่อัตโนมัติด้วยชื่อตรงกัน,,,,,6711700.0,5427247.45,2566-0140,DOC-BUD-2566,1.4ผลเบิกจ่ายปี 2566  final.pdf,4
ITM-0142,ค่าหนังสืออิเล็กทรอนิกส์ (e-Book),5. ค่าหนังสืออิเล็กทรอนิกส์ (e-Book),2566,5,2563 | 2564 | 2565 | 2566 | 2567,ชื่อตรงกันทุกตัวอักษรหลังปรับรูป,จับคู่อัตโนมัติด้วยชื่อตรงกัน,,,,,50000.0,49530.0,2566-0141,DOC-BUD-2566,1.4ผลเบิกจ่ายปี 2566  final.pdf,4
ITM-0224,วัสดุโฆษณาและเผยแพร่,6. วัสดุโฆษณาและเผยแพร่,2566,5,2563 | 2564 | 2565 | 2566 | 2567,ชื่อตรงกันทุกตัวอักษรหลังปรับรูป,จับคู่อัตโนมัติด้วยชื่อตรงกัน,,,,,1200000.0,1560643.15,2566-0142,DOC-BUD-2566,1.4ผลเบิกจ่ายปี 2566  final.pdf,4
ITM-0217,วัสดุงานบ้านงานครัว,7. วัสดุงานบ้านงานครัว,2566,5,2563 | 2564 | 2565 | 2566 | 2567,ชื่อตรงกันทุกตัวอักษรหลังปรับรูป,จับคู่อัตโนมัติด้วยชื่อตรงกัน,,,,,634500.0,566701.63,2566-0143,DOC-BUD-2566,1.4ผลเบิกจ่ายปี 2566  final.pdf,4
ITM-0222,วัสดุเกษตร,8. วัสดุเกษตร,2566,5,2563 | 2564 | 2565 | 2566 | 2567,ชื่อตรงกันทุกตัวอักษรหลังปรับรูป,จับคู่อัตโนมัติด้วยชื่อตรงกัน,,,,,159000.0,129047.64,2566-0144,DOC-BUD-2566,1.4ผลเบิกจ่ายปี 2566  final.pdf,4
ITM-0218,วัสดุช่างและไฟฟ้า,9. วัสดุช่างและไฟฟ้า,2566,5,2563 | 2564 | 2565 | 2566 | 2567,ชื่อตรงกันทุกตัวอักษรหลังปรับรูป,จับคู่อัตโนมัติด้วยชื่อตรงกัน,,,,,853700.0,850129.48,2566-0145,DOC-BUD-2566,1.4ผลเบิกจ่ายปี 2566  final.pdf,5
ITM-0215,วัสดุก่อสร้าง,10. วัสดุก่อสร้าง,2566,4,2564 | 2565 | 2566 | 2567,ชื่อตรงกันทุกตัวอักษรหลังปรับรูป,จับคู่อัตโนมัติด้วยชื่อตรงกัน,,,,,300000.0,299900.0,2566-0146,DOC-BUD-2566,1.4ผลเบิกจ่ายปี 2566  final.pdf,5
ITM-0219,วัสดุน้ำมันเชื้อเพลิงและหล่อลื่น,11. วัสดุน้ำมันเชื้อเพลิงและหล่อลื่น,2566,5,2563 | 2564 | 2565 | 2566 | 2567,ชื่อตรงกันทุกตัวอักษรหลังปรับรูป,จับคู่อัตโนมัติด้วยชื่อตรงกัน,,,,,30056500.0,26809139.14,2566-0147,DOC-BUD-2566,1.4ผลเบิกจ่ายปี 2566  final.pdf,5
ITM-0183,ค่าไฟฟ้า,1. ค่าไฟฟ้า,2566,5,2563 | 2564 | 2565 | 2566 | 2567,ชื่อตรงกันทุกตัวอักษรหลังปรับรูป,จับคู่อัตโนมัติด้วยชื่อตรงกัน,,,,,91250500.0,99247487.37,2566-0149,DOC-BUD-2566,1.4ผลเบิกจ่ายปี 2566  final.pdf,5
ITM-0132,ค่าน้ำประปา,2. ค่าน้ำประปา,2566,5,2563 | 2564 | 2565 | 2566 | 2567,ชื่อตรงกันทุกตัวอักษรหลังปรับรูป,จับคู่อัตโนมัติด้วยชื่อตรงกัน,,,,,4289600.0,3872416.94,2566-0150,DOC-BUD-2566,1.4ผลเบิกจ่ายปี 2566  final.pdf,5
ITM-0153,ค่าโทรศัพท์,3. ค่าโทรศัพท์,2566,5,2563 | 2564 | 2565 | 2566 | 2567,ชื่อตรงกันทุกตัวอักษรหลังปรับรูป,จับคู่อัตโนมัติด้วยชื่อตรงกัน,,,,,16392800.0,15018554.41,2566-0151,DOC-BUD-2566,1.4ผลเบิกจ่ายปี 2566  final.pdf,5
ITM-0182,ค่าไปรษณีย์ภัณฑ์,4. ค่าไปรษณีย์ภัณฑ์,2566,5,2563 | 2564 | 2565 | 2566 | 2567,ชื่อตรงกันทุกตัวอักษรหลังปรับรูป,จับคู่อัตโนมัติด้วยชื่อตรงกัน,,,,,73250000.0,76352270.6,2566-0152,DOC-BUD-2566,1.4ผลเบิกจ่ายปี 2566  final.pdf,5
ITM-0134,ค่าบริการสื่อสารและโทรคมนาคม,5. ค่าบริการสื่อสารและโทรคมนาคม,2566,5,2563 | 2564 | 2565 | 2566 | 2567,ชื่อตรงกันทุกตัวอักษรหลังปรับรูป,จับคู่อัตโนมัติด้วยชื่อตรงกัน,,,,,1903200.0,1447787.72,2566-0153,DOC-BUD-2566,1.4ผลเบิกจ่ายปี 2566  final.pdf,5
ITM-0123,ค่าธรรมเนียมจ่ายคืนเงินสมทบกองทุนประกันสังคมทั่วประเทศผ่านธนาคาร,6. ค่าธรรมเนียมจ่ายคืนเงินสมทบกองทุนประกันสังคมทั่วประเทศผ่านธนาคาร,2566,5,2563 | 2564 | 2565 | 2566 | 2567,ชื่อตรงกันทุกตัวอักษรหลังปรับรูป,จับคู่อัตโนมัติด้วยชื่อตรงกัน,,,,,480000.0,346960.0,2566-0154,DOC-BUD-2566,1.4ผลเบิกจ่ายปี 2566  final.pdf,5
ITM-0009,ครุภัณฑ์,1. ครุภัณฑ์,2566,5,2563 | 2564 | 2565 | 2566 | 2567,ชื่อตรงกันทุกตัวอักษรหลังปรับรูป,จับคู่อัตโนมัติด้วยชื่อตรงกัน,,,,,115750900.0,113615881.21,2566-0156,DOC-BUD-2566,1.4ผลเบิกจ่ายปี 2566  final.pdf,5
ITM-0214,รายจ่ายเพื่อดัดแปลง ต่อเติมหรือปรับปรุงสิ่งก่อสร้าง,1. รายจ่ายเพื่อดัดแปลง ต่อเติมหรือปรับปรุงสิ่งก่อสร้าง,2566,4,2563 | 2565 | 2566 | 2567,ชื่อตรงกันทุกตัวอักษรหลังปรับรูป,จับคู่อัตโนมัติด้วยชื่อตรงกัน,,,,,9400600.0,9421223.04,2566-0158,DOC-BUD-2566,1.4ผลเบิกจ่ายปี 2566  final.pdf,5
ITM-0390,โครงการปรับปรุงตกแต่งภายใน ชั้น 6 อาคารอำนวยการ สำนักงานประกันสังคม,2. โครงการปรับปรุงตกแต่งภายใน ชั้น 6 อาคารอำนวยการ สำนักงานประกันสังคม,2566,1,2566,ชื่อตรงกันทุกตัวอักษรหลังปรับรูป,พบปีเดียว ยังไม่ยืนยันการจับคู่ข้ามปี,,,,,16589000.0,14250000.0,2566-0159,DOC-BUD-2566,1.4ผลเบิกจ่ายปี 2566  final.pdf,5
ITM-0268,โครงการงานปรับปรุงพื้นที่สวนหย่อมภายในสำนักงานประกันสังคม,3. โครงการงานปรับปรุงพื้นที่สวนหย่อมภายในสำนักงานประกันสังคม,2566,1,2566,ชื่อตรงกันทุกตัวอักษรหลังปรับรูป,พบปีเดียว ยังไม่ยืนยันการจับคู่ข้ามปี,,,,,,2635000.0,2566-0160,DOC-BUD-2566,1.4ผลเบิกจ่ายปี 2566  final.pdf,5
ITM-0391,โครงการปรับปรุงตกแต่งภายในห้องรับรองโถงชั้น 1 อาคารอำนวยการ,4. โครงการปรับปรุงตกแต่งภายในห้องรับรองโถงชั้น 1 อาคารอำนวยการ,2566,1,2566,ชื่อตรงกันทุกตัวอักษรหลังปรับรูป,พบปีเดียว ยังไม่ยืนยันการจับคู่ข้ามปี,,,,,,1697127.0,2566-0161,DOC-BUD-2566,1.4ผลเบิกจ่ายปี 2566  final.pdf,5
ITM-0087,ค่าชดเชยค่างานก่อสร้างตามสัญญาแบบปรับราคาได้,5. ค่าชดเชยค่างานก่อสร้างตามสัญญาแบบปรับราคาได้,2566,1,2566,ชื่อตรงกันทุกตัวอักษรหลังปรับรูป,พบปีเดียว ยังไม่ยืนยันการจับคู่ข้ามปี,,,,,,100524.0,2566-0162,DOC-BUD-2566,1.4ผลเบิกจ่ายปี 2566  final.pdf,5
ITM-0156,ค่าใช้จ่ายสนับสนุนการจัดงานวันแรงงานแห่งชาติให้กับศูนย์ประสานงานวันแรงงานแห่งชาติ,1. ค่าใช้จ่ายสนับสนุนการจัดงานวันแรงงานแห่งชาติให้กับศูนย์ประสานงานวันแรงงานแห่งชาติ,2566,5,2563 | 2564 | 2565 | 2566 | 2567,ชื่อตรงกันทุกตัวอักษรหลังปรับรูป,จับคู่อัตโนมัติด้วยชื่อตรงกัน,,,,,1000000.0,1000000.0,2566-0164,DOC-BUD-2566,1.4ผลเบิกจ่ายปี 2566  final.pdf,5
ITM-0141,ค่าสมาชิกสมาคมการประกันสังคมระหว่างประเทศ (ISSA),2. ค่าสมาชิกสมาคมการประกันสังคมระหว่างประเทศ (ISSA),2566,5,2563 | 2564 | 2565 | 2566 | 2567,ชื่อตรงกันทุกตัวอักษรหลังปรับรูป,จับคู่อัตโนมัติด้วยชื่อตรงกัน,,,,,2200000.0,1942677.52,2566-0165,DOC-BUD-2566,1.4ผลเบิกจ่ายปี 2566  final.pdf,5
ITM-0172,ค่าใช้จ่ายในการประชุม สัมมนา หรือฝึกอบรม ของข้าราชการเจ้าหน้าที่ และผู้ที่เกี่ยวข้องณ ต่างประเทศ,1. ค่าใช้จ่ายในการประชุม สัมมนา หรือฝึกอบรม ของข้าราชการ เจ้าหน้าที่ และผู้ที่เกี่ยวข้อง ณ ต่างประเทศ,2566,2,2566 | 2567,ชื่อตรงกันทุกตัวอักษรหลังปรับรูป,จับคู่อัตโนมัติด้วยชื่อตรงกัน,,,,,10210600.0,10153004.91,2566-0167,DOC-BUD-2566,1.4ผลเบิกจ่ายปี 2566  final.pdf,5
ITM-0176,ค่าใช้จ่ายในการหารือแลกเปลี่ยนนโยบายและประสบการณ์ด้านการประกันสังคม และการบริหารการลงทุน ของคณะกรรมการ คณะอนุกรรมการ ผู้บริหาร เจ้าหน้าที่ และผู้ที่เกี่ยวข้อง ณ ต่างประเทศ,2. ค่าใช้จ่ายในการหารือแลกเปลี่ยนนโยบายและประสบการณ์ด้านการประกันสังคม และการบริหารการลงทุน ของคณะกรรมการ คณะอนุกรรมการ ผู้บริหาร เจ้าหน้าที่ และผู้ที่เกี่ยวข้อง ณ ต่างประเทศ,2566,2,2566 | 2567,ชื่อตรงกันทุกตัวอักษรหลังปรับรูป,จับคู่อัตโนมัติด้วยชื่อตรงกัน,,,,,10849000.0,9976304.0,2566-0168,DOC-BUD-2566,1.4ผลเบิกจ่ายปี 2566  final.pdf,5
ITM-0168,ค่าใช้จ่ายในการตรวจนิเทศสำนักงานแรงงานไทยในต่างประเทศของข้าราชการ เจ้าหน้าที่ และผู้ที่เกี่ยวข้อง ณ ต่างประเทศ,3. ค่าใช้จ่ายในการตรวจนิเทศสำนักงานแรงงานไทยในต่างประเทศของข้าราชการ เจ้าหน้าที่ และผู้ที่เกี่ยวข้อง ณ ต่างประเทศ,2566,3,2563 | 2566 | 2567,ชื่อตรงกันทุกตัวอักษรหลังปรับรูป,จับคู่อัตโนมัติด้วยชื่อตรงกัน,,,,,1429200.0,,2566-0169,DOC-BUD-2566,1.4ผลเบิกจ่ายปี 2566  final.pdf,5
ITM-0073,ค่าจ้างผู้เชี่ยวชาญด้านระบบความมั่นคงปลอดภัยระบบสารสนเทศ,4. ค่าจ้างผู้เชี่ยวชาญด้านระบบความมั่นคงปลอดภัยระบบสารสนเทศ,2566,5,2563 | 2564 | 2565 | 2566 | 2567,ชื่อตรงกันทุกตัวอักษรหลังปรับรูป,จับคู่อัตโนมัติด้วยชื่อตรงกัน,,,,,1280000.0,1059300.0,2566-0170,DOC-BUD-2566,1.4ผลเบิกจ่ายปี 2566  final.pdf,5
ITM-0330,โครงการจ้างรับ/ส่งและประมวลผลระบบเบิกจ่ายค่าบริการทางการแพทย์ กรณีแพทย์ผู้เชี่ยวชาญพิเศษเฉพาะทาง,5. โครงการจ้างรับ/ส่งและประมวลผลระบบเบิกจ่ายค่าบริการทางการแพทย์ กรณีแพทย์ผู้เชี่ยวชาญพิเศษเฉพาะทาง,2566,5,2563 | 2564 | 2565 | 2566 | 2567,ชื่อตรงกันทุกตัวอักษรหลังปรับรูป,จับคู่อัตโนมัติด้วยชื่อตรงกัน,,,,,3600000.0,3500000.0,2566-0171,DOC-BUD-2566,1.4ผลเบิกจ่ายปี 2566  final.pdf,5
ITM-0350,โครงการตววจสอบข้อมูลการเบิกจ่ายค่าบริการทางการแพทย์กรณีการรักษาพยาบาล โดยแพทย์ผู้เชี่ยวชาญพิเศษเฉพาะทาง และกรณีทุพพลภาพ,6. โครงการตววจสอบข้อมูลการเบิกจ่ายค่าบริการทางการแพทย์กรณีการรักษาพยาบาล โดยแพทย์ผู้เชี่ยวชาญพิเศษเฉพาะทาง และกรณีทุพพลภาพ,2566,2,2566 | 2567,ชื่อตรงกันทุกตัวอักษรหลังปรับรูป,จับคู่อัตโนมัติด้วยชื่อตรงกัน,,,,,2862000.0,2820000.0,2566-0172,DOC-BUD-2566,1.4ผลเบิกจ่ายปี 2566  final.pdf,5
ITM-0273,โครงการจัดจ้างรับ/ส่งและประมวลผลข้อมูลการเบิกจ่ายค่าบริการทางการแพทย์ สำหรับการรักษาผู้ป่วยไตวายเรื้อรังระยะสุดท้าย กรณีบำบัดทดแทนไต,7. โครงการจัดจ้างรับ/ส่งและประมวลผลข้อมูลการเบิกจ่ายค่าบริการทางการแพทย์ สำหรับการรักษาผู้ป่วยไตวายเรื้อรังระยะสุดท้าย กรณีบำบัดทดแทนไต,2566,5,2563 | 2564 | 2565 | 2566 | 2567,ชื่อตรงกันทุกตัวอักษรหลังปรับรูป,จับคู่อัตโนมัติด้วยชื่อตรงกัน,,,,,6850000.0,6850000.0,2566-0173,DOC-BUD-2566,1.4ผลเบิกจ่ายปี 2566  final.pdf,5
ITM-0331,โครงการจ้างวิเคราะห์การจัดกลุ่มวินิจฉัยโรคร่วมและน้ำหนักสัมพัทธ์ของผู้ป่วยใน และวิเคราะห์ข้อมูลผู้ป่วยในที่มีค่าใช้จ่ายสูงเกินปกติ,8. โครงการจ้างวิเคราะห์การจัดกลุ่มวินิจฉัยโรคร่วมและน้ำหนักสัมพัทธ์ของผู้ป่วยใน และวิเคราะห์ข้อมูลผู้ป่วยในที่มีค่าใช้จ่ายสูงเกินปกติ,2566,5,2563 | 2564 | 2565 | 2566 | 2567,ชื่อตรงกันทุกตัวอักษรหลังปรับรูป,จับคู่อัตโนมัติด้วยชื่อตรงกัน,,,,,12343000.0,12343000.0,2566-0174,DOC-BUD-2566,1.4ผลเบิกจ่ายปี 2566  final.pdf,5
ITM-0327,โครงการจ้างรับ-ส่งข้อมูลการใช้บริการทางการแพทย์ของผู้ประกันตนประเภท ผู้ป่วยนอกและข้อมูลบัญชีผู้ป่วยโรคเรื้อรัง,9. โครงการจ้างรับ-ส่งข้อมูลการใช้บริการทางการแพทย์ของผู้ประกันตนประเภท ผู้ป่วยนอกและข้อมูลบัญชีผู้ป่วยโรคเรื้อรัง,2566,5,2563 | 2564 | 2565 | 2566 | 2567,ชื่อตรงกันทุกตัวอักษรหลังปรับรูป,จับคู่อัตโนมัติด้วยชื่อตรงกัน,,,,,16500000.0,16500000.0,2566-0175,DOC-BUD-2566,1.4ผลเบิกจ่ายปี 2566  final.pdf,5
ITM-0274,โครงการจัดจ้างรับ-ส่งและประมวลผลข้อมูลบริการทางการแพทย์แก่ผู้ประกันตน เพื่อการเบิกจ่ายค่าบริการทางการแพทย์กรณีปลูกถ่ายอวัยวะและกรณีค่ายาแฟคเตอร์,10. โครงการจัดจ้างรับ-ส่งและประมวลผลข้อมูลบริการทางการแพทย์แก่ผู้ประกันตน เพื่อการเบิกจ่ายค่าบริการทางการแพทย์กรณีปลูกถ่ายอวัยวะและกรณีค่ายาแฟคเตอร์,2566,4,2564 | 2565 | 2566 | 2567,ชื่อตรงกันทุกตัวอักษรหลังปรับรูป,จับคู่อัตโนมัติด้วยชื่อตรงกัน,,,,,2190000.0,2190000.0,2566-0176,DOC-BUD-2566,1.4ผลเบิกจ่ายปี 2566  final.pdf,5
ITM-0315,โครงการจ้างที่ปรึกษาด้านการบริหารทรัพยากรบุคคลของสำนักงานประกันสังคม,11. โครงการจ้างที่ปรึกษาด้านการบริหารทรัพยากรบุคคลของสำนักงานประกันสังคม,2566,5,2563 | 2564 | 2565 | 2566 | 2567,ชื่อตรงกันทุกตัวอักษรหลังปรับรูป,จับคู่อัตโนมัติด้วยชื่อตรงกัน,,,,,450000.0,450000.0,2566-0177,DOC-BUD-2566,1.4ผลเบิกจ่ายปี 2566  final.pdf,5
ITM-0317,โครงการจ้างที่ปรึกษาด้านการพัฒนาและเสริมสร้างธรรมาภิบาลของสำนักงานประกันสังคม,12. โครงการจ้างที่ปรึกษาด้านการพัฒนาและเสริมสร้างธรรมาภิบาลของสำนักงานประกันสังคม,2566,5,2563 | 2564 | 2565 | 2566 | 2567,ชื่อตรงกันทุกตัวอักษรหลังปรับรูป,จับคู่อัตโนมัติด้วยชื่อตรงกัน,,,,,450000.0,450000.0,2566-0178,DOC-BUD-2566,1.4ผลเบิกจ่ายปี 2566  final.pdf,6
ITM-0314,โครงการจ้างที่ปรึกษาด้านการขับเคลื่อนการสร้างหลักประกันทางสังคมให้กับแรงงานนอกระบบ,13. โครงการจ้างที่ปรึกษาด้านการขับเคลื่อนการสร้างหลักประกันทางสังคมให้กับแรงงาน นอกระบบ,2566,2,2566 | 2567,ชื่อตรงกันทุกตัวอักษรหลังปรับรูป,จับคู่อัตโนมัติด้วยชื่อตรงกัน,,,,,450000.0,450000.0,2566-0179,DOC-BUD-2566,1.4ผลเบิกจ่ายปี 2566  final.pdf,6
ITM-0171,ค่าใช้จ่ายในการประชุม สัมมนา ฝึกอบรม และเจรจาธุรกิจของข้าราชการ เจ้าหน้าที่และผู้ที่เกี่ยวข้อง ณ ต่างประเทศ,14. ค่าใช้จ่ายในการประชุม สัมมนา ฝึกอบรม และเจรจาธุรกิจของข้าราชการ เจ้าหน้าที่ และผู้ที่เกี่ยวข้อง ณ ต่างประเทศ,2566,3,2563 | 2566 | 2567,ชื่อตรงกันทุกตัวอักษรหลังปรับรูป,ชื่อตรงกันข้ามปี และยังมีรายการชื่อคล้ายกันให้ตรวจเพิ่ม,ITM-0170,ค่าใช้จ่ายในการประชุม สัมมนา ฝึกอบรมและเจรจาธุรกิจของข้าราชการ เจ้าหน้าที่ และผู้ที่เกี่ยวข้อง,94.2,2565,,3847792.85,2566-0180,DOC-BUD-2566,1.4ผลเบิกจ่ายปี 2566  final.pdf,6
ITM-0167,ค่าใช้จ่ายในการดูงานการประกันสังคมของคณะกรรมการ คณะอนุกรรมการ เจ้าหน้าที่ และผู้ที่เกี่ยวข้อง ณ ต่างประเทศ,15. ค่าใช้จ่ายในการดูงานการประกันสังคมของคณะกรรมการ คณะอนุกรรมการ เจ้าหน้าที่ และผู้ที่เกี่ยวข้อง ณ ต่างประเทศ,2566,2,2565 | 2566,ชื่อตรงกันทุกตัวอักษรหลังปรับรูป,จับคู่อัตโนมัติด้วยชื่อตรงกัน,,,,,,17808348.0,2566-0181,DOC-BUD-2566,1.4ผลเบิกจ่ายปี 2566  final.pdf,6
ITM-0181,- ค่าใช้สอย,- ค่าใช้สอย,2566,4,2563 | 2564 | 2565 | 2566,ชื่อตรงกันทุกตัวอักษรหลังปรับรูป,จับคู่อัตโนมัติด้วยชื่อตรงกัน,,,,,255116600.0,250643240.0,2566-0185,DOC-BUD-2566,1.4ผลเบิกจ่ายปี 2566  final.pdf,6
ITM-0362,โครงการบริการส่งข้อความสั้นทางโทรศัพท์มือถือ short Message Service (SMS) (เมย. - ธค.66),1. โครงการบริการส่งข้อความสั้นทางโทรศัพท์มือถือ short Message Service (SMS) (เมย. - ธค.66),2566,1,2566,ชื่อตรงกันทุกตัวอักษรหลังปรับรูป,พบปีเดียวและมีรายการชื่อคล้ายกันในปีอื่น ต้องตรวจสอบด้วยคน,ITM-0359,โครงการบริการส่งข้อความสั้นทางโทรศัพท์มือถือ Short Message Service (SMS),93.5,2563 | 2564,3213000.0,3213000.0,2566-0186,DOC-BUD-2566,1.4ผลเบิกจ่ายปี 2566  final.pdf,6
ITM-0357,โครงการบริการข้อมูลประกันสังคม Contact Center 1506 สู่เป้าหมายรายบุคคล,2. โครงการบริการข้อมูลประกันสังคม Contact Center 1506 สู่เป้าหมายรายบุคคล,2566,5,2563 | 2564 | 2565 | 2566 | 2567,ชื่อตรงกันทุกตัวอักษรหลังปรับรูป,จับคู่อัตโนมัติด้วยชื่อตรงกัน,,,,,132878400.0,132878400.0,2566-0187,DOC-BUD-2566,1.4ผลเบิกจ่ายปี 2566  final.pdf,6
ITM-0367,โครงการบริหารสื่อออนไลน์และการสื่อสาร เพื่อส่งเสริมภาพลักษณ์สำนักงานประกันสังคม,3. โครงการบริหารสื่อออนไลน์และการสื่อสาร เพื่อส่งเสริมภาพลักษณ์สำนักงานประกันสังคม,2566,3,2563 | 2565 | 2566,ชื่อตรงกันทุกตัวอักษรหลังปรับรูป,จับคู่อัตโนมัติด้วยชื่อตรงกัน,,,,,7490000.0,7490000.0,2566-0188,DOC-BUD-2566,1.4ผลเบิกจ่ายปี 2566  final.pdf,6
ITM-0368,โครงการบริหารสื่อออนไลน์และการสื่อสาร เพื่อส่งเสริมภาพลักษณ์สำนักงานประกันสังคม ระยะที่ 2,4. โครงการบริหารสื่อออนไลน์และการสื่อสาร เพื่อส่งเสริมภาพลักษณ์สำนักงานประกันสังคม ระยะที่ 2,2566,2,2566 | 2567,ชื่อตรงกันทุกตัวอักษรหลังปรับรูป,จับคู่อัตโนมัติด้วยชื่อตรงกัน,,,,,27535200.0,23061840.0,2566-0189,DOC-BUD-2566,1.4ผลเบิกจ่ายปี 2566  final.pdf,6
ITM-0499,โครงการเช่าใช้ระบบประมวลผล (CPU) บนเครื่องคอมพิวเตอร์เมนเฟรม เพื่อรองรับการให้บริการระบบกองทุนประกันสังคม,5. โครงการเช่าใช้ระบบประมวลผล (CPU) บนเครื่องคอมพิวเตอร์เมนเฟรม เพื่อรองรับการให้บริการระบบกองทุนประกันสังคม,2566,3,2565 | 2566 | 2567,ชื่อตรงกันทุกตัวอักษรหลังปรับรูป,จับคู่อัตโนมัติด้วยชื่อตรงกัน,,,,,84000000.0,84000000.0,2566-0190,DOC-BUD-2566,1.4ผลเบิกจ่ายปี 2566  final.pdf,6
ITM-0280,โครงการจัดซื้อระบบดับเพลิงอัตโนมัติแบบหมอกน้ำ (Water Mist) จำนวน 1 ระบบ พร้อมติดตั้งใช้งาน,1. โครงการจัดซื้อระบบดับเพลิงอัตโนมัติแบบหมอกน้ำ (Water Mist) จำนวน 1 ระบบ พร้อมติดตั้งใช้งาน,2566,2,2566 | 2567,ชื่อตรงกันทุกตัวอักษรหลังปรับรูป,จับคู่อัตโนมัติด้วยชื่อตรงกัน,,,,,45556300.0,45556300.0,2566-0192,DOC-BUD-2566,1.4ผลเบิกจ่ายปี 2566  final.pdf,6
ITM-0295,โครงการจัดหาตู้ไฟฟ้าหลักประจำอาคาร พร้อมจัดหาเครื่องกำเนิดไฟฟ้าอัตโนมัติ สำนักงานประกันสังคม ค่าพัฒนา/ปรับปรุงระบบสารสนเทศ,2. โครงการจัดหาตู้ไฟฟ้าหลักประจำอาคาร พร้อมจัดหาเครื่องกำเนิดไฟฟ้าอัตโนมัติ สำนักงานประกันสังคม ค่าพัฒนา/ปรับปรุงระบบสารสนเทศ,2566,1,2566,ชื่อตรงกันทุกตัวอักษรหลังปรับรูป,พบปีเดียว ยังไม่ยืนยันการจับคู่ข้ามปี,,,,,28834700.0,28434700.0,2566-0193,DOC-BUD-2566,1.4ผลเบิกจ่ายปี 2566  final.pdf,6
ITM-0439,โครงการพัฒนาระบบสารสนเทศเพื่อการบริหารจัดการองค์กร,1. โครงการพัฒนาระบบสารสนเทศเพื่อการบริหารจัดการองค์กร,2566,3,2565 | 2566 | 2567,ชื่อตรงกันทุกตัวอักษรหลังปรับรูป,จับคู่อัตโนมัติด้วยชื่อตรงกัน,,,,,104930000.0,104930000.0,2566-0194,DOC-BUD-2566,1.4ผลเบิกจ่ายปี 2566  final.pdf,6
ITM-0392,โครงการปรับเปลี่ยนระบบงานประกันสังคมบนเครื่องคอมพิวเตอร์เมนเฟรมเป็นระบบ Web Application,2. โครงการปรับเปลี่ยนระบบงานประกันสังคมบนเครื่องคอมพิวเตอร์เมนเฟรมเป็นระบบ Web Application,2566,2,2564 | 2566,ชื่อตรงกันทุกตัวอักษรหลังปรับรูป,จับคู่อัตโนมัติด้วยชื่อตรงกัน,,,,,550500000.0,550500000.0,2566-0195,DOC-BUD-2566,1.4ผลเบิกจ่ายปี 2566  final.pdf,6
ITM-0371,โครงการบูรณาการคลังข้อมูลบิ๊กดาต้าองค์กรและระบบสนับสนุนการตัดสินใจ,3. โครงการบูรณาการคลังข้อมูลบิ๊กดาต้าองค์กรและระบบสนับสนุนการตัดสินใจ,2566,3,2564 | 2565 | 2566,ชื่อตรงกันทุกตัวอักษรหลังปรับรูป,จับคู่อัตโนมัติด้วยชื่อตรงกัน,,,,,19720000.0,19720000.0,2566-0196,DOC-BUD-2566,1.4ผลเบิกจ่ายปี 2566  final.pdf,6
ITM-0284,โครงการจัดตั้งศูนย์กลางเฝ้าระวังและรับมือภัยคุกคามความปลอดภัยคอมพิวเตอร์ (SSO Security Operation Center),4. โครงการจัดตั้งศูนย์กลางเฝ้าระวังและรับมือภัยคุกคามความปลอดภัยคอมพิวเตอร์ (SSO Security Operation Center),2566,4,2564 | 2565 | 2566 | 2567,ชื่อตรงกันทุกตัวอักษรหลังปรับรูป,จับคู่อัตโนมัติด้วยชื่อตรงกัน,,,,,9500000.0,9500000.0,2566-0197,DOC-BUD-2566,1.4ผลเบิกจ่ายปี 2566  final.pdf,6
ITM-0423,โครงการพัฒนา ITIL และแผนการดำเนินงานต่อเนื่องของระบบสารสนเทศ IT - BCP (IT Business Continuity Plan),5. โครงการพัฒนา ITIL และแผนการดำเนินงานต่อเนื่องของระบบสารสนเทศ IT - BCP (IT Business Continuity Plan),2566,2,2565 | 2566,ชื่อตรงกันทุกตัวอักษรหลังปรับรูป,จับคู่อัตโนมัติด้วยชื่อตรงกัน,,,,,6150000.0,6150000.0,2566-0198,DOC-BUD-2566,1.4ผลเบิกจ่ายปี 2566  final.pdf,6
ITM-0456,โครงการพัฒนาแพลตฟอร์มดิจิทัลกลางเชื่อมต่อบริการประกันสังคมให้แก่ผู้ประกันตน อย่างเจาะจง,6. โครงการพัฒนาแพลตฟอร์มดิจิทัลกลางเชื่อมต่อบริการประกันสังคมให้แก่ผู้ประกันตน อย่างเจาะจง,2566,2,2565 | 2566,ชื่อตรงกันทุกตัวอักษรหลังปรับรูป,จับคู่อัตโนมัติด้วยชื่อตรงกัน,,,,,164478600.0,164478600.0,2566-0199,DOC-BUD-2566,1.4ผลเบิกจ่ายปี 2566  final.pdf,6
ITM-0432,โครงการพัฒนาระบบการจัดการข้อมูลเพื่อให้สอดคล้องกับพระราชบัญญัติคุ้มครองข้อมูล ส่วนบุคคล พ.ศ. 2562,7. โครงการพัฒนาระบบการจัดการข้อมูลเพื่อให้สอดคล้องกับพระราชบัญญัติคุ้มครองข้อมูล ส่วนบุคคล พ.ศ. 2562,2566,3,2565 | 2566 | 2567,ชื่อตรงกันทุกตัวอักษรหลังปรับรูป,จับคู่อัตโนมัติด้วยชื่อตรงกัน,,,,,32100000.0,32100000.0,2566-0200,DOC-BUD-2566,1.4ผลเบิกจ่ายปี 2566  final.pdf,6
ITM-0310,โครงการจัดหาและพัฒนาระบบสารสนเทศภูมิศาสตร์เพื่อการวิจัยและกำหนดนโยบาย ของสำนักงานประกันสังคม,8. โครงการจัดหาและพัฒนาระบบสารสนเทศภูมิศาสตร์เพื่อการวิจัยและกำหนดนโยบาย ของสำนักงานประกันสังคม,2566,2,2565 | 2566,ชื่อตรงกันทุกตัวอักษรหลังปรับรูป,จับคู่อัตโนมัติด้วยชื่อตรงกัน,,,,,117848920.0,117848920.0,2566-0201,DOC-BUD-2566,1.4ผลเบิกจ่ายปี 2566  final.pdf,6
ITM-0434,โครงการพัฒนาระบบการให้บริการทางการแพทย์,9. โครงการพัฒนาระบบการให้บริการทางการแพทย์,2566,3,2565 | 2566 | 2567,ชื่อตรงกันทุกตัวอักษรหลังปรับรูป,จับคู่อัตโนมัติด้วยชื่อตรงกัน,,,,,402719350.0,402719350.0,2566-0202,DOC-BUD-2566,1.4ผลเบิกจ่ายปี 2566  final.pdf,6
ITM-0440,โครงการพัฒนาระบบเทคโนโลยีสารสนเทศสำหรับสนับสนุนการพัฒนาบุคลากรแบบครบวงจร (HRD),10. โครงการพัฒนาระบบเทคโนโลยีสารสนเทศสำหรับสนับสนุนการพัฒนาบุคลากรแบบครบวงจร (HRD),2566,2,2566 | 2567,ชื่อตรงกันทุกตัวอักษรหลังปรับรูป,จับคู่อัตโนมัติด้วยชื่อตรงกัน,,,,,42735300.0,42735300.0,2566-0203,DOC-BUD-2566,1.4ผลเบิกจ่ายปี 2566  final.pdf,6
ITM-0424,โครงการพัฒนาการให้บริการดิจิทัลระบบสารสนเทศเพื่อการบูรณาการงานกองทุน,11. โครงการพัฒนาการให้บริการดิจิทัลระบบสารสนเทศเพื่อการบูรณาการงานกองทุน,2566,1,2566,ชื่อตรงกันทุกตัวอักษรหลังปรับรูป,พบปีเดียวและมีรายการชื่อคล้ายกันในปีอื่น ต้องตรวจสอบด้วยคน,ITM-0425,โครงการพัฒนาการให้บริการระบบสารสนเทศเพื่อการบูรณาการงานกองทุน,94.6,2567,26487380.0,26487380.0,2566-0204,DOC-BUD-2566,1.4ผลเบิกจ่ายปี 2566  final.pdf,6
ITM-0338,โครงการดำเนินการจัดทำมาตรฐานห้อง Data Center สู่ระบบ ISO 27001,1. โครงการดำเนินการจัดทำมาตรฐานห้อง Data Center สู่ระบบ ISO 27001,2566,4,2564 | 2565 | 2566 | 2567,ชื่อตรงกันทุกตัวอักษรหลังปรับรูป,จับคู่อัตโนมัติด้วยชื่อตรงกัน,,,,,1654000.0,1654000.0,2566-0206,DOC-BUD-2566,1.4ผลเบิกจ่ายปี 2566  final.pdf,6
ITM-0269,โครงการจัดจ้างที่ปรึกษาทางวิชาการเพื่อการวิเคราะห์และวิจัยสำหรับการออกแบบนโยบาย ของสำนักงานประกันสังคม,2. โครงการจัดจ้างที่ปรึกษาทางวิชาการเพื่อการวิเคราะห์และวิจัยสำหรับการออกแบบนโยบาย ของสำนักงานประกันสังคม,2566,2,2566 | 2567,ชื่อตรงกันทุกตัวอักษรหลังปรับรูป,จับคู่อัตโนมัติด้วยชื่อตรงกัน,,,,,2580000.0,2568000.0,2566-0207,DOC-BUD-2566,1.4ผลเบิกจ่ายปี 2566  final.pdf,7
ITM-0313,โครงการจ้างที่ปรึกษาจัดทำสัดส่วนการลงทุนเชิงยุทธศาสตร์ (Strategic Asset Allocation) กองทุนประกันสังคม,3. โครงการจ้างที่ปรึกษาจัดทำสัดส่วนการลงทุนเชิงยุทธศาสตร์ (Strategic Asset Allocation) กองทุนประกันสังคม,2566,2,2566 | 2567,ชื่อตรงกันทุกตัวอักษรหลังปรับรูป,จับคู่อัตโนมัติด้วยชื่อตรงกัน,,,,,8132000.0,8132000.0,2566-0208,DOC-BUD-2566,1.4ผลเบิกจ่ายปี 2566  final.pdf,7
ITM-0323,โครงการจ้างที่ปรึกษาวิเคราะห์การปรับเปลี่ยนระบบโปรแกรมบริหารการลงทุน,4. โครงการจ้างที่ปรึกษาวิเคราะห์การปรับเปลี่ยนระบบโปรแกรมบริหารการลงทุน,2566,3,2565 | 2566 | 2567,ชื่อตรงกันทุกตัวอักษรหลังปรับรูป,ชื่อตรงกันข้ามปี และยังมีรายการชื่อคล้ายกันให้ตรวจเพิ่ม,ITM-0270,โครงการจัดจ้างที่ปรึกษาวิเคราะห์การปรับเปลี่ยนระบบโปรแกรมบริหารการลงทุน,97.8,2563,750000.0,750000.0,2566-0209,DOC-BUD-2566,1.4ผลเบิกจ่ายปี 2566  final.pdf,7
ITM-0480,โครงการส่งเสริมการจ้างงานผู้สูงอายุเข้าทำงานกับสำนักงานประกันสังคม,1. โครงการส่งเสริมการจ้างงานผู้สูงอายุเข้าทำงานกับสำนักงานประกันสังคม,2566,5,2563 | 2564 | 2565 | 2566 | 2567,ชื่อตรงกันทุกตัวอักษรหลังปรับรูป,จับคู่อัตโนมัติด้วยชื่อตรงกัน,,,,,60231600.0,58171024.25,2566-0215,DOC-BUD-2566,1.4ผลเบิกจ่ายปี 2566  final.pdf,7
ITM-0382,โครงการประชุมวิชาการประกันสังคม,2. โครงการประชุมวิชาการประกันสังคม,2566,4,2564 | 2565 | 2566 | 2567,ชื่อตรงกันทุกตัวอักษรหลังปรับรูป,จับคู่อัตโนมัติด้วยชื่อตรงกัน,,,,,970000.0,930507.0,2566-0216,DOC-BUD-2566,1.4ผลเบิกจ่ายปี 2566  final.pdf,7
ITM-0161,ค่าใช้จ่ายในการจัดประชุม อบรม สัมมนาและค่าอาหารว่าง,3. ค่าใช้จ่ายในการจัดประชุม อบรม สัมมนาและค่าอาหารว่าง,2566,5,2563 | 2564 | 2565 | 2566 | 2567,ชื่อตรงกันทุกตัวอักษรหลังปรับรูป,จับคู่อัตโนมัติด้วยชื่อตรงกัน,,,,,64961500.0,53797738.5,2566-0217,DOC-BUD-2566,1.4ผลเบิกจ่ายปี 2566  final.pdf,7
ITM-0163,ค่าใช้จ่ายในการจัดฝึกอบรม สัมมนา และค่าอาหารว่าง,3.1 ค่าใช้จ่ายในการจัดฝึกอบรม สัมมนา และค่าอาหารว่าง,2566,5,2563 | 2564 | 2565 | 2566 | 2567,ชื่อตรงกันทุกตัวอักษรหลังปรับรูป,จับคู่อัตโนมัติด้วยชื่อตรงกัน,,,,,36784500.0,29735435.6,2566-0218,DOC-BUD-2566,1.4ผลเบิกจ่ายปี 2566  final.pdf,7
ITM-0486,โครงการอบรมข้าราชการบรรจุใหม่ของ สปส.,1. โครงการอบรมข้าราชการบรรจุใหม่ของ สปส.,2566,5,2563 | 2564 | 2565 | 2566 | 2567,ชื่อตรงกันทุกตัวอักษรหลังปรับรูป,จับคู่อัตโนมัติด้วยชื่อตรงกัน,,,,,850000.0,696074.8,2566-0219,DOC-BUD-2566,1.4ผลเบิกจ่ายปี 2566  final.pdf,7
ITM-0474,โครงการสัมมนาผู้บริหารสำนักงานประกันสังคม,2. โครงการสัมมนาผู้บริหารสำนักงานประกันสังคม,2566,5,2563 | 2564 | 2565 | 2566 | 2567,ชื่อตรงกันทุกตัวอักษรหลังปรับรูป,จับคู่อัตโนมัติด้วยชื่อตรงกัน,,,,,5796000.0,2654257.0,2566-0220,DOC-BUD-2566,1.4ผลเบิกจ่ายปี 2566  final.pdf,7
ITM-0370,โครงการบุคลากรประกันสังคมบรรจุใหม่,3. โครงการบุคลากรประกันสังคมบรรจุใหม่,2566,4,2564 | 2565 | 2566 | 2567,ชื่อตรงกันทุกตัวอักษรหลังปรับรูป,จับคู่อัตโนมัติด้วยชื่อตรงกัน,,,,,2028800.0,1697822.8,2566-0221,DOC-BUD-2566,1.4ผลเบิกจ่ายปี 2566  final.pdf,7
ITM-0502,โครงการเตรียมพร้อมก่อนเกษียณบุคลากรประกันสังคม,4. โครงการเตรียมพร้อมก่อนเกษียณบุคลากรประกันสังคม,2566,3,2564 | 2565 | 2566,ชื่อตรงกันทุกตัวอักษรหลังปรับรูป,จับคู่อัตโนมัติด้วยชื่อตรงกัน,,,,,700000.0,647020.0,2566-0222,DOC-BUD-2566,1.4ผลเบิกจ่ายปี 2566  final.pdf,7
ITM-0428,โครงการพัฒนาทักษะภาษาต่างประเทศ,5. โครงการพัฒนาทักษะภาษาต่างประเทศ,2566,5,2563 | 2564 | 2565 | 2566 | 2567,ชื่อตรงกันทุกตัวอักษรหลังปรับรูป,จับคู่อัตโนมัติด้วยชื่อตรงกัน,,,,,2500000.0,2500000.0,2566-0223,DOC-BUD-2566,1.4ผลเบิกจ่ายปี 2566  final.pdf,7
ITM-0252,โครงการ Service Smart Smile (3S) พัฒนาศักยภาพเจ้าหน้าที่ผู้ปฏิบัติงาน ด้านบริการ,6. โครงการ Service Smart Smile (3S) พัฒนาศักยภาพเจ้าหน้าที่ผู้ปฏิบัติงาน ด้านบริการ,2566,2,2566 | 2567,ชื่อตรงกันทุกตัวอักษรหลังปรับรูป,ชื่อตรงกันข้ามปี และยังมีรายการชื่อคล้ายกันให้ตรวจเพิ่ม,ITM-0251,โครงการ Service Smart Smile (3S)การพัฒนาศักยภาพเจ้าหน้าที่ผู้ปฏิบัติงาน ด้านบริการ,98.0,2565,630000.0,422310.0,2566-0224,DOC-BUD-2566,1.4ผลเบิกจ่ายปี 2566  final.pdf,7
ITM-0228,อบรมเสริมสร้างความรู้เกี่ยวกับการดำเนินการทางวินัยให้บุคลากรสำนักงาน ประกันสังคม,7. อบรมเสริมสร้างความรู้เกี่ยวกับการดำเนินการทางวินัยให้บุคลากรสำนักงาน ประกันสังคม,2566,2,2566 | 2567,ชื่อตรงกันทุกตัวอักษรหลังปรับรูป,จับคู่อัตโนมัติด้วยชื่อตรงกัน,,,,,575500.0,538220.0,2566-0225,DOC-BUD-2566,1.4ผลเบิกจ่ายปี 2566  final.pdf,7
ITM-0450,โครงการพัฒนาสมรรถนะบุคลากรด้านการบริหารงานงบประมาณ และแผนปฏิบัติราชการ,8. โครงการพัฒนาสมรรถนะบุคลากรด้านการบริหารงานงบประมาณ และแผนปฏิบัติราชการ,2566,5,2563 | 2564 | 2565 | 2566 | 2567,ชื่อตรงกันทุกตัวอักษรหลังปรับรูป,จับคู่อัตโนมัติด้วยชื่อตรงกัน,,,,,1350000.0,1284180.0,2566-0226,DOC-BUD-2566,1.4ผลเบิกจ่ายปี 2566  final.pdf,7
ITM-0455,โครงการพัฒนาสมรรถนะผู้ปฏิบัติงานด้านกฎหมาย,9. โครงการพัฒนาสมรรถนะผู้ปฏิบัติงานด้านกฎหมาย,2566,4,2564 | 2565 | 2566 | 2567,ชื่อตรงกันทุกตัวอักษรหลังปรับรูป,จับคู่อัตโนมัติด้วยชื่อตรงกัน,,,,,1085600.0,1036022.0,2566-0227,DOC-BUD-2566,1.4ผลเบิกจ่ายปี 2566  final.pdf,7
ITM-0489,โครงการอบรมเชิงปฏิบัติการเพื่อการเพิ่มประสิทธิภาพงานวินิจฉัยประโยชน์ทดแทน,10. โครงการอบรมเชิงปฏิบัติการเพื่อการเพิ่มประสิทธิภาพงานวินิจฉัยประโยชน์ทดแทน,2566,4,2563 | 2565 | 2566 | 2567,ชื่อตรงกันทุกตัวอักษรหลังปรับรูป,ชื่อตรงกันข้ามปี และยังมีรายการชื่อคล้ายกันให้ตรวจเพิ่ม,ITM-0227,อบรมเชิงปฏิบัติการเพื่อการเพิ่มประสิทธิภาพงานวินิจฉัยประโยชน์ทดแทน,95.0,2564,1894800.0,1783600.0,2566-0228,DOC-BUD-2566,1.4ผลเบิกจ่ายปี 2566  final.pdf,7
ITM-0384,โครงการประชุมเชิงปฏิบัติการบริหารจัดการความเสี่ยงด้านงานประโยชน์ทดแทน,11. โครงการประชุมเชิงปฏิบัติการบริหารจัดการความเสี่ยงด้านงานประโยชน์ทดแทน,2566,4,2563 | 2565 | 2566 | 2567,ชื่อตรงกันทุกตัวอักษรหลังปรับรูป,ชื่อตรงกันข้ามปี และยังมีรายการชื่อคล้ายกันให้ตรวจเพิ่ม,ITM-0200,ประชุมเชิงปฏิบัติการบริหารจัดการความเสี่ยงด้านงานประโยชน์ทดแทน,94.7,2564,375200.0,332700.0,2566-0229,DOC-BUD-2566,1.4ผลเบิกจ่ายปี 2566  final.pdf,7
ITM-0488,โครงการอบรมเชิงปฏิบัติการงานการเงินและบัญชีกองทุน,12. โครงการอบรมเชิงปฏิบัติการงานการเงินและบัญชีกองทุน,2566,3,2564 | 2566 | 2567,ชื่อตรงกันทุกตัวอักษรหลังปรับรูป,จับคู่อัตโนมัติด้วยชื่อตรงกัน,,,,,641200.0,598920.0,2566-0230,DOC-BUD-2566,1.4ผลเบิกจ่ายปี 2566  final.pdf,7
ITM-0211,พัฒนาทักษะการปฏิบัติงานของผู้ตรวจสอบภายใน,13. พัฒนาทักษะการปฏิบัติงานของผู้ตรวจสอบภายใน,2566,2,2566 | 2567,ชื่อตรงกันทุกตัวอักษรหลังปรับรูป,จับคู่อัตโนมัติด้วยชื่อตรงกัน,,,,,106800.0,65700.0,2566-0231,DOC-BUD-2566,1.4ผลเบิกจ่ายปี 2566  final.pdf,7
ITM-0521,โครงการเสริมสร้างสมรรถนะเจ้าหน้าที่ตรวจสอบบัญชีค่าจ้าง,14. โครงการเสริมสร้างสมรรถนะเจ้าหน้าที่ตรวจสอบบัญชีค่าจ้าง,2566,1,2566,ชื่อตรงกันทุกตัวอักษรหลังปรับรูป,พบปีเดียว ยังไม่ยืนยันการจับคู่ข้ามปี,,,,,1123200.0,988590.0,2566-0232,DOC-BUD-2566,1.4ผลเบิกจ่ายปี 2566  final.pdf,7
ITM-0495,โครงการอบรมแนวปฏิบัติการขึ้นทะเบียนนายจ้าง และผู้ประกันตน ปี 2566,15. โครงการอบรมแนวปฏิบัติการขึ้นทะเบียนนายจ้าง และผู้ประกันตน ปี 2566,2566,1,2566,ชื่อตรงกันทุกตัวอักษรหลังปรับรูป,พบปีเดียว ยังไม่ยืนยันการจับคู่ข้ามปี,,,,,1456000.0,1016842.0,2566-0233,DOC-BUD-2566,1.4ผลเบิกจ่ายปี 2566  final.pdf,7
ITM-0493,โครงการอบรมเพิ่มประสิทธิภาพการติดตามเร่งรัดหนี้เงินสมทบ ปี 2566,16. โครงการอบรมเพิ่มประสิทธิภาพการติดตามเร่งรัดหนี้เงินสมทบ ปี 2566,2566,1,2566,ชื่อตรงกันทุกตัวอักษรหลังปรับรูป,พบปีเดียว ยังไม่ยืนยันการจับคู่ข้ามปี,,,,,1445400.0,1317850.0,2566-0234,DOC-BUD-2566,1.4ผลเบิกจ่ายปี 2566  final.pdf,7
ITM-0264,"โครงการขับเคลื่อนสำนักงานประกันสังคมสู่ความสำเร็จ ""SSO TRUST"" เพื่อการพัฒนาองค์กรอย่างยั่งยืน สำหรับบุคลากรสำนักงานประกันสังคม","17. โครงการขับเคลื่อนสำนักงานประกันสังคมสู่ความสำเร็จ ""SSO TRUST"" เพื่อการพัฒนาองค์กรอย่างยั่งยืน สำหรับบุคลากรสำนักงานประกันสังคม",2566,1,2566,ชื่อตรงกันทุกตัวอักษรหลังปรับรูป,พบปีเดียว ยังไม่ยืนยันการจับคู่ข้ามปี,,,,,13452000.0,11384947.0,2566-0235,DOC-BUD-2566,1.4ผลเบิกจ่ายปี 2566  final.pdf,7
ITM-0526,"โครงการแลกเปลี่ยนเรียนรู้ประสบการณ์เพื่อขับเคลื่อนสำนักงาน ประกันสังคมสู่ความสำเร็จด้วย ""SSO TRUST""","18. โครงการแลกเปลี่ยนเรียนรู้ประสบการณ์เพื่อขับเคลื่อนสำนักงาน ประกันสังคมสู่ความสำเร็จด้วย ""SSO TRUST""",2566,1,2566,ชื่อตรงกันทุกตัวอักษรหลังปรับรูป,พบปีเดียว ยังไม่ยืนยันการจับคู่ข้ามปี,,,,,774000.0,770380.0,2566-0236,DOC-BUD-2566,1.4ผลเบิกจ่ายปี 2566  final.pdf,7
ITM-0520,โครงการเสริมสร้างสมรรถนะบุคลากรของสำนักงานประกันสังคม,3.2 โครงการเสริมสร้างสมรรถนะบุคลากรของสำนักงานประกันสังคม,2566,5,2563 | 2564 | 2565 | 2566 | 2567,ชื่อตรงกันทุกตัวอักษรหลังปรับรูป,จับคู่อัตโนมัติด้วยชื่อตรงกัน,,,,,26436000.0,22548495.9,2566-0237,DOC-BUD-2566,1.4ผลเบิกจ่ายปี 2566  final.pdf,7
ITM-0004,การฝึกอบรมทักษะด้านภาษาต่างประเทศ,3.3 การฝึกอบรมทักษะด้านภาษาต่างประเทศ,2566,2,2566 | 2567,ชื่อตรงกันทุกตัวอักษรหลังปรับรูป,จับคู่อัตโนมัติด้วยชื่อตรงกัน,,,,,150000.0,132280.0,2566-0238,DOC-BUD-2566,1.4ผลเบิกจ่ายปี 2566  final.pdf,7
ITM-0001,การจัดการความรู้สำนักงานประกันสังคม,3.3 การจัดการความรู้สำนักงานประกันสังคม,2566,5,2563 | 2564 | 2565 | 2566 | 2567,ชื่อตรงกันทุกตัวอักษรหลังปรับรูป,จับคู่อัตโนมัติด้วยชื่อตรงกัน,,,,,1591000.0,1381527.0,2566-0239,DOC-BUD-2566,1.4ผลเบิกจ่ายปี 2566  final.pdf,7
ITM-0162,ค่าใช้จ่ายในการจัดประชุม อบรมให้ความรู้งานประกันสังคม,4. ค่าใช้จ่ายในการจัดประชุม อบรมให้ความรู้งานประกันสังคม,2566,5,2563 | 2564 | 2565 | 2566 | 2567,ชื่อตรงกันทุกตัวอักษรหลังปรับรูป,จับคู่อัตโนมัติด้วยชื่อตรงกัน,,,,,9720000.0,9364957.14,2566-0240,DOC-BUD-2566,1.4ผลเบิกจ่ายปี 2566  final.pdf,7
ITM-0155,ค่าใช้จ่ายต่าง ๆ เพื่อเผยแพร่ความรู้เกี่ยวกับการประกันสังคม,5. ค่าใช้จ่ายต่าง ๆ เพื่อเผยแพร่ความรู้เกี่ยวกับการประกันสังคม,2566,5,2563 | 2564 | 2565 | 2566 | 2567,ชื่อตรงกันทุกตัวอักษรหลังปรับรูป,จับคู่อัตโนมัติด้วยชื่อตรงกัน,,,,,122600000.0,115558126.0,2566-0242,DOC-BUD-2566,1.4ผลเบิกจ่ายปี 2566  final.pdf,7
ITM-0194,จ้างจัดนิทรรศการวัรแงงานแห่งชาติ,1. จ้างจัดนิทรรศการวัรแงงานแห่งชาติ,2566,1,2566,ชื่อตรงกันทุกตัวอักษรหลังปรับรูป,พบปีเดียวและมีรายการชื่อคล้ายกันในปีอื่น ต้องตรวจสอบด้วยคน,ITM-0193,จ้างจัดนิทรรศการวันแรงงานแห่งชาติ,95.4,2567,1500000.0,1100000.0,2566-0243,DOC-BUD-2566,1.4ผลเบิกจ่ายปี 2566  final.pdf,7
ITM-0207,ผลิตและออกอากาศสื่อโทรทัศน์,2. ผลิตและออกอากาศสื่อโทรทัศน์,2566,5,2563 | 2564 | 2565 | 2566 | 2567,ชื่อตรงกันทุกตัวอักษรหลังปรับรูป,จับคู่อัตโนมัติด้วยชื่อตรงกัน,,,,,24000000.0,19384690.0,2566-0244,DOC-BUD-2566,1.4ผลเบิกจ่ายปี 2566  final.pdf,7
ITM-0206,ผลิตและออกอากาศสื่อวิทยุ,3. ผลิตและออกอากาศสื่อวิทยุ,2566,5,2563 | 2564 | 2565 | 2566 | 2567,ชื่อตรงกันทุกตัวอักษรหลังปรับรูป,จับคู่อัตโนมัติด้วยชื่อตรงกัน,,,,,3000000.0,2930000.0,2566-0245,DOC-BUD-2566,1.4ผลเบิกจ่ายปี 2566  final.pdf,7
ITM-0205,ผลิตและประชาสัมพันธ์ทางสื่อสิ่งพิมพ์,4. ผลิตและประชาสัมพันธ์ทางสื่อสิ่งพิมพ์,2566,5,2563 | 2564 | 2565 | 2566 | 2567,ชื่อตรงกันทุกตัวอักษรหลังปรับรูป,จับคู่อัตโนมัติด้วยชื่อตรงกัน,,,,,4800000.0,3190000.0,2566-0246,DOC-BUD-2566,1.4ผลเบิกจ่ายปี 2566  final.pdf,8
ITM-0209,ผลิตและเผยแพร่ทางสื่อออนไลน์ (เว็บไซต์) หรือสื่อสังคมออนไลน์ (โซเซียลมีเดีย),5. ผลิตและเผยแพร่ทางสื่อออนไลน์ (เว็บไซต์) หรือสื่อสังคมออนไลน์ (โซเซียลมีเดีย),2566,4,2564 | 2565 | 2566 | 2567,ชื่อตรงกันทุกตัวอักษรหลังปรับรูป,จับคู่อัตโนมัติด้วยชื่อตรงกัน,,,,,7500000.0,7220480.0,2566-0247,DOC-BUD-2566,1.4ผลเบิกจ่ายปี 2566  final.pdf,8
ITM-0204,ผลิตสื่อประชาสัมพันธ์เพื่อเผยแพร่ประชาสัมพันธ์ ส่งแรงงานกลับบ้าน,6. ผลิตสื่อประชาสัมพันธ์เพื่อเผยแพร่ประชาสัมพันธ์ ส่งแรงงานกลับบ้าน,2566,5,2563 | 2564 | 2565 | 2566 | 2567,ชื่อตรงกันทุกตัวอักษรหลังปรับรูป,จับคู่อัตโนมัติด้วยชื่อตรงกัน,,,,,500000.0,496480.0,2566-0248,DOC-BUD-2566,1.4ผลเบิกจ่ายปี 2566  final.pdf,8
ITM-0202,ผลิตสื่อประชาสัมพันธ์เพื่อเผยแพร่ประชาสัมพันธ์,7. ผลิตสื่อประชาสัมพันธ์เพื่อเผยแพร่ประชาสัมพันธ์,2566,4,2564 | 2565 | 2566 | 2567,ชื่อตรงกันทุกตัวอักษรหลังปรับรูป,จับคู่อัตโนมัติด้วยชื่อตรงกัน,,,,,3000000.0,2987000.0,2566-0249,DOC-BUD-2566,1.4ผลเบิกจ่ายปี 2566  final.pdf,8
ITM-0201,ผลิตวัสดุประชาสัมพันธ์วันแรงงานแห่งชาติ,8. ผลิตวัสดุประชาสัมพันธ์วันแรงงานแห่งชาติ,2566,5,2563 | 2564 | 2565 | 2566 | 2567,ชื่อตรงกันทุกตัวอักษรหลังปรับรูป,จับคู่อัตโนมัติด้วยชื่อตรงกัน,,,,,3800000.0,3800000.0,2566-0250,DOC-BUD-2566,1.4ผลเบิกจ่ายปี 2566  final.pdf,8
ITM-0198,ตรวจตัดข่าว ผ่านสื่อสิ่งพิมพ์ และสื่อออนไลน์,9. ตรวจตัดข่าว ผ่านสื่อสิ่งพิมพ์ และสื่อออนไลน์,2566,5,2563 | 2564 | 2565 | 2566 | 2567,ชื่อตรงกันทุกตัวอักษรหลังปรับรูป,จับคู่อัตโนมัติด้วยชื่อตรงกัน,,,,,500000.0,499476.0,2566-0251,DOC-BUD-2566,1.4ผลเบิกจ่ายปี 2566  final.pdf,8
ITM-0197,จ้างพิมพ์แผ่นพับประชาสัมพันธ์งานประกันสังคม,10. จ้างพิมพ์แผ่นพับประชาสัมพันธ์งานประกันสังคม,2566,2,2566 | 2567,ชื่อตรงกันทุกตัวอักษรหลังปรับรูป,จับคู่อัตโนมัติด้วยชื่อตรงกัน,,,,,4000000.0,3988000.0,2566-0252,DOC-BUD-2566,1.4ผลเบิกจ่ายปี 2566  final.pdf,8
ITM-0195,จ้างพิมพ์ปฏิทินประกันสังคม ประจำปี 2568,11. จ้างพิมพ์ปฏิทินประกันสังคม ประจำปี 2567,2566,2,2566 | 2567,ชื่อตรงกันทุกตัวอักษรหลังปรับรูป,จับคู่อัตโนมัติด้วยชื่อตรงกัน,,,,,55000000.0,54977000.0,2566-0253,DOC-BUD-2566,1.4ผลเบิกจ่ายปี 2566  final.pdf,8
ITM-0196,จ้างพิมพ์วารสารประกันสังคม,12. จ้างพิมพ์วารสารประกันสังคม,2566,2,2566 | 2567,ชื่อตรงกันทุกตัวอักษรหลังปรับรูป,จับคู่อัตโนมัติด้วยชื่อตรงกัน,,,,,15000000.0,14985000.0,2566-0254,DOC-BUD-2566,1.4ผลเบิกจ่ายปี 2566  final.pdf,8
ITM-0002,การจัดส่งข้าราชการและพนักงานสำนักงานประกันสังคมเข้ารับ การอบรมด้านวิชาการที่หน่วยงานภายนอกเป็นผู้จัด,6. การจัดส่งข้าราชการและพนักงานสำนักงานประกันสังคมเข้ารับ การอบรมด้านวิชาการที่หน่วยงานภายนอกเป็นผู้จัด,2566,5,2563 | 2564 | 2565 | 2566 | 2567,ชื่อตรงกันทุกตัวอักษรหลังปรับรูป,จับคู่อัตโนมัติด้วยชื่อตรงกัน,,,,,17805000.0,16757355.0,2566-0255,DOC-BUD-2566,1.4ผลเบิกจ่ายปี 2566  final.pdf,8
ITM-0491,โครงการอบรมเชิงปฏิบัติการแก่นายจ้างเพื่อจัดทำข้อมูลและจ่ายเงินสมทบ กองทุนประกันสงคมผ่านระบบอิเล็กทรอนิกส์ (e-Payment),7. โครงการอบรมเชิงปฏิบัติการแก่นายจ้างเพื่อจัดทำข้อมูลและจ่ายเงินสมทบ กองทุนประกันสงคมผ่านระบบอิเล็กทรอนิกส์ (e-Payment),2566,3,2565 | 2566 | 2567,ชื่อตรงกันทุกตัวอักษรหลังปรับรูป,ชื่อตรงกันข้ามปี และยังมีรายการชื่อคล้ายกันให้ตรวจเพิ่ม,ITM-0008,การอบรมเชิงปฏิบัติการแก่นายจ้างเพื่อจัดทำข้อมูลและจ่ายเงินสมทบ กองทุนประกันสงคมผ่านระบบอิเล็กทรอนิกส์ (e-Payment),98.2,2563 | 2564,2020000.0,1774961.37,2566-0256,DOC-BUD-2566,1.4ผลเบิกจ่ายปี 2566  final.pdf,8
ITM-0527,โครงการให้ความรู้ด้านการประกันสังคมแก่แรงงานต่างด้าว,8. โครงการให้ความรู้ด้านการประกันสังคมแก่แรงงานต่างด้าว,2566,4,2564 | 2565 | 2566 | 2567,ชื่อตรงกันทุกตัวอักษรหลังปรับรูป,จับคู่อัตโนมัติด้วยชื่อตรงกัน,,,,,355000.0,323900.0,2566-0257,DOC-BUD-2566,1.4ผลเบิกจ่ายปี 2566  final.pdf,8
ITM-0348,โครงการตรวจสอบสถานประกอบการเพื่อป้องกันการแสวงประโยชน์ จากการใช้แรงงานและกองทุน,9. โครงการตรวจสอบสถานประกอบการเพื่อป้องกันการแสวงประโยชน์ จากการใช้แรงงานและกองทุน,2566,5,2563 | 2564 | 2565 | 2566 | 2567,ชื่อตรงกันทุกตัวอักษรหลังปรับรูป,จับคู่อัตโนมัติด้วยชื่อตรงกัน,,,,,377000.0,262944.0,2566-0258,DOC-BUD-2566,1.4ผลเบิกจ่ายปี 2566  final.pdf,8
ITM-0513,โครงการเพิ่มประสิทธิภาพพนักงานเจ้าหน้าที่เพื่อเป็นชุดเฉพาะกิจตรวจสถานประกอบการ และติดตามเร่งรัดหนี้,10. โครงการเพิ่มประสิทธิภาพพนักงานเจ้าหน้าที่เพื่อเป็นชุดเฉพาะกิจตรวจสถานประกอบการ และติดตามเร่งรัดหนี้,2566,1,2566,ชื่อตรงกันทุกตัวอักษรหลังปรับรูป,พบปีเดียว ยังไม่ยืนยันการจับคู่ข้ามปี,,,,,1908400.0,1849334.81,2566-0259,DOC-BUD-2566,1.4ผลเบิกจ่ายปี 2566  final.pdf,8
ITM-0470,โครงการ สปส.มอบสุข,11. โครงการ สปส.มอบสุข,2566,5,2563 | 2564 | 2565 | 2566 | 2567,ชื่อตรงกันทุกตัวอักษรหลังปรับรูป,จับคู่อัตโนมัติด้วยชื่อตรงกัน,,,,,3756000.0,3750000.0,2566-0260,DOC-BUD-2566,1.4ผลเบิกจ่ายปี 2566  final.pdf,8
ITM-0293,โครงการจัดนิทรรศการและแถลงข่าวงานประกันสังคม,12. โครงการจัดนิทรรศการและแถลงข่าวงานประกันสังคม,2566,5,2563 | 2564 | 2565 | 2566 | 2567,ชื่อตรงกันทุกตัวอักษรหลังปรับรูป,จับคู่อัตโนมัติด้วยชื่อตรงกัน,,,,,2000000.0,1995000.0,2566-0261,DOC-BUD-2566,1.4ผลเบิกจ่ายปี 2566  final.pdf,8
ITM-0286,โครงการจัดทำคลิปวีดีโอ ชุดความรู้งานประกันสังคม (ชัวร์แล้วแชร์เลย),13. โครงการจัดทำคลิปวีดีโอ ชุดความรู้งานประกันสังคม (ชัวร์แล้วแชร์เลย),2566,1,2566,ชื่อตรงกันทุกตัวอักษรหลังปรับรูป,พบปีเดียว ยังไม่ยืนยันการจับคู่ข้ามปี,,,,,700000.0,320000.0,2566-0262,DOC-BUD-2566,1.4ผลเบิกจ่ายปี 2566  final.pdf,8
ITM-0372,โครงการประกวดคลิปสั้นประกันสังคม,14. โครงการประกวดคลิปสั้นประกันสังคม,2566,2,2566 | 2567,ชื่อตรงกันทุกตัวอักษรหลังปรับรูป,จับคู่อัตโนมัติด้วยชื่อตรงกัน,,,,,245800.0,245800.0,2566-0263,DOC-BUD-2566,1.4ผลเบิกจ่ายปี 2566  final.pdf,8
ITM-0496,โครงการออกหน่วยเคลื่อนที่บริการเบ็ดเสร็จ Service Delivery Unit,15. โครงการออกหน่วยเคลื่อนที่บริการเบ็ดเสร็จ Service Delivery Unit,2566,5,2563 | 2564 | 2565 | 2566 | 2567,ชื่อตรงกันทุกตัวอักษรหลังปรับรูป,จับคู่อัตโนมัติด้วยชื่อตรงกัน,,,,,4968000.0,3858404.0,2566-0264,DOC-BUD-2566,1.4ผลเบิกจ่ายปี 2566  final.pdf,8
ITM-0448,โครงการพัฒนาศักยภาพแกนนำเครือข่ายประกันสังคม,16. โครงการพัฒนาศักยภาพแกนนำเครือข่ายประกันสังคม,2566,5,2563 | 2564 | 2565 | 2566 | 2567,ชื่อตรงกันทุกตัวอักษรหลังปรับรูป,จับคู่อัตโนมัติด้วยชื่อตรงกัน,,,,,5335200.0,5113825.2,2566-0265,DOC-BUD-2566,1.4ผลเบิกจ่ายปี 2566  final.pdf,8
ITM-0373,โครงการประกันสังคมทั่วไทยสู่แรงงานภาคอิสระ,17. โครงการประกันสังคมทั่วไทยสู่แรงงานภาคอิสระ,2566,5,2563 | 2564 | 2565 | 2566 | 2567,ชื่อตรงกันทุกตัวอักษรหลังปรับรูป,จับคู่อัตโนมัติด้วยชื่อตรงกัน,,,,,875000.0,777643.0,2566-0266,DOC-BUD-2566,1.4ผลเบิกจ่ายปี 2566  final.pdf,8
ITM-0427,โครงการพัฒนาคุณภาพการบริหารจัดการภาครัฐของสำนักงานประกันสังคม ตามเกณฑ์คุณภาพการบริหารจัดการภาครัฐ (PMQA),18. โครงการพัฒนาคุณภาพการบริหารจัดการภาครัฐของสำนักงานประกันสังคม ตามเกณฑ์คุณภาพการบริหารจัดการภาครัฐ (PMQA),2566,4,2564 | 2565 | 2566 | 2567,ชื่อตรงกันทุกตัวอักษรหลังปรับรูป,จับคู่อัตโนมัติด้วยชื่อตรงกัน,,,,,528400.0,463672.0,2566-0267,DOC-BUD-2566,1.4ผลเบิกจ่ายปี 2566  final.pdf,8
ITM-0351,โครงการทบทวน บทบาท ภารกิจและรูปแบบการดำเนินงานของสำนักงานประกันสังคม,19. โครงการทบทวน บทบาท ภารกิจและรูปแบบการดำเนินงานของสำนักงานประกันสังคม,2566,3,2565 | 2566 | 2567,ชื่อตรงกันทุกตัวอักษรหลังปรับรูป,จับคู่อัตโนมัติด้วยชื่อตรงกัน,,,,,206000.0,204100.0,2566-0268,DOC-BUD-2566,1.4ผลเบิกจ่ายปี 2566  final.pdf,8
ITM-0261,โครงการขับเคลื่อนการยกระดับการให้บริการสู่มาตรฐานศูนย์ราชการสะดวก (Government Easy Contact Center : GECC),20. โครงการขับเคลื่อนการยกระดับการให้บริการสู่มาตรฐานศูนย์ราชการสะดวก (Government Easy Contact Center : GECC),2566,3,2565 | 2566 | 2567,ชื่อตรงกันทุกตัวอักษรหลังปรับรูป,จับคู่อัตโนมัติด้วยชื่อตรงกัน,,,,,745000.0,744800.0,2566-0269,DOC-BUD-2566,1.4ผลเบิกจ่ายปี 2566  final.pdf,8
ITM-0458,โครงการยกระดับผลงานการบริการภาครัฐ และการบริหารราชการแบบมีส่วนร่วม ตามแนวทางรางวัลเลิศรัฐ,21. โครงการยกระดับผลงานการบริการภาครัฐ และการบริหารราชการแบบมีส่วนร่วม ตามแนวทางรางวัลเลิศรัฐ,2566,3,2565 | 2566 | 2567,ชื่อตรงกันทุกตัวอักษรหลังปรับรูป,จับคู่อัตโนมัติด้วยชื่อตรงกัน,,,,,650000.0,650000.0,2566-0270,DOC-BUD-2566,1.4ผลเบิกจ่ายปี 2566  final.pdf,8
ITM-0457,โครงการมอบโล่ประกาศเกียรติคุณสถานประกอบการ,22. โครงการมอบโล่ประกาศเกียรติคุณสถานประกอบการ,2566,5,2563 | 2564 | 2565 | 2566 | 2567,ชื่อตรงกันทุกตัวอักษรหลังปรับรูป,จับคู่อัตโนมัติด้วยชื่อตรงกัน,,,,,450000.0,390000.0,2566-0271,DOC-BUD-2566,1.4ผลเบิกจ่ายปี 2566  final.pdf,8
ITM-0376,โครงการประกาศเกียรติคุณผู้ทำคุณประโยชน์ต่อสำนักงานประกันสังคม,23. โครงการประกาศเกียรติคุณผู้ทำคุณประโยชน์ต่อสำนักงานประกันสังคม,2566,5,2563 | 2564 | 2565 | 2566 | 2567,ชื่อตรงกันทุกตัวอักษรหลังปรับรูป,จับคู่อัตโนมัติด้วยชื่อตรงกัน,,,,,90000.0,58500.0,2566-0272,DOC-BUD-2566,1.4ผลเบิกจ่ายปี 2566  final.pdf,8
ITM-0363,โครงการบริจาคโลหิตสำนักงานประกันสังคม,24. โครงการบริจาคโลหิตสำนักงานประกันสังคม,2566,4,2564 | 2565 | 2566 | 2567,ชื่อตรงกันทุกตัวอักษรหลังปรับรูป,จับคู่อัตโนมัติด้วยชื่อตรงกัน,,,,,31200.0,29400.0,2566-0273,DOC-BUD-2566,1.4ผลเบิกจ่ายปี 2566  final.pdf,8
ITM-0419,โครงการฝึกอบรมเชิงปฏิบัติการซักซ้อมแผนการป้องกันและระงับอัคคีภัย,25. โครงการฝึกอบรมเชิงปฏิบัติการซักซ้อมแผนการป้องกันและระงับอัคคีภัย,2566,5,2563 | 2564 | 2565 | 2566 | 2567,ชื่อตรงกันทุกตัวอักษรหลังปรับรูป,จับคู่อัตโนมัติด้วยชื่อตรงกัน,,,,,2813300.0,2428392.35,2566-0274,DOC-BUD-2566,1.4ผลเบิกจ่ายปี 2566  final.pdf,8
ITM-0074,ค่าจ้างล่ามภาษาต่างประเทศ,26. ค่าจ้างล่ามภาษาต่างประเทศ,2566,4,2564 | 2565 | 2566 | 2567,ชื่อตรงกันทุกตัวอักษรหลังปรับรูป,จับคู่อัตโนมัติด้วยชื่อตรงกัน,,,,,720000.0,683172.0,2566-0275,DOC-BUD-2566,1.4ผลเบิกจ่ายปี 2566  final.pdf,8
ITM-0337,โครงการชุดฟอร์มเจ้าหน้าที่สำนักงานประกันสังคม,27. โครงการชุดฟอร์มเจ้าหน้าที่สำนักงานประกันสังคม,2566,1,2566,ชื่อตรงกันทุกตัวอักษรหลังปรับรูป,พบปีเดียว ยังไม่ยืนยันการจับคู่ข้ามปี,,,,,35000000.0,35000000.0,2566-0276,DOC-BUD-2566,1.4ผลเบิกจ่ายปี 2566  final.pdf,8
ITM-0523,โครงการแรงงานสัญจร สปส.,28. โครงการแรงงานสัญจร สปส.,2566,1,2566,ชื่อตรงกันทุกตัวอักษรหลังปรับรูป,พบปีเดียว ยังไม่ยืนยันการจับคู่ข้ามปี,,,,,,,2566-0277,DOC-BUD-2566,1.4ผลเบิกจ่ายปี 2566  final.pdf,8
ITM-0361,โครงการบริการส่งข้อความสั้นทางโทรศัพท์มือถือ short Message Service (SMS) (มค. - มีค.66),29. โครงการบริการส่งข้อความสั้นทางโทรศัพท์มือถือ short Message Service (SMS) (มค. - มีค.66),2566,1,2566,ชื่อตรงกันทุกตัวอักษรหลังปรับรูป,พบปีเดียวและมีรายการชื่อคล้ายกันในปีอื่น ต้องตรวจสอบด้วยคน,ITM-0359,โครงการบริการส่งข้อความสั้นทางโทรศัพท์มือถือ Short Message Service (SMS),93.5,2563 | 2564,,793952.04,2566-0278,DOC-BUD-2566,1.4ผลเบิกจ่ายปี 2566  final.pdf,8
ITM-0360,โครงการบริการส่งข้อความสั้นทางโทรศัพท์มือถือ short Message Service (SMS),30. โครงการบริการส่งข้อความสั้นทางโทรศัพท์มือถือ short Message Service (SMS),2566,2,2566 | 2567,ชื่อตรงกันทุกตัวอักษรหลังปรับรูป,ชื่อตรงกันข้ามปี และยังมีรายการชื่อคล้ายกันให้ตรวจเพิ่ม,ITM-0359,โครงการบริการส่งข้อความสั้นทางโทรศัพท์มือถือ Short Message Service (SMS),98.5,2563 | 2564,,266653.59,2566-0279,DOC-BUD-2566,1.4ผลเบิกจ่ายปี 2566  final.pdf,8
ITM-0377,"โครงการประกาศเกียรติคุณเครือข่าย ""บวร"" ดีเด่น","31. โครงการประกาศเกียรติคุณเครือข่าย ""บวร"" ดีเด่น",2566,2,2566 | 2567,ชื่อตรงกันทุกตัวอักษรหลังปรับรูป,จับคู่อัตโนมัติด้วยชื่อตรงกัน,,,,,,383400.0,2566-0280,DOC-BUD-2566,1.4ผลเบิกจ่ายปี 2566  final.pdf,8
ITM-0408,โครงการผลิตหนังสือที่ระลึกครบรอบ 33 ปี สปส.,32. โครงการผลิตหนังสือที่ระลึกครบรอบ 33 ปี สปส.,2566,1,2566,ชื่อตรงกันทุกตัวอักษรหลังปรับรูป,พบปีเดียว ยังไม่ยืนยันการจับคู่ข้ามปี,,,,,,2985300.0,2566-0281,DOC-BUD-2566,1.4ผลเบิกจ่ายปี 2566  final.pdf,8
ITM-0399,โครงการผลิตสื่อประชาสัมพันธ์ประเภทสมุดบันทึกสำนักงานประกันสังคม,33. โครงการผลิตสื่อประชาสัมพันธ์ประเภทสมุดบันทึกสำนักงานประกันสังคม,2566,1,2566,ชื่อตรงกันทุกตัวอักษรหลังปรับรูป,พบปีเดียว ยังไม่ยืนยันการจับคู่ข้ามปี,,,,,,479360.0,2566-0282,DOC-BUD-2566,1.4ผลเบิกจ่ายปี 2566  final.pdf,8
ITM-0444,โครงการพัฒนาศักยภาพนักประชาสัมพันธ์ของสำนักงานประกันสังคม,34. โครงการพัฒนาศักยภาพนักประชาสัมพันธ์ของสำนักงานประกันสังคม,2566,2,2566 | 2567,ชื่อตรงกันทุกตัวอักษรหลังปรับรูป,จับคู่อัตโนมัติด้วยชื่อตรงกัน,,,,,,775620.0,2566-0283,DOC-BUD-2566,1.4ผลเบิกจ่ายปี 2566  final.pdf,8
ITM-0422,โครงการพนักงานเฉพาะกิจผู้ช่วยงานติดตามเร่งรัดหนี้เงินสมทบ,35. โครงการพนักงานเฉพาะกิจผู้ช่วยงานติดตามเร่งรัดหนี้เงินสมทบ,2566,1,2566,ชื่อตรงกันทุกตัวอักษรหลังปรับรูป,พบปีเดียว ยังไม่ยืนยันการจับคู่ข้ามปี,,,,,,713500.0,2566-0284,DOC-BUD-2566,1.4ผลเบิกจ่ายปี 2566  final.pdf,8
ITM-0509,โครงการเผยแพร่ประชาสัมพันธ์ประกันสังคมมาตรา 40 สู่เครือข่ายประกันสังคม,36. โครงการเผยแพร่ประชาสัมพันธ์ประกันสังคมมาตรา 40 สู่เครือข่ายประกันสังคม,2566,1,2566,ชื่อตรงกันทุกตัวอักษรหลังปรับรูป,พบปีเดียว ยังไม่ยืนยันการจับคู่ข้ามปี,,,,,,3306011.0,2566-0285,DOC-BUD-2566,1.4ผลเบิกจ่ายปี 2566  final.pdf,9
ITM-0349,โครงการตรวจสุชภาพพนักงานประกันสังคม,37. โครงการตรวจสุชภาพพนักงานประกันสังคม,2566,2,2566 | 2567,ชื่อตรงกันทุกตัวอักษรหลังปรับรูป,จับคู่อัตโนมัติด้วยชื่อตรงกัน,,,,,,1905030.0,2566-0286,DOC-BUD-2566,1.4ผลเบิกจ่ายปี 2566  final.pdf,9
ITM-0267,โครงการงานประชุมวิชาการประกันสังคมภูมิภาค,38. โครงการงานประชุมวิชาการประกันสังคมภูมิภาค,2566,1,2566,ชื่อตรงกันทุกตัวอักษรหลังปรับรูป,พบปีเดียว ยังไม่ยืนยันการจับคู่ข้ามปี,,,,,,957378.0,2566-0287,DOC-BUD-2566,1.4ผลเบิกจ่ายปี 2566  final.pdf,9
ITM-0405,โครงการผลิตสื่อประชาสัมพันธ์เพื่อเผยแพร่ประชาสัมพันธ์งานประกันสังคม ประเภทน้ำดื่ม,39. โครงการผลิตสื่อประชาสัมพันธ์เพื่อเผยแพร่ประชาสัมพันธ์งานประกันสังคม ประเภทน้ำดื่ม,2566,1,2566,ชื่อตรงกันทุกตัวอักษรหลังปรับรูป,พบปีเดียว ยังไม่ยืนยันการจับคู่ข้ามปี,,,,,,5995000.0,2566-0288,DOC-BUD-2566,1.4ผลเบิกจ่ายปี 2566  final.pdf,9
ITM-0393,โครงการผลิตคลิปวีดีโอ Motion Graphic และภาพ Info Graphic สิทธิประโยชน์ประกันสังคมและของขวัญปีใหม่ 2567,40. โครงการผลิตคลิปวีดีโอ Motion Graphic และภาพ Info Graphic สิทธิประโยชน์ประกันสังคมและของขวัญปีใหม่ 2567,2566,1,2566,ชื่อตรงกันทุกตัวอักษรหลังปรับรูป,พบปีเดียว ยังไม่ยืนยันการจับคู่ข้ามปี,,,,,,490000.0,2566-0289,DOC-BUD-2566,1.4ผลเบิกจ่ายปี 2566  final.pdf,9
ITM-0395,โครงการผลิตสื่อประชาสัมพันธ์ ประเภทน้ำมันนวดสมุนไพร,41. โครงการผลิตสื่อประชาสัมพันธ์ ประเภทน้ำมันนวดสมุนไพร,2566,1,2566,ชื่อตรงกันทุกตัวอักษรหลังปรับรูป,พบปีเดียว ยังไม่ยืนยันการจับคู่ข้ามปี,,,,,,490000.0,2566-0290,DOC-BUD-2566,1.4ผลเบิกจ่ายปี 2566  final.pdf,9
ITM-0212,รายการชดใช้ความเสียหายจากการละเมิด,42. รายการชดใช้ความเสียหายจากการละเมิด,2566,1,2566,ชื่อตรงกันทุกตัวอักษรหลังปรับรูป,พบปีเดียว ยังไม่ยืนยันการจับคู่ข้ามปี,,,,,,,2566-0291,DOC-BUD-2566,1.4ผลเบิกจ่ายปี 2566  final.pdf,9
ITM-0121,ค่าธรรมเนียมการโอนเงินผ่านธนาคาร,1. ค่าธรรมเนียมการโอนเงินผ่านธนาคาร,2566,2,2566 | 2567,ชื่อตรงกันทุกตัวอักษรหลังปรับรูป,จับคู่อัตโนมัติด้วยชื่อตรงกัน,,,,,10990400.0,10044703.87,2566-0296,DOC-BUD-2566,1.4ผลเบิกจ่ายปี 2566  final.pdf,9
ITM-0129,ค่าธรรมเนียมรับเงินสมทบกองทุนประกันสังคมผ่านธนาคาร/หน่วยบริการ,2. ค่าธรรมเนียมรับเงินสมทบกองทุนประกันสังคมผ่านธนาคาร/หน่วยบริการ,2566,5,2563 | 2564 | 2565 | 2566 | 2567,ชื่อตรงกันทุกตัวอักษรหลังปรับรูป,จับคู่อัตโนมัติด้วยชื่อตรงกัน,,,,,397578100.0,361580845.97,2566-0297,DOC-BUD-2566,1.4ผลเบิกจ่ายปี 2566  final.pdf,9
ITM-0124,ค่าธรรมเนียมจ่ายประโยชน์ทดแทน,3. ค่าธรรมเนียมจ่ายประโยชน์ทดแทน,2566,5,2563 | 2564 | 2565 | 2566 | 2567,ชื่อตรงกันทุกตัวอักษรหลังปรับรูป,จับคู่อัตโนมัติด้วยชื่อตรงกัน,,,,,61924300.0,36116665.0,2566-0298,DOC-BUD-2566,1.4ผลเบิกจ่ายปี 2566  final.pdf,9
ITM-0276,โครงการจัดซื้อครุภัณฑ์คอมพิวเตอร์ ประจำปี 2566,1. โครงการจัดซื้อครุภัณฑ์คอมพิวเตอร์ ประจำปี 2566,2566,2,2563 | 2566,ชื่อตรงกันทุกตัวอักษรหลังปรับรูป,จับคู่อัตโนมัติด้วยชื่อตรงกัน,,,,,20879900.0,19870000.0,2566-0301,DOC-BUD-2566,1.4ผลเบิกจ่ายปี 2566  final.pdf,9
ITM-0301,โครงการจัดหาระบบปรับอากาศแบบควบคุมอุณหภูมิและความชื้นอัตโนมัติ (Precision Air Conditioning System) พร้อมติดตั้งใช้งานทดแทนอุปกรณ์ชุดเดิม,2. โครงการจัดหาระบบปรับอากาศแบบควบคุมอุณหภูมิและความชื้นอัตโนมัติ (Precision Air Conditioning System) พร้อมติดตั้งใช้งานทดแทนอุปกรณ์ชุดเดิม,2566,1,2566,ชื่อตรงกันทุกตัวอักษรหลังปรับรูป,พบปีเดียว ยังไม่ยืนยันการจับคู่ข้ามปี,,,,,20130000.0,20064000.0,2566-0302,DOC-BUD-2566,1.4ผลเบิกจ่ายปี 2566  final.pdf,9
ITM-0307,โครงการจัดหาเครื่องคอมพิวเตอร์แม่ข่ายเพื่อทดแทนและรองรับระบบสารสนเทศเพิ่มเติม,3. โครงการจัดหาเครื่องคอมพิวเตอร์แม่ข่ายเพื่อทดแทนและรองรับระบบสารสนเทศเพิ่มเติม,2566,1,2566,ชื่อตรงกันทุกตัวอักษรหลังปรับรูป,พบปีเดียว ยังไม่ยืนยันการจับคู่ข้ามปี,,,,,158500000.0,158280000.0,2566-0303,DOC-BUD-2566,1.4ผลเบิกจ่ายปี 2566  final.pdf,9
ITM-0305,โครงการจัดหาอุปกรณ์สำหรับเพิ่มประสิทธิภาพในการใช้งานและบริหารจัดการผู้ใช้งาน ระบบเครือข่ายอินเทอร์เน็ตและอุปกรณ์ป้องกันการบุกรุกจดหมายอิเล็กทรอนิกส์ เพื่อทดแทนอุปกรณ์เดิม,4. โครงการจัดหาอุปกรณ์สำหรับเพิ่มประสิทธิภาพในการใช้งานและบริหารจัดการผู้ใช้งาน ระบบเครือข่ายอินเทอร์เน็ตและอุปกรณ์ป้องกันการบุกรุกจดหมายอิเล็กทรอนิกส์ เพื่อทดแทนอุปกรณ์เดิม,2566,1,2566,ชื่อตรงกันทุกตัวอักษรหลังปรับรูป,พบปีเดียว ยังไม่ยืนยันการจับคู่ข้ามปี,,,,,93600000.0,89800000.0,2566-0304,DOC-BUD-2566,1.4ผลเบิกจ่ายปี 2566  final.pdf,9
ITM-0278,โครงการจัดซื้อครุภัณฑ์โปรแกรมคอมพิวเตอร์สำหรับพัฒนาแบบจำลองการคาดการณ์ ภาวะเศรษฐกิจโลก (Global Economic Model),5. โครงการจัดซื้อครุภัณฑ์โปรแกรมคอมพิวเตอร์สำหรับพัฒนาแบบจำลองการคาดการณ์ ภาวะเศรษฐกิจโลก (Global Economic Model),2566,1,2566,ชื่อตรงกันทุกตัวอักษรหลังปรับรูป,พบปีเดียว ยังไม่ยืนยันการจับคู่ข้ามปี,,,,,171000.0,171000.0,2566-0305,DOC-BUD-2566,1.4ผลเบิกจ่ายปี 2566  final.pdf,9
ITM-0299,โครงการจัดหาระบบบริหารจัดการด้านความปลอดภัยฐานข้อมูลของสำนักงานประกันสังคม,6. โครงการจัดหาระบบบริหารจัดการด้านความปลอดภัยฐานข้อมูลของสำนักงานประกันสังคม,2566,1,2566,ชื่อตรงกันทุกตัวอักษรหลังปรับรูป,พบปีเดียว ยังไม่ยืนยันการจับคู่ข้ามปี,,,,,135000000.0,134400000.0,2566-0306,DOC-BUD-2566,1.4ผลเบิกจ่ายปี 2566  final.pdf,9
ITM-0297,โครงการจัดหาระบบการจัดการแอปพลิเคชั่นและแพลตฟอร์มแบบอัตโนมัติ,7. โครงการจัดหาระบบการจัดการแอปพลิเคชั่นและแพลตฟอร์มแบบอัตโนมัติ,2566,1,2566,ชื่อตรงกันทุกตัวอักษรหลังปรับรูป,พบปีเดียว ยังไม่ยืนยันการจับคู่ข้ามปี,,,,,68916500.0,68200000.0,2566-0307,DOC-BUD-2566,1.4ผลเบิกจ่ายปี 2566  final.pdf,9
ITM-0436,โครงการพัฒนาระบบลงทะเบียนเลือกตั้งผู้แทนฝ่ายนายจ้างและผู้แทนฝ่ายผู้ประกันตน,8. โครงการพัฒนาระบบลงทะเบียนเลือกตั้งผู้แทนฝ่ายนายจ้างและผู้แทนฝ่ายผู้ประกันตน,2566,1,2566,ชื่อตรงกันทุกตัวอักษรหลังปรับรูป,พบปีเดียว ยังไม่ยืนยันการจับคู่ข้ามปี,,,,,,1290000.0,2566-0308,DOC-BUD-2566,1.4ผลเบิกจ่ายปี 2566  final.pdf,9
ITM-0481,- โครงการส่งเสริมการมีส่วนร่วม เผยแพร่ ประชาสัมพันธ์งานประกันสังคมสู่ผู้ประกันตน,- โครงการส่งเสริมการมีส่วนร่วม เผยแพร่ ประชาสัมพันธ์งานประกันสังคมสู่ผู้ประกันตน,2566,5,2563 | 2564 | 2565 | 2566 | 2567,ชื่อตรงกันทุกตัวอักษรหลังปรับรูป,จับคู่อัตโนมัติด้วยชื่อตรงกัน,,,,,34000000.0,31596778.08,2566-0310,DOC-BUD-2566,1.4ผลเบิกจ่ายปี 2566  final.pdf,9
ITM-0466,โครงการสถานพยาบาลในดวงใจ,1. โครงการสถานพยาบาลในดวงใจ,2566,5,2563 | 2564 | 2565 | 2566 | 2567,ชื่อตรงกันทุกตัวอักษรหลังปรับรูป,จับคู่อัตโนมัติด้วยชื่อตรงกัน,,,,,2445000.0,2056098.0,2566-0312,DOC-BUD-2566,1.4ผลเบิกจ่ายปี 2566  final.pdf,9
ITM-0477,โครงการสำรวจความพึงพอใจสำนักงานประกันสังคม,2. โครงการสำรวจความพึงพอใจสำนักงานประกันสังคม,2566,5,2563 | 2564 | 2565 | 2566 | 2567,ชื่อตรงกันทุกตัวอักษรหลังปรับรูป,จับคู่อัตโนมัติด้วยชื่อตรงกัน,,,,,5300000.0,5080000.0,2566-0313,DOC-BUD-2566,1.4ผลเบิกจ่ายปี 2566  final.pdf,9
ITM-0199,ทุนอุดหนุนการศึกษาบุคลากรสำนักงานประกันสังคม,3. ทุนอุดหนุนการศึกษาบุคลากรสำนักงานประกันสังคม,2566,5,2563 | 2564 | 2565 | 2566 | 2567,ชื่อตรงกันทุกตัวอักษรหลังปรับรูป,จับคู่อัตโนมัติด้วยชื่อตรงกัน,,,,,2000000.0,1998800.0,2566-0314,DOC-BUD-2566,1.4ผลเบิกจ่ายปี 2566  final.pdf,9
ITM-0326,โครงการจ้างพัฒนาหลักสูตร e-learning ของสำนักงานประกันสังคม,4. โครงการจ้างพัฒนาหลักสูตร e-learning ของสำนักงานประกันสังคม,2566,4,2563 | 2564 | 2565 | 2566,ชื่อตรงกันทุกตัวอักษรหลังปรับรูป,จับคู่อัตโนมัติด้วยชื่อตรงกัน,,,,,1600000.0,1360000.0,2566-0315,DOC-BUD-2566,1.4ผลเบิกจ่ายปี 2566  final.pdf,9
ITM-0519,โครงการเสริมสร้างธรรมาภิบาลป้องกันและลดความเสี่ยงในการเกิดทุจริตและประพฤติมิชอบ,5. โครงการเสริมสร้างธรรมาภิบาลป้องกันและลดความเสี่ยงในการเกิดทุจริตและประพฤติมิชอบ,2566,5,2563 | 2564 | 2565 | 2566 | 2567,ชื่อตรงกันทุกตัวอักษรหลังปรับรูป,จับคู่อัตโนมัติด้วยชื่อตรงกัน,,,,,343400.0,7600.0,2566-0316,DOC-BUD-2566,1.4ผลเบิกจ่ายปี 2566  final.pdf,9
ITM-0254,โครงการการอำนวยการเลือกตั้งผู้แทนฝ่ายนายจ้างและผู้แทนฝ่ายผู้ประกันตน เป็นกรรมการในคณะกรรมการประกันสังคม,6. โครงการการอำนวยการเลือกตั้งผู้แทนฝ่ายนายจ้างและผู้แทนฝ่ายผู้ประกันตน เป็นกรรมการในคณะกรรมการประกันสังคม,2566,1,2566,ชื่อตรงกันทุกตัวอักษรหลังปรับรูป,พบปีเดียว ยังไม่ยืนยันการจับคู่ข้ามปี,,,,,207000000.0,57057566.71,2566-0317,DOC-BUD-2566,1.4ผลเบิกจ่ายปี 2566  final.pdf,9
ITM-0230,เงินค่าปรับที่จ่ายคืนให้แก่ผู้ขายหรือผู้รับจ้าง,7. เงินค่าปรับที่จ่ายคืนให้แก่ผู้ขายหรือผู้รับจ้าง,2566,2,2566 | 2567,ชื่อตรงกันทุกตัวอักษรหลังปรับรูป,จับคู่อัตโนมัติด้วยชื่อตรงกัน,,,,,86021530.0,86021530.0,2566-0318,DOC-BUD-2566,1.4ผลเบิกจ่ายปี 2566  final.pdf,9
ITM-0165,ค่าใช้จ่ายในการจ้างพนักงานประกันสังคม,1. ค่าใช้จ่ายในการจ้างพนักงานประกันสังคม,2567,4,2564 | 2565 | 2566 | 2567,ชื่อตรงกันทุกตัวอักษรหลังปรับรูป,จับคู่อัตโนมัติด้วยชื่อตรงกัน,,,,,1540000000.0,1198733921.41,2567-0004,DOC-BUD-2567,1.5ผลเบิกจ่ายปี 2567 - final.pdf,1
ITM-0241,เงินเพิ่มการครองชีพชั่วคราว,2. เงินเพิ่มการครองชีพชั่วคราว,2567,4,2564 | 2565 | 2566 | 2567,ชื่อตรงกันทุกตัวอักษรหลังปรับรูป,จับคู่อัตโนมัติด้วยชื่อตรงกัน,,,,,6974000.0,5748669.6,2567-0005,DOC-BUD-2567,1.5ผลเบิกจ่ายปี 2567 - final.pdf,1
ITM-0110,ค่าตอบแทนสำหรับผู้บริหารระดับชำนาญการพิเศษ,3. ค่าตอบแทนสำหรับผู้บริหารระดับชำนาญการพิเศษ,2567,5,2563 | 2564 | 2565 | 2566 | 2567,ชื่อตรงกันทุกตัวอักษรหลังปรับรูป,จับคู่อัตโนมัติด้วยชื่อตรงกัน,,,,,554400.0,462000.0,2567-0006,DOC-BUD-2567,1.5ผลเบิกจ่ายปี 2567 - final.pdf,1
ITM-0109,ค่าตอบแทนสำหรับข้าราชการระดับชำนาญการ/ชำนาญการพิเศษ ซึ่งปฏิบัติ หน้าที่ในฐานะหัวหน้าสำนักงานประกันสังคมจังหวัดสาขา,4. ค่าตอบแทนสำหรับข้าราชการระดับชำนาญการ/ชำนาญการพิเศษ ซึ่งปฏิบัติ หน้าที่ในฐานะหัวหน้าสำนักงานประกันสังคมจังหวัดสาขา,2567,5,2563 | 2564 | 2565 | 2566 | 2567,ชื่อตรงกันทุกตัวอักษรหลังปรับรูป,จับคู่อัตโนมัติด้วยชื่อตรงกัน,,,,,2100000.0,1276763.97,2567-0007,DOC-BUD-2567,1.5ผลเบิกจ่ายปี 2567 - final.pdf,1
ITM-0107,ค่าตอบแทนวิชาชีพเฉพาะด้านการลงทุนสำหรับข้าราชการ,5. ค่าตอบแทนวิชาชีพเฉพาะด้านการลงทุนสำหรับข้าราชการ,2567,5,2563 | 2564 | 2565 | 2566 | 2567,ชื่อตรงกันทุกตัวอักษรหลังปรับรูป,จับคู่อัตโนมัติด้วยชื่อตรงกัน,,,,,10560000.0,6835806.45,2567-0008,DOC-BUD-2567,1.5ผลเบิกจ่ายปี 2567 - final.pdf,1
ITM-0108,ค่าตอบแทนวิชาชีพเฉพาะด้านคณิตศาสตร์ประกันภัยสำหรับข้าราชการ,6. ค่าตอบแทนวิชาชีพเฉพาะด้านคณิตศาสตร์ประกันภัยสำหรับข้าราชการ,2567,5,2563 | 2564 | 2565 | 2566 | 2567,ชื่อตรงกันทุกตัวอักษรหลังปรับรูป,จับคู่อัตโนมัติด้วยชื่อตรงกัน,,,,,960000.0,522000.0,2567-0009,DOC-BUD-2567,1.5ผลเบิกจ่ายปี 2567 - final.pdf,1
ITM-0229,เงินค่าตอบแทนพิเศษ (กรณีค่าจ้างถึงขั้นสูง),7. เงินค่าตอบแทนพิเศษ (กรณีค่าจ้างถึงขั้นสูง),2567,4,2564 | 2565 | 2566 | 2567,ชื่อตรงกันทุกตัวอักษรหลังปรับรูป,จับคู่อัตโนมัติด้วยชื่อตรงกัน,,,,,1104100.0,355210.0,2567-0010,DOC-BUD-2567,1.5ผลเบิกจ่ายปี 2567 - final.pdf,1
ITM-0105,ค่าตอบแทนพิเศษรายเดือนให้แก่เจ้าหน้าที่ผู้ปฏิบัติงานในพื้นที่จังหวัด ชายแดนภาคใต้,1. ค่าตอบแทนพิเศษรายเดือนให้แก่เจ้าหน้าที่ผู้ปฏิบัติงานในพื้นที่จังหวัด ชายแดนภาคใต้,2567,4,2564 | 2565 | 2566 | 2567,ชื่อตรงกันทุกตัวอักษรหลังปรับรูป,ชื่อตรงกันข้ามปี และยังมีรายการชื่อคล้ายกันให้ตรวจเพิ่ม,ITM-0104,ค่าตอบแทนพิเศษรายเดือนให้แก่เจ้าหน้าที่ผู้ปฏิบัติงานในจังหวัด ชายแดนภาคใต้,95.4,2563,2886000.0,2350456.57,2567-0013,DOC-BUD-2567,1.5ผลเบิกจ่ายปี 2567 - final.pdf,1
ITM-0242,เงินเพิ่มสำหรับตำแหน่งที่มีเหตุพิเศษของผู้ปฏิบัติงานด้านการสาธารณสุข (พ.ต.ส.),2. เงินเพิ่มสำหรับตำแหน่งที่มีเหตุพิเศษของผู้ปฏิบัติงานด้านการสาธารณสุข (พ.ต.ส.),2567,4,2564 | 2565 | 2566 | 2567,ชื่อตรงกันทุกตัวอักษรหลังปรับรูป,จับคู่อัตโนมัติด้วยชื่อตรงกัน,,,,,96000.0,18000.0,2567-0014,DOC-BUD-2567,1.5ผลเบิกจ่ายปี 2567 - final.pdf,1
ITM-0102,ค่าตอบแทนประจำปี,3. ค่าตอบแทนประจำปี,2567,4,2564 | 2565 | 2566 | 2567,ชื่อตรงกันทุกตัวอักษรหลังปรับรูป,จับคู่อัตโนมัติด้วยชื่อตรงกัน,,,,,131666400.0,,2567-0015,DOC-BUD-2567,1.5ผลเบิกจ่ายปี 2567 - final.pdf,1
ITM-0235,เงินสมทบกองทุนประกันสังคม,1. เงินสมทบกองทุนประกันสังคม,2567,4,2564 | 2565 | 2566 | 2567,ชื่อตรงกันทุกตัวอักษรหลังปรับรูป,จับคู่อัตโนมัติด้วยชื่อตรงกัน,,,,,40590200.0,32242805.0,2567-0017,DOC-BUD-2567,1.5ผลเบิกจ่ายปี 2567 - final.pdf,1
ITM-0237,เงินสมทบกองทุนเงินทดแทน,2. เงินสมทบกองทุนเงินทดแทน,2567,4,2564 | 2565 | 2566 | 2567,ชื่อตรงกันทุกตัวอักษรหลังปรับรูป,จับคู่อัตโนมัติด้วยชื่อตรงกัน,,,,,1114000.0,820900.0,2567-0018,DOC-BUD-2567,1.5ผลเบิกจ่ายปี 2567 - final.pdf,1
ITM-0233,เงินประกันภัยแก่ข้าราชการ ลูกจ้างประจำ และพนักงานสำนักงาน ประกันสังคมที่ปฏิบัติงานประจำในพื้นที่ 3 จังหวัดชายแดนภาคใต้,3. เงินประกันภัยแก่ข้าราชการ ลูกจ้างประจำ และพนักงานสำนักงาน ประกันสังคมที่ปฏิบัติงานประจำในพื้นที่ 3 จังหวัดชายแดนภาคใต้,2567,4,2564 | 2565 | 2566 | 2567,ชื่อตรงกันทุกตัวอักษรหลังปรับรูป,ชื่อตรงกันข้ามปี และยังมีรายการชื่อคล้ายกันให้ตรวจเพิ่ม,ITM-0234,เงินประกันภัยแก่ข้าราชการ ลูกจ้างประจำ และพนักงานสำนักงาน ประกันสังคมที่ปฏิบัติงานประจำในพื้นที่ 4 จังหวัดชายแดนภาคใต้,99.1,2563,59400.0,59400.0,2567-0019,DOC-BUD-2567,1.5ผลเบิกจ่ายปี 2567 - final.pdf,1
ITM-0231,- เงินช่วยเหลือในกรณีที่พนักงานถึงแก่ความตาย,- เงินช่วยเหลือในกรณีที่พนักงานถึงแก่ความตาย,2567,5,2563 | 2564 | 2565 | 2566 | 2567,ชื่อตรงกันทุกตัวอักษรหลังปรับรูป,จับคู่อัตโนมัติด้วยชื่อตรงกัน,,,,,600000.0,484800.0,2567-0021,DOC-BUD-2567,1.5ผลเบิกจ่ายปี 2567 - final.pdf,1
ITM-0098,ค่าตอบแทนการปฏิบัติงานนอกเวลาราชการ,1. ค่าตอบแทนการปฏิบัติงานนอกเวลาราชการ,2567,5,2563 | 2564 | 2565 | 2566 | 2567,ชื่อตรงกันทุกตัวอักษรหลังปรับรูป,จับคู่อัตโนมัติด้วยชื่อตรงกัน,,,,,107614600.0,78583980.0,2567-0026,DOC-BUD-2567,1.5ผลเบิกจ่ายปี 2567 - final.pdf,1
ITM-0151,ค่าเบี้ยประชุมคณะกรรมการ/อนุกรรมการ/คณะทำงาน,2. ค่าเบี้ยประชุมคณะกรรมการ/อนุกรรมการ/คณะทำงาน,2567,5,2563 | 2564 | 2565 | 2566 | 2567,ชื่อตรงกันทุกตัวอักษรหลังปรับรูป,จับคู่อัตโนมัติด้วยชื่อตรงกัน,,,,,33569400.0,20911775.0,2567-0027,DOC-BUD-2567,1.5ผลเบิกจ่ายปี 2567 - final.pdf,1
ITM-0178,ค่าใช้จ่ายในการเดินทางมาประชุมของคณะกรรมการ ที่ปรึกษา และคณะอนุกรรมการ,3. ค่าใช้จ่ายในการเดินทางมาประชุมของคณะกรรมการ ที่ปรึกษา และคณะอนุกรรมการ,2567,5,2563 | 2564 | 2565 | 2566 | 2567,ชื่อตรงกันทุกตัวอักษรหลังปรับรูป,จับคู่อัตโนมัติด้วยชื่อตรงกัน,,,,,8496000.0,3881000.0,2567-0028,DOC-BUD-2567,1.5ผลเบิกจ่ายปี 2567 - final.pdf,1
ITM-0100,ค่าตอบแทนคณะกรรมการตรวจรับพัสดุในงานจ้างก่อสร้างและผู้ควบคุมงาน ก่อสร้างที่มีคำสั่งแต่งตั้งจากทางราชการ,4. ค่าตอบแทนคณะกรรมการตรวจรับพัสดุในงานจ้างก่อสร้างและผู้ควบคุมงาน ก่อสร้างที่มีคำสั่งแต่งตั้งจากทางราชการ,2567,4,2564 | 2565 | 2566 | 2567,ชื่อตรงกันทุกตัวอักษรหลังปรับรูป,จับคู่อัตโนมัติด้วยชื่อตรงกัน,,,,,1519600.0,360300.0,2567-0029,DOC-BUD-2567,1.5ผลเบิกจ่ายปี 2567 - final.pdf,1
ITM-0096,ค่าตอบแทนกรรมการผู้อ่านผลงานทางวิชาการ,5. ค่าตอบแทนกรรมการผู้อ่านผลงานทางวิชาการ,2567,5,2563 | 2564 | 2565 | 2566 | 2567,ชื่อตรงกันทุกตัวอักษรหลังปรับรูป,จับคู่อัตโนมัติด้วยชื่อตรงกัน,,,,,391000.0,208400.0,2567-0030,DOC-BUD-2567,1.5ผลเบิกจ่ายปี 2567 - final.pdf,2
ITM-0239,เงินสมนาคุณกรรมการสอบสวนทางวินัย,6. เงินสมนาคุณกรรมการสอบสวนทางวินัย,2567,5,2563 | 2564 | 2565 | 2566 | 2567,ชื่อตรงกันทุกตัวอักษรหลังปรับรูป,จับคู่อัตโนมัติด้วยชื่อตรงกัน,,,,,32000.0,3650.0,2567-0031,DOC-BUD-2567,1.5ผลเบิกจ่ายปี 2567 - final.pdf,2
ITM-0097,ค่าตอบแทนกรรมการออกข้อสอบและสอบสัมภาษณ์,7. ค่าตอบแทนกรรมการออกข้อสอบและสอบสัมภาษณ์,2567,5,2563 | 2564 | 2565 | 2566 | 2567,ชื่อตรงกันทุกตัวอักษรหลังปรับรูป,จับคู่อัตโนมัติด้วยชื่อตรงกัน,,,,,585400.0,71087.88,2567-0032,DOC-BUD-2567,1.5ผลเบิกจ่ายปี 2567 - final.pdf,2
ITM-0112,ค่าตอบแทนเจ้าหน้าที่ดำเนินการสอบ,8. ค่าตอบแทนเจ้าหน้าที่ดำเนินการสอบ,2567,5,2563 | 2564 | 2565 | 2566 | 2567,ชื่อตรงกันทุกตัวอักษรหลังปรับรูป,จับคู่อัตโนมัติด้วยชื่อตรงกัน,,,,,153000.0,80100.0,2567-0033,DOC-BUD-2567,1.5ผลเบิกจ่ายปี 2567 - final.pdf,2
ITM-0115,ค่าตอบแทนแพทย์ผู้เชี่ยวชาญกรณีที่ให้คำปรึกษาและให้ความเห็น เป็นลายลักษณ์อักษรแก่สำนักงานประกันสังคม คณะกรรมการการแพทย์ และคณะอนุกรรมการในคณะกรรมการการแพทย์,9. ค่าตอบแทนแพทย์ผู้เชี่ยวชาญกรณีที่ให้คำปรึกษาและให้ความเห็น เป็นลายลักษณ์อักษรแก่สำนักงานประกันสังคม คณะกรรมการการแพทย์ และคณะอนุกรรมการในคณะกรรมการการแพทย์,2567,5,2563 | 2564 | 2565 | 2566 | 2567,ชื่อตรงกันทุกตัวอักษรหลังปรับรูป,จับคู่อัตโนมัติด้วยชื่อตรงกัน,,,,,200000.0,323000.0,2567-0034,DOC-BUD-2567,1.5ผลเบิกจ่ายปี 2567 - final.pdf,2
ITM-0101,ค่าตอบแทนจ้าหน้าที่ตำรวจรักษาความปลอดภัยในการนำเงินสดฝากธนาคาร,10. ค่าตอบแทนจ้าหน้าที่ตำรวจรักษาความปลอดภัยในการนำเงินสดฝากธนาคาร,2567,5,2563 | 2564 | 2565 | 2566 | 2567,ชื่อตรงกันทุกตัวอักษรหลังปรับรูป,จับคู่อัตโนมัติด้วยชื่อตรงกัน,,,,,48000.0,35600.0,2567-0035,DOC-BUD-2567,1.5ผลเบิกจ่ายปี 2567 - final.pdf,2
ITM-0086,ค่าจ้างแปลเอกสารจากภาษาต่างประเทศเป็นภาษาไทย และจากภาษาไทย เป็นภาษาต่างประเทศ,11. ค่าจ้างแปลเอกสารจากภาษาต่างประเทศเป็นภาษาไทย และจากภาษาไทย เป็นภาษาต่างประเทศ,2567,5,2563 | 2564 | 2565 | 2566 | 2567,ชื่อตรงกันทุกตัวอักษรหลังปรับรูป,จับคู่อัตโนมัติด้วยชื่อตรงกัน,,,,,69000.0,44940.0,2567-0036,DOC-BUD-2567,1.5ผลเบิกจ่ายปี 2567 - final.pdf,2
ITM-0106,ค่าตอบแทนล่ามในการแปลภาษาท้องถิ่น ภาษต่างประเทศ หรือภาษามือ,12. ค่าตอบแทนล่ามในการแปลภาษาท้องถิ่น ภาษต่างประเทศ หรือภาษามือ,2567,5,2563 | 2564 | 2565 | 2566 | 2567,ชื่อตรงกันทุกตัวอักษรหลังปรับรูป,จับคู่อัตโนมัติด้วยชื่อตรงกัน,,,,,70000.0,36000.0,2567-0037,DOC-BUD-2567,1.5ผลเบิกจ่ายปี 2567 - final.pdf,2
ITM-0152,ค่าเบี้ยเลี้ยง ที่พัก พาหนะ และอื่น ๆ,1. ค่าเบี้ยเลี้ยง ที่พัก พาหนะ และอื่น ๆ,2567,5,2563 | 2564 | 2565 | 2566 | 2567,ชื่อตรงกันทุกตัวอักษรหลังปรับรูป,จับคู่อัตโนมัติด้วยชื่อตรงกัน,,,,,40500000.0,30731454.9,2567-0039,DOC-BUD-2567,1.5ผลเบิกจ่ายปี 2567 - final.pdf,2
ITM-0138,ค่าผ่านทางด่วนพิเศษ,2. ค่าผ่านทางด่วนพิเศษ,2567,5,2563 | 2564 | 2565 | 2566 | 2567,ชื่อตรงกันทุกตัวอักษรหลังปรับรูป,จับคู่อัตโนมัติด้วยชื่อตรงกัน,,,,,491700.0,364635.0,2567-0040,DOC-BUD-2567,1.5ผลเบิกจ่ายปี 2567 - final.pdf,2
ITM-0161,ค่าใช้จ่ายในการจัดประชุม อบรม สัมมนาและค่าอาหารว่าง,3. ค่าใช้จ่ายในการจัดประชุม อบรม สัมมนาและค่าอาหารว่าง,2567,5,2563 | 2564 | 2565 | 2566 | 2567,ชื่อตรงกันทุกตัวอักษรหลังปรับรูป,จับคู่อัตโนมัติด้วยชื่อตรงกัน,,,,,11201900.0,7089212.0,2567-0041,DOC-BUD-2567,1.5ผลเบิกจ่ายปี 2567 - final.pdf,2
ITM-0091,ค่าซ่อมแซมบำรุงรักษาทรัพย์สิน,4. ค่าซ่อมแซมบำรุงรักษาทรัพย์สิน,2567,5,2563 | 2564 | 2565 | 2566 | 2567,ชื่อตรงกันทุกตัวอักษรหลังปรับรูป,จับคู่อัตโนมัติด้วยชื่อตรงกัน,,,,,16699000.0,11319235.19,2567-0043,DOC-BUD-2567,1.5ผลเบิกจ่ายปี 2567 - final.pdf,2
ITM-0092,ค่าซ่อมแซมบำรุงรักษายานพาหนะ,5. ค่าซ่อมแซมบำรุงรักษายานพาหนะ,2567,1,2567,ชื่อตรงกันทุกตัวอักษรหลังปรับรูป,พบปีเดียว ยังไม่ยืนยันการจับคู่ข้ามปี,,,,,12430700.0,8632014.35,2567-0044,DOC-BUD-2567,1.5ผลเบิกจ่ายปี 2567 - final.pdf,2
ITM-0081,ค่าจ้างเหมาบริการต่าง ๆ,6. ค่าจ้างเหมาบริการต่าง ๆ,2567,5,2563 | 2564 | 2565 | 2566 | 2567,ชื่อตรงกันทุกตัวอักษรหลังปรับรูป,จับคู่อัตโนมัติด้วยชื่อตรงกัน,,,,,12862600.0,10309353.07,2567-0045,DOC-BUD-2567,1.5ผลเบิกจ่ายปี 2567 - final.pdf,2
ITM-0079,ค่าจ้างเหมากำจัดปลวก มด แมลง และหนู,7. ค่าจ้างเหมากำจัดปลวก มด แมลง และหนู,2567,5,2563 | 2564 | 2565 | 2566 | 2567,ชื่อตรงกันทุกตัวอักษรหลังปรับรูป,จับคู่อัตโนมัติด้วยชื่อตรงกัน,,,,,2754200.0,2466214.79,2567-0046,DOC-BUD-2567,1.5ผลเบิกจ่ายปี 2567 - final.pdf,2
ITM-0024,ค่าจ้างบริการรักษาความปลอดภัยอาคารสำนักงานประกันสังคม,8. ค่าจ้างบริการรักษาความปลอดภัยอาคารสำนักงานประกันสังคม,2567,1,2567,ชื่อตรงกันทุกตัวอักษรหลังปรับรูป,พบปีเดียว ยังไม่ยืนยันการจับคู่ข้ามปี,,,,,98550000.0,97860447.0,2567-0047,DOC-BUD-2567,1.5ผลเบิกจ่ายปี 2567 - final.pdf,2
ITM-0019,ค่าจ้างทำความสะอาดอาคารสำนักงานประกันสังคม,9. ค่าจ้างทำความสะอาดอาคารสำนักงานประกันสังคม,2567,1,2567,ชื่อตรงกันทุกตัวอักษรหลังปรับรูป,พบปีเดียว ยังไม่ยืนยันการจับคู่ข้ามปี,,,,,62562800.0,59536600.85,2567-0048,DOC-BUD-2567,1.5ผลเบิกจ่ายปี 2567 - final.pdf,2
ITM-0080,ค่าจ้างเหมาบริการดูแลรักษาสวนหย่อม สนามหญ้า และต้นไม้,10. ค่าจ้างเหมาบริการดูแลรักษาสวนหย่อม สนามหญ้า และต้นไม้,2567,1,2567,ชื่อตรงกันทุกตัวอักษรหลังปรับรูป,พบปีเดียว ยังไม่ยืนยันการจับคู่ข้ามปี,,,,,6968100.0,6816682.33,2567-0049,DOC-BUD-2567,1.5ผลเบิกจ่ายปี 2567 - final.pdf,2
ITM-0083,ค่าจ้างเหมาพนักงานขับรถยนต์,11. ค่าจ้างเหมาพนักงานขับรถยนต์,2567,5,2563 | 2564 | 2565 | 2566 | 2567,ชื่อตรงกันทุกตัวอักษรหลังปรับรูป,จับคู่อัตโนมัติด้วยชื่อตรงกัน,,,,,26596800.0,23411609.37,2567-0050,DOC-BUD-2567,1.5ผลเบิกจ่ายปี 2567 - final.pdf,2
ITM-0015,ค่าขนย้ายและติดตั้งครุภัณฑ์และทรัพย์สินต่าง ๆ,12. ค่าขนย้ายและติดตั้งครุภัณฑ์และทรัพย์สินต่าง ๆ,2567,5,2563 | 2564 | 2565 | 2566 | 2567,ชื่อตรงกันทุกตัวอักษรหลังปรับรูป,จับคู่อัตโนมัติด้วยชื่อตรงกัน,,,,,92000.0,85821.96,2567-0051,DOC-BUD-2567,1.5ผลเบิกจ่ายปี 2567 - final.pdf,2
ITM-0147,"ค่าเช่าอาคารพาณิชย์เป็นที่ทำการสำนักงานประกันสังคมกทม.พื้นที่, สำนักงานประกันสังคมจังหวัดและป็นอาคารเก็บเอกสาร","13. ค่าเช่าอาคารพาณิชย์เป็นที่ทำการสำนักงานประกันสังคมกทม.พื้นที่, สำนักงานประกันสังคมจังหวัดและป็นอาคารเก็บเอกสาร",2567,1,2567,ชื่อตรงกันทุกตัวอักษรหลังปรับรูป,พบปีเดียว ยังไม่ยืนยันการจับคู่ข้ามปี,,,,,61854000.0,61233598.28,2567-0052,DOC-BUD-2567,1.5ผลเบิกจ่ายปี 2567 - final.pdf,2
ITM-0143,ค่าเช่าที่ดิน,14. ค่าเช่าที่ดิน,2567,5,2563 | 2564 | 2565 | 2566 | 2567,ชื่อตรงกันทุกตัวอักษรหลังปรับรูป,จับคู่อัตโนมัติด้วยชื่อตรงกัน,,,,,123600.0,108574.0,2567-0053,DOC-BUD-2567,1.5ผลเบิกจ่ายปี 2567 - final.pdf,2
ITM-0090,ค่าซอมแซมปรับปรุงอาคารหรือสิ่งก่อสร้าง,15. ค่าซอมแซมปรับปรุงอาคารหรือสิ่งก่อสร้าง,2567,5,2563 | 2564 | 2565 | 2566 | 2567,ชื่อตรงกันทุกตัวอักษรหลังปรับรูป,จับคู่อัตโนมัติด้วยชื่อตรงกัน,,,,,5927000.0,5710694.49,2567-0054,DOC-BUD-2567,1.5ผลเบิกจ่ายปี 2567 - final.pdf,2
ITM-0136,ค่าประกันภัยรถยนต์ราชการ,16. ค่าประกันภัยรถยนต์ราชการ,2567,5,2563 | 2564 | 2565 | 2566 | 2567,ชื่อตรงกันทุกตัวอักษรหลังปรับรูป,จับคู่อัตโนมัติด้วยชื่อตรงกัน,,,,,2405100.0,1604137.73,2567-0055,DOC-BUD-2567,1.5ผลเบิกจ่ายปี 2567 - final.pdf,2
ITM-0149,ค่าเช่าเครื่องถ่ายเอกสาร,17. ค่าเช่าเครื่องถ่ายเอกสาร,2567,5,2563 | 2564 | 2565 | 2566 | 2567,ชื่อตรงกันทุกตัวอักษรหลังปรับรูป,จับคู่อัตโนมัติด้วยชื่อตรงกัน,,,,,7714200.0,6106770.17,2567-0056,DOC-BUD-2567,1.5ผลเบิกจ่ายปี 2567 - final.pdf,2
ITM-0226,หนังสือ วารสาร หนังสือพิมพ์,18. หนังสือ วารสาร หนังสือพิมพ์,2567,5,2563 | 2564 | 2565 | 2566 | 2567,ชื่อตรงกันทุกตัวอักษรหลังปรับรูป,จับคู่อัตโนมัติด้วยชื่อตรงกัน,,,,,201200.0,135919.8,2567-0057,DOC-BUD-2567,1.5ผลเบิกจ่ายปี 2567 - final.pdf,2
ITM-0018,ค่าจ้างทำของที่ระลึก,19. ค่าจ้างทำของที่ระลึก,2567,5,2563 | 2564 | 2565 | 2566 | 2567,ชื่อตรงกันทุกตัวอักษรหลังปรับรูป,จับคู่อัตโนมัติด้วยชื่อตรงกัน,,,,,2740000.0,2083706.0,2567-0058,DOC-BUD-2567,1.5ผลเบิกจ่ายปี 2567 - final.pdf,2
ITM-0094,ค่าตกแต่งสถานที่และค่าใช้จ่ายในการจัดงานต่าง ๆ,20. ค่าตกแต่งสถานที่และค่าใช้จ่ายในการจัดงานต่าง ๆ,2567,5,2563 | 2564 | 2565 | 2566 | 2567,ชื่อตรงกันทุกตัวอักษรหลังปรับรูป,จับคู่อัตโนมัติด้วยชื่อตรงกัน,,,,,1055000.0,844384.09,2567-0059,DOC-BUD-2567,1.5ผลเบิกจ่ายปี 2567 - final.pdf,2
ITM-0173,ค่าใช้จ่ายในการลี้ยงรับรองบุคคลหรือรับรองชาวต่างประเทศ,21. ค่าใช้จ่ายในการลี้ยงรับรองบุคคลหรือรับรองชาวต่างประเทศ,2567,5,2563 | 2564 | 2565 | 2566 | 2567,ชื่อตรงกันทุกตัวอักษรหลังปรับรูป,จับคู่อัตโนมัติด้วยชื่อตรงกัน,,,,,50000.0,97100.0,2567-0060,DOC-BUD-2567,1.5ผลเบิกจ่ายปี 2567 - final.pdf,2
ITM-0159,ค่าใช้จ่ายในการจัดทำข้อสอบ,22. ค่าใช้จ่ายในการจัดทำข้อสอบ,2567,5,2563 | 2564 | 2565 | 2566 | 2567,ชื่อตรงกันทุกตัวอักษรหลังปรับรูป,จับคู่อัตโนมัติด้วยชื่อตรงกัน,,,,,4341000.0,603672.0,2567-0061,DOC-BUD-2567,1.5ผลเบิกจ่ายปี 2567 - final.pdf,2
ITM-0164,ค่าใช้จ่ายในการจ้างบันทึกข้อมูลเงินสมทบ,23. ค่าใช้จ่ายในการจ้างบันทึกข้อมูลเงินสมทบ,2567,5,2563 | 2564 | 2565 | 2566 | 2567,ชื่อตรงกันทุกตัวอักษรหลังปรับรูป,จับคู่อัตโนมัติด้วยชื่อตรงกัน,,,,,5250000.0,2865995.22,2567-0062,DOC-BUD-2567,1.5ผลเบิกจ่ายปี 2567 - final.pdf,2
ITM-0131,ค่าธรรมเนียมอื่น ๆ,24. ค่าธรรมเนียมอื่น ๆ,2567,5,2563 | 2564 | 2565 | 2566 | 2567,ชื่อตรงกันทุกตัวอักษรหลังปรับรูป,จับคู่อัตโนมัติด้วยชื่อตรงกัน,,,,,81200.0,24450.0,2567-0063,DOC-BUD-2567,1.5ผลเบิกจ่ายปี 2567 - final.pdf,2
ITM-0117,ค่าธรรมเนียมกรณีขอรับเงินธนาณัติเป็นแคชเชียร์เช็ค สปส.กทม.พื้นที่/จังหวัด/สาขา,25. ค่าธรรมเนียมกรณีขอรับเงินธนาณัติเป็นแคชเชียร์เช็ค สปส.กทม.พื้นที่/จังหวัด/สาขา,2567,1,2567,ชื่อตรงกันทุกตัวอักษรหลังปรับรูป,พบปีเดียวและมีรายการชื่อคล้ายกันในปีอื่น ต้องตรวจสอบด้วยคน,ITM-0118,ค่าธรรมเนียมกรณีขอรับเงินธนาณัติเป็นแคชเชียร์เช็ค สปส.พื้นที่/จังหวัด/สาขา,97.9,2566,47700.0,28583.47,2567-0064,DOC-BUD-2567,1.5ผลเบิกจ่ายปี 2567 - final.pdf,2
ITM-0125,ค่าธรรมเนียมซื้อสมุดเช็ค และอื่น ๆ,26. ค่าธรรมเนียมซื้อสมุดเช็ค และอื่น ๆ,2567,2,2566 | 2567,ชื่อตรงกันทุกตัวอักษรหลังปรับรูป,จับคู่อัตโนมัติด้วยชื่อตรงกัน,,,,,1316500.0,995650.3,2567-0065,DOC-BUD-2567,1.5ผลเบิกจ่ายปี 2567 - final.pdf,2
ITM-0128,ค่าธรรมเนียมบริการรับ - ส่งเงินของ KTBGS,27. ค่าธรรมเนียมบริการรับ - ส่งเงินของ KTBGS,2567,1,2567,ชื่อตรงกันทุกตัวอักษรหลังปรับรูป,พบปีเดียวและมีรายการชื่อคล้ายกันในปีอื่น ต้องตรวจสอบด้วยคน,ITM-0127,ค่าธรรมเนียมบริการรับ - ส่งเงินของ KGS,97.1,2563 | 2564 | 2565 | 2566,8411200.0,5873227.0,2567-0066,DOC-BUD-2567,1.5ผลเบิกจ่ายปี 2567 - final.pdf,2
ITM-0122,ค่าธรรมเนียมการให้บริการรับสมัครขึ้นทะเบียนผู้ประกันตนตามมาตรา 40,28. ค่าธรรมเนียมการให้บริการรับสมัครขึ้นทะเบียนผู้ประกันตนตามมาตรา 40,2567,2,2566 | 2567,ชื่อตรงกันทุกตัวอักษรหลังปรับรูป,จับคู่อัตโนมัติด้วยชื่อตรงกัน,,,,,5000.0,400.0,2567-0067,DOC-BUD-2567,1.5ผลเบิกจ่ายปี 2567 - final.pdf,2
ITM-0130,ค่าธรรมเนียมสำนักงานการตรวจเงินแผ่นดิน เพื่อการตรวจสอบบัญชีกองทุนประกันสังคม,29. ค่าธรรมเนียมสำนักงานการตรวจเงินแผ่นดิน เพื่อการตรวจสอบบัญชีกองทุนประกันสังคม,2567,5,2563 | 2564 | 2565 | 2566 | 2567,ชื่อตรงกันทุกตัวอักษรหลังปรับรูป,จับคู่อัตโนมัติด้วยชื่อตรงกัน,,,,,1200000.0,1920000.0,2567-0068,DOC-BUD-2567,1.5ผลเบิกจ่ายปี 2567 - final.pdf,2
ITM-0126,ค่าธรรมเนียมทางกฎหมาย,30. ค่าธรรมเนียมทางกฎหมาย,2567,5,2563 | 2564 | 2565 | 2566 | 2567,ชื่อตรงกันทุกตัวอักษรหลังปรับรูป,จับคู่อัตโนมัติด้วยชื่อตรงกัน,,,,,349000.0,66180.0,2567-0069,DOC-BUD-2567,1.5ผลเบิกจ่ายปี 2567 - final.pdf,2
ITM-0137,ค่าป่วยการแก่พยานศาล,31. ค่าป่วยการแก่พยานศาล,2567,5,2563 | 2564 | 2565 | 2566 | 2567,ชื่อตรงกันทุกตัวอักษรหลังปรับรูป,จับคู่อัตโนมัติด้วยชื่อตรงกัน,,,,,30000.0,8000.0,2567-0070,DOC-BUD-2567,1.5ผลเบิกจ่ายปี 2567 - final.pdf,2
ITM-0139,ค่าสมัครสมาชิกด้านการลงทุน,32. ค่าสมัครสมาชิกด้านการลงทุน,2567,5,2563 | 2564 | 2565 | 2566 | 2567,ชื่อตรงกันทุกตัวอักษรหลังปรับรูป,จับคู่อัตโนมัติด้วยชื่อตรงกัน,,,,,62165100.0,52963619.02,2567-0071,DOC-BUD-2567,1.5ผลเบิกจ่ายปี 2567 - final.pdf,2
ITM-0220,วัสดุสำนักงาน,1. วัสดุสำนักงาน,2567,5,2563 | 2564 | 2565 | 2566 | 2567,ชื่อตรงกันทุกตัวอักษรหลังปรับรูป,จับคู่อัตโนมัติด้วยชื่อตรงกัน,,,,,39404000.0,33805072.24,2567-0073,DOC-BUD-2567,1.5ผลเบิกจ่ายปี 2567 - final.pdf,3
ITM-0216,วัสดุคอมพิวเตอร์,2. วัสดุคอมพิวเตอร์,2567,5,2563 | 2564 | 2565 | 2566 | 2567,ชื่อตรงกันทุกตัวอักษรหลังปรับรูป,จับคู่อัตโนมัติด้วยชื่อตรงกัน,,,,,61355500.0,63235200.37,2567-0074,DOC-BUD-2567,1.5ผลเบิกจ่ายปี 2567 - final.pdf,3
ITM-0221,วัสดุส่วนกลาง,3. วัสดุส่วนกลาง,2567,5,2563 | 2564 | 2565 | 2566 | 2567,ชื่อตรงกันทุกตัวอักษรหลังปรับรูป,จับคู่อัตโนมัติด้วยชื่อตรงกัน,,,,,4500000.0,4327494.97,2567-0075,DOC-BUD-2567,1.5ผลเบิกจ่ายปี 2567 - final.pdf,3
ITM-0223,วัสดุแบบพิมพ์,4. วัสดุแบบพิมพ์,2567,5,2563 | 2564 | 2565 | 2566 | 2567,ชื่อตรงกันทุกตัวอักษรหลังปรับรูป,จับคู่อัตโนมัติด้วยชื่อตรงกัน,,,,,6190700.0,4395326.0,2567-0076,DOC-BUD-2567,1.5ผลเบิกจ่ายปี 2567 - final.pdf,3
ITM-0142,ค่าหนังสืออิเล็กทรอนิกส์ (e-Book),5. ค่าหนังสืออิเล็กทรอนิกส์ (e-Book),2567,5,2563 | 2564 | 2565 | 2566 | 2567,ชื่อตรงกันทุกตัวอักษรหลังปรับรูป,จับคู่อัตโนมัติด้วยชื่อตรงกัน,,,,,50000.0,49341.0,2567-0077,DOC-BUD-2567,1.5ผลเบิกจ่ายปี 2567 - final.pdf,3
ITM-0224,วัสดุโฆษณาและเผยแพร่,6. วัสดุโฆษณาและเผยแพร่,2567,5,2563 | 2564 | 2565 | 2566 | 2567,ชื่อตรงกันทุกตัวอักษรหลังปรับรูป,จับคู่อัตโนมัติด้วยชื่อตรงกัน,,,,,1200000.0,1189979.1,2567-0078,DOC-BUD-2567,1.5ผลเบิกจ่ายปี 2567 - final.pdf,3
ITM-0217,วัสดุงานบ้านงานครัว,7. วัสดุงานบ้านงานครัว,2567,5,2563 | 2564 | 2565 | 2566 | 2567,ชื่อตรงกันทุกตัวอักษรหลังปรับรูป,จับคู่อัตโนมัติด้วยชื่อตรงกัน,,,,,410000.0,410124.97,2567-0079,DOC-BUD-2567,1.5ผลเบิกจ่ายปี 2567 - final.pdf,3
ITM-0222,วัสดุเกษตร,8. วัสดุเกษตร,2567,5,2563 | 2564 | 2565 | 2566 | 2567,ชื่อตรงกันทุกตัวอักษรหลังปรับรูป,จับคู่อัตโนมัติด้วยชื่อตรงกัน,,,,,151000.0,76596.05,2567-0080,DOC-BUD-2567,1.5ผลเบิกจ่ายปี 2567 - final.pdf,3
ITM-0218,วัสดุช่างและไฟฟ้า,9. วัสดุช่างและไฟฟ้า,2567,5,2563 | 2564 | 2565 | 2566 | 2567,ชื่อตรงกันทุกตัวอักษรหลังปรับรูป,จับคู่อัตโนมัติด้วยชื่อตรงกัน,,,,,753000.0,780245.65,2567-0081,DOC-BUD-2567,1.5ผลเบิกจ่ายปี 2567 - final.pdf,3
ITM-0215,วัสดุก่อสร้าง,10. วัสดุก่อสร้าง,2567,4,2564 | 2565 | 2566 | 2567,ชื่อตรงกันทุกตัวอักษรหลังปรับรูป,จับคู่อัตโนมัติด้วยชื่อตรงกัน,,,,,300000.0,299995.0,2567-0082,DOC-BUD-2567,1.5ผลเบิกจ่ายปี 2567 - final.pdf,3
ITM-0219,วัสดุน้ำมันเชื้อเพลิงและหล่อลื่น,11. วัสดุน้ำมันเชื้อเพลิงและหล่อลื่น,2567,5,2563 | 2564 | 2565 | 2566 | 2567,ชื่อตรงกันทุกตัวอักษรหลังปรับรูป,จับคู่อัตโนมัติด้วยชื่อตรงกัน,,,,,29487500.0,17222453.3,2567-0083,DOC-BUD-2567,1.5ผลเบิกจ่ายปี 2567 - final.pdf,3
ITM-0183,ค่าไฟฟ้า,1. ค่าไฟฟ้า,2567,5,2563 | 2564 | 2565 | 2566 | 2567,ชื่อตรงกันทุกตัวอักษรหลังปรับรูป,จับคู่อัตโนมัติด้วยชื่อตรงกัน,,,,,95048500.0,79752031.04,2567-0085,DOC-BUD-2567,1.5ผลเบิกจ่ายปี 2567 - final.pdf,3
ITM-0132,ค่าน้ำประปา,2. ค่าน้ำประปา,2567,5,2563 | 2564 | 2565 | 2566 | 2567,ชื่อตรงกันทุกตัวอักษรหลังปรับรูป,จับคู่อัตโนมัติด้วยชื่อตรงกัน,,,,,4180600.0,2736704.51,2567-0086,DOC-BUD-2567,1.5ผลเบิกจ่ายปี 2567 - final.pdf,3
ITM-0153,ค่าโทรศัพท์,3. ค่าโทรศัพท์,2567,5,2563 | 2564 | 2565 | 2566 | 2567,ชื่อตรงกันทุกตัวอักษรหลังปรับรูป,จับคู่อัตโนมัติด้วยชื่อตรงกัน,,,,,16092800.0,10316365.23,2567-0087,DOC-BUD-2567,1.5ผลเบิกจ่ายปี 2567 - final.pdf,3
ITM-0182,ค่าไปรษณีย์ภัณฑ์,4. ค่าไปรษณีย์ภัณฑ์,2567,5,2563 | 2564 | 2565 | 2566 | 2567,ชื่อตรงกันทุกตัวอักษรหลังปรับรูป,จับคู่อัตโนมัติด้วยชื่อตรงกัน,,,,,72032000.0,55132172.34,2567-0088,DOC-BUD-2567,1.5ผลเบิกจ่ายปี 2567 - final.pdf,3
ITM-0134,ค่าบริการสื่อสารและโทรคมนาคม,5. ค่าบริการสื่อสารและโทรคมนาคม,2567,5,2563 | 2564 | 2565 | 2566 | 2567,ชื่อตรงกันทุกตัวอักษรหลังปรับรูป,จับคู่อัตโนมัติด้วยชื่อตรงกัน,,,,,1690400.0,1104776.96,2567-0089,DOC-BUD-2567,1.5ผลเบิกจ่ายปี 2567 - final.pdf,3
ITM-0123,ค่าธรรมเนียมจ่ายคืนเงินสมทบกองทุนประกันสังคมทั่วประเทศผ่านธนาคาร,6. ค่าธรรมเนียมจ่ายคืนเงินสมทบกองทุนประกันสังคมทั่วประเทศผ่านธนาคาร,2567,5,2563 | 2564 | 2565 | 2566 | 2567,ชื่อตรงกันทุกตัวอักษรหลังปรับรูป,จับคู่อัตโนมัติด้วยชื่อตรงกัน,,,,,336000.0,235885.0,2567-0090,DOC-BUD-2567,1.5ผลเบิกจ่ายปี 2567 - final.pdf,3
ITM-0333,โครงการจ้างหน่วยงานบริการดูแลและเก็บรักษาหลักทรัพย์ (Custodian),7. โครงการจ้างหน่วยงานบริการดูแลและเก็บรักษาหลักทรัพย์ (Custodian),2567,4,2564 | 2565 | 2566 | 2567,ชื่อตรงกันทุกตัวอักษรหลังปรับรูป,จับคู่อัตโนมัติด้วยชื่อตรงกัน,,,,,89000000.0,89000000.0,2567-0091,DOC-BUD-2567,1.5ผลเบิกจ่ายปี 2567 - final.pdf,3
ITM-0009,ครุภัณฑ์,1. ครุภัณฑ์,2567,5,2563 | 2564 | 2565 | 2566 | 2567,ชื่อตรงกันทุกตัวอักษรหลังปรับรูป,จับคู่อัตโนมัติด้วยชื่อตรงกัน,,,,,171785400.0,41359713.44,2567-0093,DOC-BUD-2567,1.5ผลเบิกจ่ายปี 2567 - final.pdf,3
ITM-0156,ค่าใช้จ่ายสนับสนุนการจัดงานวันแรงงานแห่งชาติให้กับศูนย์ประสานงานวันแรงงานแห่งชาติ,1. ค่าใช้จ่ายสนับสนุนการจัดงานวันแรงงานแห่งชาติให้กับศูนย์ประสานงานวันแรงงานแห่งชาติ,2567,5,2563 | 2564 | 2565 | 2566 | 2567,ชื่อตรงกันทุกตัวอักษรหลังปรับรูป,จับคู่อัตโนมัติด้วยชื่อตรงกัน,,,,,1000000.0,1000000.0,2567-0095,DOC-BUD-2567,1.5ผลเบิกจ่ายปี 2567 - final.pdf,3
ITM-0141,ค่าสมาชิกสมาคมการประกันสังคมระหว่างประเทศ (ISSA),2. ค่าสมาชิกสมาคมการประกันสังคมระหว่างประเทศ (ISSA),2567,5,2563 | 2564 | 2565 | 2566 | 2567,ชื่อตรงกันทุกตัวอักษรหลังปรับรูป,จับคู่อัตโนมัติด้วยชื่อตรงกัน,,,,,2300000.0,2154463.36,2567-0096,DOC-BUD-2567,1.5ผลเบิกจ่ายปี 2567 - final.pdf,3
ITM-0176,ค่าใช้จ่ายในการหารือแลกเปลี่ยนนโยบายและประสบการณ์ด้านการประกันสังคม และการบริหารการลงทุน ของคณะกรรมการ คณะอนุกรรมการ ผู้บริหาร เจ้าหน้าที่ และผู้ที่เกี่ยวข้อง ณ ต่างประเทศ,1. ค่าใช้จ่ายในการหารือแลกเปลี่ยนนโยบายและประสบการณ์ด้านการประกันสังคม และการบริหารการลงทุน ของคณะกรรมการ คณะอนุกรรมการ ผู้บริหาร เจ้าหน้าที่ และผู้ที่เกี่ยวข้อง ณ ต่างประเทศ,2567,2,2566 | 2567,ชื่อตรงกันทุกตัวอักษรหลังปรับรูป,จับคู่อัตโนมัติด้วยชื่อตรงกัน,,,,,41965700.0,18126082.0,2567-0098,DOC-BUD-2567,1.5ผลเบิกจ่ายปี 2567 - final.pdf,3
ITM-0171,ค่าใช้จ่ายในการประชุม สัมมนา ฝึกอบรม และเจรจาธุรกิจของข้าราชการ เจ้าหน้าที่และผู้ที่เกี่ยวข้อง ณ ต่างประเทศ,2. ค่าใช้จ่ายในการประชุม สัมมนา ฝึกอบรม และเจรจาธุรกิจของข้าราชการ เจ้าหน้าที่และผู้ที่เกี่ยวข้อง ณ ต่างประเทศ,2567,3,2563 | 2566 | 2567,ชื่อตรงกันทุกตัวอักษรหลังปรับรูป,ชื่อตรงกันข้ามปี และยังมีรายการชื่อคล้ายกันให้ตรวจเพิ่ม,ITM-0170,ค่าใช้จ่ายในการประชุม สัมมนา ฝึกอบรมและเจรจาธุรกิจของข้าราชการ เจ้าหน้าที่ และผู้ที่เกี่ยวข้อง,94.2,2565,11961300.0,2634905.02,2567-0099,DOC-BUD-2567,1.5ผลเบิกจ่ายปี 2567 - final.pdf,3
ITM-0180,ค่าใช้จ่ายในการเดินทางไปราชการต่างประเทศเพื่อแลกเปลี่ยนเรียนรู้ประสบการณ์ ด้านการประกันสังคมของข้าราชการ เจ้าหน้าที่และผู้ที่เกี่ยวข้อง ณ ต่างประเทศ,3. ค่าใช้จ่ายในการเดินทางไปราชการต่างประเทศเพื่อแลกเปลี่ยนเรียนรู้ประสบการณ์ ด้านการประกันสังคมของข้าราชการ เจ้าหน้าที่และผู้ที่เกี่ยวข้อง ณ ต่างประเทศ,2567,1,2567,ชื่อตรงกันทุกตัวอักษรหลังปรับรูป,พบปีเดียว ยังไม่ยืนยันการจับคู่ข้ามปี,,,,,608000.0,834565.34,2567-0100,DOC-BUD-2567,1.5ผลเบิกจ่ายปี 2567 - final.pdf,3
ITM-0172,ค่าใช้จ่ายในการประชุม สัมมนา หรือฝึกอบรม ของข้าราชการเจ้าหน้าที่ และผู้ที่เกี่ยวข้องณ ต่างประเทศ,4. ค่าใช้จ่ายในการประชุม สัมมนา หรือฝึกอบรม ของข้าราชการเจ้าหน้าที่ และผู้ที่เกี่ยวข้องณ ต่างประเทศ,2567,2,2566 | 2567,ชื่อตรงกันทุกตัวอักษรหลังปรับรูป,จับคู่อัตโนมัติด้วยชื่อตรงกัน,,,,,10442000.0,9595524.88,2567-0101,DOC-BUD-2567,1.5ผลเบิกจ่ายปี 2567 - final.pdf,3
ITM-0168,ค่าใช้จ่ายในการตรวจนิเทศสำนักงานแรงงานไทยในต่างประเทศของข้าราชการ เจ้าหน้าที่ และผู้ที่เกี่ยวข้อง ณ ต่างประเทศ,5. ค่าใช้จ่ายในการตรวจนิเทศสำนักงานแรงงานไทยในต่างประเทศของข้าราชการ เจ้าหน้าที่ และผู้ที่เกี่ยวข้อง ณ ต่างประเทศ,2567,3,2563 | 2566 | 2567,ชื่อตรงกันทุกตัวอักษรหลังปรับรูป,จับคู่อัตโนมัติด้วยชื่อตรงกัน,,,,,1496400.0,,2567-0102,DOC-BUD-2567,1.5ผลเบิกจ่ายปี 2567 - final.pdf,3
ITM-0073,ค่าจ้างผู้เชี่ยวชาญด้านระบบความมั่นคงปลอดภัยระบบสารสนเทศ,6. ค่าจ้างผู้เชี่ยวชาญด้านระบบความมั่นคงปลอดภัยระบบสารสนเทศ,2567,5,2563 | 2564 | 2565 | 2566 | 2567,ชื่อตรงกันทุกตัวอักษรหลังปรับรูป,จับคู่อัตโนมัติด้วยชื่อตรงกัน,,,,,2560000.0,2280000.0,2567-0103,DOC-BUD-2567,1.5ผลเบิกจ่ายปี 2567 - final.pdf,3
ITM-0360,โครงการบริการส่งข้อความสั้นทางโทรศัพท์มือถือ short Message Service (SMS),1. โครงการบริการส่งข้อความสั้นทางโทรศัพท์มือถือ short Message Service (SMS),2567,2,2566 | 2567,ชื่อตรงกันทุกตัวอักษรหลังปรับรูป,ชื่อตรงกันข้ามปี และยังมีรายการชื่อคล้ายกันให้ตรวจเพิ่ม,ITM-0359,โครงการบริการส่งข้อความสั้นทางโทรศัพท์มือถือ Short Message Service (SMS),98.5,2563 | 2564,1887000.0,1887000.0,2567-0108,DOC-BUD-2567,1.5ผลเบิกจ่ายปี 2567 - final.pdf,3
ITM-0357,โครงการบริการข้อมูลประกันสังคม Contact Center 1506 สู่เป้าหมายรายบุคคล,2. โครงการบริการข้อมูลประกันสังคม Contact Center 1506 สู่เป้าหมายรายบุคคล,2567,5,2563 | 2564 | 2565 | 2566 | 2567,ชื่อตรงกันทุกตัวอักษรหลังปรับรูป,จับคู่อัตโนมัติด้วยชื่อตรงกัน,,,,,56457700.0,56457700.0,2567-0109,DOC-BUD-2567,1.5ผลเบิกจ่ายปี 2567 - final.pdf,3
ITM-0358,โครงการบริการข้อมูลประกันสังคม Contact Center 1506 และ Social Media,3. โครงการบริการข้อมูลประกันสังคม Contact Center 1506 และ Social Media,2567,1,2567,ชื่อตรงกันทุกตัวอักษรหลังปรับรูป,พบปีเดียว ยังไม่ยืนยันการจับคู่ข้ามปี,,,,,93333100.0,93333100.0,2567-0110,DOC-BUD-2567,1.5ผลเบิกจ่ายปี 2567 - final.pdf,3
ITM-0368,โครงการบริหารสื่อออนไลน์และการสื่อสาร เพื่อส่งเสริมภาพลักษณ์สำนักงานประกันสังคม ระยะที่ 2,4. โครงการบริหารสื่อออนไลน์และการสื่อสาร เพื่อส่งเสริมภาพลักษณ์สำนักงานประกันสังคม ระยะที่ 2,2567,2,2566 | 2567,ชื่อตรงกันทุกตัวอักษรหลังปรับรูป,จับคู่อัตโนมัติด้วยชื่อตรงกัน,,,,,18317160.0,18317160.0,2567-0111,DOC-BUD-2567,1.5ผลเบิกจ่ายปี 2567 - final.pdf,4
ITM-0499,โครงการเช่าใช้ระบบประมวลผล (CPU) บนเครื่องคอมพิวเตอร์เมนเฟรม เพื่อรองรับการให้บริการระบบกองทุนประกันสังคม,5. โครงการเช่าใช้ระบบประมวลผล (CPU) บนเครื่องคอมพิวเตอร์เมนเฟรม เพื่อรองรับการให้บริการระบบกองทุนประกันสังคม,2567,3,2565 | 2566 | 2567,ชื่อตรงกันทุกตัวอักษรหลังปรับรูป,จับคู่อัตโนมัติด้วยชื่อตรงกัน,,,,,72000000.0,72000000.0,2567-0112,DOC-BUD-2567,1.5ผลเบิกจ่ายปี 2567 - final.pdf,4
ITM-0500,- โครงการเช่าใช้ระบบเครือข่ายสื่อสารข้อมูลเพื่อบริการงานประกันสังคม (สัญญาเดิม),- โครงการเช่าใช้ระบบเครือข่ายสื่อสารข้อมูลเพื่อบริการงานประกันสังคม (สัญญาเดิม),2567,1,2567,ชื่อตรงกันทุกตัวอักษรหลังปรับรูป,พบปีเดียว ยังไม่ยืนยันการจับคู่ข้ามปี,,,,,74850000.0,74416393.94,2567-0114,DOC-BUD-2567,1.5ผลเบิกจ่ายปี 2567 - final.pdf,4
ITM-0501,- โครงการเช่าใช้ระบบเครือข่ายสื่อสารข้อมูลเพื่อบริการงานประกันสังคม (สัญญาใหม่),- โครงการเช่าใช้ระบบเครือข่ายสื่อสารข้อมูลเพื่อบริการงานประกันสังคม (สัญญาใหม่),2567,1,2567,ชื่อตรงกันทุกตัวอักษรหลังปรับรูป,พบปีเดียว ยังไม่ยืนยันการจับคู่ข้ามปี,,,,,53798250.0,53560983.83,2567-0115,DOC-BUD-2567,1.5ผลเบิกจ่ายปี 2567 - final.pdf,4
ITM-0280,โครงการจัดซื้อระบบดับเพลิงอัตโนมัติแบบหมอกน้ำ (Water Mist) จำนวน 1 ระบบ พร้อมติดตั้งใช้งาน,1. โครงการจัดซื้อระบบดับเพลิงอัตโนมัติแบบหมอกน้ำ (Water Mist) จำนวน 1 ระบบ พร้อมติดตั้งใช้งาน,2567,2,2566 | 2567,ชื่อตรงกันทุกตัวอักษรหลังปรับรูป,จับคู่อัตโนมัติด้วยชื่อตรงกัน,,,,,39343700.0,39343700.0,2567-0117,DOC-BUD-2567,1.5ผลเบิกจ่ายปี 2567 - final.pdf,4
ITM-0294,โครงการจัดหาตู้ไฟฟ้าหลักประจำอาคาร พร้อมจัดหาเครื่องกำเนิดไฟฟ้าอัตโนมัติ สำนักงานประกันสังคม,2. โครงการจัดหาตู้ไฟฟ้าหลักประจำอาคาร พร้อมจัดหาเครื่องกำเนิดไฟฟ้าอัตโนมัติ สำนักงานประกันสังคม,2567,1,2567,ชื่อตรงกันทุกตัวอักษรหลังปรับรูป,พบปีเดียว ยังไม่ยืนยันการจับคู่ข้ามปี,,,,,46515300.0,46515300.0,2567-0118,DOC-BUD-2567,1.5ผลเบิกจ่ายปี 2567 - final.pdf,4
ITM-0013,ค่าก่อสร้างอาคารสำนักงานประกันสังคมจังหวัดปทุมธานี สาขาคลองหลวง,1. ค่าก่อสร้างอาคารสำนักงานประกันสังคมจังหวัดปทุมธานี สาขาคลองหลวง,2567,2,2566 | 2567,ชื่อตรงกันทุกตัวอักษรหลังปรับรูป,ชื่อตรงกันข้ามปี และยังมีรายการชื่อคล้ายกันให้ตรวจเพิ่ม,ITM-0187,งานก่อสร้างอาคารสำนักงานประกันสังคมจังหวัดปทุมธานี สาขาคลองหลวง,96.8,2564,27022450.0,27022450.0,2567-0120,DOC-BUD-2567,1.5ผลเบิกจ่ายปี 2567 - final.pdf,4
ITM-0012,ค่าก่อสร้างอาคารสำนักงานประกันสังคมจังหวัดบุรีรัมย์ สาขานางรอง,2. ค่าก่อสร้างอาคารสำนักงานประกันสังคมจังหวัดบุรีรัมย์ สาขานางรอง,2567,2,2566 | 2567,ชื่อตรงกันทุกตัวอักษรหลังปรับรูป,จับคู่อัตโนมัติด้วยชื่อตรงกัน,,,,,14107300.0,14107300.0,2567-0121,DOC-BUD-2567,1.5ผลเบิกจ่ายปี 2567 - final.pdf,4
ITM-0341,โครงการตกแต่งภายในอาคารสำนักงานประกันสังคมจังหวัดชลบุรี สาขาศรีราชา,3. โครงการตกแต่งภายในอาคารสำนักงานประกันสังคมจังหวัดชลบุรี สาขาศรีราชา,2567,1,2567,ชื่อตรงกันทุกตัวอักษรหลังปรับรูป,พบปีเดียว ยังไม่ยืนยันการจับคู่ข้ามปี,,,,,8997000.0,,2567-0122,DOC-BUD-2567,1.5ผลเบิกจ่ายปี 2567 - final.pdf,4
ITM-0343,โครงการตกแต่งภายในอาคารสำนักงานประกันสังคมจังหวัดระยอง สาขาปลวกแดง,4. โครงการตกแต่งภายในอาคารสำนักงานประกันสังคมจังหวัดระยอง สาขาปลวกแดง,2567,2,2566 | 2567,ชื่อตรงกันทุกตัวอักษรหลังปรับรูป,จับคู่อัตโนมัติด้วยชื่อตรงกัน,,,,,18586300.0,17533400.0,2567-0123,DOC-BUD-2567,1.5ผลเบิกจ่ายปี 2567 - final.pdf,4
ITM-0439,โครงการพัฒนาระบบสารสนเทศเพื่อการบริหารจัดการองค์กร,1. โครงการพัฒนาระบบสารสนเทศเพื่อการบริหารจัดการองค์กร,2567,3,2565 | 2566 | 2567,ชื่อตรงกันทุกตัวอักษรหลังปรับรูป,จับคู่อัตโนมัติด้วยชื่อตรงกัน,,,,,59970000.0,59970000.0,2567-0125,DOC-BUD-2567,1.5ผลเบิกจ่ายปี 2567 - final.pdf,4
ITM-0284,โครงการจัดตั้งศูนย์กลางเฝ้าระวังและรับมือภัยคุกคามความปลอดภัยคอมพิวเตอร์ (SSO Security Operation Center),2. โครงการจัดตั้งศูนย์กลางเฝ้าระวังและรับมือภัยคุกคามความปลอดภัยคอมพิวเตอร์ (SSO Security Operation Center),2567,4,2564 | 2565 | 2566 | 2567,ชื่อตรงกันทุกตัวอักษรหลังปรับรูป,จับคู่อัตโนมัติด้วยชื่อตรงกัน,,,,,7125000.0,7125000.0,2567-0126,DOC-BUD-2567,1.5ผลเบิกจ่ายปี 2567 - final.pdf,4
ITM-0432,โครงการพัฒนาระบบการจัดการข้อมูลเพื่อให้สอดคล้องกับพระราชบัญญัติคุ้มครองข้อมูล ส่วนบุคคล พ.ศ. 2562,3. โครงการพัฒนาระบบการจัดการข้อมูลเพื่อให้สอดคล้องกับพระราชบัญญัติคุ้มครองข้อมูล ส่วนบุคคล พ.ศ. 2562,2567,3,2565 | 2566 | 2567,ชื่อตรงกันทุกตัวอักษรหลังปรับรูป,จับคู่อัตโนมัติด้วยชื่อตรงกัน,,,,,7480000.0,7480000.0,2567-0127,DOC-BUD-2567,1.5ผลเบิกจ่ายปี 2567 - final.pdf,4
ITM-0434,โครงการพัฒนาระบบการให้บริการทางการแพทย์,4. โครงการพัฒนาระบบการให้บริการทางการแพทย์,2567,3,2565 | 2566 | 2567,ชื่อตรงกันทุกตัวอักษรหลังปรับรูป,จับคู่อัตโนมัติด้วยชื่อตรงกัน,,,,,76172000.0,76172000.0,2567-0128,DOC-BUD-2567,1.5ผลเบิกจ่ายปี 2567 - final.pdf,4
ITM-0440,โครงการพัฒนาระบบเทคโนโลยีสารสนเทศสำหรับสนับสนุนการพัฒนาบุคลากรแบบครบวงจร (HRD),5. โครงการพัฒนาระบบเทคโนโลยีสารสนเทศสำหรับสนับสนุนการพัฒนาบุคลากรแบบครบวงจร (HRD),2567,2,2566 | 2567,ชื่อตรงกันทุกตัวอักษรหลังปรับรูป,จับคู่อัตโนมัติด้วยชื่อตรงกัน,,,,,29714700.0,29714700.0,2567-0129,DOC-BUD-2567,1.5ผลเบิกจ่ายปี 2567 - final.pdf,4
ITM-0425,โครงการพัฒนาการให้บริการระบบสารสนเทศเพื่อการบูรณาการงานกองทุน,6. โครงการพัฒนาการให้บริการระบบสารสนเทศเพื่อการบูรณาการงานกองทุน,2567,1,2567,ชื่อตรงกันทุกตัวอักษรหลังปรับรูป,พบปีเดียวและมีรายการชื่อคล้ายกันในปีอื่น ต้องตรวจสอบด้วยคน,ITM-0424,โครงการพัฒนาการให้บริการดิจิทัลระบบสารสนเทศเพื่อการบูรณาการงานกองทุน,94.6,2566,91637620.0,91637620.0,2567-0130,DOC-BUD-2567,1.5ผลเบิกจ่ายปี 2567 - final.pdf,4
ITM-0338,โครงการดำเนินการจัดทำมาตรฐานห้อง Data Center สู่ระบบ ISO 27001,1. โครงการดำเนินการจัดทำมาตรฐานห้อง Data Center สู่ระบบ ISO 27001,2567,4,2564 | 2565 | 2566 | 2567,ชื่อตรงกันทุกตัวอักษรหลังปรับรูป,จับคู่อัตโนมัติด้วยชื่อตรงกัน,,,,,454750.0,454750.0,2567-0132,DOC-BUD-2567,1.5ผลเบิกจ่ายปี 2567 - final.pdf,4
ITM-0269,โครงการจัดจ้างที่ปรึกษาทางวิชาการเพื่อการวิเคราะห์และวิจัยสำหรับการออกแบบนโยบาย ของสำนักงานประกันสังคม,2. โครงการจัดจ้างที่ปรึกษาทางวิชาการเพื่อการวิเคราะห์และวิจัยสำหรับการออกแบบนโยบาย ของสำนักงานประกันสังคม,2567,2,2566 | 2567,ชื่อตรงกันทุกตัวอักษรหลังปรับรูป,จับคู่อัตโนมัติด้วยชื่อตรงกัน,,,,,2580000.0,1814000.0,2567-0133,DOC-BUD-2567,1.5ผลเบิกจ่ายปี 2567 - final.pdf,4
ITM-0313,โครงการจ้างที่ปรึกษาจัดทำสัดส่วนการลงทุนเชิงยุทธศาสตร์ (Strategic Asset Allocation) กองทุนประกันสังคม,3. โครงการจ้างที่ปรึกษาจัดทำสัดส่วนการลงทุนเชิงยุทธศาสตร์ (Strategic Asset Allocation) กองทุนประกันสังคม,2567,2,2566 | 2567,ชื่อตรงกันทุกตัวอักษรหลังปรับรูป,จับคู่อัตโนมัติด้วยชื่อตรงกัน,,,,,8132000.0,,2567-0134,DOC-BUD-2567,1.5ผลเบิกจ่ายปี 2567 - final.pdf,4
ITM-0323,โครงการจ้างที่ปรึกษาวิเคราะห์การปรับเปลี่ยนระบบโปรแกรมบริหารการลงทุน,4. โครงการจ้างที่ปรึกษาวิเคราะห์การปรับเปลี่ยนระบบโปรแกรมบริหารการลงทุน,2567,3,2565 | 2566 | 2567,ชื่อตรงกันทุกตัวอักษรหลังปรับรูป,ชื่อตรงกันข้ามปี และยังมีรายการชื่อคล้ายกันให้ตรวจเพิ่ม,ITM-0270,โครงการจัดจ้างที่ปรึกษาวิเคราะห์การปรับเปลี่ยนระบบโปรแกรมบริหารการลงทุน,97.8,2563,9750000.0,7750000.0,2567-0135,DOC-BUD-2567,1.5ผลเบิกจ่ายปี 2567 - final.pdf,4
ITM-0346,โครงการตรวจสอบข้อมูฃการใช้บริการทางการแพทย์ กรณีโรคที่มีค่าใช้จ่ายสูง และกรณีโรคที่มีภาระเสี่ยง ประจำปี 2566 - 2567,5. โครงการตรวจสอบข้อมูฃการใช้บริการทางการแพทย์ กรณีโรคที่มีค่าใช้จ่ายสูง และกรณีโรคที่มีภาระเสี่ยง ประจำปี 2566 - 2567,2567,4,2564 | 2565 | 2566 | 2567,ชื่อตรงกันทุกตัวอักษรหลังปรับรูป,จับคู่อัตโนมัติด้วยชื่อตรงกัน,,,,,19140000.0,19140000.0,2567-0136,DOC-BUD-2567,1.5ผลเบิกจ่ายปี 2567 - final.pdf,4
ITM-0345,โครงการตรวจประเมินการให้บริการทางการแพทย์ของสถานพยาบาลหลัก ที่ให้บริการแก่ผู้ประกันตน ประจำปี 2566 - 2567,6. โครงการตรวจประเมินการให้บริการทางการแพทย์ของสถานพยาบาลหลัก ที่ให้บริการแก่ผู้ประกันตน ประจำปี 2566 - 2567,2567,5,2563 | 2564 | 2565 | 2566 | 2567,ชื่อตรงกันทุกตัวอักษรหลังปรับรูป,จับคู่อัตโนมัติด้วยชื่อตรงกัน,,,,,3828000.0,3828000.0,2567-0137,DOC-BUD-2567,1.5ผลเบิกจ่ายปี 2567 - final.pdf,4
ITM-0325,โครงการจ้างที่ปรึกษาเภสัชกรรมเพื่อกำกับคุณภาพการใช้ยาของสถานพยาบาล และกำกับตรวจสอบการจ่ายชดเชยยาบัญชีหลักแห่งชาติ จ(2) และยาต้านไวรัสเอดส์,7. โครงการจ้างที่ปรึกษาเภสัชกรรมเพื่อกำกับคุณภาพการใช้ยาของสถานพยาบาล และกำกับตรวจสอบการจ่ายชดเชยยาบัญชีหลักแห่งชาติ จ(2) และยาต้านไวรัสเอดส์,2567,5,2563 | 2564 | 2565 | 2566 | 2567,ชื่อตรงกันทุกตัวอักษรหลังปรับรูป,จับคู่อัตโนมัติด้วยชื่อตรงกัน,,,,,1056000.0,1056000.0,2567-0138,DOC-BUD-2567,1.5ผลเบิกจ่ายปี 2567 - final.pdf,4
ITM-0319,โครงการจ้างที่ปรึกษาด้านเทคโนโลยีสารสนเทศและการสื่อสาร (มีค.65 - กพ.67),8. โครงการจ้างที่ปรึกษาด้านเทคโนโลยีสารสนเทศและการสื่อสาร (มีค.65 - กพ.67),2567,1,2567,ชื่อตรงกันทุกตัวอักษรหลังปรับรูป,พบปีเดียว ยังไม่ยืนยันการจับคู่ข้ามปี,,,,,778000.0,778000.0,2567-0139,DOC-BUD-2567,1.5ผลเบิกจ่ายปี 2567 - final.pdf,4
ITM-0320,โครงการจ้างที่ปรึกษาด้านเทคโนโลยีสารสนเทศและการสื่อสาร (มีค.66 - กพ.69),9. โครงการจ้างที่ปรึกษาด้านเทคโนโลยีสารสนเทศและการสื่อสาร (มีค.66 - กพ.69),2567,1,2567,ชื่อตรงกันทุกตัวอักษรหลังปรับรูป,พบปีเดียว ยังไม่ยืนยันการจับคู่ข้ามปี,,,,,5536250.0,5520000.0,2567-0140,DOC-BUD-2567,1.5ผลเบิกจ่ายปี 2567 - final.pdf,4
ITM-0387,โครงการประเมินผลสัมฤทธิ์พระราชบัญญัติประกันสังคม พ.ศ. 2533 และพระราชบัญญัติ เงินทดแทน พ.ศ. 2537 และกฎที่ออกโดยอาศัยอำนาจจากพระราชบัญญัติทั้งสองฉบับ,10. โครงการประเมินผลสัมฤทธิ์พระราชบัญญัติประกันสังคม พ.ศ. 2533 และพระราชบัญญัติ เงินทดแทน พ.ศ. 2537 และกฎที่ออกโดยอาศัยอำนาจจากพระราชบัญญัติทั้งสองฉบับ,2567,1,2567,ชื่อตรงกันทุกตัวอักษรหลังปรับรูป,พบปีเดียว ยังไม่ยืนยันการจับคู่ข้ามปี,,,,,178450.0,,2567-0141,DOC-BUD-2567,1.5ผลเบิกจ่ายปี 2567 - final.pdf,4
ITM-0480,โครงการส่งเสริมการจ้างงานผู้สูงอายุเข้าทำงานกับสำนักงานประกันสังคม,1. โครงการส่งเสริมการจ้างงานผู้สูงอายุเข้าทำงานกับสำนักงานประกันสังคม,2567,5,2563 | 2564 | 2565 | 2566 | 2567,ชื่อตรงกันทุกตัวอักษรหลังปรับรูป,จับคู่อัตโนมัติด้วยชื่อตรงกัน,,,,,60231600.0,50498791.9,2567-0147,DOC-BUD-2567,1.5ผลเบิกจ่ายปี 2567 - final.pdf,5
ITM-0382,โครงการประชุมวิชาการประกันสังคม,2. โครงการประชุมวิชาการประกันสังคม,2567,4,2564 | 2565 | 2566 | 2567,ชื่อตรงกันทุกตัวอักษรหลังปรับรูป,จับคู่อัตโนมัติด้วยชื่อตรงกัน,,,,,970000.0,677486.06,2567-0148,DOC-BUD-2567,1.5ผลเบิกจ่ายปี 2567 - final.pdf,5
ITM-0161,ค่าใช้จ่ายในการจัดประชุม อบรม สัมมนาและค่าอาหารว่าง,3. ค่าใช้จ่ายในการจัดประชุม อบรม สัมมนาและค่าอาหารว่าง,2567,5,2563 | 2564 | 2565 | 2566 | 2567,ชื่อตรงกันทุกตัวอักษรหลังปรับรูป,จับคู่อัตโนมัติด้วยชื่อตรงกัน,,,,,48209300.0,41738949.33,2567-0149,DOC-BUD-2567,1.5ผลเบิกจ่ายปี 2567 - final.pdf,5
ITM-0163,ค่าใช้จ่ายในการจัดฝึกอบรม สัมมนา และค่าอาหารว่าง,3.1 ค่าใช้จ่ายในการจัดฝึกอบรม สัมมนา และค่าอาหารว่าง,2567,5,2563 | 2564 | 2565 | 2566 | 2567,ชื่อตรงกันทุกตัวอักษรหลังปรับรูป,จับคู่อัตโนมัติด้วยชื่อตรงกัน,,,,,18746300.0,16091248.6,2567-0150,DOC-BUD-2567,1.5ผลเบิกจ่ายปี 2567 - final.pdf,5
ITM-0486,โครงการอบรมข้าราชการบรรจุใหม่ของ สปส.,1. โครงการอบรมข้าราชการบรรจุใหม่ของ สปส.,2567,5,2563 | 2564 | 2565 | 2566 | 2567,ชื่อตรงกันทุกตัวอักษรหลังปรับรูป,จับคู่อัตโนมัติด้วยชื่อตรงกัน,,,,,909000.0,777021.0,2567-0151,DOC-BUD-2567,1.5ผลเบิกจ่ายปี 2567 - final.pdf,5
ITM-0474,โครงการสัมมนาผู้บริหารสำนักงานประกันสังคม,2. โครงการสัมมนาผู้บริหารสำนักงานประกันสังคม,2567,5,2563 | 2564 | 2565 | 2566 | 2567,ชื่อตรงกันทุกตัวอักษรหลังปรับรูป,จับคู่อัตโนมัติด้วยชื่อตรงกัน,,,,,4896000.0,3182080.0,2567-0152,DOC-BUD-2567,1.5ผลเบิกจ่ายปี 2567 - final.pdf,5
ITM-0370,โครงการบุคลากรประกันสังคมบรรจุใหม่,3. โครงการบุคลากรประกันสังคมบรรจุใหม่,2567,4,2564 | 2565 | 2566 | 2567,ชื่อตรงกันทุกตัวอักษรหลังปรับรูป,จับคู่อัตโนมัติด้วยชื่อตรงกัน,,,,,989600.0,901255.6,2567-0153,DOC-BUD-2567,1.5ผลเบิกจ่ายปี 2567 - final.pdf,5
ITM-0428,โครงการพัฒนาทักษะภาษาต่างประเทศ,4. โครงการพัฒนาทักษะภาษาต่างประเทศ,2567,5,2563 | 2564 | 2565 | 2566 | 2567,ชื่อตรงกันทุกตัวอักษรหลังปรับรูป,จับคู่อัตโนมัติด้วยชื่อตรงกัน,,,,,2500000.0,2220000.0,2567-0154,DOC-BUD-2567,1.5ผลเบิกจ่ายปี 2567 - final.pdf,5
ITM-0252,โครงการ Service Smart Smile (3S) พัฒนาศักยภาพเจ้าหน้าที่ผู้ปฏิบัติงาน ด้านบริการ,5. โครงการ Service Smart Smile (3S) พัฒนาศักยภาพเจ้าหน้าที่ผู้ปฏิบัติงาน ด้านบริการ,2567,2,2566 | 2567,ชื่อตรงกันทุกตัวอักษรหลังปรับรูป,ชื่อตรงกันข้ามปี และยังมีรายการชื่อคล้ายกันให้ตรวจเพิ่ม,ITM-0251,โครงการ Service Smart Smile (3S)การพัฒนาศักยภาพเจ้าหน้าที่ผู้ปฏิบัติงาน ด้านบริการ,98.0,2565,594400.0,503750.0,2567-0155,DOC-BUD-2567,1.5ผลเบิกจ่ายปี 2567 - final.pdf,5
ITM-0228,อบรมเสริมสร้างความรู้เกี่ยวกับการดำเนินการทางวินัยให้บุคลากรสำนักงาน ประกันสังคม,6. อบรมเสริมสร้างความรู้เกี่ยวกับการดำเนินการทางวินัยให้บุคลากรสำนักงาน ประกันสังคม,2567,2,2566 | 2567,ชื่อตรงกันทุกตัวอักษรหลังปรับรูป,จับคู่อัตโนมัติด้วยชื่อตรงกัน,,,,,557000.0,533899.0,2567-0156,DOC-BUD-2567,1.5ผลเบิกจ่ายปี 2567 - final.pdf,5
ITM-0450,โครงการพัฒนาสมรรถนะบุคลากรด้านการบริหารงานงบประมาณ และแผนปฏิบัติราชการ,7. โครงการพัฒนาสมรรถนะบุคลากรด้านการบริหารงานงบประมาณ และแผนปฏิบัติราชการ,2567,5,2563 | 2564 | 2565 | 2566 | 2567,ชื่อตรงกันทุกตัวอักษรหลังปรับรูป,จับคู่อัตโนมัติด้วยชื่อตรงกัน,,,,,1455000.0,1442120.0,2567-0157,DOC-BUD-2567,1.5ผลเบิกจ่ายปี 2567 - final.pdf,5
ITM-0455,โครงการพัฒนาสมรรถนะผู้ปฏิบัติงานด้านกฎหมาย,8. โครงการพัฒนาสมรรถนะผู้ปฏิบัติงานด้านกฎหมาย,2567,4,2564 | 2565 | 2566 | 2567,ชื่อตรงกันทุกตัวอักษรหลังปรับรูป,จับคู่อัตโนมัติด้วยชื่อตรงกัน,,,,,1085600.0,1071540.0,2567-0158,DOC-BUD-2567,1.5ผลเบิกจ่ายปี 2567 - final.pdf,5
ITM-0489,โครงการอบรมเชิงปฏิบัติการเพื่อการเพิ่มประสิทธิภาพงานวินิจฉัยประโยชน์ทดแทน,9. โครงการอบรมเชิงปฏิบัติการเพื่อการเพิ่มประสิทธิภาพงานวินิจฉัยประโยชน์ทดแทน,2567,4,2563 | 2565 | 2566 | 2567,ชื่อตรงกันทุกตัวอักษรหลังปรับรูป,ชื่อตรงกันข้ามปี และยังมีรายการชื่อคล้ายกันให้ตรวจเพิ่ม,ITM-0227,อบรมเชิงปฏิบัติการเพื่อการเพิ่มประสิทธิภาพงานวินิจฉัยประโยชน์ทดแทน,95.0,2564,809700.0,699305.0,2567-0159,DOC-BUD-2567,1.5ผลเบิกจ่ายปี 2567 - final.pdf,5
ITM-0384,โครงการประชุมเชิงปฏิบัติการบริหารจัดการความเสี่ยงด้านงานประโยชน์ทดแทน,10. โครงการประชุมเชิงปฏิบัติการบริหารจัดการความเสี่ยงด้านงานประโยชน์ทดแทน,2567,4,2563 | 2565 | 2566 | 2567,ชื่อตรงกันทุกตัวอักษรหลังปรับรูป,ชื่อตรงกันข้ามปี และยังมีรายการชื่อคล้ายกันให้ตรวจเพิ่ม,ITM-0200,ประชุมเชิงปฏิบัติการบริหารจัดการความเสี่ยงด้านงานประโยชน์ทดแทน,94.7,2564,368000.0,348650.0,2567-0160,DOC-BUD-2567,1.5ผลเบิกจ่ายปี 2567 - final.pdf,5
ITM-0488,โครงการอบรมเชิงปฏิบัติการงานการเงินและบัญชีกองทุน,11. โครงการอบรมเชิงปฏิบัติการงานการเงินและบัญชีกองทุน,2567,3,2564 | 2566 | 2567,ชื่อตรงกันทุกตัวอักษรหลังปรับรูป,จับคู่อัตโนมัติด้วยชื่อตรงกัน,,,,,641200.0,635260.0,2567-0161,DOC-BUD-2567,1.5ผลเบิกจ่ายปี 2567 - final.pdf,5
ITM-0211,พัฒนาทักษะการปฏิบัติงานของผู้ตรวจสอบภายใน,12. พัฒนาทักษะการปฏิบัติงานของผู้ตรวจสอบภายใน,2567,2,2566 | 2567,ชื่อตรงกันทุกตัวอักษรหลังปรับรูป,จับคู่อัตโนมัติด้วยชื่อตรงกัน,,,,,104100.0,73110.0,2567-0162,DOC-BUD-2567,1.5ผลเบิกจ่ายปี 2567 - final.pdf,5
ITM-0452,โครงการพัฒนาสมรรถนะบุคลากรด้านการบัญชี,13. โครงการพัฒนาสมรรถนะบุคลากรด้านการบัญชี,2567,1,2567,ชื่อตรงกันทุกตัวอักษรหลังปรับรูป,พบปีเดียว ยังไม่ยืนยันการจับคู่ข้ามปี,,,,,555000.0,553678.0,2567-0163,DOC-BUD-2567,1.5ผลเบิกจ่ายปี 2567 - final.pdf,5
ITM-0451,โครงการพัฒนาสมรรถนะบุคลากรด้านการบริหารพัสดุ,14. โครงการพัฒนาสมรรถนะบุคลากรด้านการบริหารพัสดุ,2567,3,2564 | 2565 | 2567,ชื่อตรงกันทุกตัวอักษรหลังปรับรูป,จับคู่อัตโนมัติด้วยชื่อตรงกัน,,,,,2328500.0,2209070.0,2567-0164,DOC-BUD-2567,1.5ผลเบิกจ่ายปี 2567 - final.pdf,5
ITM-0490,โครงการอบรมเชิงปฏิบัติการเพื่อพัฒนาสมรรถนะเจ้าหน้าที่วินิจฉัย กองทุนประกันสังคม,15. โครงการอบรมเชิงปฏิบัติการเพื่อพัฒนาสมรรถนะเจ้าหน้าที่วินิจฉัย กองทุนประกันสังคม,2567,1,2567,ชื่อตรงกันทุกตัวอักษรหลังปรับรูป,พบปีเดียว ยังไม่ยืนยันการจับคู่ข้ามปี,,,,,953200.0,940510.0,2567-0165,DOC-BUD-2567,1.5ผลเบิกจ่ายปี 2567 - final.pdf,5
ITM-0520,โครงการเสริมสร้างสมรรถนะบุคลากรของสำนักงานประกันสังคม,3.2 โครงการเสริมสร้างสมรรถนะบุคลากรของสำนักงานประกันสังคม,2567,5,2563 | 2564 | 2565 | 2566 | 2567,ชื่อตรงกันทุกตัวอักษรหลังปรับรูป,จับคู่อัตโนมัติด้วยชื่อตรงกัน,,,,,26640000.0,23402019.9,2567-0166,DOC-BUD-2567,1.5ผลเบิกจ่ายปี 2567 - final.pdf,5
ITM-0004,การฝึกอบรมทักษะด้านภาษาต่างประเทศ,3.3 การฝึกอบรมทักษะด้านภาษาต่างประเทศ,2567,2,2566 | 2567,ชื่อตรงกันทุกตัวอักษรหลังปรับรูป,จับคู่อัตโนมัติด้วยชื่อตรงกัน,,,,,110400.0,110400.0,2567-0167,DOC-BUD-2567,1.5ผลเบิกจ่ายปี 2567 - final.pdf,5
ITM-0001,การจัดการความรู้สำนักงานประกันสังคม,3.3 การจัดการความรู้สำนักงานประกันสังคม,2567,5,2563 | 2564 | 2565 | 2566 | 2567,ชื่อตรงกันทุกตัวอักษรหลังปรับรูป,จับคู่อัตโนมัติด้วยชื่อตรงกัน,,,,,2712600.0,2135280.83,2567-0168,DOC-BUD-2567,1.5ผลเบิกจ่ายปี 2567 - final.pdf,5
ITM-0162,ค่าใช้จ่ายในการจัดประชุม อบรมให้ความรู้งานประกันสังคม,4. ค่าใช้จ่ายในการจัดประชุม อบรมให้ความรู้งานประกันสังคม,2567,5,2563 | 2564 | 2565 | 2566 | 2567,ชื่อตรงกันทุกตัวอักษรหลังปรับรูป,จับคู่อัตโนมัติด้วยชื่อตรงกัน,,,,,9180000.0,8767334.24,2567-0169,DOC-BUD-2567,1.5ผลเบิกจ่ายปี 2567 - final.pdf,5
ITM-0155,ค่าใช้จ่ายต่าง ๆ เพื่อเผยแพร่ความรู้เกี่ยวกับการประกันสังคม,5. ค่าใช้จ่ายต่าง ๆ เพื่อเผยแพร่ความรู้เกี่ยวกับการประกันสังคม,2567,5,2563 | 2564 | 2565 | 2566 | 2567,ชื่อตรงกันทุกตัวอักษรหลังปรับรูป,จับคู่อัตโนมัติด้วยชื่อตรงกัน,,,,,140550000.0,128778638.97,2567-0171,DOC-BUD-2567,1.5ผลเบิกจ่ายปี 2567 - final.pdf,5
ITM-0193,จ้างจัดนิทรรศการวันแรงงานแห่งชาติ,1. จ้างจัดนิทรรศการวันแรงงานแห่งชาติ,2567,1,2567,ชื่อตรงกันทุกตัวอักษรหลังปรับรูป,พบปีเดียวและมีรายการชื่อคล้ายกันในปีอื่น ต้องตรวจสอบด้วยคน,ITM-0194,จ้างจัดนิทรรศการวัรแงงานแห่งชาติ,95.4,2566,1500000.0,1184300.0,2567-0172,DOC-BUD-2567,1.5ผลเบิกจ่ายปี 2567 - final.pdf,5
ITM-0207,ผลิตและออกอากาศสื่อโทรทัศน์,2. ผลิตและออกอากาศสื่อโทรทัศน์,2567,5,2563 | 2564 | 2565 | 2566 | 2567,ชื่อตรงกันทุกตัวอักษรหลังปรับรูป,จับคู่อัตโนมัติด้วยชื่อตรงกัน,,,,,26000000.0,19258370.0,2567-0173,DOC-BUD-2567,1.5ผลเบิกจ่ายปี 2567 - final.pdf,5
ITM-0206,ผลิตและออกอากาศสื่อวิทยุ,3. ผลิตและออกอากาศสื่อวิทยุ,2567,5,2563 | 2564 | 2565 | 2566 | 2567,ชื่อตรงกันทุกตัวอักษรหลังปรับรูป,จับคู่อัตโนมัติด้วยชื่อตรงกัน,,,,,3000000.0,2420000.0,2567-0174,DOC-BUD-2567,1.5ผลเบิกจ่ายปี 2567 - final.pdf,5
ITM-0205,ผลิตและประชาสัมพันธ์ทางสื่อสิ่งพิมพ์,4. ผลิตและประชาสัมพันธ์ทางสื่อสิ่งพิมพ์,2567,5,2563 | 2564 | 2565 | 2566 | 2567,ชื่อตรงกันทุกตัวอักษรหลังปรับรูป,จับคู่อัตโนมัติด้วยชื่อตรงกัน,,,,,4800000.0,3400000.0,2567-0175,DOC-BUD-2567,1.5ผลเบิกจ่ายปี 2567 - final.pdf,5
ITM-0209,ผลิตและเผยแพร่ทางสื่อออนไลน์ (เว็บไซต์) หรือสื่อสังคมออนไลน์ (โซเซียลมีเดีย),5. ผลิตและเผยแพร่ทางสื่อออนไลน์ (เว็บไซต์) หรือสื่อสังคมออนไลน์ (โซเซียลมีเดีย),2567,4,2564 | 2565 | 2566 | 2567,ชื่อตรงกันทุกตัวอักษรหลังปรับรูป,จับคู่อัตโนมัติด้วยชื่อตรงกัน,,,,,7540000.0,7009690.0,2567-0176,DOC-BUD-2567,1.5ผลเบิกจ่ายปี 2567 - final.pdf,5
ITM-0204,ผลิตสื่อประชาสัมพันธ์เพื่อเผยแพร่ประชาสัมพันธ์ ส่งแรงงานกลับบ้าน,6. ผลิตสื่อประชาสัมพันธ์เพื่อเผยแพร่ประชาสัมพันธ์ ส่งแรงงานกลับบ้าน,2567,5,2563 | 2564 | 2565 | 2566 | 2567,ชื่อตรงกันทุกตัวอักษรหลังปรับรูป,จับคู่อัตโนมัติด้วยชื่อตรงกัน,,,,,500000.0,495000.0,2567-0177,DOC-BUD-2567,1.5ผลเบิกจ่ายปี 2567 - final.pdf,5
ITM-0202,ผลิตสื่อประชาสัมพันธ์เพื่อเผยแพร่ประชาสัมพันธ์,7. ผลิตสื่อประชาสัมพันธ์เพื่อเผยแพร่ประชาสัมพันธ์,2567,4,2564 | 2565 | 2566 | 2567,ชื่อตรงกันทุกตัวอักษรหลังปรับรูป,จับคู่อัตโนมัติด้วยชื่อตรงกัน,,,,,3000000.0,2959620.0,2567-0178,DOC-BUD-2567,1.5ผลเบิกจ่ายปี 2567 - final.pdf,5
ITM-0201,ผลิตวัสดุประชาสัมพันธ์วันแรงงานแห่งชาติ,8. ผลิตวัสดุประชาสัมพันธ์วันแรงงานแห่งชาติ,2567,5,2563 | 2564 | 2565 | 2566 | 2567,ชื่อตรงกันทุกตัวอักษรหลังปรับรูป,จับคู่อัตโนมัติด้วยชื่อตรงกัน,,,,,4940000.0,4750000.0,2567-0179,DOC-BUD-2567,1.5ผลเบิกจ่ายปี 2567 - final.pdf,5
ITM-0198,ตรวจตัดข่าว ผ่านสื่อสิ่งพิมพ์ และสื่อออนไลน์,9. ตรวจตัดข่าว ผ่านสื่อสิ่งพิมพ์ และสื่อออนไลน์,2567,5,2563 | 2564 | 2565 | 2566 | 2567,ชื่อตรงกันทุกตัวอักษรหลังปรับรูป,จับคู่อัตโนมัติด้วยชื่อตรงกัน,,,,,500000.0,499476.0,2567-0180,DOC-BUD-2567,1.5ผลเบิกจ่ายปี 2567 - final.pdf,5
ITM-0197,จ้างพิมพ์แผ่นพับประชาสัมพันธ์งานประกันสังคม,10. จ้างพิมพ์แผ่นพับประชาสัมพันธ์งานประกันสังคม,2567,2,2566 | 2567,ชื่อตรงกันทุกตัวอักษรหลังปรับรูป,จับคู่อัตโนมัติด้วยชื่อตรงกัน,,,,,4000000.0,3972000.0,2567-0181,DOC-BUD-2567,1.5ผลเบิกจ่ายปี 2567 - final.pdf,5
ITM-0195,จ้างพิมพ์ปฏิทินประกันสังคม ประจำปี 2568,11. จ้างพิมพ์ปฏิทินประกันสังคม ประจำปี 2568,2567,2,2566 | 2567,ชื่อตรงกันทุกตัวอักษรหลังปรับรูป,จับคู่อัตโนมัติด้วยชื่อตรงกัน,,,,,55000000.0,54895900.0,2567-0182,DOC-BUD-2567,1.5ผลเบิกจ่ายปี 2567 - final.pdf,6
ITM-0196,จ้างพิมพ์วารสารประกันสังคม,12. จ้างพิมพ์วารสารประกันสังคม,2567,2,2566 | 2567,ชื่อตรงกันทุกตัวอักษรหลังปรับรูป,จับคู่อัตโนมัติด้วยชื่อตรงกัน,,,,,15000000.0,14980500.0,2567-0183,DOC-BUD-2567,1.5ผลเบิกจ่ายปี 2567 - final.pdf,6
ITM-0154,ค่าใช้จ่ายต่าง ๆ เพื่อประชาสัมพันธ์เผยแพร่ข่าวสารงานประกันสังคม,13. ค่าใช้จ่ายต่าง ๆ เพื่อประชาสัมพันธ์เผยแพร่ข่าวสารงานประกันสังคม,2567,1,2567,ชื่อตรงกันทุกตัวอักษรหลังปรับรูป,พบปีเดียว ยังไม่ยืนยันการจับคู่ข้ามปี,,,,,14770000.0,12953782.97,2567-0184,DOC-BUD-2567,1.5ผลเบิกจ่ายปี 2567 - final.pdf,6
ITM-0023,ค่าจ้างบริการบำรุงรักษาระบบคอมพิวเตอร์,6. ค่าจ้างบริการบำรุงรักษาระบบคอมพิวเตอร์,2567,1,2567,ชื่อตรงกันทุกตัวอักษรหลังปรับรูป,พบปีเดียว ยังไม่ยืนยันการจับคู่ข้ามปี,,,,,385747200.0,367622911.96,2567-0185,DOC-BUD-2567,1.5ผลเบิกจ่ายปี 2567 - final.pdf,6
ITM-0043,ค่าจ้างบำรุงรักษาระบบสารสนเทศการจ่ายประโยชน์ทดแทน กรณีชราภาพ,1. ค่าจ้างบำรุงรักษาระบบสารสนเทศการจ่ายประโยชน์ทดแทน กรณีชราภาพ,2567,5,2563 | 2564 | 2565 | 2566 | 2567,ชื่อตรงกันทุกตัวอักษรหลังปรับรูป,จับคู่อัตโนมัติด้วยชื่อตรงกัน,,,,,1075200.0,1075200.0,2567-0186,DOC-BUD-2567,1.5ผลเบิกจ่ายปี 2567 - final.pdf,6
ITM-0052,ค่าจ้างบำรุงรักษาเครื่องคอมพิวเตอร์เมนเฟรมและอุปกรณ์ต่อพ่วง ศูนย์คอมพิวเตอร์หลัก และศูนย์คอมพิวเตอร์สำรอง,2. ค่าจ้างบำรุงรักษาเครื่องคอมพิวเตอร์เมนเฟรมและอุปกรณ์ต่อพ่วง ศูนย์คอมพิวเตอร์หลัก และศูนย์คอมพิวเตอร์สำรอง,2567,5,2563 | 2564 | 2565 | 2566 | 2567,ชื่อตรงกันทุกตัวอักษรหลังปรับรูป,จับคู่อัตโนมัติด้วยชื่อตรงกัน,,,,,36532800.0,36532800.0,2567-0187,DOC-BUD-2567,1.5ผลเบิกจ่ายปี 2567 - final.pdf,6
ITM-0070,ค่าจ้างบำรุงรักษาโปรแกรม Sapiens ObjectPool,3. ค่าจ้างบำรุงรักษาโปรแกรม Sapiens ObjectPool,2567,5,2563 | 2564 | 2565 | 2566 | 2567,ชื่อตรงกันทุกตัวอักษรหลังปรับรูป,จับคู่อัตโนมัติด้วยชื่อตรงกัน,,,,,1428000.0,1408806.2,2567-0188,DOC-BUD-2567,1.5ผลเบิกจ่ายปี 2567 - final.pdf,6
ITM-0071,ค่าจ้างบำรุงรักษาโปรแกรม ViewDirect For OS/390,4. ค่าจ้างบำรุงรักษาโปรแกรม ViewDirect For OS/390,2567,5,2563 | 2564 | 2565 | 2566 | 2567,ชื่อตรงกันทุกตัวอักษรหลังปรับรูป,จับคู่อัตโนมัติด้วยชื่อตรงกัน,,,,,1446000.0,1446000.0,2567-0189,DOC-BUD-2567,1.5ผลเบิกจ่ายปี 2567 - final.pdf,6
ITM-0034,ค่าจ้างบำรุงรักษาระบบงานประกันสังคมบนเครื่องคอมพิวเตอร์เมนเฟรม,5. ค่าจ้างบำรุงรักษาระบบงานประกันสังคมบนเครื่องคอมพิวเตอร์เมนเฟรม,2567,5,2563 | 2564 | 2565 | 2566 | 2567,ชื่อตรงกันทุกตัวอักษรหลังปรับรูป,จับคู่อัตโนมัติด้วยชื่อตรงกัน,,,,,16200000.0,16200000.0,2567-0190,DOC-BUD-2567,1.5ผลเบิกจ่ายปี 2567 - final.pdf,6
ITM-0060,ค่าจ้างบำรุงรักษาและปรับปรุงระบบงานสารสนเทศเพื่อการจัดการ,6. ค่าจ้างบำรุงรักษาและปรับปรุงระบบงานสารสนเทศเพื่อการจัดการ,2567,5,2563 | 2564 | 2565 | 2566 | 2567,ชื่อตรงกันทุกตัวอักษรหลังปรับรูป,จับคู่อัตโนมัติด้วยชื่อตรงกัน,,,,,463200.0,463200.0,2567-0191,DOC-BUD-2567,1.5ผลเบิกจ่ายปี 2567 - final.pdf,6
ITM-0072,ค่าจ้างบำรุงรักษาโปรแกรมบริหารการลงทุน,7. ค่าจ้างบำรุงรักษาโปรแกรมบริหารการลงทุน,2567,5,2563 | 2564 | 2565 | 2566 | 2567,ชื่อตรงกันทุกตัวอักษรหลังปรับรูป,จับคู่อัตโนมัติด้วยชื่อตรงกัน,,,,,5779900.0,5779900.0,2567-0192,DOC-BUD-2567,1.5ผลเบิกจ่ายปี 2567 - final.pdf,6
ITM-0045,ค่าจ้างบำรุงรักษาระบบแปลงรายงาน (Reports Conversion),8. ค่าจ้างบำรุงรักษาระบบแปลงรายงาน (Reports Conversion),2567,5,2563 | 2564 | 2565 | 2566 | 2567,ชื่อตรงกันทุกตัวอักษรหลังปรับรูป,จับคู่อัตโนมัติด้วยชื่อตรงกัน,,,,,456000.0,456000.0,2567-0193,DOC-BUD-2567,1.5ผลเบิกจ่ายปี 2567 - final.pdf,6
ITM-0069,ค่าจ้างบำรุงรักษาโปรแกรม IBM Tivoli OmegaMon for CICS,9. ค่าจ้างบำรุงรักษาโปรแกรม IBM Tivoli OmegaMon for CICS,2567,5,2563 | 2564 | 2565 | 2566 | 2567,ชื่อตรงกันทุกตัวอักษรหลังปรับรูป,จับคู่อัตโนมัติด้วยชื่อตรงกัน,,,,,894000.0,894000.0,2567-0194,DOC-BUD-2567,1.5ผลเบิกจ่ายปี 2567 - final.pdf,6
ITM-0065,ค่าจ้างบำรุงรักษาและปรับปรุงระบบสารสนเทศงานประกันสังคมตามมาตรา 40,10. ค่าจ้างบำรุงรักษาและปรับปรุงระบบสารสนเทศงานประกันสังคมตามมาตรา 40,2567,5,2563 | 2564 | 2565 | 2566 | 2567,ชื่อตรงกันทุกตัวอักษรหลังปรับรูป,จับคู่อัตโนมัติด้วยชื่อตรงกัน,,,,,4483200.0,4374735.48,2567-0195,DOC-BUD-2567,1.5ผลเบิกจ่ายปี 2567 - final.pdf,6
ITM-0064,ค่าจ้างบำรุงรักษาและปรับปรุงระบบสารสนเทศงานประกันสังคม กรณีว่างงาน,11. ค่าจ้างบำรุงรักษาและปรับปรุงระบบสารสนเทศงานประกันสังคม กรณีว่างงาน,2567,5,2563 | 2564 | 2565 | 2566 | 2567,ชื่อตรงกันทุกตัวอักษรหลังปรับรูป,จับคู่อัตโนมัติด้วยชื่อตรงกัน,,,,,690000.0,684435.48,2567-0196,DOC-BUD-2567,1.5ผลเบิกจ่ายปี 2567 - final.pdf,6
ITM-0027,ค่าจ้างบำรงุรักษาและปรับปรุงระบบบริการอิเล็กทรอนิกส์,12. ค่าจ้างบำรงุรักษาและปรับปรุงระบบบริการอิเล็กทรอนิกส์,2567,5,2563 | 2564 | 2565 | 2566 | 2567,ชื่อตรงกันทุกตัวอักษรหลังปรับรูป,จับคู่อัตโนมัติด้วยชื่อตรงกัน,,,,,5160000.0,3145664.52,2567-0197,DOC-BUD-2567,1.5ผลเบิกจ่ายปี 2567 - final.pdf,6
ITM-0031,ค่าจ้างบำรุงรักษาระบบคอมพิวเตอร์พร้อมการรักษาความมั่นคงปลอดภัย ระดับคอมพิวเตอร์ลูกข่าย,13. ค่าจ้างบำรุงรักษาระบบคอมพิวเตอร์พร้อมการรักษาความมั่นคงปลอดภัย ระดับคอมพิวเตอร์ลูกข่าย,2567,2,2566 | 2567,ชื่อตรงกันทุกตัวอักษรหลังปรับรูป,ชื่อตรงกันข้ามปี และยังมีรายการชื่อคล้ายกันให้ตรวจเพิ่ม,ITM-0030,ค่าจ้างบำรุงรักษาระบบคอมพิวเตอร์พร้อมการรักษาความมั่นคงปลดดภัย ระดับคอมพิวเตอร์ลูกข่าย,98.8,2563 | 2564 | 2565,37898100.0,37848000.0,2567-0198,DOC-BUD-2567,1.5ผลเบิกจ่ายปี 2567 - final.pdf,6
ITM-0061,ค่าจ้างบำรุงรักษาและปรับปรุงระบบฐานข้อมูลเพื่อการบริหารงานประกันสังคม ในรูปบบ e-Service,14. ค่าจ้างบำรุงรักษาและปรับปรุงระบบฐานข้อมูลเพื่อการบริหารงานประกันสังคม ในรูปบบ e-Service,2567,5,2563 | 2564 | 2565 | 2566 | 2567,ชื่อตรงกันทุกตัวอักษรหลังปรับรูป,จับคู่อัตโนมัติด้วยชื่อตรงกัน,,,,,5400000.0,5225806.45,2567-0199,DOC-BUD-2567,1.5ผลเบิกจ่ายปี 2567 - final.pdf,6
ITM-0062,ค่าจ้างบำรุงรักษาและปรับปรุงระบบบริหารการจัดทำแผนปฏิบัติราชการ และงบประมาณ สำนักงานประกันสังคม,15. ค่าจ้างบำรุงรักษาและปรับปรุงระบบบริหารการจัดทำแผนปฏิบัติราชการ และงบประมาณ สำนักงานประกันสังคม,2567,5,2563 | 2564 | 2565 | 2566 | 2567,ชื่อตรงกันทุกตัวอักษรหลังปรับรูป,จับคู่อัตโนมัติด้วยชื่อตรงกัน,,,,,996000.0,994008.0,2567-0200,DOC-BUD-2567,1.5ผลเบิกจ่ายปี 2567 - final.pdf,6
ITM-0059,ค่าจ้างบำรุงรักษาและปรับปรุงระบบงานสนับสนุน,16. ค่าจ้างบำรุงรักษาและปรับปรุงระบบงานสนับสนุน,2567,5,2563 | 2564 | 2565 | 2566 | 2567,ชื่อตรงกันทุกตัวอักษรหลังปรับรูป,จับคู่อัตโนมัติด้วยชื่อตรงกัน,,,,,3216000.0,3216000.0,2567-0201,DOC-BUD-2567,1.5ผลเบิกจ่ายปี 2567 - final.pdf,6
ITM-0028,ค่าจ้างบำรุงรักษาระบบการจ่ายค่าบริการทางการแพทย์เชื่อมโยงระบบ NCH (National Clearing House),17. ค่าจ้างบำรุงรักษาระบบการจ่ายค่าบริการทางการแพทย์เชื่อมโยงระบบ NCH (National Clearing House),2567,5,2563 | 2564 | 2565 | 2566 | 2567,ชื่อตรงกันทุกตัวอักษรหลังปรับรูป,จับคู่อัตโนมัติด้วยชื่อตรงกัน,,,,,1788000.0,1763967.7,2567-0202,DOC-BUD-2567,1.5ผลเบิกจ่ายปี 2567 - final.pdf,6
ITM-0029,ค่าจ้างบำรุงรักษาระบบการตรวจสอบเวชระเบียนอิเล็กทรอนิกส์,18. ค่าจ้างบำรุงรักษาระบบการตรวจสอบเวชระเบียนอิเล็กทรอนิกส์,2567,5,2563 | 2564 | 2565 | 2566 | 2567,ชื่อตรงกันทุกตัวอักษรหลังปรับรูป,จับคู่อัตโนมัติด้วยชื่อตรงกัน,,,,,684000.0,674806.45,2567-0203,DOC-BUD-2567,1.5ผลเบิกจ่ายปี 2567 - final.pdf,6
ITM-0068,ค่าจ้างบำรุงรักษาและปรับปรุงระบบใบเสร็จรับเงินอิเล็กทรอนิกส์ (e-Receipt),19. ค่าจ้างบำรุงรักษาและปรับปรุงระบบใบเสร็จรับเงินอิเล็กทรอนิกส์ (e-Receipt),2567,5,2563 | 2564 | 2565 | 2566 | 2567,ชื่อตรงกันทุกตัวอักษรหลังปรับรูป,จับคู่อัตโนมัติด้วยชื่อตรงกัน,,,,,1388000.0,1388000.0,2567-0204,DOC-BUD-2567,1.5ผลเบิกจ่ายปี 2567 - final.pdf,6
ITM-0054,ค่าจ้างบำรุงรักษาเว็บไซต์สำนักงานประกันสังคม (www.sso.go.th),20. ค่าจ้างบำรุงรักษาเว็บไซต์สำนักงานประกันสังคม (www.sso.go.th),2567,5,2563 | 2564 | 2565 | 2566 | 2567,ชื่อตรงกันทุกตัวอักษรหลังปรับรูป,จับคู่อัตโนมัติด้วยชื่อตรงกัน,,,,,1236000.0,1202774.19,2567-0205,DOC-BUD-2567,1.5ผลเบิกจ่ายปี 2567 - final.pdf,6
ITM-0049,ค่าจ้างบำรุงรักษาอุปกรณ์สนับสนุนศูนย์คอมพิวเตอร์หลัก,21. ค่าจ้างบำรุงรักษาอุปกรณ์สนับสนุนศูนย์คอมพิวเตอร์หลัก,2567,5,2563 | 2564 | 2565 | 2566 | 2567,ชื่อตรงกันทุกตัวอักษรหลังปรับรูป,จับคู่อัตโนมัติด้วยชื่อตรงกัน,,,,,3975200.0,3972000.0,2567-0206,DOC-BUD-2567,1.5ผลเบิกจ่ายปี 2567 - final.pdf,6
ITM-0042,ค่าจ้างบำรุงรักษาระบบสนับสนุนศูนย์คอมพิวเตอร์ (จังหวัดระยอง) พร้อมเชื่อมโยงเครือข่ายสัญญาณ เพื่อรับส่งข้อมูลระหว่างศูนย์คอมพิวเตอร์,22. ค่าจ้างบำรุงรักษาระบบสนับสนุนศูนย์คอมพิวเตอร์ (จังหวัดระยอง) พร้อมเชื่อมโยงเครือข่ายสัญญาณ เพื่อรับส่งข้อมูลระหว่างศูนย์คอมพิวเตอร์,2567,5,2563 | 2564 | 2565 | 2566 | 2567,ชื่อตรงกันทุกตัวอักษรหลังปรับรูป,จับคู่อัตโนมัติด้วยชื่อตรงกัน,,,,,83310000.0,82770172.86,2567-0207,DOC-BUD-2567,1.5ผลเบิกจ่ายปี 2567 - final.pdf,6
ITM-0056,ค่าจ้างบำรุงรักษาและปรับปรุงระบบข้อมูลการใช้บริการทางการแพทย์ของผู้ประกันตน,23. ค่าจ้างบำรุงรักษาและปรับปรุงระบบข้อมูลการใช้บริการทางการแพทย์ของผู้ประกันตน,2567,5,2563 | 2564 | 2565 | 2566 | 2567,ชื่อตรงกันทุกตัวอักษรหลังปรับรูป,จับคู่อัตโนมัติด้วยชื่อตรงกัน,,,,,744000.0,731632.26,2567-0208,DOC-BUD-2567,1.5ผลเบิกจ่ายปี 2567 - final.pdf,6
ITM-0058,ค่าจ้างบำรุงรักษาและปรับปรุงระบบงานจ่ายสิทธิประโยชน์ทันตกรรม ในรูปแบบ Web Application,24. ค่าจ้างบำรุงรักษาและปรับปรุงระบบงานจ่ายสิทธิประโยชน์ทันตกรรม ในรูปแบบ Web Application,2567,1,2567,ชื่อตรงกันทุกตัวอักษรหลังปรับรูป,พบปีเดียว ยังไม่ยืนยันการจับคู่ข้ามปี,,,,,1432800.0,1410976.88,2567-0209,DOC-BUD-2567,1.5ผลเบิกจ่ายปี 2567 - final.pdf,6
ITM-0036,ค่าจ้างบำรุงรักษาระบบจ่ายประโยชน์ทดแทนค่าบริการทางการแพทย์ กรณีเจ็บป่วยฉุกเฉินวิกฤต (UCEP),25. ค่าจ้างบำรุงรักษาระบบจ่ายประโยชน์ทดแทนค่าบริการทางการแพทย์ กรณีเจ็บป่วยฉุกเฉินวิกฤต (UCEP),2567,2,2566 | 2567,ชื่อตรงกันทุกตัวอักษรหลังปรับรูป,ชื่อตรงกันข้ามปี และยังมีรายการชื่อคล้ายกันให้ตรวจเพิ่ม,ITM-0037,ค่าจ้างบำรุงรักษาระบบจ่ายประโยชยน์ทดแทนค่าบริการทางการแพทย์ กรณีเจ็บป่วยฉุกเฉินวิกฤต (UCEP),99.4,2564 | 2565,504000.0,497225.81,2567-0210,DOC-BUD-2567,1.5ผลเบิกจ่ายปี 2567 - final.pdf,6
ITM-0025,ค่าจ้างบำรงุรักษาอุปกรณ์ป้องกันและตรวจจับการบุกรุก (Intrusion Prevention System),26. ค่าจ้างบำรงุรักษาอุปกรณ์ป้องกันและตรวจจับการบุกรุก (Intrusion Prevention System),2567,2,2566 | 2567,ชื่อตรงกันทุกตัวอักษรหลังปรับรูป,จับคู่อัตโนมัติด้วยชื่อตรงกัน,,,,,2595000.0,2586000.0,2567-0211,DOC-BUD-2567,1.5ผลเบิกจ่ายปี 2567 - final.pdf,6
ITM-0051,ค่าจ้างบำรุงรักษาอุปกรณ์เพิ่มประสิทธิภาพระบบการรักษาความปลอดภัย ในระบบสารสนเทศของสำนักงานประกันสังคม,27. ค่าจ้างบำรุงรักษาอุปกรณ์เพิ่มประสิทธิภาพระบบการรักษาความปลอดภัย ในระบบสารสนเทศของสำนักงานประกันสังคม,2567,2,2566 | 2567,ชื่อตรงกันทุกตัวอักษรหลังปรับรูป,จับคู่อัตโนมัติด้วยชื่อตรงกัน,,,,,1305000.0,1300800.0,2567-0212,DOC-BUD-2567,1.5ผลเบิกจ่ายปี 2567 - final.pdf,6
ITM-0026,ค่าจ้างบำรงุรักษาอุปกรณ์ระบบเครือข่ายสื่อสารภายใน (LAN),28. ค่าจ้างบำรงุรักษาอุปกรณ์ระบบเครือข่ายสื่อสารภายใน (LAN),2567,2,2566 | 2567,ชื่อตรงกันทุกตัวอักษรหลังปรับรูป,จับคู่อัตโนมัติด้วยชื่อตรงกัน,,,,,6876000.0,6854400.0,2567-0213,DOC-BUD-2567,1.5ผลเบิกจ่ายปี 2567 - final.pdf,6
ITM-0039,ค่าจ้างบำรุงรักษาระบบประชุมทางไกล (Video Conference),29. ค่าจ้างบำรุงรักษาระบบประชุมทางไกล (Video Conference),2567,2,2566 | 2567,ชื่อตรงกันทุกตัวอักษรหลังปรับรูป,จับคู่อัตโนมัติด้วยชื่อตรงกัน,,,,,4860000.0,4848000.0,2567-0214,DOC-BUD-2567,1.5ผลเบิกจ่ายปี 2567 - final.pdf,6
ITM-0038,ค่าจ้างบำรุงรักษาระบบบริหารจัดการศูนย์คอมพิวเตอร์ (Data Center Infrastructure Management : DCIM),30. ค่าจ้างบำรุงรักษาระบบบริหารจัดการศูนย์คอมพิวเตอร์ (Data Center Infrastructure Management : DCIM),2567,2,2566 | 2567,ชื่อตรงกันทุกตัวอักษรหลังปรับรูป,จับคู่อัตโนมัติด้วยชื่อตรงกัน,,,,,3516000.0,3516000.0,2567-0215,DOC-BUD-2567,1.5ผลเบิกจ่ายปี 2567 - final.pdf,6
ITM-0133,ค่าบริการสิทธิ์การใช้งาน Power Bi Pro,31. ค่าบริการสิทธิ์การใช้งาน Power Bi Pro,2567,2,2566 | 2567,ชื่อตรงกันทุกตัวอักษรหลังปรับรูป,จับคู่อัตโนมัติด้วยชื่อตรงกัน,,,,,185500.0,179118.0,2567-0216,DOC-BUD-2567,1.5ผลเบิกจ่ายปี 2567 - final.pdf,6
ITM-0055,ค่าจ้างบำรุงรักษาและปรับปรุงระบบการเบิกจ่ายประโยชน์ทดแทน ด้วยตนเองของผู้ประกันตนผ่านระบบอิเล็กทรอนิกส์ (e-Self Service) กองทุนประกันสังคม,32. ค่าจ้างบำรุงรักษาและปรับปรุงระบบการเบิกจ่ายประโยชน์ทดแทน ด้วยตนเองของผู้ประกันตนผ่านระบบอิเล็กทรอนิกส์ (e-Self Service) กองทุนประกันสังคม,2567,1,2567,ชื่อตรงกันทุกตัวอักษรหลังปรับรูป,พบปีเดียว ยังไม่ยืนยันการจับคู่ข้ามปี,,,,,8292000.0,8020051.61,2567-0217,DOC-BUD-2567,1.5ผลเบิกจ่ายปี 2567 - final.pdf,6
ITM-0063,ค่าจ้างบำรุงรักษาและปรับปรุงระบบสนับสนุนการให้บริการ (Queue),33. ค่าจ้างบำรุงรักษาและปรับปรุงระบบสนับสนุนการให้บริการ (Queue),2567,1,2567,ชื่อตรงกันทุกตัวอักษรหลังปรับรูป,พบปีเดียว ยังไม่ยืนยันการจับคู่ข้ามปี,,,,,4130400.0,4009870.97,2567-0218,DOC-BUD-2567,1.5ผลเบิกจ่ายปี 2567 - final.pdf,7
ITM-0067,ค่าจ้างบำรุงรักษาและปรับปรุงระบบแพลตฟอร์มดิจิทัลกลางเชื่อมต่อ บริการประกันสังคมให้แก่ผู้ประกันตนอย่างเจาะจง,34. ค่าจ้างบำรุงรักษาและปรับปรุงระบบแพลตฟอร์มดิจิทัลกลางเชื่อมต่อ บริการประกันสังคมให้แก่ผู้ประกันตนอย่างเจาะจง,2567,1,2567,ชื่อตรงกันทุกตัวอักษรหลังปรับรูป,พบปีเดียว ยังไม่ยืนยันการจับคู่ข้ามปี,,,,,8121600.0,5907000.0,2567-0219,DOC-BUD-2567,1.5ผลเบิกจ่ายปี 2567 - final.pdf,7
ITM-0066,ค่าจ้างบำรุงรักษาและปรับปรุงระบบสารสนเทศภูมิศาสตร์เพื่อการวิจัยและ กำหนดนโยบายของสำนักงานประกันสังคมพร้อมสิทธิ์การใช้งานซอฟต์แวร์,35. ค่าจ้างบำรุงรักษาและปรับปรุงระบบสารสนเทศภูมิศาสตร์เพื่อการวิจัยและ กำหนดนโยบายของสำนักงานประกันสังคมพร้อมสิทธิ์การใช้งานซอฟต์แวร์,2567,1,2567,ชื่อตรงกันทุกตัวอักษรหลังปรับรูป,พบปีเดียว ยังไม่ยืนยันการจับคู่ข้ามปี,,,,,12249700.0,,2567-0220,DOC-BUD-2567,1.5ผลเบิกจ่ายปี 2567 - final.pdf,7
ITM-0053,ค่าจ้างบำรุงรักษาเครื่องคอมพิวเตอร์แม่ข่ายพร้อมอุปกรณ์,36. ค่าจ้างบำรุงรักษาเครื่องคอมพิวเตอร์แม่ข่ายพร้อมอุปกรณ์,2567,1,2567,ชื่อตรงกันทุกตัวอักษรหลังปรับรูป,พบปีเดียว ยังไม่ยืนยันการจับคู่ข้ามปี,,,,,44365000.0,44304000.0,2567-0221,DOC-BUD-2567,1.5ผลเบิกจ่ายปี 2567 - final.pdf,7
ITM-0041,ค่าจ้างบำรุงรักษาระบบสนับสนุนศูนย์คอมพิวเตอร์ (Facility),37. ค่าจ้างบำรุงรักษาระบบสนับสนุนศูนย์คอมพิวเตอร์ (Facility),2567,1,2567,ชื่อตรงกันทุกตัวอักษรหลังปรับรูป,พบปีเดียว ยังไม่ยืนยันการจับคู่ข้ามปี,,,,,4106400.0,4104000.0,2567-0222,DOC-BUD-2567,1.5ผลเบิกจ่ายปี 2567 - final.pdf,7
ITM-0046,ค่าจ้างบำรุงรักษาศูนย์กลางเฝ้าระวังและรับมือภัยคุกคามความปลอดภัย คอมพิวเตอร์ (SSO Security Operation Center),38. ค่าจ้างบำรุงรักษาศูนย์กลางเฝ้าระวังและรับมือภัยคุกคามความปลอดภัย คอมพิวเตอร์ (SSO Security Operation Center),2567,1,2567,ชื่อตรงกันทุกตัวอักษรหลังปรับรูป,พบปีเดียว ยังไม่ยืนยันการจับคู่ข้ามปี,,,,,5646700.0,5550000.0,2567-0223,DOC-BUD-2567,1.5ผลเบิกจ่ายปี 2567 - final.pdf,7
ITM-0145,ค่าเช่าระบบปฏิบัติการ OS/390,39. ค่าเช่าระบบปฏิบัติการ OS/390,2567,5,2563 | 2564 | 2565 | 2566 | 2567,ชื่อตรงกันทุกตัวอักษรหลังปรับรูป,จับคู่อัตโนมัติด้วยชื่อตรงกัน,,,,,55242000.0,55236000.0,2567-0224,DOC-BUD-2567,1.5ผลเบิกจ่ายปี 2567 - final.pdf,7
ITM-0150,ค่าเช่าโปรแกรมสำหรรับควบคุมงานประมวลผลแบบ Batch,40. ค่าเช่าโปรแกรมสำหรรับควบคุมงานประมวลผลแบบ Batch,2567,5,2563 | 2564 | 2565 | 2566 | 2567,ชื่อตรงกันทุกตัวอักษรหลังปรับรูป,จับคู่อัตโนมัติด้วยชื่อตรงกัน,,,,,5496000.0,5496000.0,2567-0225,DOC-BUD-2567,1.5ผลเบิกจ่ายปี 2567 - final.pdf,7
ITM-0035,ค่าจ้างบำรุงรักษาระบบจัดเก็บและแปลงเอกสารหลักฐานงานประกันสังคม จากรูปแบบกระดาษให้เป็นข้อมูลอิเล็กทรอนิกส์ ตามมาตรฐานภายใต้กรอบของ กระทรวงดิจิทัลเพื่อเศรษฐกิจและสังคม (EDOC),41. ค่าจ้างบำรุงรักษาระบบจัดเก็บและแปลงเอกสารหลักฐานงานประกันสังคม จากรูปแบบกระดาษให้เป็นข้อมูลอิเล็กทรอนิกส์ ตามมาตรฐานภายใต้กรอบของ กระทรวงดิจิทัลเพื่อเศรษฐกิจและสังคม (EDOC),2567,5,2563 | 2564 | 2565 | 2566 | 2567,ชื่อตรงกันทุกตัวอักษรหลังปรับรูป,จับคู่อัตโนมัติด้วยชื่อตรงกัน,,,,,1579500.0,1555559.1,2567-0226,DOC-BUD-2567,1.5ผลเบิกจ่ายปี 2567 - final.pdf,7
ITM-0002,การจัดส่งข้าราชการและพนักงานสำนักงานประกันสังคมเข้ารับ การอบรมด้านวิชาการที่หน่วยงานภายนอกเป็นผู้จัด,7. การจัดส่งข้าราชการและพนักงานสำนักงานประกันสังคมเข้ารับ การอบรมด้านวิชาการที่หน่วยงานภายนอกเป็นผู้จัด,2567,5,2563 | 2564 | 2565 | 2566 | 2567,ชื่อตรงกันทุกตัวอักษรหลังปรับรูป,จับคู่อัตโนมัติด้วยชื่อตรงกัน,,,,,18035000.0,15461077.0,2567-0227,DOC-BUD-2567,1.5ผลเบิกจ่ายปี 2567 - final.pdf,7
ITM-0113,ค่าตอบแทนเหมาจ่ายในการติดตามเร่งรัดหนี้นอกสถานที่,8. ค่าตอบแทนเหมาจ่ายในการติดตามเร่งรัดหนี้นอกสถานที่,2567,5,2563 | 2564 | 2565 | 2566 | 2567,ชื่อตรงกันทุกตัวอักษรหลังปรับรูป,จับคู่อัตโนมัติด้วยชื่อตรงกัน,,,,,7040100.0,4108950.0,2567-0228,DOC-BUD-2567,1.5ผลเบิกจ่ายปี 2567 - final.pdf,7
ITM-0491,โครงการอบรมเชิงปฏิบัติการแก่นายจ้างเพื่อจัดทำข้อมูลและจ่ายเงินสมทบ กองทุนประกันสงคมผ่านระบบอิเล็กทรอนิกส์ (e-Payment),9. โครงการอบรมเชิงปฏิบัติการแก่นายจ้างเพื่อจัดทำข้อมูลและจ่ายเงินสมทบ กองทุนประกันสงคมผ่านระบบอิเล็กทรอนิกส์ (e-Payment),2567,3,2565 | 2566 | 2567,ชื่อตรงกันทุกตัวอักษรหลังปรับรูป,ชื่อตรงกันข้ามปี และยังมีรายการชื่อคล้ายกันให้ตรวจเพิ่ม,ITM-0008,การอบรมเชิงปฏิบัติการแก่นายจ้างเพื่อจัดทำข้อมูลและจ่ายเงินสมทบ กองทุนประกันสงคมผ่านระบบอิเล็กทรอนิกส์ (e-Payment),98.2,2563 | 2564,1890000.0,1680823.96,2567-0229,DOC-BUD-2567,1.5ผลเบิกจ่ายปี 2567 - final.pdf,7
ITM-0527,โครงการให้ความรู้ด้านการประกันสังคมแก่แรงงานต่างด้าว,10. โครงการให้ความรู้ด้านการประกันสังคมแก่แรงงานต่างด้าว,2567,4,2564 | 2565 | 2566 | 2567,ชื่อตรงกันทุกตัวอักษรหลังปรับรูป,จับคู่อัตโนมัติด้วยชื่อตรงกัน,,,,,380000.0,352560.0,2567-0230,DOC-BUD-2567,1.5ผลเบิกจ่ายปี 2567 - final.pdf,7
ITM-0348,โครงการตรวจสอบสถานประกอบการเพื่อป้องกันการแสวงประโยชน์ จากการใช้แรงงานและกองทุน,11. โครงการตรวจสอบสถานประกอบการเพื่อป้องกันการแสวงประโยชน์ จากการใช้แรงงานและกองทุน,2567,5,2563 | 2564 | 2565 | 2566 | 2567,ชื่อตรงกันทุกตัวอักษรหลังปรับรูป,จับคู่อัตโนมัติด้วยชื่อตรงกัน,,,,,352800.0,268774.0,2567-0231,DOC-BUD-2567,1.5ผลเบิกจ่ายปี 2567 - final.pdf,7
ITM-0470,โครงการ สปส.มอบสุข,12. โครงการ สปส.มอบสุข,2567,5,2563 | 2564 | 2565 | 2566 | 2567,ชื่อตรงกันทุกตัวอักษรหลังปรับรูป,จับคู่อัตโนมัติด้วยชื่อตรงกัน,,,,,4056000.0,3940000.0,2567-0232,DOC-BUD-2567,1.5ผลเบิกจ่ายปี 2567 - final.pdf,7
ITM-0293,โครงการจัดนิทรรศการและแถลงข่าวงานประกันสังคม,13. โครงการจัดนิทรรศการและแถลงข่าวงานประกันสังคม,2567,5,2563 | 2564 | 2565 | 2566 | 2567,ชื่อตรงกันทุกตัวอักษรหลังปรับรูป,จับคู่อัตโนมัติด้วยชื่อตรงกัน,,,,,2000000.0,2895750.0,2567-0233,DOC-BUD-2567,1.5ผลเบิกจ่ายปี 2567 - final.pdf,7
ITM-0285,โครงการจัดทำคลิปวีดีโอ ชุดความรู้งานประกันสังคม,14. โครงการจัดทำคลิปวีดีโอ ชุดความรู้งานประกันสังคม,2567,1,2567,ชื่อตรงกันทุกตัวอักษรหลังปรับรูป,พบปีเดียว ยังไม่ยืนยันการจับคู่ข้ามปี,,,,,500000.0,498500.0,2567-0234,DOC-BUD-2567,1.5ผลเบิกจ่ายปี 2567 - final.pdf,7
ITM-0372,โครงการประกวดคลิปสั้นประกันสังคม,15. โครงการประกวดคลิปสั้นประกันสังคม,2567,2,2566 | 2567,ชื่อตรงกันทุกตัวอักษรหลังปรับรูป,จับคู่อัตโนมัติด้วยชื่อตรงกัน,,,,,250000.0,243100.0,2567-0235,DOC-BUD-2567,1.5ผลเบิกจ่ายปี 2567 - final.pdf,7
ITM-0444,โครงการพัฒนาศักยภาพนักประชาสัมพันธ์ของสำนักงานประกันสังคม,16. โครงการพัฒนาศักยภาพนักประชาสัมพันธ์ของสำนักงานประกันสังคม,2567,2,2566 | 2567,ชื่อตรงกันทุกตัวอักษรหลังปรับรูป,จับคู่อัตโนมัติด้วยชื่อตรงกัน,,,,,1105000.0,1063020.0,2567-0236,DOC-BUD-2567,1.5ผลเบิกจ่ายปี 2567 - final.pdf,7
ITM-0496,โครงการออกหน่วยเคลื่อนที่บริการเบ็ดเสร็จ Service Delivery Unit,17. โครงการออกหน่วยเคลื่อนที่บริการเบ็ดเสร็จ Service Delivery Unit,2567,5,2563 | 2564 | 2565 | 2566 | 2567,ชื่อตรงกันทุกตัวอักษรหลังปรับรูป,จับคู่อัตโนมัติด้วยชื่อตรงกัน,,,,,2712000.0,1889627.0,2567-0237,DOC-BUD-2567,1.5ผลเบิกจ่ายปี 2567 - final.pdf,7
ITM-0448,โครงการพัฒนาศักยภาพแกนนำเครือข่ายประกันสังคม,18. โครงการพัฒนาศักยภาพแกนนำเครือข่ายประกันสังคม,2567,5,2563 | 2564 | 2565 | 2566 | 2567,ชื่อตรงกันทุกตัวอักษรหลังปรับรูป,จับคู่อัตโนมัติด้วยชื่อตรงกัน,,,,,5335200.0,5176813.0,2567-0238,DOC-BUD-2567,1.5ผลเบิกจ่ายปี 2567 - final.pdf,7
ITM-0373,โครงการประกันสังคมทั่วไทยสู่แรงงานภาคอิสระ,19. โครงการประกันสังคมทั่วไทยสู่แรงงานภาคอิสระ,2567,5,2563 | 2564 | 2565 | 2566 | 2567,ชื่อตรงกันทุกตัวอักษรหลังปรับรูป,จับคู่อัตโนมัติด้วยชื่อตรงกัน,,,,,875000.0,870370.0,2567-0239,DOC-BUD-2567,1.5ผลเบิกจ่ายปี 2567 - final.pdf,7
ITM-0377,"โครงการประกาศเกียรติคุณเครือข่าย ""บวร"" ดีเด่น","20. โครงการประกาศเกียรติคุณเครือข่าย ""บวร"" ดีเด่น",2567,2,2566 | 2567,ชื่อตรงกันทุกตัวอักษรหลังปรับรูป,จับคู่อัตโนมัติด้วยชื่อตรงกัน,,,,,515400.0,372550.0,2567-0240,DOC-BUD-2567,1.5ผลเบิกจ่ายปี 2567 - final.pdf,7
ITM-0518,โครงการเสริมสร้างจริยธรรมและการป้องกันการกระทำผิดวินัย,21. โครงการเสริมสร้างจริยธรรมและการป้องกันการกระทำผิดวินัย,2567,1,2567,ชื่อตรงกันทุกตัวอักษรหลังปรับรูป,พบปีเดียว ยังไม่ยืนยันการจับคู่ข้ามปี,,,,,416300.0,403562.0,2567-0241,DOC-BUD-2567,1.5ผลเบิกจ่ายปี 2567 - final.pdf,7
ITM-0427,โครงการพัฒนาคุณภาพการบริหารจัดการภาครัฐของสำนักงานประกันสังคม ตามเกณฑ์คุณภาพการบริหารจัดการภาครัฐ (PMQA),22. โครงการพัฒนาคุณภาพการบริหารจัดการภาครัฐของสำนักงานประกันสังคม ตามเกณฑ์คุณภาพการบริหารจัดการภาครัฐ (PMQA),2567,4,2564 | 2565 | 2566 | 2567,ชื่อตรงกันทุกตัวอักษรหลังปรับรูป,จับคู่อัตโนมัติด้วยชื่อตรงกัน,,,,,528400.0,503620.0,2567-0242,DOC-BUD-2567,1.5ผลเบิกจ่ายปี 2567 - final.pdf,7
ITM-0351,โครงการทบทวน บทบาท ภารกิจและรูปแบบการดำเนินงานของสำนักงานประกันสังคม,23. โครงการทบทวน บทบาท ภารกิจและรูปแบบการดำเนินงานของสำนักงานประกันสังคม,2567,3,2565 | 2566 | 2567,ชื่อตรงกันทุกตัวอักษรหลังปรับรูป,จับคู่อัตโนมัติด้วยชื่อตรงกัน,,,,,206000.0,174960.0,2567-0243,DOC-BUD-2567,1.5ผลเบิกจ่ายปี 2567 - final.pdf,7
ITM-0261,โครงการขับเคลื่อนการยกระดับการให้บริการสู่มาตรฐานศูนย์ราชการสะดวก (Government Easy Contact Center : GECC),24. โครงการขับเคลื่อนการยกระดับการให้บริการสู่มาตรฐานศูนย์ราชการสะดวก (Government Easy Contact Center : GECC),2567,3,2565 | 2566 | 2567,ชื่อตรงกันทุกตัวอักษรหลังปรับรูป,จับคู่อัตโนมัติด้วยชื่อตรงกัน,,,,,1102900.0,1098960.0,2567-0244,DOC-BUD-2567,1.5ผลเบิกจ่ายปี 2567 - final.pdf,7
ITM-0458,โครงการยกระดับผลงานการบริการภาครัฐ และการบริหารราชการแบบมีส่วนร่วม ตามแนวทางรางวัลเลิศรัฐ,25. โครงการยกระดับผลงานการบริการภาครัฐ และการบริหารราชการแบบมีส่วนร่วม ตามแนวทางรางวัลเลิศรัฐ,2567,3,2565 | 2566 | 2567,ชื่อตรงกันทุกตัวอักษรหลังปรับรูป,จับคู่อัตโนมัติด้วยชื่อตรงกัน,,,,,919100.0,736930.0,2567-0245,DOC-BUD-2567,1.5ผลเบิกจ่ายปี 2567 - final.pdf,7
ITM-0457,โครงการมอบโล่ประกาศเกียรติคุณสถานประกอบการ,26. โครงการมอบโล่ประกาศเกียรติคุณสถานประกอบการ,2567,5,2563 | 2564 | 2565 | 2566 | 2567,ชื่อตรงกันทุกตัวอักษรหลังปรับรูป,จับคู่อัตโนมัติด้วยชื่อตรงกัน,,,,,450000.0,,2567-0246,DOC-BUD-2567,1.5ผลเบิกจ่ายปี 2567 - final.pdf,7
ITM-0376,โครงการประกาศเกียรติคุณผู้ทำคุณประโยชน์ต่อสำนักงานประกันสังคม,27. โครงการประกาศเกียรติคุณผู้ทำคุณประโยชน์ต่อสำนักงานประกันสังคม,2567,5,2563 | 2564 | 2565 | 2566 | 2567,ชื่อตรงกันทุกตัวอักษรหลังปรับรูป,จับคู่อัตโนมัติด้วยชื่อตรงกัน,,,,,60000.0,67600.0,2567-0247,DOC-BUD-2567,1.5ผลเบิกจ่ายปี 2567 - final.pdf,7
ITM-0363,โครงการบริจาคโลหิตสำนักงานประกันสังคม,28. โครงการบริจาคโลหิตสำนักงานประกันสังคม,2567,4,2564 | 2565 | 2566 | 2567,ชื่อตรงกันทุกตัวอักษรหลังปรับรูป,จับคู่อัตโนมัติด้วยชื่อตรงกัน,,,,,31200.0,29400.0,2567-0248,DOC-BUD-2567,1.5ผลเบิกจ่ายปี 2567 - final.pdf,7
ITM-0419,โครงการฝึกอบรมเชิงปฏิบัติการซักซ้อมแผนการป้องกันและระงับอัคคีภัย,29. โครงการฝึกอบรมเชิงปฏิบัติการซักซ้อมแผนการป้องกันและระงับอัคคีภัย,2567,5,2563 | 2564 | 2565 | 2566 | 2567,ชื่อตรงกันทุกตัวอักษรหลังปรับรูป,จับคู่อัตโนมัติด้วยชื่อตรงกัน,,,,,100000.0,98652.75,2567-0249,DOC-BUD-2567,1.5ผลเบิกจ่ายปี 2567 - final.pdf,7
ITM-0074,ค่าจ้างล่ามภาษาต่างประเทศ,30. ค่าจ้างล่ามภาษาต่างประเทศ,2567,4,2564 | 2565 | 2566 | 2567,ชื่อตรงกันทุกตัวอักษรหลังปรับรูป,จับคู่อัตโนมัติด้วยชื่อตรงกัน,,,,,720000.0,386655.0,2567-0250,DOC-BUD-2567,1.5ผลเบิกจ่ายปี 2567 - final.pdf,7
ITM-0349,โครงการตรวจสุชภาพพนักงานประกันสังคม,31. โครงการตรวจสุชภาพพนักงานประกันสังคม,2567,2,2566 | 2567,ชื่อตรงกันทุกตัวอักษรหลังปรับรูป,จับคู่อัตโนมัติด้วยชื่อตรงกัน,,,,,4256800.0,1525700.0,2567-0251,DOC-BUD-2567,1.5ผลเบิกจ่ายปี 2567 - final.pdf,7
ITM-0248,โครงการ SSO MARKET 2024,32. โครงการ SSO MARKET 2024,2567,1,2567,ชื่อตรงกันทุกตัวอักษรหลังปรับรูป,พบปีเดียว ยังไม่ยืนยันการจับคู่ข้ามปี,,,,,,14855300.0,2567-0252,DOC-BUD-2567,1.5ผลเบิกจ่ายปี 2567 - final.pdf,7
ITM-0511,"โครงการเผยแพร่ประชาสัมพันธ์ประกันสังคมสู่เครือข่าย ""บวร"" (บ้าน วัด โรงเรียน/โรงงาน)","33. โครงการเผยแพร่ประชาสัมพันธ์ประกันสังคมสู่เครือข่าย ""บวร"" (บ้าน วัด โรงเรียน/โรงงาน)",2567,1,2567,ชื่อตรงกันทุกตัวอักษรหลังปรับรูป,พบปีเดียว ยังไม่ยืนยันการจับคู่ข้ามปี,,,,,,498000.0,2567-0253,DOC-BUD-2567,1.5ผลเบิกจ่ายปี 2567 - final.pdf,7
ITM-0332,โครงการจ้างหน่วยงานบริการดูแลและเก็บรักษาหลักทรัพย์ (Custodain),34. โครงการจ้างหน่วยงานบริการดูแลและเก็บรักษาหลักทรัพย์ (Custodain),2567,1,2567,ชื่อตรงกันทุกตัวอักษรหลังปรับรูป,พบปีเดียว ยังไม่ยืนยันการจับคู่ข้ามปี,,,,,,5562920.66,2567-0254,DOC-BUD-2567,1.5ผลเบิกจ่ายปี 2567 - final.pdf,7
ITM-0409,โครงการผลิตหนังสือที่ระลึกครบรอบ 34 ปี สำนักงานประกันสังคม,35. โครงการผลิตหนังสือที่ระลึกครบรอบ 34 ปี สำนักงานประกันสังคม,2567,1,2567,ชื่อตรงกันทุกตัวอักษรหลังปรับรูป,พบปีเดียว ยังไม่ยืนยันการจับคู่ข้ามปี,,,,,,2152500.0,2567-0255,DOC-BUD-2567,1.5ผลเบิกจ่ายปี 2567 - final.pdf,7
ITM-0290,โครงการจัดทำแผนกำลังคน 3 ปี (พ.ศ. 2568 - 2570) ขงอสำนักงานประกันสังคม,36. โครงการจัดทำแผนกำลังคน 3 ปี (พ.ศ. 2568 - 2570) ขงอสำนักงานประกันสังคม,2567,1,2567,ชื่อตรงกันทุกตัวอักษรหลังปรับรูป,พบปีเดียว ยังไม่ยืนยันการจับคู่ข้ามปี,,,,,,3600000.0,2567-0256,DOC-BUD-2567,1.5ผลเบิกจ่ายปี 2567 - final.pdf,8
ITM-0253,"โครงการการประชุมเชิงปฏิบัติการ ""การพัฒนาคุณภาพการให้บริการสู่...องค์กร แห่งความเชื่อมั่นด้านการให้บริการประกันสังคมที่ทันสมัย""","37. โครงการการประชุมเชิงปฏิบัติการ ""การพัฒนาคุณภาพการให้บริการสู่...องค์กร แห่งความเชื่อมั่นด้านการให้บริการประกันสังคมที่ทันสมัย""",2567,1,2567,ชื่อตรงกันทุกตัวอักษรหลังปรับรูป,พบปีเดียว ยังไม่ยืนยันการจับคู่ข้ามปี,,,,,,97660.0,2567-0257,DOC-BUD-2567,1.5ผลเบิกจ่ายปี 2567 - final.pdf,8
ITM-0479,โครงการสื่อสารสร้างการรับรู้ประชาสัมพันธ์งานประกันสังคม,38. โครงการสื่อสารสร้างการรับรู้ประชาสัมพันธ์งานประกันสังคม,2567,1,2567,ชื่อตรงกันทุกตัวอักษรหลังปรับรูป,พบปีเดียว ยังไม่ยืนยันการจับคู่ข้ามปี,,,,,,,2567-0258,DOC-BUD-2567,1.5ผลเบิกจ่ายปี 2567 - final.pdf,8
ITM-0401,โครงการผลิตสื่อประชาสัมพันธ์สมุดบันทึกแบบฉีก สำนักงานประกันสังคม,39. โครงการผลิตสื่อประชาสัมพันธ์สมุดบันทึกแบบฉีก สำนักงานประกันสังคม,2567,1,2567,ชื่อตรงกันทุกตัวอักษรหลังปรับรูป,พบปีเดียว ยังไม่ยืนยันการจับคู่ข้ามปี,,,,,,481500.0,2567-0259,DOC-BUD-2567,1.5ผลเบิกจ่ายปี 2567 - final.pdf,8
ITM-0266,โครงการครอบครัวประกันสังคมในสถานประกอบการ,40. โครงการครอบครัวประกันสังคมในสถานประกอบการ,2567,1,2567,ชื่อตรงกันทุกตัวอักษรหลังปรับรูป,พบปีเดียว ยังไม่ยืนยันการจับคู่ข้ามปี,,,,,,44200.0,2567-0260,DOC-BUD-2567,1.5ผลเบิกจ่ายปี 2567 - final.pdf,8
ITM-0381,โครงการประชุมรับฟังความคิดเห็นเพื่อสร้างความยั่งยืนให้กับกองทุนประกันสังคม,41. โครงการประชุมรับฟังความคิดเห็นเพื่อสร้างความยั่งยืนให้กับกองทุนประกันสังคม,2567,1,2567,ชื่อตรงกันทุกตัวอักษรหลังปรับรูป,พบปีเดียว ยังไม่ยืนยันการจับคู่ข้ามปี,,,,,,753500.0,2567-0261,DOC-BUD-2567,1.5ผลเบิกจ่ายปี 2567 - final.pdf,8
ITM-0121,ค่าธรรมเนียมการโอนเงินผ่านธนาคาร,1. ค่าธรรมเนียมการโอนเงินผ่านธนาคาร,2567,2,2566 | 2567,ชื่อตรงกันทุกตัวอักษรหลังปรับรูป,จับคู่อัตโนมัติด้วยชื่อตรงกัน,,,,,8629500.0,5951904.37,2567-0266,DOC-BUD-2567,1.5ผลเบิกจ่ายปี 2567 - final.pdf,8
ITM-0129,ค่าธรรมเนียมรับเงินสมทบกองทุนประกันสังคมผ่านธนาคาร/หน่วยบริการ,2. ค่าธรรมเนียมรับเงินสมทบกองทุนประกันสังคมผ่านธนาคาร/หน่วยบริการ,2567,5,2563 | 2564 | 2565 | 2566 | 2567,ชื่อตรงกันทุกตัวอักษรหลังปรับรูป,จับคู่อัตโนมัติด้วยชื่อตรงกัน,,,,,377197100.0,274848391.95,2567-0267,DOC-BUD-2567,1.5ผลเบิกจ่ายปี 2567 - final.pdf,8
ITM-0124,ค่าธรรมเนียมจ่ายประโยชน์ทดแทน,3. ค่าธรรมเนียมจ่ายประโยชน์ทดแทน,2567,5,2563 | 2564 | 2565 | 2566 | 2567,ชื่อตรงกันทุกตัวอักษรหลังปรับรูป,จับคู่อัตโนมัติด้วยชื่อตรงกัน,,,,,39188200.0,25287793.05,2567-0268,DOC-BUD-2567,1.5ผลเบิกจ่ายปี 2567 - final.pdf,8
ITM-0214,รายจ่ายเพื่อดัดแปลง ต่อเติมหรือปรับปรุงสิ่งก่อสร้าง,1. รายจ่ายเพื่อดัดแปลง ต่อเติมหรือปรับปรุงสิ่งก่อสร้าง,2567,4,2563 | 2565 | 2566 | 2567,ชื่อตรงกันทุกตัวอักษรหลังปรับรูป,จับคู่อัตโนมัติด้วยชื่อตรงกัน,,,,,3593400.0,1597940.17,2567-0272,DOC-BUD-2567,1.5ผลเบิกจ่ายปี 2567 - final.pdf,8
ITM-0344,โครงการตกแต่งภายในอาคารและภูมิทัศน์สำนักงานประกันสังคม จังหวัดพระนครศรีอยุธยา สาขาอุทัย,2. โครงการตกแต่งภายในอาคารและภูมิทัศน์สำนักงานประกันสังคม จังหวัดพระนครศรีอยุธยา สาขาอุทัย,2567,1,2567,ชื่อตรงกันทุกตัวอักษรหลังปรับรูป,พบปีเดียว ยังไม่ยืนยันการจับคู่ข้ามปี,,,,,22272000.0,19590000.0,2567-0273,DOC-BUD-2567,1.5ผลเบิกจ่ายปี 2567 - final.pdf,8
ITM-0279,โครงการจัดซื้อที่ดินเพื่อก่อสร้างอาคารสำนักงานประกันสังคมจังหวัดชลบุรีแห่งใหม่,3. โครงการจัดซื้อที่ดินเพื่อก่อสร้างอาคารสำนักงานประกันสังคมจังหวัดชลบุรีแห่งใหม่,2567,1,2567,ชื่อตรงกันทุกตัวอักษรหลังปรับรูป,พบปีเดียว ยังไม่ยืนยันการจับคู่ข้ามปี,,,,,88000000.0,,2567-0274,DOC-BUD-2567,1.5ผลเบิกจ่ายปี 2567 - final.pdf,8
ITM-0255,โครงการก่อสร้างมุขหน้าอาคารสำนักงานประกันสังคมจังหวัดบุรีรัมย์,4. โครงการก่อสร้างมุขหน้าอาคารสำนักงานประกันสังคมจังหวัดบุรีรัมย์,2567,1,2567,ชื่อตรงกันทุกตัวอักษรหลังปรับรูป,พบปีเดียว ยังไม่ยืนยันการจับคู่ข้ามปี,,,,,550000.0,485000.0,2567-0275,DOC-BUD-2567,1.5ผลเบิกจ่ายปี 2567 - final.pdf,8
ITM-0184,งานก่อสร้างรั้ว ค.ส.ล. งานทาสีรั้วเดิมและอาคารป้อมยามของสปส.กระบี่,5. งานก่อสร้างรั้ว ค.ส.ล. งานทาสีรั้วเดิมและอาคารป้อมยามของสปส.กระบี่,2567,1,2567,ชื่อตรงกันทุกตัวอักษรหลังปรับรูป,พบปีเดียว ยังไม่ยืนยันการจับคู่ข้ามปี,,,,,374500.0,,2567-0276,DOC-BUD-2567,1.5ผลเบิกจ่ายปี 2567 - final.pdf,8
ITM-0389,โครงการปรับปรุงซ่อมแซมดาดฟ้า อาคารอเนกประสงค์ สำนักงานประกันสังคม,6. โครงการปรับปรุงซ่อมแซมดาดฟ้า อาคารอเนกประสงค์ สำนักงานประกันสังคม,2567,1,2567,ชื่อตรงกันทุกตัวอักษรหลังปรับรูป,พบปีเดียว ยังไม่ยืนยันการจับคู่ข้ามปี,,,,,947400.0,,2567-0277,DOC-BUD-2567,1.5ผลเบิกจ่ายปี 2567 - final.pdf,8
ITM-0302,โครงการจัดหาระบบสนับสนุนการให้บริการ (Queue) เพิ่มเติม,1. โครงการจัดหาระบบสนับสนุนการให้บริการ (Queue) เพิ่มเติม,2567,1,2567,ชื่อตรงกันทุกตัวอักษรหลังปรับรูป,พบปีเดียว ยังไม่ยืนยันการจับคู่ข้ามปี,,,,,10406700.0,9896000.0,2567-0279,DOC-BUD-2567,1.5ผลเบิกจ่ายปี 2567 - final.pdf,8
ITM-0433,โครงการพัฒนาระบบการแบ่งปันข้อมูล (File Sharing),2. โครงการพัฒนาระบบการแบ่งปันข้อมูล (File Sharing),2567,1,2567,ชื่อตรงกันทุกตัวอักษรหลังปรับรูป,พบปีเดียว ยังไม่ยืนยันการจับคู่ข้ามปี,,,,,3424000.0,,2567-0280,DOC-BUD-2567,1.5ผลเบิกจ่ายปี 2567 - final.pdf,8
ITM-0309,โครงการจัดหาเครื่องสำรองไฟฟ้าอัตโนมัติ (UPS) พร้อมติดตั้งการใช้งาน,3. โครงการจัดหาเครื่องสำรองไฟฟ้าอัตโนมัติ (UPS) พร้อมติดตั้งการใช้งาน,2567,1,2567,ชื่อตรงกันทุกตัวอักษรหลังปรับรูป,พบปีเดียว ยังไม่ยืนยันการจับคู่ข้ามปี,,,,,13950000.0,,2567-0281,DOC-BUD-2567,1.5ผลเบิกจ่ายปี 2567 - final.pdf,8
ITM-0481,- โครงการส่งเสริมการมีส่วนร่วม เผยแพร่ ประชาสัมพันธ์งานประกันสังคมสู่ผู้ประกันตน,- โครงการส่งเสริมการมีส่วนร่วม เผยแพร่ ประชาสัมพันธ์งานประกันสังคมสู่ผู้ประกันตน,2567,5,2563 | 2564 | 2565 | 2566 | 2567,ชื่อตรงกันทุกตัวอักษรหลังปรับรูป,จับคู่อัตโนมัติด้วยชื่อตรงกัน,,,,,34000000.0,17326133.5,2567-0283,DOC-BUD-2567,1.5ผลเบิกจ่ายปี 2567 - final.pdf,8
ITM-0477,โครงการสำรวจความพึงพอใจสำนักงานประกันสังคม,1. โครงการสำรวจความพึงพอใจสำนักงานประกันสังคม,2567,5,2563 | 2564 | 2565 | 2566 | 2567,ชื่อตรงกันทุกตัวอักษรหลังปรับรูป,จับคู่อัตโนมัติด้วยชื่อตรงกัน,,,,,5000000.0,4100000.0,2567-0285,DOC-BUD-2567,1.5ผลเบิกจ่ายปี 2567 - final.pdf,8
ITM-0199,ทุนอุดหนุนการศึกษาบุคลากรสำนักงานประกันสังคม,2. ทุนอุดหนุนการศึกษาบุคลากรสำนักงานประกันสังคม,2567,5,2563 | 2564 | 2565 | 2566 | 2567,ชื่อตรงกันทุกตัวอักษรหลังปรับรูป,จับคู่อัตโนมัติด้วยชื่อตรงกัน,,,,,4000000.0,16600.0,2567-0286,DOC-BUD-2567,1.5ผลเบิกจ่ายปี 2567 - final.pdf,8
ITM-0330,โครงการจ้างรับ/ส่งและประมวลผลระบบเบิกจ่ายค่าบริการทางการแพทย์ กรณีแพทย์ผู้เชี่ยวชาญพิเศษเฉพาะทาง,3. โครงการจ้างรับ/ส่งและประมวลผลระบบเบิกจ่ายค่าบริการทางการแพทย์ กรณีแพทย์ผู้เชี่ยวชาญพิเศษเฉพาะทาง,2567,5,2563 | 2564 | 2565 | 2566 | 2567,ชื่อตรงกันทุกตัวอักษรหลังปรับรูป,จับคู่อัตโนมัติด้วยชื่อตรงกัน,,,,,3600000.0,3600000.0,2567-0287,DOC-BUD-2567,1.5ผลเบิกจ่ายปี 2567 - final.pdf,8
ITM-0350,โครงการตววจสอบข้อมูลการเบิกจ่ายค่าบริการทางการแพทย์กรณีการรักษาพยาบาล โดยแพทย์ผู้เชี่ยวชาญพิเศษเฉพาะทาง และกรณีทุพพลภาพ,4. โครงการตววจสอบข้อมูลการเบิกจ่ายค่าบริการทางการแพทย์กรณีการรักษาพยาบาล โดยแพทย์ผู้เชี่ยวชาญพิเศษเฉพาะทาง และกรณีทุพพลภาพ,2567,2,2566 | 2567,ชื่อตรงกันทุกตัวอักษรหลังปรับรูป,จับคู่อัตโนมัติด้วยชื่อตรงกัน,,,,,2862000.0,2820000.0,2567-0288,DOC-BUD-2567,1.5ผลเบิกจ่ายปี 2567 - final.pdf,8
ITM-0273,โครงการจัดจ้างรับ/ส่งและประมวลผลข้อมูลการเบิกจ่ายค่าบริการทางการแพทย์ สำหรับการรักษาผู้ป่วยไตวายเรื้อรังระยะสุดท้าย กรณีบำบัดทดแทนไต,5. โครงการจัดจ้างรับ/ส่งและประมวลผลข้อมูลการเบิกจ่ายค่าบริการทางการแพทย์ สำหรับการรักษาผู้ป่วยไตวายเรื้อรังระยะสุดท้าย กรณีบำบัดทดแทนไต,2567,5,2563 | 2564 | 2565 | 2566 | 2567,ชื่อตรงกันทุกตัวอักษรหลังปรับรูป,จับคู่อัตโนมัติด้วยชื่อตรงกัน,,,,,7400000.0,7400000.0,2567-0289,DOC-BUD-2567,1.5ผลเบิกจ่ายปี 2567 - final.pdf,8
ITM-0466,โครงการสถานพยาบาลในดวงใจ,6. โครงการสถานพยาบาลในดวงใจ,2567,5,2563 | 2564 | 2565 | 2566 | 2567,ชื่อตรงกันทุกตัวอักษรหลังปรับรูป,จับคู่อัตโนมัติด้วยชื่อตรงกัน,,,,,2445000.0,2235613.0,2567-0290,DOC-BUD-2567,1.5ผลเบิกจ่ายปี 2567 - final.pdf,9
ITM-0331,โครงการจ้างวิเคราะห์การจัดกลุ่มวินิจฉัยโรคร่วมและน้ำหนักสัมพัทธ์ของผู้ป่วยใน และวิเคราะห์ข้อมูลผู้ป่วยในที่มีค่าใช้จ่ายสูงเกินปกติ,7. โครงการจ้างวิเคราะห์การจัดกลุ่มวินิจฉัยโรคร่วมและน้ำหนักสัมพัทธ์ของผู้ป่วยใน และวิเคราะห์ข้อมูลผู้ป่วยในที่มีค่าใช้จ่ายสูงเกินปกติ,2567,5,2563 | 2564 | 2565 | 2566 | 2567,ชื่อตรงกันทุกตัวอักษรหลังปรับรูป,จับคู่อัตโนมัติด้วยชื่อตรงกัน,,,,,13152200.0,13152200.0,2567-0291,DOC-BUD-2567,1.5ผลเบิกจ่ายปี 2567 - final.pdf,9
ITM-0327,โครงการจ้างรับ-ส่งข้อมูลการใช้บริการทางการแพทย์ของผู้ประกันตนประเภท ผู้ป่วยนอกและข้อมูลบัญชีผู้ป่วยโรคเรื้อรัง,8. โครงการจ้างรับ-ส่งข้อมูลการใช้บริการทางการแพทย์ของผู้ประกันตนประเภท ผู้ป่วยนอกและข้อมูลบัญชีผู้ป่วยโรคเรื้อรัง,2567,5,2563 | 2564 | 2565 | 2566 | 2567,ชื่อตรงกันทุกตัวอักษรหลังปรับรูป,จับคู่อัตโนมัติด้วยชื่อตรงกัน,,,,,20090000.0,20090000.0,2567-0292,DOC-BUD-2567,1.5ผลเบิกจ่ายปี 2567 - final.pdf,9
ITM-0329,โครงการจ้างรับ-ส่งและประมวลผลข้อมูลบริการทางการแพทย์ของผู้ประกันตน เพื่อการเบิกจ่ายค่าบริการทางการแพทย์กรณีค่าผ่าตัดเตรียมหลอดเลือด สำหรับการฟอกเลือดด้วยเครื่องไตเทียม,9. โครงการจ้างรับ-ส่งและประมวลผลข้อมูลบริการทางการแพทย์ของผู้ประกันตน เพื่อการเบิกจ่ายค่าบริการทางการแพทย์กรณีค่าผ่าตัดเตรียมหลอดเลือด สำหรับการฟอกเลือดด้วยเครื่องไตเทียม,2567,1,2567,ชื่อตรงกันทุกตัวอักษรหลังปรับรูป,พบปีเดียว ยังไม่ยืนยันการจับคู่ข้ามปี,,,,,326500.0,326500.0,2567-0293,DOC-BUD-2567,1.5ผลเบิกจ่ายปี 2567 - final.pdf,9
ITM-0274,โครงการจัดจ้างรับ-ส่งและประมวลผลข้อมูลบริการทางการแพทย์แก่ผู้ประกันตน เพื่อการเบิกจ่ายค่าบริการทางการแพทย์กรณีปลูกถ่ายอวัยวะและกรณีค่ายาแฟคเตอร์,10. โครงการจัดจ้างรับ-ส่งและประมวลผลข้อมูลบริการทางการแพทย์แก่ผู้ประกันตน เพื่อการเบิกจ่ายค่าบริการทางการแพทย์กรณีปลูกถ่ายอวัยวะและกรณีค่ายาแฟคเตอร์,2567,4,2564 | 2565 | 2566 | 2567,ชื่อตรงกันทุกตัวอักษรหลังปรับรูป,จับคู่อัตโนมัติด้วยชื่อตรงกัน,,,,,2190000.0,2190000.0,2567-0294,DOC-BUD-2567,1.5ผลเบิกจ่ายปี 2567 - final.pdf,9
ITM-0519,โครงการเสริมสร้างธรรมาภิบาลป้องกันและลดความเสี่ยงในการเกิดทุจริตและประพฤติมิชอบ,11. โครงการเสริมสร้างธรรมาภิบาลป้องกันและลดความเสี่ยงในการเกิดทุจริตและประพฤติมิชอบ,2567,5,2563 | 2564 | 2565 | 2566 | 2567,ชื่อตรงกันทุกตัวอักษรหลังปรับรูป,จับคู่อัตโนมัติด้วยชื่อตรงกัน,,,,,343400.0,332500.0,2567-0295,DOC-BUD-2567,1.5ผลเบิกจ่ายปี 2567 - final.pdf,9
ITM-0431,โครงการพัฒนานักทรัพยากรบุคคล (HR Pro),12. โครงการพัฒนานักทรัพยากรบุคคล (HR Pro),2567,1,2567,ชื่อตรงกันทุกตัวอักษรหลังปรับรูป,พบปีเดียว ยังไม่ยืนยันการจับคู่ข้ามปี,,,,,454720.0,404810.0,2567-0296,DOC-BUD-2567,1.5ผลเบิกจ่ายปี 2567 - final.pdf,9
ITM-0315,โครงการจ้างที่ปรึกษาด้านการบริหารทรัพยากรบุคคลของสำนักงานประกันสังคม,13. โครงการจ้างที่ปรึกษาด้านการบริหารทรัพยากรบุคคลของสำนักงานประกันสังคม,2567,5,2563 | 2564 | 2565 | 2566 | 2567,ชื่อตรงกันทุกตัวอักษรหลังปรับรูป,จับคู่อัตโนมัติด้วยชื่อตรงกัน,,,,,450000.0,450000.0,2567-0297,DOC-BUD-2567,1.5ผลเบิกจ่ายปี 2567 - final.pdf,9
ITM-0317,โครงการจ้างที่ปรึกษาด้านการพัฒนาและเสริมสร้างธรรมาภิบาลของสำนักงานประกันสังคม,14. โครงการจ้างที่ปรึกษาด้านการพัฒนาและเสริมสร้างธรรมาภิบาลของสำนักงานประกันสังคม,2567,5,2563 | 2564 | 2565 | 2566 | 2567,ชื่อตรงกันทุกตัวอักษรหลังปรับรูป,จับคู่อัตโนมัติด้วยชื่อตรงกัน,,,,,450000.0,450000.0,2567-0298,DOC-BUD-2567,1.5ผลเบิกจ่ายปี 2567 - final.pdf,9
ITM-0314,โครงการจ้างที่ปรึกษาด้านการขับเคลื่อนการสร้างหลักประกันทางสังคมให้กับแรงงานนอกระบบ,15. โครงการจ้างที่ปรึกษาด้านการขับเคลื่อนการสร้างหลักประกันทางสังคมให้กับแรงงานนอกระบบ,2567,2,2566 | 2567,ชื่อตรงกันทุกตัวอักษรหลังปรับรูป,จับคู่อัตโนมัติด้วยชื่อตรงกัน,,,,,450000.0,450000.0,2567-0299,DOC-BUD-2567,1.5ผลเบิกจ่ายปี 2567 - final.pdf,9
ITM-0366,โครงการบริหารจัดการศูนย์คอมพิวเตอร์,16. โครงการบริหารจัดการศูนย์คอมพิวเตอร์,2567,1,2567,ชื่อตรงกันทุกตัวอักษรหลังปรับรูป,พบปีเดียว ยังไม่ยืนยันการจับคู่ข้ามปี,,,,,49667000.0,49548000.0,2567-0300,DOC-BUD-2567,1.5ผลเบิกจ่ายปี 2567 - final.pdf,9
ITM-0230,เงินค่าปรับที่จ่ายคืนให้แก่ผู้ขายหรือผู้รับจ้าง,17. เงินค่าปรับที่จ่ายคืนให้แก่ผู้ขายหรือผู้รับจ้าง,2567,2,2566 | 2567,ชื่อตรงกันทุกตัวอักษรหลังปรับรูป,จับคู่อัตโนมัติด้วยชื่อตรงกัน,,,,,,25585.2,2567-0301,DOC-BUD-2567,1.5ผลเบิกจ่ายปี 2567 - final.pdf,9
